factor,factor_family,factor_role,description,horizon,slippage_bps_per_side,n,favorable_n,favorable_bucket,spearman_gross,spearman_net,all_gross_mean,all_net_mean,favorable_gross_mean,favorable_net_mean,unfavorable_net_mean,top_minus_bottom_net,favorable_positive_rate,favorable_gt_2pct_rate,favorable_gt_5pct_rate,gross_positive_net_failed,crosses_fee_before_slippage,abs_spearman_net,candidate_status
main_vs_non_main_flow_divergence_15m,main_pool_absorption,direction,"main-pool pressure minus non-main pressure, prior 15m",15m,0,7093,710,high_decile,0.021772542553110386,0.03028908646156219,0.00015270016126983069,-0.02201751988416034,-0.0007720887075830118,-0.022239312607643603,-0.02400478122419024,0.0017654686165466359,0.19436619718309858,0.0647887323943662,0.02676056338028169,False,False,0.03028908646156219,failed_or_filter_only
sell_pressure_absorbed_15m,main_pool_absorption,direction,prior sell pressure with non-negative main-pool price path,15m,0,7093,3547,low_decile,0.02879664227930528,0.022784748601615036,0.00015270016126983069,-0.02201751988416034,-0.0004013110792137726,-0.022468296840529478,-0.025387612020253175,0.0029193151797236964,0.1694389625035241,0.06822667042571187,0.02227234282492247,False,False,0.022784748601615036,failed_or_filter_only
small_count_imbalance_15m,noise_filter,risk_filter,prior 15m small-trade count imbalance,15m,0,7093,552,high_decile,0.043130965150195794,0.029905427799518738,0.00015270016126983069,-0.02201751988416034,-1.9834874130462834e-05,-0.022540850100930165,-0.024493321446805594,0.0019524713458754298,0.14492753623188406,0.02717391304347826,0.009057971014492754,False,False,0.029905427799518738,failed_or_filter_only
log_main_quote_volume_15m,liquidity_impact,filter,prior 15m main-pool quote volume,15m,0,7093,710,low_decile,0.04825735394081357,0.044336624161146615,0.00015270016126983069,-0.02201751988416034,-0.0012420994425205003,-0.02275714003941362,-0.02568528020505658,0.0029281401656429604,0.11267605633802817,0.023943661971830985,0.007042253521126761,False,False,0.044336624161146615,failed_or_filter_only
all_event_density_per_min_5m,attention_crowding,filter,all-pool 5m event density,15m,0,6466,647,high_decile,0.0608709675425081,0.054178452615554214,0.0003037106152480762,-0.0218699482609971,-0.001158623703363756,-0.02299975537491352,-0.024209754403525133,0.0012099990286116129,0.22256568778979907,0.14219474497681608,0.07109737248840804,False,False,0.054178452615554214,failed_or_filter_only
all_event_density_per_min_15m,attention_crowding,filter,all-pool 15m event density,15m,0,7093,706,high_decile,0.04987439011899729,0.049866144769679766,0.00015270016126983069,-0.02201751988416034,-0.0016541474008917373,-0.023759112905197374,-0.024372184014384443,0.0006130711091870689,0.24645892351274787,0.14872521246458922,0.07790368271954674,False,False,0.049866144769679766,failed_or_filter_only
main_flow_pressure_15m,main_pool_absorption,direction,prior 15m main-pool net flow pressure,15m,0,7093,710,high_decile,0.06494528495156164,0.07072296299174556,0.00015270016126983069,-0.02201751988416034,-0.0035142130885132215,-0.025409548430253056,-0.02677506712488617,0.0013655186946331145,0.14084507042253522,0.05352112676056338,0.022535211267605635,False,False,0.07072296299174556,failed_or_filter_only
current_large_buy_p90,liquidity_impact,event_type,top decile buy,15m,0,7093,706,true,0.08000069706563606,0.10943085017805898,0.00015270016126983069,-0.02201751988416034,0.007215294848122694,-0.012810637924294918,-0.02303522125627009,0.010224583331975172,0.301699716713881,0.15155807365439095,0.06657223796033994,True,False,0.10943085017805898,gross_only_cost_failed
large_net_flow_15m,liquidity_impact,direction,prior 15m large buy minus sell flow,15m,0,7093,710,low_decile,-0.02532294261662371,-0.028458821975876337,0.00015270016126983069,-0.02201751988416034,0.006155197317637261,-0.016148241146200365,-0.03480300888156749,0.018654767735367124,0.29295774647887324,0.15492957746478872,0.05211267605633803,True,False,0.028458821975876337,gross_only_cost_failed
current_is_large_trade_p90,liquidity_impact,event_type,top decile trade,15m,0,7093,1241,true,0.04593820762836905,0.08810163634884534,0.00015270016126983069,-0.02201751988416034,0.0027675004362769837,-0.01725773956843018,-0.023026899134300654,0.005769159565870475,0.2506043513295729,0.11845286059629331,0.052377115229653506,True,False,0.08810163634884534,gross_only_cost_failed
main_event_density_per_min_15m,attention_crowding,filter,main-pool 15m event density,15m,0,7093,707,high_decile,0.05765851576910476,0.060425901652633,0.00015270016126983069,-0.02201751988416034,0.003813024301405696,-0.018099175031799662,-0.025523933135353498,0.007424758103553836,0.27157001414427157,0.1669024045261669,0.09900990099009901,True,False,0.060425901652633,gross_only_cost_failed
trade_size_percentile_past,liquidity_impact,direction,current trade size percentile using prior history,15m,0,7062,707,high_decile,0.05258280388752864,0.17036565219217895,0.00024346495558243004,-0.02191445065147233,0.0018442992896502372,-0.018170254309063442,-0.0341289971418918,0.015958742832828356,0.2545968882602546,0.12164073550212164,0.05091937765205092,True,False,0.17036565219217895,gross_only_cost_failed
log_chog_amount,liquidity_impact,direction,current trade size,15m,0,7093,710,high_decile,0.0517944966577132,0.17068189017302574,0.00015270016126983069,-0.02201751988416034,0.0013776097733818804,-0.018637150582558968,-0.03357395105460877,0.014936800472049799,0.252112676056338,0.12253521126760564,0.05070422535211268,True,False,0.17068189017302574,gross_only_cost_failed
small_trade_count_share_15m,noise_filter,risk_filter,prior 15m small-trade count share,15m,0,7093,638,high_decile,-0.009282810035932313,-0.0034958703034361095,0.00015270016126983069,-0.02201751988416034,0.003202666686506063,-0.01877706667734782,-0.026234998334800447,0.007457931657452628,0.13322884012539185,0.05799373040752351,0.03918495297805643,True,False,0.0034958703034361095,gross_only_cost_failed
log_main_quote_volume_1h,liquidity_impact,filter,prior 1h main-pool quote volume,15m,0,7093,710,high_decile,0.03292084451500625,0.03790968953691065,0.00015270016126983069,-0.02201751988416034,0.0026856281472899396,-0.019560171103559783,-0.02230572480799403,0.002745553704434245,0.29859154929577464,0.19154929577464788,0.09859154929577464,True,False,0.03790968953691065,gross_only_cost_failed
gas_regime_percentile_past,attention_crowding,filter,gas percentile using prior history,15m,0,7062,707,high_decile,0.023166646961401985,0.024619542309063297,0.00024346495558243004,-0.02191445065147233,0.0012311589140010096,-0.019773954603972705,-0.020625243966735957,0.0008512893627632516,0.24045261669024046,0.13154172560113153,0.05374823196605375,True,False,0.024619542309063297,gross_only_cost_failed
crowded_same_block,attention_crowding,event_type,multiple pool events in same block,15m,0,7093,1300,true,0.014571418135992446,0.02467197115714637,0.00015270016126983069,-0.02201751988416034,0.0019102874418795584,-0.019875454862736504,-0.022498218059173455,0.0026227631964369502,0.2323076923076923,0.1346153846153846,0.06230769230769231,True,False,0.02467197115714637,gross_only_cost_failed
current_is_buy,baseline_event_side,direction,current main-pool buy,15m,0,7093,3640,true,0.04411227756938652,0.06570166032286995,0.00015270016126983069,-0.02201751988416034,0.0013916308227831177,-0.020212857572478315,-0.023919915138872924,0.003707057566394608,0.1978021978021978,0.07692307692307693,0.030494505494505494,True,False,0.06570166032286995,gross_only_cost_failed
current_is_sell,baseline_event_side,risk_filter,current main-pool sell,15m,0,7093,3640,false,-0.04411227756938652,-0.06570166032286995,0.00015270016126983069,-0.02201751988416034,0.0013916308227831177,-0.020212857572478315,-0.023919915138872924,0.003707057566394608,0.1978021978021978,0.07692307692307693,0.030494505494505494,True,False,0.06570166032286995,gross_only_cost_failed
effective_gas_gwei,attention_crowding,filter,current effective gas regime,15m,0,7093,699,high_decile,0.023639524235429882,0.024696493498482776,0.00015270016126983069,-0.02201751988416034,0.0007793780901371653,-0.02028392902885163,-0.021819990043662942,0.0015360610148113137,0.23462088698140202,0.12446351931330472,0.055793991416309016,True,False,0.024696493498482776,gross_only_cost_failed
main_flow_pressure_1h,main_pool_absorption,direction,prior 1h main-pool net flow pressure,15m,0,7093,710,high_decile,0.015406169629675318,0.014186993792604767,0.00015270016126983069,-0.02201751988416034,0.0009372097180546476,-0.02141038708497768,-0.02611760280642138,0.004707215721443701,0.15070422535211267,0.06338028169014084,0.02535211267605634,True,False,0.014186993792604767,gross_only_cost_failed
large_trade_volume_share_15m,liquidity_impact,risk_filter,prior 15m large-trade volume share,15m,0,7093,710,high_decile,0.060763101379768245,0.05381929350164686,0.00015270016126983069,-0.02201751988416034,0.0003306478473863722,-0.021776018154675884,-0.023210876394859407,0.001434858240183523,0.20422535211267606,0.1056338028169014,0.056338028169014086,True,False,0.05381929350164686,gross_only_cost_failed
current_large_sell_p90,liquidity_impact,event_type,top decile sell,15m,0,7093,6558,false,-0.02460262346390079,0.002694427657070349,0.00015270016126983069,-0.02201751988416034,0.0004182117055873429,-0.02192706985490693,-0.02312625127078437,0.0011991814158774407,0.1881671241232083,0.08234217749313816,0.0326318999695029,True,False,0.002694427657070349,gross_only_cost_failed
current_large_sell_no_drop,main_pool_absorption,event_type,large sell whose execution price did not drop more than 50 bps,15m,0,7093,6978,false,-0.025724968171351902,-0.012641818668496941,0.00015270016126983069,-0.02201751988416034,0.0002700894381495654,-0.021935327808283365,-0.02700479210563435,0.005069464297350987,0.1883061049011178,0.0821152192605331,0.03253081112066495,True,False,0.012641818668496941,gross_only_cost_failed
non_main_volume_share_15m,main_pool_absorption,risk_filter,prior 15m non-main volume share,15m,0,7093,710,high_decile,0.00298281657865525,-0.008224591338722253,0.00015270016126983069,-0.02201751988416034,0.00010959271345160779,-0.02214215139543356,-0.022730660270953357,0.000588508875519797,0.16056338028169015,0.07042253521126761,0.01971830985915493,True,False,0.008224591338722253,gross_only_cost_failed
main_vs_non_main_flow_divergence_15m,main_pool_absorption,direction,"main-pool pressure minus non-main pressure, prior 15m",15m,50,7093,710,high_decile,0.021772542553110386,0.03028908646156219,0.00015270016126983069,-0.032017519884160336,-0.0007720887075830118,-0.03223931260764361,-0.034004781224190234,0.0017654686165466255,0.09154929577464789,0.04225352112676056,0.02535211267605634,False,False,0.03028908646156219,failed_or_filter_only
sell_pressure_absorbed_15m,main_pool_absorption,direction,prior sell pressure with non-negative main-pool price path,15m,50,7093,3547,low_decile,0.02879664227930528,0.022784748601615036,0.00015270016126983069,-0.032017519884160336,-0.0004013110792137726,-0.03246829684052948,-0.03538761202025317,0.002919315179723693,0.09585565266422329,0.049619396673245,0.017197631801522412,False,False,0.022784748601615036,failed_or_filter_only
small_count_imbalance_15m,noise_filter,risk_filter,prior 15m small-trade count imbalance,15m,50,7093,552,high_decile,0.043130965150195794,0.029905427799518738,0.00015270016126983069,-0.032017519884160336,-1.9834874130462834e-05,-0.03254085010093016,-0.0344933214468056,0.0019524713458754367,0.05434782608695652,0.018115942028985508,0.005434782608695652,False,False,0.029905427799518738,failed_or_filter_only
log_main_quote_volume_15m,liquidity_impact,filter,prior 15m main-pool quote volume,15m,50,7093,710,low_decile,0.04825735394081357,0.044336624161146615,0.00015270016126983069,-0.032017519884160336,-0.0012420994425205003,-0.032757140039413615,-0.035685280205056576,0.0029281401656429604,0.04788732394366197,0.01267605633802817,0.005633802816901409,False,False,0.044336624161146615,failed_or_filter_only
all_event_density_per_min_5m,attention_crowding,filter,all-pool 5m event density,15m,50,6466,647,high_decile,0.0608709675425081,0.054178452615554214,0.0003037106152480762,-0.031869948260997094,-0.001158623703363756,-0.03299975537491352,-0.03420975440352513,0.0012099990286116094,0.16846986089644514,0.1205564142194745,0.03709428129829984,False,False,0.054178452615554214,failed_or_filter_only
all_event_density_per_min_15m,attention_crowding,filter,all-pool 15m event density,15m,50,7093,706,high_decile,0.04987439011899729,0.049866144769679766,0.00015270016126983069,-0.032017519884160336,-0.0016541474008917373,-0.033759112905197376,-0.034372184014384445,0.0006130711091870689,0.17988668555240794,0.11898016997167139,0.04107648725212465,False,False,0.049866144769679766,failed_or_filter_only
main_flow_pressure_15m,main_pool_absorption,direction,prior 15m main-pool net flow pressure,15m,50,7093,710,high_decile,0.06494528495156164,0.07072296299174556,0.00015270016126983069,-0.032017519884160336,-0.0035142130885132215,-0.03540954843025306,-0.03677506712488617,0.001365518694633111,0.07183098591549296,0.04366197183098591,0.015492957746478873,False,False,0.07072296299174556,failed_or_filter_only
current_large_buy_p90,liquidity_impact,event_type,top decile buy,15m,50,7093,706,true,0.08000069706563606,0.10943085017805898,0.00015270016126983069,-0.032017519884160336,0.007215294848122694,-0.02281063792429492,-0.03303522125627009,0.010224583331975172,0.19263456090651557,0.12322946175637393,0.05240793201133145,True,False,0.10943085017805898,gross_only_cost_failed
large_net_flow_15m,liquidity_impact,direction,prior 15m large buy minus sell flow,15m,50,7093,710,low_decile,-0.02532294261662371,-0.028458821975876337,0.00015270016126983069,-0.032017519884160336,0.006155197317637261,-0.02614824114620036,-0.044803008881567484,0.018654767735367124,0.21267605633802816,0.11549295774647887,0.03943661971830986,True,False,0.028458821975876337,gross_only_cost_failed
current_is_large_trade_p90,liquidity_impact,event_type,top decile trade,15m,50,7093,1241,true,0.04593820762836905,0.08810163634884534,0.00015270016126983069,-0.032017519884160336,0.0027675004362769837,-0.027257739568430178,-0.03302689913430066,0.005769159565870482,0.15390813859790492,0.09427880741337631,0.0410958904109589,True,False,0.08810163634884534,gross_only_cost_failed
main_event_density_per_min_15m,attention_crowding,filter,main-pool 15m event density,15m,50,7093,707,high_decile,0.05765851576910476,0.060425901652633,0.00015270016126983069,-0.032017519884160336,0.003813024301405696,-0.028099175031799657,-0.0355239331353535,0.007424758103553843,0.2036775106082037,0.14285714285714285,0.06930693069306931,True,False,0.060425901652633,gross_only_cost_failed
trade_size_percentile_past,liquidity_impact,direction,current trade size percentile using prior history,15m,50,7062,707,high_decile,0.05258280388752864,0.17036565219217895,0.00024346495558243004,-0.03191445065147233,0.0018442992896502372,-0.028170254309063444,-0.0441289971418918,0.015958742832828356,0.15417256011315417,0.09335219236209336,0.039603960396039604,True,False,0.17036565219217895,gross_only_cost_failed
log_chog_amount,liquidity_impact,direction,current trade size,15m,50,7093,710,high_decile,0.0517944966577132,0.17068189017302574,0.00015270016126983069,-0.032017519884160336,0.0013776097733818804,-0.02863715058255896,-0.04357395105460876,0.014936800472049802,0.15352112676056337,0.09577464788732394,0.03943661971830986,True,False,0.17068189017302574,gross_only_cost_failed
small_trade_count_share_15m,noise_filter,risk_filter,prior 15m small-trade count share,15m,50,7093,638,high_decile,-0.009282810035932313,-0.0034958703034361095,0.00015270016126983069,-0.032017519884160336,0.003202666686506063,-0.028777066677347824,-0.03623499833480045,0.007457931657452625,0.07366771159874608,0.048589341692789965,0.032915360501567396,True,False,0.0034958703034361095,gross_only_cost_failed
log_main_quote_volume_1h,liquidity_impact,filter,prior 1h main-pool quote volume,15m,50,7093,710,high_decile,0.03292084451500625,0.03790968953691065,0.00015270016126983069,-0.032017519884160336,0.0026856281472899396,-0.029560171103559792,-0.032305724807994034,0.0027455537044342414,0.22816901408450704,0.1619718309859155,0.07042253521126761,True,False,0.03790968953691065,gross_only_cost_failed
gas_regime_percentile_past,attention_crowding,filter,gas percentile using prior history,15m,50,7062,707,high_decile,0.023166646961401985,0.024619542309063297,0.00024346495558243004,-0.03191445065147233,0.0012311589140010096,-0.029773954603972707,-0.030625243966735962,0.0008512893627632551,0.16973125884016974,0.10891089108910891,0.04101838755304102,True,False,0.024619542309063297,gross_only_cost_failed
crowded_same_block,attention_crowding,event_type,multiple pool events in same block,15m,50,7093,1300,true,0.014571418135992446,0.02467197115714637,0.00015270016126983069,-0.032017519884160336,0.0019102874418795584,-0.029875454862736506,-0.03249821805917345,0.0026227631964369467,0.16692307692307692,0.11,0.045384615384615384,True,False,0.02467197115714637,gross_only_cost_failed
current_is_buy,baseline_event_side,direction,current main-pool buy,15m,50,7093,3640,true,0.04411227756938652,0.06570166032286995,0.00015270016126983069,-0.032017519884160336,0.0013916308227831177,-0.030212857572478317,-0.03391991513887293,0.0037070575663946115,0.10796703296703297,0.05796703296703297,0.023076923076923078,True,False,0.06570166032286995,gross_only_cost_failed
current_is_sell,baseline_event_side,risk_filter,current main-pool sell,15m,50,7093,3640,false,-0.04411227756938652,-0.06570166032286995,0.00015270016126983069,-0.032017519884160336,0.0013916308227831177,-0.030212857572478317,-0.03391991513887293,0.0037070575663946115,0.10796703296703297,0.05796703296703297,0.023076923076923078,True,False,0.06570166032286995,gross_only_cost_failed
effective_gas_gwei,attention_crowding,filter,current effective gas regime,15m,50,7093,699,high_decile,0.023639524235429882,0.024696493498482776,0.00015270016126983069,-0.032017519884160336,0.0007793780901371653,-0.030283929028851624,-0.03181999004366294,0.0015360610148113171,0.1630901287553648,0.10157367668097282,0.04148783977110158,True,False,0.024696493498482776,gross_only_cost_failed
main_flow_pressure_1h,main_pool_absorption,direction,prior 1h main-pool net flow pressure,15m,50,7093,710,high_decile,0.015406169629675318,0.014186993792604767,0.00015270016126983069,-0.032017519884160336,0.0009372097180546476,-0.03141038708497768,-0.03611760280642138,0.004707215721443697,0.07746478873239436,0.05070422535211268,0.014084507042253521,True,False,0.014186993792604767,gross_only_cost_failed
large_trade_volume_share_15m,liquidity_impact,risk_filter,prior 15m large-trade volume share,15m,50,7093,710,high_decile,0.060763101379768245,0.05381929350164686,0.00015270016126983069,-0.032017519884160336,0.0003306478473863722,-0.031776018154675886,-0.03321087639485941,0.001434858240183523,0.1267605633802817,0.08309859154929577,0.04647887323943662,True,False,0.05381929350164686,gross_only_cost_failed
current_large_sell_p90,liquidity_impact,event_type,top decile sell,15m,50,7093,6558,false,-0.02460262346390079,0.002694427657070349,0.00015270016126983069,-0.032017519884160336,0.0004182117055873429,-0.03192706985490693,-0.03312625127078437,0.0011991814158774372,0.11039951204635559,0.06221408966148216,0.023787740164684355,True,False,0.002694427657070349,gross_only_cost_failed
current_large_sell_no_drop,main_pool_absorption,event_type,large sell whose execution price did not drop more than 50 bps,15m,50,7093,6978,false,-0.025724968171351902,-0.012641818668496941,0.00015270016126983069,-0.032017519884160336,0.0002700894381495654,-0.03193532780828337,-0.03700479210563434,0.005069464297350973,0.10991688162797363,0.061908856405846945,0.023932358842075094,True,False,0.012641818668496941,gross_only_cost_failed
non_main_volume_share_15m,main_pool_absorption,risk_filter,prior 15m non-main volume share,15m,50,7093,710,high_decile,0.00298281657865525,-0.008224591338722253,0.00015270016126983069,-0.032017519884160336,0.00010959271345160779,-0.032142151395433555,-0.03273066027095336,0.000588508875519804,0.09014084507042254,0.05211267605633803,0.016901408450704224,True,False,0.008224591338722253,gross_only_cost_failed
main_vs_non_main_flow_divergence_15m,main_pool_absorption,direction,"main-pool pressure minus non-main pressure, prior 15m",15m,100,7093,710,high_decile,0.021772542553110386,0.03028908646156219,0.00015270016126983069,-0.042017519884160345,-0.0007720887075830118,-0.04223931260764361,-0.044004781224190236,0.0017654686165466255,0.0647887323943662,0.035211267605633804,0.022535211267605635,False,False,0.03028908646156219,failed_or_filter_only
sell_pressure_absorbed_15m,main_pool_absorption,direction,prior sell pressure with non-negative main-pool price path,15m,100,7093,3547,low_decile,0.02879664227930528,0.022784748601615036,0.00015270016126983069,-0.042017519884160345,-0.0004013110792137726,-0.04246829684052948,-0.04538761202025317,0.002919315179723686,0.06822667042571187,0.034395263603044825,0.01099520721736679,False,False,0.022784748601615036,failed_or_filter_only
small_count_imbalance_15m,noise_filter,risk_filter,prior 15m small-trade count imbalance,15m,100,7093,552,high_decile,0.043130965150195794,0.029905427799518738,0.00015270016126983069,-0.042017519884160345,-1.9834874130462834e-05,-0.042540850100930165,-0.04449332144680559,0.0019524713458754228,0.02717391304347826,0.016304347826086956,0.005434782608695652,False,False,0.029905427799518738,failed_or_filter_only
log_main_quote_volume_15m,liquidity_impact,filter,prior 15m main-pool quote volume,15m,100,7093,710,low_decile,0.04825735394081357,0.044336624161146615,0.00015270016126983069,-0.042017519884160345,-0.0012420994425205003,-0.04275714003941362,-0.04568528020505658,0.0029281401656429604,0.023943661971830985,0.007042253521126761,0.005633802816901409,False,False,0.044336624161146615,failed_or_filter_only
all_event_density_per_min_5m,attention_crowding,filter,all-pool 5m event density,15m,100,6466,647,high_decile,0.0608709675425081,0.054178452615554214,0.0003037106152480762,-0.0418699482609971,-0.001158623703363756,-0.04299975537491352,-0.044209754403525134,0.0012099990286116163,0.14219474497681608,0.1035548686244204,0.017001545595054096,False,False,0.054178452615554214,failed_or_filter_only
all_event_density_per_min_15m,attention_crowding,filter,all-pool 15m event density,15m,100,7093,706,high_decile,0.04987439011899729,0.049866144769679766,0.00015270016126983069,-0.042017519884160345,-0.0016541474008917373,-0.04375911290519738,-0.04437218401438445,0.0006130711091870689,0.14872521246458922,0.1048158640226629,0.029745042492917848,False,False,0.049866144769679766,failed_or_filter_only
main_flow_pressure_15m,main_pool_absorption,direction,prior 15m main-pool net flow pressure,15m,100,7093,710,high_decile,0.06494528495156164,0.07072296299174556,0.00015270016126983069,-0.042017519884160345,-0.0035142130885132215,-0.045409548430253056,-0.046775067124886174,0.001365518694633118,0.05352112676056338,0.0323943661971831,0.011267605633802818,False,False,0.07072296299174556,failed_or_filter_only
current_large_buy_p90,liquidity_impact,event_type,top decile buy,15m,100,7093,706,true,0.08000069706563606,0.10943085017805898,0.00015270016126983069,-0.042017519884160345,0.007215294848122694,-0.032810637924294915,-0.043035221256270094,0.010224583331975179,0.15155807365439095,0.09348441926345609,0.03541076487252125,True,False,0.10943085017805898,gross_only_cost_failed
large_net_flow_15m,liquidity_impact,direction,prior 15m large buy minus sell flow,15m,100,7093,710,low_decile,-0.02532294261662371,-0.028458821975876337,0.00015270016126983069,-0.042017519884160345,0.006155197317637261,-0.03614824114620036,-0.05480300888156749,0.01865476773536713,0.15492957746478872,0.08591549295774648,0.023943661971830985,True,False,0.028458821975876337,gross_only_cost_failed
current_is_large_trade_p90,liquidity_impact,event_type,top decile trade,15m,100,7093,1241,true,0.04593820762836905,0.08810163634884534,0.00015270016126983069,-0.042017519884160345,0.0027675004362769837,-0.03725773956843018,-0.04302689913430066,0.005769159565870478,0.11845286059629331,0.07332796132151491,0.029814665592264304,True,False,0.08810163634884534,gross_only_cost_failed
main_event_density_per_min_15m,attention_crowding,filter,main-pool 15m event density,15m,100,7093,707,high_decile,0.05765851576910476,0.060425901652633,0.00015270016126983069,-0.042017519884160345,0.003813024301405696,-0.03809917503179966,-0.0455239331353535,0.007424758103553843,0.1669024045261669,0.13012729844413012,0.04667609618104668,True,False,0.060425901652633,gross_only_cost_failed
trade_size_percentile_past,liquidity_impact,direction,current trade size percentile using prior history,15m,100,7062,707,high_decile,0.05258280388752864,0.17036565219217895,0.00024346495558243004,-0.041914450651472326,0.0018442992896502372,-0.03817025430906344,-0.0541289971418918,0.01595874283282836,0.12164073550212164,0.07355021216407355,0.028288543140028287,True,False,0.17036565219217895,gross_only_cost_failed
log_chog_amount,liquidity_impact,direction,current trade size,15m,100,7093,710,high_decile,0.0517944966577132,0.17068189017302574,0.00015270016126983069,-0.042017519884160345,0.0013776097733818804,-0.03863715058255896,-0.053573951054608764,0.014936800472049802,0.12253521126760564,0.07464788732394366,0.028169014084507043,True,False,0.17068189017302574,gross_only_cost_failed
small_trade_count_share_15m,noise_filter,risk_filter,prior 15m small-trade count share,15m,100,7093,638,high_decile,-0.009282810035932313,-0.0034958703034361095,0.00015270016126983069,-0.042017519884160345,0.003202666686506063,-0.038777066677347816,-0.04623499833480045,0.007457931657452635,0.05799373040752351,0.04231974921630094,0.0219435736677116,True,False,0.0034958703034361095,gross_only_cost_failed
log_main_quote_volume_1h,liquidity_impact,filter,prior 1h main-pool quote volume,15m,100,7093,710,high_decile,0.03292084451500625,0.03790968953691065,0.00015270016126983069,-0.042017519884160345,0.0026856281472899396,-0.039560171103559784,-0.042305724807994036,0.002745553704434252,0.19154929577464788,0.13943661971830987,0.06338028169014084,True,False,0.03790968953691065,gross_only_cost_failed
gas_regime_percentile_past,attention_crowding,filter,gas percentile using prior history,15m,100,7062,707,high_decile,0.023166646961401985,0.024619542309063297,0.00024346495558243004,-0.041914450651472326,0.0012311589140010096,-0.039773954603972705,-0.040625243966735954,0.0008512893627632481,0.13154172560113153,0.08345120226308345,0.02545968882602546,True,False,0.024619542309063297,gross_only_cost_failed
crowded_same_block,attention_crowding,event_type,multiple pool events in same block,15m,100,7093,1300,true,0.014571418135992446,0.02467197115714637,0.00015270016126983069,-0.042017519884160345,0.0019102874418795584,-0.039875454862736505,-0.04249821805917346,0.002622763196436957,0.1346153846153846,0.09230769230769231,0.03307692307692308,True,False,0.02467197115714637,gross_only_cost_failed
current_is_buy,baseline_event_side,direction,current main-pool buy,15m,100,7093,3640,true,0.04411227756938652,0.06570166032286995,0.00015270016126983069,-0.042017519884160345,0.0013916308227831177,-0.04021285757247831,-0.043919915138872924,0.0037070575663946115,0.07692307692307693,0.04478021978021978,0.015934065934065933,True,False,0.06570166032286995,gross_only_cost_failed
current_is_sell,baseline_event_side,risk_filter,current main-pool sell,15m,100,7093,3640,false,-0.04411227756938652,-0.06570166032286995,0.00015270016126983069,-0.042017519884160345,0.0013916308227831177,-0.04021285757247831,-0.043919915138872924,0.0037070575663946115,0.07692307692307693,0.04478021978021978,0.015934065934065933,True,False,0.06570166032286995,gross_only_cost_failed
effective_gas_gwei,attention_crowding,filter,current effective gas regime,15m,100,7093,699,high_decile,0.023639524235429882,0.024696493498482776,0.00015270016126983069,-0.042017519884160345,0.0007793780901371653,-0.040283929028851626,-0.04181999004366294,0.0015360610148113171,0.12446351931330472,0.0815450643776824,0.027181688125894134,True,False,0.024696493498482776,gross_only_cost_failed
main_flow_pressure_1h,main_pool_absorption,direction,prior 1h main-pool net flow pressure,15m,100,7093,710,high_decile,0.015406169629675318,0.014186993792604767,0.00015270016126983069,-0.042017519884160345,0.0009372097180546476,-0.041410387084977685,-0.046117602806421375,0.00470721572144369,0.06338028169014084,0.03943661971830986,0.011267605633802818,True,False,0.014186993792604767,gross_only_cost_failed
large_trade_volume_share_15m,liquidity_impact,risk_filter,prior 15m large-trade volume share,15m,100,7093,710,high_decile,0.060763101379768245,0.05381929350164686,0.00015270016126983069,-0.042017519884160345,0.0003306478473863722,-0.04177601815467588,-0.043210876394859404,0.001434858240183523,0.1056338028169014,0.07887323943661972,0.02676056338028169,True,False,0.05381929350164686,gross_only_cost_failed
current_large_sell_p90,liquidity_impact,event_type,top decile sell,15m,100,7093,6558,false,-0.02460262346390079,0.002694427657070349,0.00015270016126983069,-0.042017519884160345,0.0004182117055873429,-0.04192706985490693,-0.04312625127078437,0.0011991814158774441,0.08234217749313816,0.047270509301616345,0.017688319609637085,True,False,0.002694427657070349,gross_only_cost_failed
current_large_sell_no_drop,main_pool_absorption,event_type,large sell whose execution price did not drop more than 50 bps,15m,100,7093,6978,false,-0.025724968171351902,-0.012641818668496941,0.00015270016126983069,-0.042017519884160345,0.0002700894381495654,-0.041935327808283365,-0.04700479210563435,0.005069464297350987,0.0821152192605331,0.04729148753224419,0.018056749785038694,True,False,0.012641818668496941,gross_only_cost_failed
non_main_volume_share_15m,main_pool_absorption,risk_filter,prior 15m non-main volume share,15m,100,7093,710,high_decile,0.00298281657865525,-0.008224591338722253,0.00015270016126983069,-0.042017519884160345,0.00010959271345160779,-0.04214215139543356,-0.04273066027095336,0.000588508875519804,0.07042253521126761,0.0323943661971831,0.014084507042253521,True,False,0.008224591338722253,gross_only_cost_failed
main_vs_non_main_flow_divergence_15m,main_pool_absorption,direction,"main-pool pressure minus non-main pressure, prior 15m",15m,200,7093,710,high_decile,0.021772542553110386,0.03028908646156219,0.00015270016126983069,-0.06201751988416034,-0.0007720887075830118,-0.0622393126076436,-0.06400478122419023,0.0017654686165466324,0.035211267605633804,0.02535211267605634,0.011267605633802818,False,False,0.03028908646156219,failed_or_filter_only
sell_pressure_absorbed_15m,main_pool_absorption,direction,prior sell pressure with non-negative main-pool price path,15m,200,7093,3547,low_decile,0.02879664227930528,0.022784748601615036,0.00015270016126983069,-0.06201751988416034,-0.0004013110792137726,-0.06246829684052947,-0.06538761202025319,0.002919315179723714,0.034395263603044825,0.017197631801522412,0.005074711023400056,False,False,0.022784748601615036,failed_or_filter_only
small_count_imbalance_15m,noise_filter,risk_filter,prior 15m small-trade count imbalance,15m,200,7093,552,high_decile,0.043130965150195794,0.029905427799518738,0.00015270016126983069,-0.06201751988416034,-1.9834874130462834e-05,-0.06254085010093016,-0.0644933214468056,0.0019524713458754367,0.016304347826086956,0.005434782608695652,0.005434782608695652,False,False,0.029905427799518738,failed_or_filter_only
log_main_quote_volume_15m,liquidity_impact,filter,prior 15m main-pool quote volume,15m,200,7093,710,low_decile,0.04825735394081357,0.044336624161146615,0.00015270016126983069,-0.06201751988416034,-0.0012420994425205003,-0.06275714003941361,-0.06568528020505657,0.0029281401656429534,0.007042253521126761,0.005633802816901409,0.004225352112676056,False,False,0.044336624161146615,failed_or_filter_only
all_event_density_per_min_5m,attention_crowding,filter,all-pool 5m event density,15m,200,6466,647,high_decile,0.0608709675425081,0.054178452615554214,0.0003037106152480762,-0.06186994826099709,-0.001158623703363756,-0.06299975537491352,-0.06420975440352514,0.0012099990286116163,0.1035548686244204,0.03709428129829984,0.0015455950540958269,False,False,0.054178452615554214,failed_or_filter_only
all_event_density_per_min_15m,attention_crowding,filter,all-pool 15m event density,15m,200,7093,706,high_decile,0.04987439011899729,0.049866144769679766,0.00015270016126983069,-0.06201751988416034,-0.0016541474008917373,-0.06375911290519738,-0.06437218401438445,0.0006130711091870689,0.1048158640226629,0.04107648725212465,0.009915014164305949,False,False,0.049866144769679766,failed_or_filter_only
main_flow_pressure_15m,main_pool_absorption,direction,prior 15m main-pool net flow pressure,15m,200,7093,710,high_decile,0.06494528495156164,0.07072296299174556,0.00015270016126983069,-0.06201751988416034,-0.0035142130885132215,-0.06540954843025305,-0.06677506712488616,0.001365518694633111,0.0323943661971831,0.015492957746478873,0.007042253521126761,False,False,0.07072296299174556,failed_or_filter_only
current_large_buy_p90,liquidity_impact,event_type,top decile buy,15m,200,7093,706,true,0.08000069706563606,0.10943085017805898,0.00015270016126983069,-0.06201751988416034,0.007215294848122694,-0.052810637924294926,-0.06303522125627009,0.010224583331975165,0.09348441926345609,0.05240793201133145,0.009915014164305949,True,False,0.10943085017805898,gross_only_cost_failed
large_net_flow_15m,liquidity_impact,direction,prior 15m large buy minus sell flow,15m,200,7093,710,low_decile,-0.02532294261662371,-0.028458821975876337,0.00015270016126983069,-0.06201751988416034,0.006155197317637261,-0.05614824114620036,-0.07480300888156748,0.018654767735367117,0.08591549295774648,0.03943661971830986,0.0028169014084507044,True,False,0.028458821975876337,gross_only_cost_failed
current_is_large_trade_p90,liquidity_impact,event_type,top decile trade,15m,200,7093,1241,true,0.04593820762836905,0.08810163634884534,0.00015270016126983069,-0.06201751988416034,0.0027675004362769837,-0.05725773956843017,-0.06302689913430065,0.005769159565870478,0.07332796132151491,0.0410958904109589,0.008863819500402902,True,False,0.08810163634884534,gross_only_cost_failed
main_event_density_per_min_15m,attention_crowding,filter,main-pool 15m event density,15m,200,7093,707,high_decile,0.05765851576910476,0.060425901652633,0.00015270016126983069,-0.06201751988416034,0.003813024301405696,-0.05809917503179966,-0.0655239331353535,0.007424758103553836,0.13012729844413012,0.06930693069306931,0.026874115983026876,True,False,0.060425901652633,gross_only_cost_failed
trade_size_percentile_past,liquidity_impact,direction,current trade size percentile using prior history,15m,200,7062,707,high_decile,0.05258280388752864,0.17036565219217895,0.00024346495558243004,-0.06191445065147232,0.0018442992896502372,-0.05817025430906345,-0.0741289971418918,0.015958742832828353,0.07355021216407355,0.039603960396039604,0.007072135785007072,True,False,0.17036565219217895,gross_only_cost_failed
log_chog_amount,liquidity_impact,direction,current trade size,15m,200,7093,710,high_decile,0.0517944966577132,0.17068189017302574,0.00015270016126983069,-0.06201751988416034,0.0013776097733818804,-0.058637150582558965,-0.07357395105460876,0.014936800472049795,0.07464788732394366,0.03943661971830986,0.007042253521126761,True,False,0.17068189017302574,gross_only_cost_failed
small_trade_count_share_15m,noise_filter,risk_filter,prior 15m small-trade count share,15m,200,7093,638,high_decile,-0.009282810035932313,-0.0034958703034361095,0.00015270016126983069,-0.06201751988416034,0.003202666686506063,-0.058777066677347826,-0.06623499833480045,0.007457931657452628,0.04231974921630094,0.032915360501567396,0.0109717868338558,True,False,0.0034958703034361095,gross_only_cost_failed
log_main_quote_volume_1h,liquidity_impact,filter,prior 1h main-pool quote volume,15m,200,7093,710,high_decile,0.03292084451500625,0.03790968953691065,0.00015270016126983069,-0.06201751988416034,0.0026856281472899396,-0.05956017110355979,-0.06230572480799403,0.002745553704434245,0.13943661971830987,0.07042253521126761,0.02112676056338028,True,False,0.03790968953691065,gross_only_cost_failed
gas_regime_percentile_past,attention_crowding,filter,gas percentile using prior history,15m,200,7062,707,high_decile,0.023166646961401985,0.024619542309063297,0.00024346495558243004,-0.06191445065147232,0.0012311589140010096,-0.05977395460397271,-0.06062524396673595,0.0008512893627632412,0.08345120226308345,0.04101838755304102,0.01272984441301273,True,False,0.024619542309063297,gross_only_cost_failed
crowded_same_block,attention_crowding,event_type,multiple pool events in same block,15m,200,7093,1300,true,0.014571418135992446,0.02467197115714637,0.00015270016126983069,-0.06201751988416034,0.0019102874418795584,-0.0598754548627365,-0.06249821805917346,0.002622763196436957,0.09230769230769231,0.045384615384615384,0.016923076923076923,True,False,0.02467197115714637,gross_only_cost_failed
current_is_buy,baseline_event_side,direction,current main-pool buy,15m,200,7093,3640,true,0.04411227756938652,0.06570166032286995,0.00015270016126983069,-0.06201751988416034,0.0013916308227831177,-0.06021285757247832,-0.06391991513887293,0.0037070575663946115,0.04478021978021978,0.023076923076923078,0.007417582417582417,True,False,0.06570166032286995,gross_only_cost_failed
current_is_sell,baseline_event_side,risk_filter,current main-pool sell,15m,200,7093,3640,false,-0.04411227756938652,-0.06570166032286995,0.00015270016126983069,-0.06201751988416034,0.0013916308227831177,-0.06021285757247832,-0.06391991513887293,0.0037070575663946115,0.04478021978021978,0.023076923076923078,0.007417582417582417,True,False,0.06570166032286995,gross_only_cost_failed
effective_gas_gwei,attention_crowding,filter,current effective gas regime,15m,200,7093,699,high_decile,0.023639524235429882,0.024696493498482776,0.00015270016126983069,-0.06201751988416034,0.0007793780901371653,-0.06028392902885162,-0.06181999004366293,0.0015360610148113102,0.0815450643776824,0.04148783977110158,0.01430615164520744,True,False,0.024696493498482776,gross_only_cost_failed
main_flow_pressure_1h,main_pool_absorption,direction,prior 1h main-pool net flow pressure,15m,200,7093,710,high_decile,0.015406169629675318,0.014186993792604767,0.00015270016126983069,-0.06201751988416034,0.0009372097180546476,-0.06141038708497769,-0.06611760280642137,0.004707215721443683,0.03943661971830986,0.014084507042253521,0.004225352112676056,True,False,0.014186993792604767,gross_only_cost_failed
large_trade_volume_share_15m,liquidity_impact,risk_filter,prior 15m large-trade volume share,15m,200,7093,710,high_decile,0.060763101379768245,0.05381929350164686,0.00015270016126983069,-0.06201751988416034,0.0003306478473863722,-0.06177601815467589,-0.06321087639485941,0.001434858240183516,0.07887323943661972,0.04647887323943662,0.005633802816901409,True,False,0.05381929350164686,gross_only_cost_failed
current_large_sell_p90,liquidity_impact,event_type,top decile sell,15m,200,7093,6558,false,-0.02460262346390079,0.002694427657070349,0.00015270016126983069,-0.06201751988416034,0.0004182117055873429,-0.06192706985490693,-0.06312625127078438,0.0011991814158774441,0.047270509301616345,0.023787740164684355,0.00869167429094236,True,False,0.002694427657070349,gross_only_cost_failed
current_large_sell_no_drop,main_pool_absorption,event_type,large sell whose execution price did not drop more than 50 bps,15m,200,7093,6978,false,-0.025724968171351902,-0.012641818668496941,0.00015270016126983069,-0.06201751988416034,0.0002700894381495654,-0.06193532780828336,-0.06700479210563436,0.005069464297350994,0.04729148753224419,0.023932358842075094,0.008598452278589854,True,False,0.012641818668496941,gross_only_cost_failed
non_main_volume_share_15m,main_pool_absorption,risk_filter,prior 15m non-main volume share,15m,200,7093,710,high_decile,0.00298281657865525,-0.008224591338722253,0.00015270016126983069,-0.06201751988416034,0.00010959271345160779,-0.062142151395433554,-0.06273066027095335,0.000588508875519797,0.0323943661971831,0.016901408450704224,0.009859154929577466,True,False,0.008224591338722253,gross_only_cost_failed
main_flow_pressure_15m,main_pool_absorption,direction,prior 15m main-pool net flow pressure,1h,0,7688,769,low_decile,0.014290050318202416,0.02047918562033169,0.002086767203831933,-0.02015644218986234,-0.0016375476965142899,-0.02406047205350083,-0.025256823989080347,0.001196351935579515,0.22366710013003901,0.12093628088426528,0.055916775032509754,False,False,0.02047918562033169,failed_or_filter_only
main_flow_pressure_1h,main_pool_absorption,direction,prior 1h main-pool net flow pressure,1h,0,7688,769,high_decile,-0.03730113326552239,-0.034846809986298195,0.002086767203831933,-0.02015644218986234,-0.002984045927306018,-0.02521609716820731,-0.02953839729890606,0.004322300130698752,0.1625487646293888,0.07802340702210664,0.045513654096228866,False,False,0.034846809986298195,failed_or_filter_only
main_event_density_per_min_15m,attention_crowding,filter,main-pool 15m event density,1h,0,7688,760,high_decile,0.06013069397937409,0.0639260442959719,0.002086767203831933,-0.02015644218986234,0.018993386703669367,-0.002921653905065361,-0.02358109563502359,0.020659441729958226,0.41973684210526313,0.2789473684210526,0.16052631578947368,True,False,0.0639260442959719,gross_only_cost_failed
large_net_flow_15m,liquidity_impact,direction,prior 15m large buy minus sell flow,1h,0,7688,778,low_decile,-0.04888131709842407,-0.05132964689177563,0.002086767203831933,-0.02015644218986234,0.01853620600128402,-0.0036897912624428764,-0.03436497615456424,0.030675184892121364,0.4254498714652956,0.2622107969151671,0.13624678663239073,True,False,0.05132964689177563,gross_only_cost_failed
all_event_density_per_min_15m,attention_crowding,filter,all-pool 15m event density,1h,0,7688,760,high_decile,0.05740654193734361,0.05895296252085165,0.002086767203831933,-0.02015644218986234,0.0165823621501444,-0.005437618035863545,-0.02077894857158239,0.015341330535718846,0.4342105263157895,0.2802631578947368,0.15526315789473685,True,False,0.05895296252085165,gross_only_cost_failed
log_main_quote_volume_15m,liquidity_impact,filter,prior 15m main-pool quote volume,1h,0,7688,769,high_decile,0.025200214857922544,0.024963070587312893,0.002086767203831933,-0.02015644218986234,0.014502484349948063,-0.007717547431737425,-0.021357094544350117,0.013639547112612692,0.49024707412223667,0.3576072821846554,0.22366710013003901,True,False,0.024963070587312893,gross_only_cost_failed
log_main_quote_volume_1h,liquidity_impact,filter,prior 1h main-pool quote volume,1h,0,7688,769,high_decile,0.0335928375705573,0.03769145486446883,0.002086767203831933,-0.02015644218986234,0.014405591885563524,-0.007898487598911418,-0.024098537991768598,0.016200050392857178,0.42782834850455137,0.305591677503251,0.19245773732119636,True,False,0.03769145486446883,gross_only_cost_failed
small_trade_count_share_15m,noise_filter,risk_filter,prior 15m small-trade count share,1h,0,7688,720,high_decile,0.06768579500809405,0.07251986731267689,0.002086767203831933,-0.02015644218986234,0.013612186624420458,-0.00844355815882684,-0.029552376870149232,0.02110881871132239,0.23194444444444445,0.1125,0.06666666666666667,True,False,0.07251986731267689,gross_only_cost_failed
current_large_buy_p90,liquidity_impact,event_type,top decile buy,1h,0,7688,731,true,0.05478748500730803,0.07172609883789428,0.002086767203831933,-0.02015644218986234,0.010861228699593078,-0.00916462430268728,-0.021311396750093036,0.012146772447405757,0.3693570451436389,0.2188782489740082,0.11354309165526676,True,False,0.07172609883789428,gross_only_cost_failed
all_event_density_per_min_5m,attention_crowding,filter,all-pool 5m event density,1h,0,6924,683,high_decile,0.061525369610604584,0.060301662648036776,0.002035255075579702,-0.020199139057382715,0.012121395494438282,-0.009782833932632747,-0.022130621174356546,0.0123477872417238,0.3923865300146413,0.23865300146412885,0.1390922401171303,True,False,0.060301662648036776,gross_only_cost_failed
large_trade_volume_share_15m,liquidity_impact,risk_filter,prior 15m large-trade volume share,1h,0,7688,769,high_decile,0.016823695947957015,0.015458708961223632,0.002086767203831933,-0.02015644218986234,0.01227786632167561,-0.00980053264129865,-0.021173693238685745,0.011373160597387095,0.34070221066319895,0.21976592977893367,0.1235370611183355,True,False,0.015458708961223632,gross_only_cost_failed
gas_regime_percentile_past,attention_crowding,filter,gas percentile using prior history,1h,0,7655,766,high_decile,0.032531944832493186,0.035217681013611536,0.002342900508215838,-0.0198882683201566,0.008503336381039577,-0.012515763192584956,-0.0210112163831482,0.008495453190563244,0.33550913838120106,0.22715404699738903,0.12924281984334204,True,False,0.035217681013611536,gross_only_cost_failed
effective_gas_gwei,attention_crowding,filter,current effective gas regime,1h,0,7688,729,high_decile,0.032653992133938166,0.03516902606976383,0.002086767203831933,-0.02015644218986234,0.006858938521321435,-0.01418968989138884,-0.021086619361080174,0.006896929469691334,0.3278463648834019,0.21536351165980797,0.12345679012345678,True,False,0.03516902606976383,gross_only_cost_failed
current_is_large_trade_p90,liquidity_impact,event_type,top decile trade,1h,0,7688,1307,true,0.020826260723268025,0.04506611981486434,0.002086767203831933,-0.02015644218986234,0.0056352270376828495,-0.014390139139036017,-0.021337535762567243,0.006947396623531226,0.31675592960979343,0.19969395562356543,0.10252486610558531,True,False,0.04506611981486434,gross_only_cost_failed
crowded_same_block,attention_crowding,event_type,multiple pool events in same block,1h,0,7688,1349,true,0.01833190111914142,0.024340144261011668,0.002086767203831933,-0.02015644218986234,0.007223620872439868,-0.014569904072484888,-0.021345311084063665,0.006775407011578777,0.31801334321719793,0.20830244625648628,0.11267605633802817,True,False,0.024340144261011668,gross_only_cost_failed
trade_size_percentile_past,liquidity_impact,direction,current trade size percentile using prior history,1h,0,7655,766,high_decile,0.04353963640011126,0.11435671358049375,0.002342900508215838,-0.0198882683201566,0.004156067254219799,-0.015858960521891226,-0.0348137500180644,0.018954789496173175,0.31201044386422977,0.19712793733681463,0.09399477806788512,True,False,0.11435671358049375,gross_only_cost_failed
log_chog_amount,liquidity_impact,direction,current trade size,1h,0,7688,769,high_decile,0.044374974419477124,0.1154795260805387,0.002086767203831933,-0.02015644218986234,0.003523909868958084,-0.01649180511765962,-0.034493474995283636,0.018001669877624017,0.31729518855656696,0.20026007802340703,0.09622886866059818,True,False,0.1154795260805387,gross_only_cost_failed
current_is_buy,baseline_event_side,direction,current main-pool buy,1h,0,7688,3834,true,0.05402039788525841,0.0698359549214514,0.002086767203831933,-0.02015644218986234,0.004324079753943128,-0.01730599632927155,-0.022992095907948762,0.00568609957867721,0.28038601982263955,0.15571205007824726,0.07329160146061554,True,False,0.0698359549214514,gross_only_cost_failed
current_is_sell,baseline_event_side,risk_filter,current main-pool sell,1h,0,7688,3834,false,-0.05402039788525841,-0.0698359549214514,0.002086767203831933,-0.02015644218986234,0.004324079753943128,-0.01730599632927155,-0.022992095907948762,0.00568609957867721,0.28038601982263955,0.15571205007824726,0.07329160146061554,True,False,0.0698359549214514,gross_only_cost_failed
small_count_imbalance_15m,noise_filter,risk_filter,prior 15m small-trade count imbalance,1h,0,7688,2444,low_decile,0.023237681884806117,0.016686687584049856,0.002086767203831933,-0.02015644218986234,0.004290521484580935,-0.01772139208748718,-0.021974381047418425,0.004252988959931245,0.2414075286415712,0.1513911620294599,0.06833060556464812,True,False,0.016686687584049856,gross_only_cost_failed
main_vs_non_main_flow_divergence_15m,main_pool_absorption,direction,"main-pool pressure minus non-main pressure, prior 15m",1h,0,7688,769,high_decile,0.04621817067621192,0.05136139175221782,0.002086767203831933,-0.02015644218986234,0.003720230672151981,-0.01789574474667687,-0.024678215284645352,0.006782470537968481,0.24057217165149544,0.14044213263979194,0.07152145643693109,True,False,0.05136139175221782,gross_only_cost_failed
non_main_volume_share_15m,main_pool_absorption,risk_filter,prior 15m non-main volume share,1h,0,7688,769,high_decile,0.0018697913244170338,-0.007911199221510177,0.002086767203831933,-0.02015644218986234,0.002833247572085622,-0.019828877228852928,-0.021251364170236754,0.0014224869413838256,0.23276983094928477,0.12483745123537061,0.06371911573472042,True,False,0.007911199221510177,gross_only_cost_failed
sell_pressure_absorbed_15m,main_pool_absorption,direction,prior sell pressure with non-negative main-pool price path,1h,0,7688,3844,low_decile,-0.0061597509754947296,-0.009774185818925207,0.002086767203831933,-0.02015644218986234,0.0021542810872432795,-0.019981343966636367,-0.032109647018705834,0.012128303052069467,0.2627471383975026,0.1462018730489074,0.06451612903225806,True,False,0.009774185818925207,gross_only_cost_failed
current_large_sell_p90,liquidity_impact,event_type,top decile sell,1h,0,7688,7112,false,-0.03132840789290399,-0.015615003639471747,0.002086767203831933,-0.02015644218986234,0.002336527376857557,-0.02008635490244741,-0.021021825502527212,0.0009354706000798026,0.2622328458942632,0.1500281214848144,0.07424071991001124,True,False,0.015615003639471747,gross_only_cost_failed
current_large_sell_no_drop,main_pool_absorption,event_type,large sell whose execution price did not drop more than 50 bps,1h,0,7688,7558,false,-0.03579954671605671,-0.028584814939965425,0.002086767203831933,-0.02015644218986234,0.0021352161937975176,-0.020145973292265324,-0.020765087790156483,0.0006191144978911593,0.2623709976184176,0.1514951045250066,0.07501984652024345,True,False,0.028584814939965425,gross_only_cost_failed
main_flow_pressure_15m,main_pool_absorption,direction,prior 15m main-pool net flow pressure,1h,50,7688,769,low_decile,0.014290050318202416,0.02047918562033169,0.002086767203831933,-0.03015644218986234,-0.0016375476965142899,-0.03406047205350083,-0.035256823989080345,0.001196351935579515,0.1482444733420026,0.08972691807542263,0.05071521456436931,False,False,0.02047918562033169,failed_or_filter_only
main_flow_pressure_1h,main_pool_absorption,direction,prior 1h main-pool net flow pressure,1h,50,7688,769,high_decile,-0.03730113326552239,-0.034846809986298195,0.002086767203831933,-0.03015644218986234,-0.002984045927306018,-0.035216097168207304,-0.03953839729890606,0.0043223001306987585,0.11053315994798439,0.05981794538361508,0.04031209362808843,False,False,0.034846809986298195,failed_or_filter_only
main_event_density_per_min_15m,attention_crowding,filter,main-pool 15m event density,1h,50,7688,760,high_decile,0.06013069397937409,0.0639260442959719,0.002086767203831933,-0.03015644218986234,0.018993386703669367,-0.012921653905065363,-0.03358109563502359,0.020659441729958226,0.3605263157894737,0.23289473684210527,0.13157894736842105,True,False,0.0639260442959719,gross_only_cost_failed
large_net_flow_15m,liquidity_impact,direction,prior 15m large buy minus sell flow,1h,50,7688,778,low_decile,-0.04888131709842407,-0.05132964689177563,0.002086767203831933,-0.03015644218986234,0.01853620600128402,-0.013689791262442878,-0.04436497615456424,0.030675184892121357,0.33676092544987146,0.1953727506426735,0.10668380462724936,True,False,0.05132964689177563,gross_only_cost_failed
all_event_density_per_min_15m,attention_crowding,filter,all-pool 15m event density,1h,50,7688,760,high_decile,0.05740654193734361,0.05895296252085165,0.002086767203831933,-0.03015644218986234,0.0165823621501444,-0.015437618035863547,-0.03077894857158239,0.015341330535718843,0.3618421052631579,0.23421052631578948,0.12236842105263158,True,False,0.05895296252085165,gross_only_cost_failed
log_main_quote_volume_15m,liquidity_impact,filter,prior 15m main-pool quote volume,1h,50,7688,769,high_decile,0.025200214857922544,0.024963070587312893,0.002086767203831933,-0.03015644218986234,0.014502484349948063,-0.017717547431737427,-0.031357094544350116,0.013639547112612688,0.4135240572171652,0.30429128738621586,0.18205461638491546,True,False,0.024963070587312893,gross_only_cost_failed
log_main_quote_volume_1h,liquidity_impact,filter,prior 1h main-pool quote volume,1h,50,7688,769,high_decile,0.0335928375705573,0.03769145486446883,0.002086767203831933,-0.03015644218986234,0.014405591885563524,-0.017898487598911415,-0.034098537991768596,0.01620005039285718,0.36280884265279584,0.26007802340702213,0.15214564369310793,True,False,0.03769145486446883,gross_only_cost_failed
small_trade_count_share_15m,noise_filter,risk_filter,prior 15m small-trade count share,1h,50,7688,720,high_decile,0.06768579500809405,0.07251986731267689,0.002086767203831933,-0.03015644218986234,0.013612186624420458,-0.018443558158826843,-0.039552376870149245,0.0211088187113224,0.16527777777777777,0.09305555555555556,0.06388888888888888,True,False,0.07251986731267689,gross_only_cost_failed
current_large_buy_p90,liquidity_impact,event_type,top decile buy,1h,50,7688,731,true,0.05478748500730803,0.07172609883789428,0.002086767203831933,-0.03015644218986234,0.010861228699593078,-0.019164624302687276,-0.03131139675009304,0.012146772447405765,0.292749658002736,0.17510259917920656,0.09439124487004104,True,False,0.07172609883789428,gross_only_cost_failed
all_event_density_per_min_5m,attention_crowding,filter,all-pool 5m event density,1h,50,6924,683,high_decile,0.061525369610604584,0.060301662648036776,0.002035255075579702,-0.030199139057382713,0.012121395494438282,-0.01978283393263275,-0.032130621174356555,0.012347787241723807,0.3001464128843338,0.19619326500732065,0.10395314787701318,True,False,0.060301662648036776,gross_only_cost_failed
large_trade_volume_share_15m,liquidity_impact,risk_filter,prior 15m large-trade volume share,1h,50,7688,769,high_decile,0.016823695947957015,0.015458708961223632,0.002086767203831933,-0.03015644218986234,0.01227786632167561,-0.01980053264129866,-0.031173693238685744,0.011373160597387084,0.27828348504551365,0.18205461638491546,0.11183355006501951,True,False,0.015458708961223632,gross_only_cost_failed
gas_regime_percentile_past,attention_crowding,filter,gas percentile using prior history,1h,50,7655,766,high_decile,0.032531944832493186,0.035217681013611536,0.002342900508215838,-0.029888268320156598,0.008503336381039577,-0.022515763192584956,-0.031011216383148195,0.008495453190563239,0.27154046997389036,0.18276762402088773,0.11488250652741515,True,False,0.035217681013611536,gross_only_cost_failed
effective_gas_gwei,attention_crowding,filter,current effective gas regime,1h,50,7688,729,high_decile,0.032653992133938166,0.03516902606976383,0.002086767203831933,-0.03015644218986234,0.006858938521321435,-0.024189689891388838,-0.031086619361080172,0.006896929469691334,0.262002743484225,0.1728395061728395,0.1083676268861454,True,False,0.03516902606976383,gross_only_cost_failed
current_is_large_trade_p90,liquidity_impact,event_type,top decile trade,1h,50,7688,1307,true,0.020826260723268025,0.04506611981486434,0.002086767203831933,-0.03015644218986234,0.0056352270376828495,-0.024390139139036017,-0.031337535762567245,0.006947396623531228,0.252486610558531,0.16296863045141546,0.08492731446059679,True,False,0.04506611981486434,gross_only_cost_failed
crowded_same_block,attention_crowding,event_type,multiple pool events in same block,1h,50,7688,1349,true,0.01833190111914142,0.024340144261011668,0.002086767203831933,-0.03015644218986234,0.007223620872439868,-0.024569904072484883,-0.031345311084063666,0.006775407011578784,0.25648628613787994,0.16234247590808007,0.10155670867309118,True,False,0.024340144261011668,gross_only_cost_failed
trade_size_percentile_past,liquidity_impact,direction,current trade size percentile using prior history,1h,50,7655,766,high_decile,0.04353963640011126,0.11435671358049375,0.002342900508215838,-0.029888268320156598,0.004156067254219799,-0.025858960521891225,-0.04481375001806441,0.018954789496173186,0.24673629242819844,0.15535248041775457,0.0783289817232376,True,False,0.11435671358049375,gross_only_cost_failed
log_chog_amount,liquidity_impact,direction,current trade size,1h,50,7688,769,high_decile,0.044374974419477124,0.1154795260805387,0.002086767203831933,-0.03015644218986234,0.003523909868958084,-0.026491805117659622,-0.04449347499528363,0.01800166987762401,0.25227568270481143,0.1599479843953186,0.07932379713914174,True,False,0.1154795260805387,gross_only_cost_failed
current_is_buy,baseline_event_side,direction,current main-pool buy,1h,50,7688,3834,true,0.05402039788525841,0.0698359549214514,0.002086767203831933,-0.03015644218986234,0.004324079753943128,-0.02730599632927155,-0.03299209590794877,0.005686099578677221,0.20839853938445488,0.11997913406364111,0.061293688054251436,True,False,0.0698359549214514,gross_only_cost_failed
current_is_sell,baseline_event_side,risk_filter,current main-pool sell,1h,50,7688,3834,false,-0.05402039788525841,-0.0698359549214514,0.002086767203831933,-0.03015644218986234,0.004324079753943128,-0.02730599632927155,-0.03299209590794877,0.005686099578677221,0.20839853938445488,0.11997913406364111,0.061293688054251436,True,False,0.0698359549214514,gross_only_cost_failed
small_count_imbalance_15m,noise_filter,risk_filter,prior 15m small-trade count imbalance,1h,50,7688,2444,low_decile,0.023237681884806117,0.016686687584049856,0.002086767203831933,-0.03015644218986234,0.004290521484580935,-0.027721392087487175,-0.031974381047418426,0.004252988959931252,0.18166939443535188,0.11333878887070377,0.05932896890343699,True,False,0.016686687584049856,gross_only_cost_failed
main_vs_non_main_flow_divergence_15m,main_pool_absorption,direction,"main-pool pressure minus non-main pressure, prior 15m",1h,50,7688,769,high_decile,0.04621817067621192,0.05136139175221782,0.002086767203831933,-0.03015644218986234,0.003720230672151981,-0.027895744746676873,-0.034678215284645354,0.006782470537968481,0.16514954486345904,0.11053315994798439,0.0611183355006502,True,False,0.05136139175221782,gross_only_cost_failed
non_main_volume_share_15m,main_pool_absorption,risk_filter,prior 15m non-main volume share,1h,50,7688,769,high_decile,0.0018697913244170338,-0.007911199221510177,0.002086767203831933,-0.03015644218986234,0.002833247572085622,-0.02982887722885293,-0.03125136417023675,0.0014224869413838222,0.16514954486345904,0.10273081924577374,0.053315994798439535,True,False,0.007911199221510177,gross_only_cost_failed
sell_pressure_absorbed_15m,main_pool_absorption,direction,prior sell pressure with non-negative main-pool price path,1h,50,7688,3844,low_decile,-0.0061597509754947296,-0.009774185818925207,0.002086767203831933,-0.03015644218986234,0.0021542810872432795,-0.02998134396663637,-0.042109647018705836,0.012128303052069467,0.19380853277835589,0.10926118626430802,0.051508844953173774,True,False,0.009774185818925207,gross_only_cost_failed
current_large_sell_p90,liquidity_impact,event_type,top decile sell,1h,50,7688,7112,false,-0.03132840789290399,-0.015615003639471747,0.002086767203831933,-0.03015644218986234,0.002336527376857557,-0.03008635490244741,-0.031021825502527214,0.0009354706000798026,0.19642857142857142,0.11740719910011249,0.06200787401574803,True,False,0.015615003639471747,gross_only_cost_failed
current_large_sell_no_drop,main_pool_absorption,event_type,large sell whose execution price did not drop more than 50 bps,1h,50,7688,7558,false,-0.03579954671605671,-0.028584814939965425,0.002086767203831933,-0.03015644218986234,0.0021352161937975176,-0.030145973292265326,-0.030765087790156485,0.0006191144978911593,0.19700979094998677,0.11934374173061657,0.062318073564435035,True,False,0.028584814939965425,gross_only_cost_failed
main_flow_pressure_15m,main_pool_absorption,direction,prior 15m main-pool net flow pressure,1h,100,7688,769,low_decile,0.014290050318202416,0.02047918562033169,0.002086767203831933,-0.04015644218986234,-0.0016375476965142899,-0.04406047205350083,-0.04525682398908034,0.001196351935579508,0.12093628088426528,0.07152145643693109,0.035110533159947985,False,False,0.02047918562033169,failed_or_filter_only
main_flow_pressure_1h,main_pool_absorption,direction,prior 1h main-pool net flow pressure,1h,100,7688,769,high_decile,-0.03730113326552239,-0.034846809986298195,0.002086767203831933,-0.04015644218986234,-0.002984045927306018,-0.04521609716820731,-0.049538397298906064,0.004322300130698752,0.07802340702210664,0.0494148244473342,0.032509752925877766,False,False,0.034846809986298195,failed_or_filter_only
main_event_density_per_min_15m,attention_crowding,filter,main-pool 15m event density,1h,100,7688,760,high_decile,0.06013069397937409,0.0639260442959719,0.002086767203831933,-0.04015644218986234,0.018993386703669367,-0.02292165390506536,-0.04358109563502359,0.02065944172995823,0.2789473684210526,0.2013157894736842,0.09868421052631579,True,False,0.0639260442959719,gross_only_cost_failed
large_net_flow_15m,liquidity_impact,direction,prior 15m large buy minus sell flow,1h,100,7688,778,low_decile,-0.04888131709842407,-0.05132964689177563,0.002086767203831933,-0.04015644218986234,0.01853620600128402,-0.023689791262442878,-0.05436497615456423,0.030675184892121354,0.2622107969151671,0.17223650385604114,0.09511568123393316,True,False,0.05132964689177563,gross_only_cost_failed
all_event_density_per_min_15m,attention_crowding,filter,all-pool 15m event density,1h,100,7688,760,high_decile,0.05740654193734361,0.05895296252085165,0.002086767203831933,-0.04015644218986234,0.0165823621501444,-0.025437618035863547,-0.04077894857158239,0.015341330535718841,0.2802631578947368,0.1986842105263158,0.0881578947368421,True,False,0.05895296252085165,gross_only_cost_failed
log_main_quote_volume_15m,liquidity_impact,filter,prior 15m main-pool quote volume,1h,100,7688,769,high_decile,0.025200214857922544,0.024963070587312893,0.002086767203831933,-0.04015644218986234,0.014502484349948063,-0.02771754743173743,-0.04135709454435012,0.013639547112612688,0.3576072821846554,0.2756827048114434,0.14954486345903772,True,False,0.024963070587312893,gross_only_cost_failed
log_main_quote_volume_1h,liquidity_impact,filter,prior 1h main-pool quote volume,1h,100,7688,769,high_decile,0.0335928375705573,0.03769145486446883,0.002086767203831933,-0.04015644218986234,0.014405591885563524,-0.02789848759891142,-0.04409853799176859,0.01620005039285717,0.305591677503251,0.23927178153446033,0.11833550065019506,True,False,0.03769145486446883,gross_only_cost_failed
small_trade_count_share_15m,noise_filter,risk_filter,prior 15m small-trade count share,1h,100,7688,720,high_decile,0.06768579500809405,0.07251986731267689,0.002086767203831933,-0.04015644218986234,0.013612186624420458,-0.028443558158826838,-0.04955237687014924,0.0211088187113224,0.1125,0.07777777777777778,0.05277777777777778,True,False,0.07251986731267689,gross_only_cost_failed
current_large_buy_p90,liquidity_impact,event_type,top decile buy,1h,100,7688,731,true,0.05478748500730803,0.07172609883789428,0.002086767203831933,-0.04015644218986234,0.010861228699593078,-0.02916462430268728,-0.04131139675009303,0.012146772447405748,0.2188782489740082,0.1491108071135431,0.07934336525307797,True,False,0.07172609883789428,gross_only_cost_failed
all_event_density_per_min_5m,attention_crowding,filter,all-pool 5m event density,1h,100,6924,683,high_decile,0.061525369610604584,0.060301662648036776,0.002035255075579702,-0.04019913905738271,0.012121395494438282,-0.029782833932632747,-0.04213062117435655,0.012347787241723803,0.23865300146412885,0.17276720351390923,0.0849194729136164,True,False,0.060301662648036776,gross_only_cost_failed
large_trade_volume_share_15m,liquidity_impact,risk_filter,prior 15m large-trade volume share,1h,100,7688,769,high_decile,0.016823695947957015,0.015458708961223632,0.002086767203831933,-0.04015644218986234,0.01227786632167561,-0.029800532641298654,-0.04117369323868574,0.011373160597387088,0.21976592977893367,0.14954486345903772,0.10663198959687907,True,False,0.015458708961223632,gross_only_cost_failed
gas_regime_percentile_past,attention_crowding,filter,gas percentile using prior history,1h,100,7655,766,high_decile,0.032531944832493186,0.035217681013611536,0.002342900508215838,-0.0398882683201566,0.008503336381039577,-0.03251576319258496,-0.0410112163831482,0.008495453190563239,0.22715404699738903,0.1514360313315927,0.09399477806788512,True,False,0.035217681013611536,gross_only_cost_failed
effective_gas_gwei,attention_crowding,filter,current effective gas regime,1h,100,7688,729,high_decile,0.032653992133938166,0.03516902606976383,0.002086767203831933,-0.04015644218986234,0.006858938521321435,-0.03418968989138883,-0.04108661936108018,0.006896929469691344,0.21536351165980797,0.1440329218106996,0.08641975308641975,True,False,0.03516902606976383,gross_only_cost_failed
current_is_large_trade_p90,liquidity_impact,event_type,top decile trade,1h,100,7688,1307,true,0.020826260723268025,0.04506611981486434,0.002086767203831933,-0.04015644218986234,0.0056352270376828495,-0.03439013913903602,-0.04133753576256723,0.006947396623531214,0.19969395562356543,0.1331293037490436,0.07192042846212701,True,False,0.04506611981486434,gross_only_cost_failed
crowded_same_block,attention_crowding,event_type,multiple pool events in same block,1h,100,7688,1349,true,0.01833190111914142,0.024340144261011668,0.002086767203831933,-0.04015644218986234,0.007223620872439868,-0.034569904072484885,-0.04134531108406367,0.006775407011578784,0.20830244625648628,0.13194959229058562,0.08969607116382505,True,False,0.024340144261011668,gross_only_cost_failed
trade_size_percentile_past,liquidity_impact,direction,current trade size percentile using prior history,1h,100,7655,766,high_decile,0.04353963640011126,0.11435671358049375,0.002342900508215838,-0.0398882683201566,0.004156067254219799,-0.03585896052189123,-0.05481375001806441,0.018954789496173186,0.19712793733681463,0.12532637075718014,0.06135770234986945,True,False,0.11435671358049375,gross_only_cost_failed
log_chog_amount,liquidity_impact,direction,current trade size,1h,100,7688,769,high_decile,0.044374974419477124,0.1154795260805387,0.002086767203831933,-0.04015644218986234,0.003523909868958084,-0.03649180511765962,-0.05449347499528364,0.01800166987762402,0.20026007802340703,0.12873862158647595,0.06241872561768531,True,False,0.1154795260805387,gross_only_cost_failed
current_is_buy,baseline_event_side,direction,current main-pool buy,1h,100,7688,3834,true,0.05402039788525841,0.0698359549214514,0.002086767203831933,-0.04015644218986234,0.004324079753943128,-0.03730599632927155,-0.042992095907948766,0.005686099578677217,0.15571205007824726,0.09728742827334376,0.05112154407929056,True,False,0.0698359549214514,gross_only_cost_failed
current_is_sell,baseline_event_side,risk_filter,current main-pool sell,1h,100,7688,3834,false,-0.05402039788525841,-0.0698359549214514,0.002086767203831933,-0.04015644218986234,0.004324079753943128,-0.03730599632927155,-0.042992095907948766,0.005686099578677217,0.15571205007824726,0.09728742827334376,0.05112154407929056,True,False,0.0698359549214514,gross_only_cost_failed
small_count_imbalance_15m,noise_filter,risk_filter,prior 15m small-trade count imbalance,1h,100,7688,2444,low_decile,0.023237681884806117,0.016686687584049856,0.002086767203831933,-0.04015644218986234,0.004290521484580935,-0.037721392087487184,-0.041974381047418415,0.004252988959931231,0.1513911620294599,0.09083469721767594,0.04705400981996727,True,False,0.016686687584049856,gross_only_cost_failed
main_vs_non_main_flow_divergence_15m,main_pool_absorption,direction,"main-pool pressure minus non-main pressure, prior 15m",1h,100,7688,769,high_decile,0.04621817067621192,0.05136139175221782,0.002086767203831933,-0.04015644218986234,0.003720230672151981,-0.037895744746676875,-0.04467821528464535,0.006782470537968474,0.14044213263979194,0.09102730819245773,0.05851755526657997,True,False,0.05136139175221782,gross_only_cost_failed
non_main_volume_share_15m,main_pool_absorption,risk_filter,prior 15m non-main volume share,1h,100,7688,769,high_decile,0.0018697913244170338,-0.007911199221510177,0.002086767203831933,-0.04015644218986234,0.002833247572085622,-0.03982887722885293,-0.041251364170236754,0.0014224869413838256,0.12483745123537061,0.08452535760728218,0.04161248374512354,True,False,0.007911199221510177,gross_only_cost_failed
sell_pressure_absorbed_15m,main_pool_absorption,direction,prior sell pressure with non-negative main-pool price path,1h,100,7688,3844,low_decile,-0.0061597509754947296,-0.009774185818925207,0.002086767203831933,-0.04015644218986234,0.0021542810872432795,-0.03998134396663638,-0.05210964701870584,0.01212830305206946,0.1462018730489074,0.08688865764828303,0.04162330905306972,True,False,0.009774185818925207,gross_only_cost_failed
current_large_sell_p90,liquidity_impact,event_type,top decile sell,1h,100,7688,7112,false,-0.03132840789290399,-0.015615003639471747,0.002086767203831933,-0.04015644218986234,0.002336527376857557,-0.04008635490244741,-0.04102182550252721,0.0009354706000797991,0.1500281214848144,0.09476940382452194,0.04963442069741282,True,False,0.015615003639471747,gross_only_cost_failed
current_large_sell_no_drop,main_pool_absorption,event_type,large sell whose execution price did not drop more than 50 bps,1h,100,7688,7558,false,-0.03579954671605671,-0.028584814939965425,0.002086767203831933,-0.04015644218986234,0.0021352161937975176,-0.040145973292265325,-0.04076508779015649,0.0006191144978911628,0.1514951045250066,0.0959248478433448,0.05001323101349563,True,False,0.028584814939965425,gross_only_cost_failed
main_flow_pressure_15m,main_pool_absorption,direction,prior 15m main-pool net flow pressure,1h,200,7688,769,low_decile,0.014290050318202416,0.02047918562033169,0.002086767203831933,-0.06015644218986234,-0.0016375476965142899,-0.06406047205350084,-0.06525682398908035,0.001196351935579515,0.07152145643693109,0.05071521456436931,0.01950585175552666,False,False,0.02047918562033169,failed_or_filter_only
main_flow_pressure_1h,main_pool_absorption,direction,prior 1h main-pool net flow pressure,1h,200,7688,769,high_decile,-0.03730113326552239,-0.034846809986298195,0.002086767203831933,-0.06015644218986234,-0.002984045927306018,-0.06521609716820731,-0.06953839729890605,0.004322300130698745,0.0494148244473342,0.04031209362808843,0.02080624187256177,False,False,0.034846809986298195,failed_or_filter_only
main_event_density_per_min_15m,attention_crowding,filter,main-pool 15m event density,1h,200,7688,760,high_decile,0.06013069397937409,0.0639260442959719,0.002086767203831933,-0.06015644218986234,0.018993386703669367,-0.04292165390506537,-0.0635810956350236,0.020659441729958226,0.2013157894736842,0.13157894736842105,0.07368421052631578,True,False,0.0639260442959719,gross_only_cost_failed
large_net_flow_15m,liquidity_impact,direction,prior 15m large buy minus sell flow,1h,200,7688,778,low_decile,-0.04888131709842407,-0.05132964689177563,0.002086767203831933,-0.06015644218986234,0.01853620600128402,-0.04368979126244288,-0.07436497615456424,0.030675184892121357,0.17223650385604114,0.10668380462724936,0.061696658097686374,True,False,0.05132964689177563,gross_only_cost_failed
all_event_density_per_min_15m,attention_crowding,filter,all-pool 15m event density,1h,200,7688,760,high_decile,0.05740654193734361,0.05895296252085165,0.002086767203831933,-0.06015644218986234,0.0165823621501444,-0.04543761803586354,-0.060778948571582385,0.015341330535718845,0.1986842105263158,0.12236842105263158,0.06447368421052632,True,False,0.05895296252085165,gross_only_cost_failed
log_main_quote_volume_15m,liquidity_impact,filter,prior 15m main-pool quote volume,1h,200,7688,769,high_decile,0.025200214857922544,0.024963070587312893,0.002086767203831933,-0.06015644218986234,0.014502484349948063,-0.04771754743173742,-0.06135709454435012,0.013639547112612699,0.2756827048114434,0.18205461638491546,0.10403120936280884,True,False,0.024963070587312893,gross_only_cost_failed
log_main_quote_volume_1h,liquidity_impact,filter,prior 1h main-pool quote volume,1h,200,7688,769,high_decile,0.0335928375705573,0.03769145486446883,0.002086767203831933,-0.06015644218986234,0.014405591885563524,-0.047898487598911424,-0.06409853799176861,0.016200050392857185,0.23927178153446033,0.15214564369310793,0.09102730819245773,True,False,0.03769145486446883,gross_only_cost_failed
small_trade_count_share_15m,noise_filter,risk_filter,prior 15m small-trade count share,1h,200,7688,720,high_decile,0.06768579500809405,0.07251986731267689,0.002086767203831933,-0.06015644218986234,0.013612186624420458,-0.04844355815882684,-0.06955237687014924,0.021108818711322405,0.07777777777777778,0.06388888888888888,0.04722222222222222,True,False,0.07251986731267689,gross_only_cost_failed
current_large_buy_p90,liquidity_impact,event_type,top decile buy,1h,200,7688,731,true,0.05478748500730803,0.07172609883789428,0.002086767203831933,-0.06015644218986234,0.010861228699593078,-0.049164624302687275,-0.06131139675009305,0.012146772447405772,0.1491108071135431,0.09439124487004104,0.0560875512995896,True,False,0.07172609883789428,gross_only_cost_failed
all_event_density_per_min_5m,attention_crowding,filter,all-pool 5m event density,1h,200,6924,683,high_decile,0.061525369610604584,0.060301662648036776,0.002035255075579702,-0.0601991390573827,0.012121395494438282,-0.04978283393263275,-0.062130621174356554,0.012347787241723807,0.17276720351390923,0.10395314787701318,0.05124450951683748,True,False,0.060301662648036776,gross_only_cost_failed
large_trade_volume_share_15m,liquidity_impact,risk_filter,prior 15m large-trade volume share,1h,200,7688,769,high_decile,0.016823695947957015,0.015458708961223632,0.002086767203831933,-0.06015644218986234,0.01227786632167561,-0.049800532641298655,-0.061173693238685746,0.011373160597387091,0.14954486345903772,0.11183355006501951,0.0754226267880364,True,False,0.015458708961223632,gross_only_cost_failed
gas_regime_percentile_past,attention_crowding,filter,gas percentile using prior history,1h,200,7655,766,high_decile,0.032531944832493186,0.035217681013611536,0.002342900508215838,-0.059888268320156604,0.008503336381039577,-0.052515763192584955,-0.0610112163831482,0.008495453190563246,0.1514360313315927,0.11488250652741515,0.07571801566579635,True,False,0.035217681013611536,gross_only_cost_failed
effective_gas_gwei,attention_crowding,filter,current effective gas regime,1h,200,7688,729,high_decile,0.032653992133938166,0.03516902606976383,0.002086767203831933,-0.06015644218986234,0.006858938521321435,-0.05418968989138884,-0.06108661936108017,0.0068969294696913305,0.1440329218106996,0.1083676268861454,0.06858710562414266,True,False,0.03516902606976383,gross_only_cost_failed
current_is_large_trade_p90,liquidity_impact,event_type,top decile trade,1h,200,7688,1307,true,0.020826260723268025,0.04506611981486434,0.002086767203831933,-0.06015644218986234,0.0056352270376828495,-0.05439013913903601,-0.061337535762567244,0.006947396623531235,0.1331293037490436,0.08492731446059679,0.05279265493496557,True,False,0.04506611981486434,gross_only_cost_failed
crowded_same_block,attention_crowding,event_type,multiple pool events in same block,1h,200,7688,1349,true,0.01833190111914142,0.024340144261011668,0.002086767203831933,-0.06015644218986234,0.007223620872439868,-0.05456990407248488,-0.061345311084063665,0.006775407011578784,0.13194959229058562,0.10155670867309118,0.06893995552260934,True,False,0.024340144261011668,gross_only_cost_failed
trade_size_percentile_past,liquidity_impact,direction,current trade size percentile using prior history,1h,200,7655,766,high_decile,0.04353963640011126,0.11435671358049375,0.002342900508215838,-0.059888268320156604,0.004156067254219799,-0.055858960521891224,-0.07481375001806441,0.018954789496173186,0.12532637075718014,0.0783289817232376,0.04569190600522193,True,False,0.11435671358049375,gross_only_cost_failed
log_chog_amount,liquidity_impact,direction,current trade size,1h,200,7688,769,high_decile,0.044374974419477124,0.1154795260805387,0.002086767203831933,-0.06015644218986234,0.003523909868958084,-0.05649180511765962,-0.07449347499528364,0.01800166987762402,0.12873862158647595,0.07932379713914174,0.04681404421326398,True,False,0.1154795260805387,gross_only_cost_failed
current_is_buy,baseline_event_side,direction,current main-pool buy,1h,200,7688,3834,true,0.05402039788525841,0.0698359549214514,0.002086767203831933,-0.06015644218986234,0.004324079753943128,-0.05730599632927155,-0.06299209590794877,0.005686099578677217,0.09728742827334376,0.061293688054251436,0.03573291601460615,True,False,0.0698359549214514,gross_only_cost_failed
current_is_sell,baseline_event_side,risk_filter,current main-pool sell,1h,200,7688,3834,false,-0.05402039788525841,-0.0698359549214514,0.002086767203831933,-0.06015644218986234,0.004324079753943128,-0.05730599632927155,-0.06299209590794877,0.005686099578677217,0.09728742827334376,0.061293688054251436,0.03573291601460615,True,False,0.0698359549214514,gross_only_cost_failed
small_count_imbalance_15m,noise_filter,risk_filter,prior 15m small-trade count imbalance,1h,200,7688,2444,low_decile,0.023237681884806117,0.016686687584049856,0.002086767203831933,-0.06015644218986234,0.004290521484580935,-0.05772139208748718,-0.06197438104741843,0.004252988959931252,0.09083469721767594,0.05932896890343699,0.03273322422258593,True,False,0.016686687584049856,gross_only_cost_failed
main_vs_non_main_flow_divergence_15m,main_pool_absorption,direction,"main-pool pressure minus non-main pressure, prior 15m",1h,200,7688,769,high_decile,0.04621817067621192,0.05136139175221782,0.002086767203831933,-0.06015644218986234,0.003720230672151981,-0.05789574474667688,-0.06467821528464536,0.006782470537968481,0.09102730819245773,0.0611183355006502,0.04291287386215865,True,False,0.05136139175221782,gross_only_cost_failed
non_main_volume_share_15m,main_pool_absorption,risk_filter,prior 15m non-main volume share,1h,200,7688,769,high_decile,0.0018697913244170338,-0.007911199221510177,0.002086767203831933,-0.06015644218986234,0.002833247572085622,-0.05982887722885293,-0.06125136417023675,0.0014224869413838187,0.08452535760728218,0.053315994798439535,0.032509752925877766,True,False,0.007911199221510177,gross_only_cost_failed
sell_pressure_absorbed_15m,main_pool_absorption,direction,prior sell pressure with non-negative main-pool price path,1h,200,7688,3844,low_decile,-0.0061597509754947296,-0.009774185818925207,0.002086767203831933,-0.06015644218986234,0.0021542810872432795,-0.05998134396663637,-0.07210964701870583,0.01212830305206946,0.08688865764828303,0.051508844953173774,0.024193548387096774,True,False,0.009774185818925207,gross_only_cost_failed
current_large_sell_p90,liquidity_impact,event_type,top decile sell,1h,200,7688,7112,false,-0.03132840789290399,-0.015615003639471747,0.002086767203831933,-0.06015644218986234,0.002336527376857557,-0.06008635490244741,-0.061021825502527216,0.000935470600079806,0.09476940382452194,0.06200787401574803,0.03374578177727784,True,False,0.015615003639471747,gross_only_cost_failed
current_large_sell_no_drop,main_pool_absorption,event_type,large sell whose execution price did not drop more than 50 bps,1h,200,7688,7558,false,-0.03579954671605671,-0.028584814939965425,0.002086767203831933,-0.06015644218986234,0.0021352161937975176,-0.06014597329226532,-0.060765087790156484,0.0006191144978911628,0.0959248478433448,0.062318073564435035,0.034136014818735114,True,False,0.028584814939965425,gross_only_cost_failed
main_flow_pressure_1h,main_pool_absorption,direction,prior 1h main-pool net flow pressure,3h,0,7699,770,low_decile,-0.10818865993891515,-0.10779179882359215,0.0016379498879379735,-0.02061189560407703,-0.0009372726976606249,-0.023732069395305075,-0.02798221867272424,0.004250149277419166,0.2961038961038961,0.18831168831168832,0.1025974025974026,False,False,0.10779179882359215,failed_or_filter_only
large_net_flow_15m,liquidity_impact,direction,prior 15m large buy minus sell flow,3h,0,7699,778,low_decile,-0.14840503571813876,-0.14962910230644372,0.0016379498879379735,-0.02061189560407703,0.018236151646905355,-0.003989845616821546,-0.06701777359599465,0.0630279279791731,0.506426735218509,0.37660668380462725,0.2159383033419023,True,False,0.14962910230644372,gross_only_cost_failed
large_trade_volume_share_15m,liquidity_impact,risk_filter,prior 15m large-trade volume share,3h,0,7699,770,high_decile,-0.001894648918310325,-0.0033123998532294976,0.0016379498879379735,-0.02061189560407703,0.010871464923610475,-0.011206698419521856,-0.017419809057009787,0.006213110637487931,0.412987012987013,0.2987012987012987,0.16233766233766234,True,False,0.0033123998532294976,gross_only_cost_failed
current_large_buy_p90,liquidity_impact,event_type,top decile buy,3h,0,7699,731,true,0.04320614934982473,0.054438133219950356,0.0016379498879379735,-0.02061189560407703,0.008555548739157032,-0.011470304263123324,-0.02157092305388145,0.010100618790758126,0.42544459644322846,0.3119015047879617,0.19562243502051985,True,False,0.054438133219950356,gross_only_cost_failed
small_trade_count_share_15m,noise_filter,risk_filter,prior 15m small-trade count share,3h,0,7699,722,high_decile,0.04064040282503959,0.04448675724275868,0.0016379498879379735,-0.02061189560407703,0.010050088529129197,-0.012011974014130417,-0.02894491804832357,0.016932944034193154,0.3365650969529086,0.21745152354570638,0.11911357340720222,True,False,0.04448675724275868,gross_only_cost_failed
main_vs_non_main_flow_divergence_15m,main_pool_absorption,direction,"main-pool pressure minus non-main pressure, prior 15m",3h,0,7699,770,high_decile,0.08136234148766311,0.08469855112971866,0.0016379498879379735,-0.02061189560407703,0.009485598493754783,-0.012130227134211647,-0.02328461869653777,0.011154391562326121,0.34155844155844156,0.21558441558441557,0.12077922077922078,True,False,0.08469855112971866,gross_only_cost_failed
non_main_volume_share_15m,main_pool_absorption,risk_filter,prior 15m non-main volume share,3h,0,7699,1542,low_decile,-0.0019180705192410727,-0.008911299960230904,0.0016379498879379735,-0.02061189560407703,0.008187995409987877,-0.013444461973361525,-0.022549332451155053,0.009104870477793528,0.34824902723735407,0.2243839169909209,0.11738002594033722,True,False,0.008911299960230904,gross_only_cost_failed
current_is_buy,baseline_event_side,direction,current main-pool buy,3h,0,7699,3835,true,0.08785013441314475,0.09848283467250467,0.0016379498879379735,-0.02061189560407703,0.006640699934247533,-0.014988979918395245,-0.02619261031799775,0.011203630399602506,0.3799217731421121,0.2620599739243807,0.14993481095176012,True,False,0.09848283467250467,gross_only_cost_failed
current_is_sell,baseline_event_side,risk_filter,current main-pool sell,3h,0,7699,3835,false,-0.08785013441314475,-0.09848283467250467,0.0016379498879379735,-0.02061189560407703,0.006640699934247533,-0.014988979918395245,-0.02619261031799775,0.011203630399602506,0.3799217731421121,0.2620599739243807,0.14993481095176012,True,False,0.09848283467250467,gross_only_cost_failed
log_main_quote_volume_1h,liquidity_impact,filter,prior 1h main-pool quote volume,3h,0,7699,770,low_decile,-0.023981636503716125,-0.02182302254139403,0.0016379498879379735,-0.02061189560407703,0.006477605811080808,-0.0159055065463958,-0.043560323824180874,0.027654817277785074,0.2805194805194805,0.15324675324675324,0.08961038961038961,True,False,0.02182302254139403,gross_only_cost_failed
current_is_large_trade_p90,liquidity_impact,event_type,top decile trade,3h,0,7699,1308,true,0.021833384905133278,0.037628364506784036,0.0016379498879379735,-0.02061189560407703,0.004070183395560006,-0.015955179652077982,-0.021564952162552196,0.005609772510474214,0.3922018348623853,0.290519877675841,0.1735474006116208,True,False,0.037628364506784036,gross_only_cost_failed
sell_pressure_absorbed_15m,main_pool_absorption,direction,prior sell pressure with non-negative main-pool price path,3h,0,7699,3850,low_decile,-0.10904743695650856,-0.11119384673490765,0.0016379498879379735,-0.02061189560407703,0.005957414514135336,-0.016189725688572725,-0.061027614023595744,0.044837888335023016,0.3709090909090909,0.25896103896103895,0.13610389610389612,True,False,0.11119384673490765,gross_only_cost_failed
log_main_quote_volume_15m,liquidity_impact,filter,prior 15m main-pool quote volume,3h,0,7699,770,low_decile,-0.04125092495614678,-0.04191757450029977,0.0016379498879379735,-0.02061189560407703,0.005596463585505926,-0.016208180553515094,-0.033319234360191935,0.01711105380667684,0.3155844155844156,0.18961038961038962,0.09480519480519481,True,False,0.04191757450029977,gross_only_cost_failed
all_event_density_per_min_5m,attention_crowding,filter,all-pool 5m event density,3h,0,6933,2209,low_decile,-0.01269098937204105,-0.01367354632439868,0.001524414902977624,-0.020717979344163202,0.005767490820396242,-0.016303171989297153,-0.01623043839182384,-7.273359747331232e-05,0.35400633770937073,0.2254413761883205,0.11634223630602082,True,False,0.01367354632439868,gross_only_cost_failed
current_large_sell_no_drop,main_pool_absorption,event_type,large sell whose execution price did not drop more than 50 bps,3h,0,7699,131,true,-0.01519945453060226,-0.010409223037903629,0.0016379498879379735,-0.02061189560407703,0.0034421499113670845,-0.016592849755789577,-0.02068146418311055,0.004088614427320975,0.3053435114503817,0.22137404580152673,0.13740458015267176,True,False,0.010409223037903629,gross_only_cost_failed
main_flow_pressure_15m,main_pool_absorption,direction,prior 15m main-pool net flow pressure,3h,0,7699,768,high_decile,-0.006014122074367338,-0.0025515138361211663,0.0016379498879379735,-0.02061189560407703,0.0051759719906212705,-0.0168366136132284,-0.02139039600733939,0.00455378239411099,0.2981770833333333,0.1875,0.09375,True,False,0.0025515138361211663,gross_only_cost_failed
all_event_density_per_min_15m,attention_crowding,filter,all-pool 15m event density,3h,0,7699,833,low_decile,0.002642907377880875,0.003587604065322612,0.0016379498879379735,-0.02061189560407703,0.005023681791493871,-0.017253369871822827,-0.023660404823983135,0.006407034952160308,0.297719087635054,0.18607442977190877,0.1056422569027611,True,False,0.003587604065322612,gross_only_cost_failed
small_count_imbalance_15m,noise_filter,risk_filter,prior 15m small-trade count imbalance,3h,0,7699,606,high_decile,0.08529459823278009,0.08008415071388061,0.0016379498879379735,-0.02061189560407703,0.005530187521000883,-0.017348276978598448,-0.021019919200198144,0.003671642221599696,0.37623762376237624,0.25577557755775576,0.14356435643564355,True,False,0.08008415071388061,gross_only_cost_failed
log_chog_amount,liquidity_impact,direction,current trade size,3h,0,7699,770,high_decile,0.04157535219202667,0.0885127053042799,0.0016379498879379735,-0.02061189560407703,0.00034212352060617097,-0.019673618286629935,-0.03740187586190072,0.017728257575270783,0.38441558441558443,0.2909090909090909,0.16233766233766234,True,False,0.0885127053042799,gross_only_cost_failed
trade_size_percentile_past,liquidity_impact,direction,current trade size percentile using prior history,3h,0,7665,767,high_decile,0.03660424377644275,0.08356870770461759,0.002129774309353403,-0.020108353997711565,0.0003076010182596006,-0.019707445491136663,-0.03437651584179162,0.014669070350654956,0.3820078226857888,0.28552803129074317,0.16166883963494133,True,False,0.08356870770461759,gross_only_cost_failed
crowded_same_block,attention_crowding,event_type,multiple pool events in same block,3h,0,7699,6350,false,-0.0235469338400179,-0.01945274991282746,0.0016379498879379735,-0.02061189560407703,0.002348541505785399,-0.01999824515442248,-0.023500465178062497,0.0035022200236400174,0.3488188976377953,0.23606299212598425,0.1294488188976378,True,False,0.01945274991282746,gross_only_cost_failed
current_large_sell_p90,liquidity_impact,event_type,top decile sell,3h,0,7699,7122,false,-0.01696256460772348,-0.00693968470738302,0.0016379498879379735,-0.02061189560407703,0.0019012752645557092,-0.02052884045032494,-0.021637058177772703,0.0011082177274477634,0.35046335299073295,0.2360292052794159,0.12847514743049704,True,False,0.00693968470738302,gross_only_cost_failed
effective_gas_gwei,attention_crowding,filter,current effective gas regime,3h,0,7699,793,low_decile,-0.003685312370823508,-0.002768510016190447,0.0016379498879379735,-0.02061189560407703,0.00048572105433746307,-0.021029662778953122,-0.02493825831084345,0.003908595531890328,0.34300126103404793,0.23707440100882723,0.11853720050441362,True,False,0.002768510016190447,gross_only_cost_failed
gas_regime_percentile_past,attention_crowding,filter,gas percentile using prior history,3h,0,7665,767,low_decile,-0.0031542201711835436,-0.0022366705095227587,0.002129774309353403,-0.020108353997711565,0.00047662062969901524,-0.021034178488721696,-0.022627354815453724,0.0015931763267320286,0.34159061277705344,0.23859191655801826,0.121251629726206,True,False,0.0022366705095227587,gross_only_cost_failed
main_event_density_per_min_15m,attention_crowding,filter,main-pool 15m event density,3h,0,7699,1446,low_decile,0.016828395672259824,0.019451563596943562,0.0016379498879379735,-0.02061189560407703,0.0007069564681684728,-0.021921230529295337,-0.021873428406274497,-4.780212302083961e-05,0.29114799446749656,0.173582295988935,0.0954356846473029,True,False,0.019451563596943562,gross_only_cost_failed
main_flow_pressure_1h,main_pool_absorption,direction,prior 1h main-pool net flow pressure,3h,50,7699,770,low_decile,-0.10818865993891515,-0.10779179882359215,0.0016379498879379735,-0.030611895604077035,-0.0009372726976606249,-0.03373206939530508,-0.037982218672724236,0.004250149277419159,0.22987012987012986,0.15194805194805194,0.07792207792207792,False,False,0.10779179882359215,failed_or_filter_only
large_net_flow_15m,liquidity_impact,direction,prior 15m large buy minus sell flow,3h,50,7699,778,low_decile,-0.14840503571813876,-0.14962910230644372,0.0016379498879379735,-0.030611895604077035,0.018236151646905355,-0.013989845616821548,-0.07701777359599463,0.06302792797917307,0.4537275064267352,0.3059125964010283,0.17994858611825193,True,False,0.14962910230644372,gross_only_cost_failed
large_trade_volume_share_15m,liquidity_impact,risk_filter,prior 15m large-trade volume share,3h,50,7699,770,high_decile,-0.001894648918310325,-0.0033123998532294976,0.0016379498879379735,-0.030611895604077035,0.010871464923610475,-0.02120669841952185,-0.027419809057009786,0.006213110637487935,0.35454545454545455,0.261038961038961,0.11168831168831168,True,False,0.0033123998532294976,gross_only_cost_failed
current_large_buy_p90,liquidity_impact,event_type,top decile buy,3h,50,7699,731,true,0.04320614934982473,0.054438133219950356,0.0016379498879379735,-0.030611895604077035,0.008555548739157032,-0.021470304263123324,-0.03157092305388145,0.010100618790758124,0.36662106703146374,0.2694938440492476,0.16142270861833105,True,False,0.054438133219950356,gross_only_cost_failed
small_trade_count_share_15m,noise_filter,risk_filter,prior 15m small-trade count share,3h,50,7699,722,high_decile,0.04064040282503959,0.04448675724275868,0.0016379498879379735,-0.030611895604077035,0.010050088529129197,-0.022011974014130416,-0.03894491804832356,0.016932944034193147,0.26869806094182824,0.16897506925207756,0.08448753462603878,True,False,0.04448675724275868,gross_only_cost_failed
main_vs_non_main_flow_divergence_15m,main_pool_absorption,direction,"main-pool pressure minus non-main pressure, prior 15m",3h,50,7699,770,high_decile,0.08136234148766311,0.08469855112971866,0.0016379498879379735,-0.030611895604077035,0.009485598493754783,-0.022130227134211648,-0.03328461869653777,0.01115439156232612,0.2662337662337662,0.17792207792207793,0.1,True,False,0.08469855112971866,gross_only_cost_failed
non_main_volume_share_15m,main_pool_absorption,risk_filter,prior 15m non-main volume share,3h,50,7699,1542,low_decile,-0.0019180705192410727,-0.008911299960230904,0.0016379498879379735,-0.030611895604077035,0.008187995409987877,-0.023444461973361523,-0.03254933245115505,0.009104870477793528,0.2788586251621271,0.18093385214007782,0.09208819714656291,True,False,0.008911299960230904,gross_only_cost_failed
current_is_buy,baseline_event_side,direction,current main-pool buy,3h,50,7699,3835,true,0.08785013441314475,0.09848283467250467,0.0016379498879379735,-0.030611895604077035,0.006640699934247533,-0.024988979918395247,-0.03619261031799775,0.011203630399602506,0.3092568448500652,0.21877444589308995,0.1256844850065189,True,False,0.09848283467250467,gross_only_cost_failed
current_is_sell,baseline_event_side,risk_filter,current main-pool sell,3h,50,7699,3835,false,-0.08785013441314475,-0.09848283467250467,0.0016379498879379735,-0.030611895604077035,0.006640699934247533,-0.024988979918395247,-0.03619261031799775,0.011203630399602506,0.3092568448500652,0.21877444589308995,0.1256844850065189,True,False,0.09848283467250467,gross_only_cost_failed
log_main_quote_volume_1h,liquidity_impact,filter,prior 1h main-pool quote volume,3h,50,7699,770,low_decile,-0.023981636503716125,-0.02182302254139403,0.0016379498879379735,-0.030611895604077035,0.006477605811080808,-0.0259055065463958,-0.053560323824180876,0.027654817277785078,0.21038961038961038,0.11688311688311688,0.08051948051948052,True,False,0.02182302254139403,gross_only_cost_failed
current_is_large_trade_p90,liquidity_impact,event_type,top decile trade,3h,50,7699,1308,true,0.021833384905133278,0.037628364506784036,0.0016379498879379735,-0.030611895604077035,0.004070183395560006,-0.025955179652077977,-0.031564952162552194,0.005609772510474217,0.33562691131498473,0.24770642201834864,0.14755351681957188,True,False,0.037628364506784036,gross_only_cost_failed
sell_pressure_absorbed_15m,main_pool_absorption,direction,prior sell pressure with non-negative main-pool price path,3h,50,7699,3850,low_decile,-0.10904743695650856,-0.11119384673490765,0.0016379498879379735,-0.030611895604077035,0.005957414514135336,-0.026189725688572727,-0.07102761402359575,0.04483788833502303,0.30883116883116885,0.21298701298701297,0.11064935064935065,True,False,0.11119384673490765,gross_only_cost_failed
log_main_quote_volume_15m,liquidity_impact,filter,prior 15m main-pool quote volume,3h,50,7699,770,low_decile,-0.04125092495614678,-0.04191757450029977,0.0016379498879379735,-0.030611895604077035,0.005596463585505926,-0.02620818055351509,-0.04331923436019193,0.01711105380667684,0.23246753246753246,0.15194805194805194,0.07662337662337662,True,False,0.04191757450029977,gross_only_cost_failed
all_event_density_per_min_5m,attention_crowding,filter,all-pool 5m event density,3h,50,6933,2209,low_decile,-0.01269098937204105,-0.01367354632439868,0.001524414902977624,-0.030717979344163204,0.005767490820396242,-0.02630317198929715,-0.026230438391823846,-7.273359747330538e-05,0.27931190583974647,0.18650973291081938,0.09597102761430512,True,False,0.01367354632439868,gross_only_cost_failed
current_large_sell_no_drop,main_pool_absorption,event_type,large sell whose execution price did not drop more than 50 bps,3h,50,7699,131,true,-0.01519945453060226,-0.010409223037903629,0.0016379498879379735,-0.030611895604077035,0.0034421499113670845,-0.02659284975578958,-0.030681464183110553,0.004088614427320975,0.25190839694656486,0.19083969465648856,0.1297709923664122,True,False,0.010409223037903629,gross_only_cost_failed
main_flow_pressure_15m,main_pool_absorption,direction,prior 15m main-pool net flow pressure,3h,50,7699,768,high_decile,-0.006014122074367338,-0.0025515138361211663,0.0016379498879379735,-0.030611895604077035,0.0051759719906212705,-0.026836613613228397,-0.03139039600733939,0.00455378239411099,0.22526041666666666,0.16015625,0.08203125,True,False,0.0025515138361211663,gross_only_cost_failed
all_event_density_per_min_15m,attention_crowding,filter,all-pool 15m event density,3h,50,7699,833,low_decile,0.002642907377880875,0.003587604065322612,0.0016379498879379735,-0.030611895604077035,0.005023681791493871,-0.02725336987182283,-0.03366040482398313,0.006407034952160301,0.234093637454982,0.15126050420168066,0.0936374549819928,True,False,0.003587604065322612,gross_only_cost_failed
small_count_imbalance_15m,noise_filter,risk_filter,prior 15m small-trade count imbalance,3h,50,7699,606,high_decile,0.08529459823278009,0.08008415071388061,0.0016379498879379735,-0.030611895604077035,0.005530187521000883,-0.027348276978598447,-0.031019919200198146,0.0036716422215996997,0.31518151815181517,0.22607260726072606,0.10726072607260725,True,False,0.08008415071388061,gross_only_cost_failed
log_chog_amount,liquidity_impact,direction,current trade size,3h,50,7699,770,high_decile,0.04157535219202667,0.0885127053042799,0.0016379498879379735,-0.030611895604077035,0.00034212352060617097,-0.029673618286629937,-0.04740187586190072,0.017728257575270783,0.33766233766233766,0.24155844155844156,0.13246753246753246,True,False,0.0885127053042799,gross_only_cost_failed
trade_size_percentile_past,liquidity_impact,direction,current trade size percentile using prior history,3h,50,7665,767,high_decile,0.03660424377644275,0.08356870770461759,0.002129774309353403,-0.03010835399771157,0.0003076010182596006,-0.02970744549113666,-0.04437651584179163,0.014669070350654966,0.33376792698826596,0.23859191655801826,0.1316818774445893,True,False,0.08356870770461759,gross_only_cost_failed
crowded_same_block,attention_crowding,event_type,multiple pool events in same block,3h,50,7699,6350,false,-0.0235469338400179,-0.01945274991282746,0.0016379498879379735,-0.030611895604077035,0.002348541505785399,-0.02999824515442248,-0.033500465178062495,0.003502220023640014,0.28283464566929134,0.1932283464566929,0.11007874015748031,True,False,0.01945274991282746,gross_only_cost_failed
current_large_sell_p90,liquidity_impact,event_type,top decile sell,3h,50,7699,7122,false,-0.01696256460772348,-0.00693968470738302,0.0016379498879379735,-0.030611895604077035,0.0019012752645557092,-0.030528840450324935,-0.0316370581777727,0.0011082177274477668,0.2837686043246279,0.19348497613030047,0.10657118786857624,True,False,0.00693968470738302,gross_only_cost_failed
effective_gas_gwei,attention_crowding,filter,current effective gas regime,3h,50,7699,793,low_decile,-0.003685312370823508,-0.002768510016190447,0.0016379498879379735,-0.030611895604077035,0.00048572105433746307,-0.03102966277895312,-0.034938258310843455,0.003908595531890335,0.2698612862547289,0.17780580075662042,0.09457755359394704,True,False,0.002768510016190447,gross_only_cost_failed
gas_regime_percentile_past,attention_crowding,filter,gas percentile using prior history,3h,50,7665,767,low_decile,-0.0031542201711835436,-0.0022366705095227587,0.002129774309353403,-0.03010835399771157,0.00047662062969901524,-0.031034178488721698,-0.03262735481545372,0.001593176326732025,0.26727509778357234,0.18122555410691005,0.09517601043024772,True,False,0.0022366705095227587,gross_only_cost_failed
main_event_density_per_min_15m,attention_crowding,filter,main-pool 15m event density,3h,50,7699,1446,low_decile,0.016828395672259824,0.019451563596943562,0.0016379498879379735,-0.030611895604077035,0.0007069564681684728,-0.03192123052929533,-0.0318734284062745,-4.78021230208292e-05,0.2206085753803596,0.13900414937759337,0.08229598893499308,True,False,0.019451563596943562,gross_only_cost_failed
main_flow_pressure_1h,main_pool_absorption,direction,prior 1h main-pool net flow pressure,3h,100,7699,770,low_decile,-0.10818865993891515,-0.10779179882359215,0.0016379498879379735,-0.04061189560407704,-0.0009372726976606249,-0.043732069395305065,-0.04798221867272423,0.004250149277419166,0.18831168831168832,0.12207792207792208,0.05974025974025974,False,False,0.10779179882359215,failed_or_filter_only
large_net_flow_15m,liquidity_impact,direction,prior 15m large buy minus sell flow,3h,100,7699,778,low_decile,-0.14840503571813876,-0.14962910230644372,0.0016379498879379735,-0.04061189560407704,0.018236151646905355,-0.023989845616821548,-0.08701777359599465,0.0630279279791731,0.37660668380462725,0.2467866323907455,0.15552699228791775,True,False,0.14962910230644372,gross_only_cost_failed
large_trade_volume_share_15m,liquidity_impact,risk_filter,prior 15m large-trade volume share,3h,100,7699,770,high_decile,-0.001894648918310325,-0.0033123998532294976,0.0016379498879379735,-0.04061189560407704,0.010871464923610475,-0.031206698419521853,-0.03741980905700979,0.006213110637487938,0.2987012987012987,0.2064935064935065,0.08051948051948052,True,False,0.0033123998532294976,gross_only_cost_failed
current_large_buy_p90,liquidity_impact,event_type,top decile buy,3h,100,7699,731,true,0.04320614934982473,0.054438133219950356,0.0016379498879379735,-0.04061189560407704,0.008555548739157032,-0.031470304263123326,-0.041570923053881444,0.010100618790758117,0.3119015047879617,0.2243502051983584,0.1381668946648427,True,False,0.054438133219950356,gross_only_cost_failed
small_trade_count_share_15m,noise_filter,risk_filter,prior 15m small-trade count share,3h,100,7699,722,high_decile,0.04064040282503959,0.04448675724275868,0.0016379498879379735,-0.04061189560407704,0.010050088529129197,-0.03201197401413041,-0.048944918048323564,0.016932944034193154,0.21745152354570638,0.1523545706371191,0.07479224376731301,True,False,0.04448675724275868,gross_only_cost_failed
main_vs_non_main_flow_divergence_15m,main_pool_absorption,direction,"main-pool pressure minus non-main pressure, prior 15m",3h,100,7699,770,high_decile,0.08136234148766311,0.08469855112971866,0.0016379498879379735,-0.04061189560407704,0.009485598493754783,-0.032130227134211646,-0.043284618696537776,0.01115439156232613,0.21558441558441557,0.14285714285714285,0.08311688311688312,True,False,0.08469855112971866,gross_only_cost_failed
non_main_volume_share_15m,main_pool_absorption,risk_filter,prior 15m non-main volume share,3h,100,7699,1542,low_decile,-0.0019180705192410727,-0.008911299960230904,0.0016379498879379735,-0.04061189560407704,0.008187995409987877,-0.033444461973361525,-0.04254933245115505,0.009104870477793528,0.2243839169909209,0.14721141374837873,0.07068741893644617,True,False,0.008911299960230904,gross_only_cost_failed
current_is_buy,baseline_event_side,direction,current main-pool buy,3h,100,7699,3835,true,0.08785013441314475,0.09848283467250467,0.0016379498879379735,-0.04061189560407704,0.006640699934247533,-0.034988979918395245,-0.04619261031799775,0.011203630399602503,0.2620599739243807,0.1804432855280313,0.10508474576271186,True,False,0.09848283467250467,gross_only_cost_failed
current_is_sell,baseline_event_side,risk_filter,current main-pool sell,3h,100,7699,3835,false,-0.08785013441314475,-0.09848283467250467,0.0016379498879379735,-0.04061189560407704,0.006640699934247533,-0.034988979918395245,-0.04619261031799775,0.011203630399602503,0.2620599739243807,0.1804432855280313,0.10508474576271186,True,False,0.09848283467250467,gross_only_cost_failed
log_main_quote_volume_1h,liquidity_impact,filter,prior 1h main-pool quote volume,3h,100,7699,770,low_decile,-0.023981636503716125,-0.02182302254139403,0.0016379498879379735,-0.04061189560407704,0.006477605811080808,-0.0359055065463958,-0.06356032382418088,0.027654817277785078,0.15324675324675324,0.10519480519480519,0.07142857142857142,True,False,0.02182302254139403,gross_only_cost_failed
current_is_large_trade_p90,liquidity_impact,event_type,top decile trade,3h,100,7699,1308,true,0.021833384905133278,0.037628364506784036,0.0016379498879379735,-0.04061189560407704,0.004070183395560006,-0.035955179652077986,-0.041564952162552196,0.0056097725104742105,0.290519877675841,0.20565749235474007,0.12691131498470948,True,False,0.037628364506784036,gross_only_cost_failed
sell_pressure_absorbed_15m,main_pool_absorption,direction,prior sell pressure with non-negative main-pool price path,3h,100,7699,3850,low_decile,-0.10904743695650856,-0.11119384673490765,0.0016379498879379735,-0.04061189560407704,0.005957414514135336,-0.036189725688572726,-0.08102761402359575,0.04483788833502302,0.25896103896103895,0.1690909090909091,0.08935064935064935,True,False,0.11119384673490765,gross_only_cost_failed
log_main_quote_volume_15m,liquidity_impact,filter,prior 15m main-pool quote volume,3h,100,7699,770,low_decile,-0.04125092495614678,-0.04191757450029977,0.0016379498879379735,-0.04061189560407704,0.005596463585505926,-0.036208180553515094,-0.05331923436019193,0.017111053806676838,0.18961038961038962,0.12857142857142856,0.06363636363636363,True,False,0.04191757450029977,gross_only_cost_failed
all_event_density_per_min_5m,attention_crowding,filter,all-pool 5m event density,3h,100,6933,2209,low_decile,-0.01269098937204105,-0.01367354632439868,0.001524414902977624,-0.0407179793441632,0.005767490820396242,-0.036303171989297146,-0.03623043839182384,-7.273359747330538e-05,0.2254413761883205,0.15346310547759168,0.07741059302851969,True,False,0.01367354632439868,gross_only_cost_failed
current_large_sell_no_drop,main_pool_absorption,event_type,large sell whose execution price did not drop more than 50 bps,3h,100,7699,131,true,-0.01519945453060226,-0.010409223037903629,0.0016379498879379735,-0.04061189560407704,0.0034421499113670845,-0.036592849755789573,-0.04068146418311055,0.004088614427320975,0.22137404580152673,0.16030534351145037,0.12213740458015267,True,False,0.010409223037903629,gross_only_cost_failed
main_flow_pressure_15m,main_pool_absorption,direction,prior 15m main-pool net flow pressure,3h,100,7699,768,high_decile,-0.006014122074367338,-0.0025515138361211663,0.0016379498879379735,-0.04061189560407704,0.0051759719906212705,-0.0368366136132284,-0.04139039600733939,0.004553782394110986,0.1875,0.11979166666666667,0.0625,True,False,0.0025515138361211663,gross_only_cost_failed
all_event_density_per_min_15m,attention_crowding,filter,all-pool 15m event density,3h,100,7699,833,low_decile,0.002642907377880875,0.003587604065322612,0.0016379498879379735,-0.04061189560407704,0.005023681791493871,-0.03725336987182283,-0.043660404823983125,0.006407034952160294,0.18607442977190877,0.12244897959183673,0.07082833133253301,True,False,0.003587604065322612,gross_only_cost_failed
small_count_imbalance_15m,noise_filter,risk_filter,prior 15m small-trade count imbalance,3h,100,7699,606,high_decile,0.08529459823278009,0.08008415071388061,0.0016379498879379735,-0.04061189560407704,0.005530187521000883,-0.03734827697859845,-0.04101991920019815,0.0036716422215996997,0.25577557755775576,0.1782178217821782,0.09900990099009901,True,False,0.08008415071388061,gross_only_cost_failed
log_chog_amount,liquidity_impact,direction,current trade size,3h,100,7699,770,high_decile,0.04157535219202667,0.0885127053042799,0.0016379498879379735,-0.04061189560407704,0.00034212352060617097,-0.03967361828662994,-0.057401875861900716,0.017728257575270773,0.2909090909090909,0.1987012987012987,0.11168831168831168,True,False,0.0885127053042799,gross_only_cost_failed
trade_size_percentile_past,liquidity_impact,direction,current trade size percentile using prior history,3h,100,7665,767,high_decile,0.03660424377644275,0.08356870770461759,0.002129774309353403,-0.040108353997711566,0.0003076010182596006,-0.03970744549113667,-0.05437651584179163,0.014669070350654963,0.28552803129074317,0.196870925684485,0.11082138200782268,True,False,0.08356870770461759,gross_only_cost_failed
crowded_same_block,attention_crowding,event_type,multiple pool events in same block,3h,100,7699,6350,false,-0.0235469338400179,-0.01945274991282746,0.0016379498879379735,-0.04061189560407704,0.002348541505785399,-0.03999824515442248,-0.0435004651780625,0.003502220023640014,0.23606299212598425,0.15779527559055118,0.08960629921259843,True,False,0.01945274991282746,gross_only_cost_failed
current_large_sell_p90,liquidity_impact,event_type,top decile sell,3h,100,7699,7122,false,-0.01696256460772348,-0.00693968470738302,0.0016379498879379735,-0.04061189560407704,0.0019012752645557092,-0.04052884045032495,-0.041637058177772704,0.0011082177274477564,0.2360292052794159,0.15880370682392586,0.08775624824487503,True,False,0.00693968470738302,gross_only_cost_failed
effective_gas_gwei,attention_crowding,filter,current effective gas regime,3h,100,7699,793,low_decile,-0.003685312370823508,-0.002768510016190447,0.0016379498879379735,-0.04061189560407704,0.00048572105433746307,-0.04102966277895312,-0.04493825831084345,0.003908595531890331,0.23707440100882723,0.1424968474148802,0.07566204287515763,True,False,0.002768510016190447,gross_only_cost_failed
gas_regime_percentile_past,attention_crowding,filter,gas percentile using prior history,3h,100,7665,767,low_decile,-0.0031542201711835436,-0.0022366705095227587,0.002129774309353403,-0.040108353997711566,0.00047662062969901524,-0.0410341784887217,-0.04262735481545373,0.001593176326732032,0.23859191655801826,0.14602346805736635,0.07692307692307693,True,False,0.0022366705095227587,gross_only_cost_failed
main_event_density_per_min_15m,attention_crowding,filter,main-pool 15m event density,3h,100,7699,1446,low_decile,0.016828395672259824,0.019451563596943562,0.0016379498879379735,-0.04061189560407704,0.0007069564681684728,-0.04192123052929534,-0.0418734284062745,-4.780212302084308e-05,0.173582295988935,0.11479944674965421,0.06500691562932227,True,False,0.019451563596943562,gross_only_cost_failed
main_flow_pressure_1h,main_pool_absorption,direction,prior 1h main-pool net flow pressure,3h,200,7699,770,low_decile,-0.10818865993891515,-0.10779179882359215,0.0016379498879379735,-0.06061189560407703,-0.0009372726976606249,-0.06373206939530507,-0.06798221867272423,0.004250149277419166,0.12207792207792208,0.07792207792207792,0.03896103896103896,False,False,0.10779179882359215,failed_or_filter_only
large_net_flow_15m,liquidity_impact,direction,prior 15m large buy minus sell flow,3h,200,7699,778,low_decile,-0.14840503571813876,-0.14962910230644372,0.0016379498879379735,-0.06061189560407703,0.018236151646905355,-0.04398984561682154,-0.10701777359599464,0.0630279279791731,0.2467866323907455,0.17994858611825193,0.09897172236503857,True,False,0.14962910230644372,gross_only_cost_failed
large_trade_volume_share_15m,liquidity_impact,risk_filter,prior 15m large-trade volume share,3h,200,7699,770,high_decile,-0.001894648918310325,-0.0033123998532294976,0.0016379498879379735,-0.06061189560407703,0.010871464923610475,-0.05120669841952185,-0.05741980905700979,0.006213110637487938,0.2064935064935065,0.11168831168831168,0.053246753246753244,True,False,0.0033123998532294976,gross_only_cost_failed
current_large_buy_p90,liquidity_impact,event_type,top decile buy,3h,200,7699,731,true,0.04320614934982473,0.054438133219950356,0.0016379498879379735,-0.06061189560407703,0.008555548739157032,-0.05147030426312333,-0.06157092305388145,0.010100618790758117,0.2243502051983584,0.16142270861833105,0.07934336525307797,True,False,0.054438133219950356,gross_only_cost_failed
small_trade_count_share_15m,noise_filter,risk_filter,prior 15m small-trade count share,3h,200,7699,722,high_decile,0.04064040282503959,0.04448675724275868,0.0016379498879379735,-0.06061189560407703,0.010050088529129197,-0.052011974014130415,-0.06894491804832356,0.016932944034193147,0.1523545706371191,0.08448753462603878,0.045706371191135735,True,False,0.04448675724275868,gross_only_cost_failed
main_vs_non_main_flow_divergence_15m,main_pool_absorption,direction,"main-pool pressure minus non-main pressure, prior 15m",3h,200,7699,770,high_decile,0.08136234148766311,0.08469855112971866,0.0016379498879379735,-0.06061189560407703,0.009485598493754783,-0.052130227134211636,-0.06328461869653776,0.011154391562326123,0.14285714285714285,0.1,0.06103896103896104,True,False,0.08469855112971866,gross_only_cost_failed
non_main_volume_share_15m,main_pool_absorption,risk_filter,prior 15m non-main volume share,3h,200,7699,1542,low_decile,-0.0019180705192410727,-0.008911299960230904,0.0016379498879379735,-0.06061189560407703,0.008187995409987877,-0.053444461973361515,-0.06254933245115506,0.009104870477793542,0.14721141374837873,0.09208819714656291,0.04734111543450065,True,False,0.008911299960230904,gross_only_cost_failed
current_is_buy,baseline_event_side,direction,current main-pool buy,3h,200,7699,3835,true,0.08785013441314475,0.09848283467250467,0.0016379498879379735,-0.06061189560407703,0.006640699934247533,-0.05498897991839524,-0.06619261031799775,0.01120363039960251,0.1804432855280313,0.1256844850065189,0.07040417209908735,True,False,0.09848283467250467,gross_only_cost_failed
current_is_sell,baseline_event_side,risk_filter,current main-pool sell,3h,200,7699,3835,false,-0.08785013441314475,-0.09848283467250467,0.0016379498879379735,-0.06061189560407703,0.006640699934247533,-0.05498897991839524,-0.06619261031799775,0.01120363039960251,0.1804432855280313,0.1256844850065189,0.07040417209908735,True,False,0.09848283467250467,gross_only_cost_failed
log_main_quote_volume_1h,liquidity_impact,filter,prior 1h main-pool quote volume,3h,200,7699,770,low_decile,-0.023981636503716125,-0.02182302254139403,0.0016379498879379735,-0.06061189560407703,0.006477605811080808,-0.0559055065463958,-0.0835603238241809,0.0276548172777851,0.10519480519480519,0.08051948051948052,0.05844155844155844,True,False,0.02182302254139403,gross_only_cost_failed
current_is_large_trade_p90,liquidity_impact,event_type,top decile trade,3h,200,7699,1308,true,0.021833384905133278,0.037628364506784036,0.0016379498879379735,-0.06061189560407703,0.004070183395560006,-0.05595517965207798,-0.06156495216255219,0.0056097725104742105,0.20565749235474007,0.14755351681957188,0.077217125382263,True,False,0.037628364506784036,gross_only_cost_failed
sell_pressure_absorbed_15m,main_pool_absorption,direction,prior sell pressure with non-negative main-pool price path,3h,200,7699,3850,low_decile,-0.10904743695650856,-0.11119384673490765,0.0016379498879379735,-0.06061189560407703,0.005957414514135336,-0.05618972568857273,-0.10102761402359575,0.04483788833502302,0.1690909090909091,0.11064935064935065,0.05948051948051948,True,False,0.11119384673490765,gross_only_cost_failed
log_main_quote_volume_15m,liquidity_impact,filter,prior 15m main-pool quote volume,3h,200,7699,770,low_decile,-0.04125092495614678,-0.04191757450029977,0.0016379498879379735,-0.06061189560407703,0.005596463585505926,-0.05620818055351509,-0.07331923436019193,0.017111053806676838,0.12857142857142856,0.07662337662337662,0.05194805194805195,True,False,0.04191757450029977,gross_only_cost_failed
all_event_density_per_min_5m,attention_crowding,filter,all-pool 5m event density,3h,200,6933,2209,low_decile,-0.01269098937204105,-0.01367354632439868,0.001524414902977624,-0.0607179793441632,0.005767490820396242,-0.05630317198929715,-0.05623043839182384,-7.273359747331232e-05,0.15346310547759168,0.09597102761430512,0.04843820733363513,True,False,0.01367354632439868,gross_only_cost_failed
current_large_sell_no_drop,main_pool_absorption,event_type,large sell whose execution price did not drop more than 50 bps,3h,200,7699,131,true,-0.01519945453060226,-0.010409223037903629,0.0016379498879379735,-0.06061189560407703,0.0034421499113670845,-0.05659284975578957,-0.060681464183110545,0.004088614427320975,0.16030534351145037,0.1297709923664122,0.10687022900763359,True,False,0.010409223037903629,gross_only_cost_failed
main_flow_pressure_15m,main_pool_absorption,direction,prior 15m main-pool net flow pressure,3h,200,7699,768,high_decile,-0.006014122074367338,-0.0025515138361211663,0.0016379498879379735,-0.06061189560407703,0.0051759719906212705,-0.05683661361322839,-0.061390396007339386,0.004553782394110993,0.11979166666666667,0.08203125,0.03125,True,False,0.0025515138361211663,gross_only_cost_failed
all_event_density_per_min_15m,attention_crowding,filter,all-pool 15m event density,3h,200,7699,833,low_decile,0.002642907377880875,0.003587604065322612,0.0016379498879379735,-0.06061189560407703,0.005023681791493871,-0.05725336987182283,-0.06366040482398314,0.006407034952160308,0.12244897959183673,0.0936374549819928,0.04441776710684274,True,False,0.003587604065322612,gross_only_cost_failed
small_count_imbalance_15m,noise_filter,risk_filter,prior 15m small-trade count imbalance,3h,200,7699,606,high_decile,0.08529459823278009,0.08008415071388061,0.0016379498879379735,-0.06061189560407703,0.005530187521000883,-0.05734827697859845,-0.06101991920019814,0.0036716422215996927,0.1782178217821782,0.10726072607260725,0.052805280528052806,True,False,0.08008415071388061,gross_only_cost_failed
log_chog_amount,liquidity_impact,direction,current trade size,3h,200,7699,770,high_decile,0.04157535219202667,0.0885127053042799,0.0016379498879379735,-0.06061189560407703,0.00034212352060617097,-0.05967361828662994,-0.07740187586190071,0.017728257575270773,0.1987012987012987,0.13246753246753246,0.06363636363636363,True,False,0.0885127053042799,gross_only_cost_failed
trade_size_percentile_past,liquidity_impact,direction,current trade size percentile using prior history,3h,200,7665,767,high_decile,0.03660424377644275,0.08356870770461759,0.002129774309353403,-0.06010835399771157,0.0003076010182596006,-0.05970744549113667,-0.07437651584179161,0.014669070350654942,0.196870925684485,0.1316818774445893,0.06388526727509779,True,False,0.08356870770461759,gross_only_cost_failed
crowded_same_block,attention_crowding,event_type,multiple pool events in same block,3h,200,7699,6350,false,-0.0235469338400179,-0.01945274991282746,0.0016379498879379735,-0.06061189560407703,0.002348541505785399,-0.059998245154422494,-0.06350046517806249,0.003502220023639993,0.15779527559055118,0.11007874015748031,0.06015748031496063,True,False,0.01945274991282746,gross_only_cost_failed
current_large_sell_p90,liquidity_impact,event_type,top decile sell,3h,200,7699,7122,false,-0.01696256460772348,-0.00693968470738302,0.0016379498879379735,-0.06061189560407703,0.0019012752645557092,-0.060528840450324944,-0.0616370581777727,0.0011082177274477564,0.15880370682392586,0.10657118786857624,0.05728727885425442,True,False,0.00693968470738302,gross_only_cost_failed
effective_gas_gwei,attention_crowding,filter,current effective gas regime,3h,200,7699,793,low_decile,-0.003685312370823508,-0.002768510016190447,0.0016379498879379735,-0.06061189560407703,0.00048572105433746307,-0.06102966277895312,-0.06493825831084345,0.003908595531890324,0.1424968474148802,0.09457755359394704,0.05044136191677175,True,False,0.002768510016190447,gross_only_cost_failed
gas_regime_percentile_past,attention_crowding,filter,gas percentile using prior history,3h,200,7665,767,low_decile,-0.0031542201711835436,-0.0022366705095227587,0.002129774309353403,-0.06010835399771157,0.00047662062969901524,-0.0610341784887217,-0.06262735481545371,0.0015931763267320112,0.14602346805736635,0.09517601043024772,0.05215123859191656,True,False,0.0022366705095227587,gross_only_cost_failed
main_event_density_per_min_15m,attention_crowding,filter,main-pool 15m event density,3h,200,7699,1446,low_decile,0.016828395672259824,0.019451563596943562,0.0016379498879379735,-0.06061189560407703,0.0007069564681684728,-0.06192123052929534,-0.06187342840627451,-4.78021230208292e-05,0.11479944674965421,0.08229598893499308,0.03734439834024896,True,False,0.019451563596943562,gross_only_cost_failed
current_is_buy,baseline_event_side,direction,current main-pool buy,5m,0,5070,2686,true,0.06394396395420711,0.08522044749304747,-0.001587390249198636,-0.023640919514819083,-0.00036145074176325437,-0.021936073614249534,-0.02556173163265877,0.0036256580184092363,0.17609828741623232,0.04579300074460164,0.014892032762472078,False,False,0.08522044749304747,failed_or_filter_only
current_is_sell,baseline_event_side,risk_filter,current main-pool sell,5m,0,5070,2686,false,-0.06394396395420711,-0.08522044749304747,-0.001587390249198636,-0.023640919514819083,-0.00036145074176325437,-0.021936073614249534,-0.02556173163265877,0.0036256580184092363,0.17609828741623232,0.04579300074460164,0.014892032762472078,False,False,0.08522044749304747,failed_or_filter_only
all_event_density_per_min_15m,attention_crowding,filter,all-pool 15m event density,5m,0,5070,664,low_decile,-0.03651887183215117,-0.03993669308251661,-0.001587390249198636,-0.023640919514819083,-0.00015335879754648705,-0.02206329370484264,-0.034026719345959945,0.011963425641117305,0.14457831325301204,0.0286144578313253,0.01355421686746988,False,False,0.03993669308251661,failed_or_filter_only
main_event_density_per_min_15m,attention_crowding,filter,main-pool 15m event density,5m,0,5070,674,low_decile,-0.036007506272727294,-0.036780933826167095,-0.001587390249198636,-0.023640919514819083,-3.474880839159884e-05,-0.022179298513188242,-0.03269379100032691,0.01051449248713867,0.142433234421365,0.02967359050445104,0.011869436201780416,False,False,0.036780933826167095,failed_or_filter_only
all_event_density_per_min_5m,attention_crowding,filter,all-pool 5m event density,5m,0,4692,1077,low_decile,-0.044806009060380764,-0.05535065267476481,-0.0017103582964258393,-0.02378039476338981,-0.0007462565153963272,-0.022497085662708773,-0.04020645310805865,0.017709367445349875,0.1522748375116063,0.04271123491179202,0.019498607242339833,False,False,0.05535065267476481,failed_or_filter_only
log_main_quote_volume_15m,liquidity_impact,filter,prior 15m main-pool quote volume,5m,0,5070,507,low_decile,0.009014441167647215,-0.001298634193658238,-0.001587390249198636,-0.023640919514819083,-0.001272214298712882,-0.022701958342856564,-0.025973984066067674,0.0032720257232111104,0.10256410256410256,0.0039447731755424065,0.0039447731755424065,False,False,0.001298634193658238,failed_or_filter_only
log_main_quote_volume_1h,liquidity_impact,filter,prior 1h main-pool quote volume,5m,0,5070,507,high_decile,0.014620415378000604,0.013773682837358392,-0.001587390249198636,-0.023640919514819083,-0.0003307683948536266,-0.022702471113835505,-0.023209086975035518,0.0005066158612000125,0.20512820512820512,0.08086785009861933,0.03747534516765286,False,False,0.013773682837358392,failed_or_filter_only
crowded_same_block,attention_crowding,event_type,multiple pool events in same block,5m,0,5070,3900,false,-0.042156990914597986,-0.038230407170761295,-0.001587390249198636,-0.023640919514819083,-0.000912390276909175,-0.02302380141223359,-0.02569797985677072,0.0026741784445371286,0.15205128205128204,0.038205128205128204,0.011025641025641025,False,False,0.038230407170761295,failed_or_filter_only
current_large_sell_p90,liquidity_impact,event_type,top decile sell,5m,0,5070,4670,false,-0.03661136645447174,-0.00469218132296709,-0.001587390249198636,-0.023640919514819083,-0.0013011441422047716,-0.023528528409551587,-0.024953085668817085,0.0014245572592654979,0.15588865096359744,0.042826552462526764,0.013490364025695931,False,False,0.00469218132296709,failed_or_filter_only
current_large_sell_no_drop,main_pool_absorption,event_type,large sell whose execution price did not drop more than 50 bps,5m,0,5070,4992,false,-0.031172407591862284,-0.01648899613345916,-0.001587390249198636,-0.023640919514819083,-0.0014523542211766316,-0.02353745917306586,-0.03026238138702522,0.006724922213959358,0.15625,0.04266826923076923,0.013822115384615384,False,False,0.01648899613345916,failed_or_filter_only
main_flow_pressure_15m,main_pool_absorption,direction,prior 15m main-pool net flow pressure,5m,0,5070,507,high_decile,0.07488461855999705,0.0790178851308101,-0.001587390249198636,-0.023640919514819083,-0.0018551696379277259,-0.023602314853306796,-0.024802207649745427,0.0011998927964386313,0.1341222879684418,0.03747534516765286,0.007889546351084813,False,False,0.0790178851308101,failed_or_filter_only
sell_pressure_absorbed_15m,main_pool_absorption,direction,prior sell pressure with non-negative main-pool price path,5m,0,5070,2537,low_decile,0.034357120230782724,0.029485047662803954,-0.001587390249198636,-0.023640919514819083,-0.00350264167739717,-0.025429844519275543,-0.029954646472162193,0.00452480195288665,0.14465904611746158,0.032715806070161606,0.008277493102089082,False,False,0.029485047662803954,failed_or_filter_only
current_large_buy_p90,liquidity_impact,event_type,top decile buy,5m,0,5070,580,true,0.11239947374331558,0.14875975798766533,-0.001587390249198636,-0.023640919514819083,0.006860123188406575,-0.013164959108656496,-0.024994161616283293,0.011829202507626797,0.28620689655172415,0.09310344827586207,0.027586206896551724,True,False,0.14875975798766533,gross_only_cost_failed
large_net_flow_15m,liquidity_impact,direction,prior 15m large buy minus sell flow,5m,0,5070,508,low_decile,-0.059518331355511725,-0.06141003600677573,-0.001587390249198636,-0.023640919514819083,0.006611853564343557,-0.01583891110423127,-0.031827933216052845,0.015989022111821575,0.30118110236220474,0.08858267716535433,0.013779527559055118,True,False,0.06141003600677573,gross_only_cost_failed
large_trade_volume_share_15m,liquidity_impact,risk_filter,prior 15m large-trade volume share,5m,0,5070,507,high_decile,0.12346121017732556,0.11002452597290047,-0.001587390249198636,-0.023640919514819083,0.00557442260809839,-0.0166801297169884,-0.027694644679338503,0.011014514962350102,0.26429980276134124,0.0670611439842209,0.021696252465483234,True,False,0.11002452597290047,gross_only_cost_failed
log_chog_amount,liquidity_impact,direction,current trade size,5m,0,5070,507,high_decile,0.06692952360955362,0.1987313463763977,-0.001587390249198636,-0.023640919514819083,0.0029476545828495434,-0.0170655260047824,-0.03472683252260117,0.01766130651781877,0.24260355029585798,0.07495069033530571,0.03353057199211045,True,False,0.1987313463763977,gross_only_cost_failed
trade_size_percentile_past,liquidity_impact,direction,current trade size percentile using prior history,5m,0,5052,506,high_decile,0.0634897440256903,0.19468603879735943,-0.0015544657157830612,-0.023601587944155816,0.0029019773806294633,-0.017111266187720253,-0.03439357343833753,0.017282307250617277,0.23517786561264822,0.07905138339920949,0.03359683794466403,True,False,0.19468603879735943,gross_only_cost_failed
current_is_large_trade_p90,liquidity_impact,event_type,top decile trade,5m,0,5070,980,true,0.06560604875721773,0.1167047060705048,-0.001587390249198636,-0.023640919514819083,0.002048108193811235,-0.01797643933729347,-0.02499817882385945,0.0070217394865659775,0.22959183673469388,0.06938775510204082,0.02346938775510204,True,False,0.1167047060705048,gross_only_cost_failed
non_main_volume_share_15m,main_pool_absorption,risk_filter,prior 15m non-main volume share,5m,0,5070,507,high_decile,-0.0025566509969908975,-0.016263863482512235,-0.001587390249198636,-0.023640919514819083,0.0028185735704030182,-0.019141651755368062,-0.023418238374840566,0.004276586619472503,0.13806706114398423,0.03550295857988166,0.021696252465483234,True,False,0.016263863482512235,gross_only_cost_failed
main_flow_pressure_1h,main_pool_absorption,direction,prior 1h main-pool net flow pressure,5m,0,5070,507,high_decile,0.04718035577691092,0.04727555638822483,-0.001587390249198636,-0.023640919514819083,0.0028783132224004075,-0.01953405973934853,-0.03855782210609186,0.019023762366743333,0.14201183431952663,0.05917159763313609,0.01775147928994083,True,False,0.04727555638822483,gross_only_cost_failed
gas_regime_percentile_past,attention_crowding,filter,gas percentile using prior history,5m,0,5052,506,low_decile,0.0052363223325365355,0.0026967682383998506,-0.0015544657157830612,-0.023601587944155816,0.0015252257570242535,-0.019860903263061717,-0.019741793217664585,-0.00011911004539713263,0.21936758893280633,0.05731225296442688,0.025691699604743084,True,False,0.0026967682383998506,gross_only_cost_failed
effective_gas_gwei,attention_crowding,filter,current effective gas regime,5m,0,5070,504,high_decile,0.006201425495496242,0.0034084704061223253,-0.001587390249198636,-0.023640919514819083,0.0007654416155067242,-0.020225045605503946,-0.024176967836174925,0.003951922230670979,0.20436507936507936,0.06746031746031746,0.025793650793650792,True,False,0.0034084704061223253,gross_only_cost_failed
small_trade_count_share_15m,noise_filter,risk_filter,prior 15m small-trade count share,5m,0,5070,385,high_decile,0.025877205125137186,0.0313619256945822,-0.001587390249198636,-0.023640919514819083,0.0013218349886760274,-0.02036673221427658,-0.031809682432573545,0.011442950218296964,0.11428571428571428,0.025974025974025976,0.025974025974025976,True,False,0.0313619256945822,gross_only_cost_failed
main_vs_non_main_flow_divergence_15m,main_pool_absorption,direction,"main-pool pressure minus non-main pressure, prior 15m",5m,0,5070,507,high_decile,-0.017410606265710008,-0.013498902687768056,-0.001587390249198636,-0.023640919514819083,0.0005660596462838985,-0.02081634566158825,-0.023664270633338685,0.0028479249717504353,0.14398422090729784,0.03353057199211045,0.02564102564102564,True,False,0.013498902687768056,gross_only_cost_failed
small_count_imbalance_15m,noise_filter,risk_filter,prior 15m small-trade count imbalance,5m,0,5070,403,high_decile,0.04655375777872426,0.03766891703644376,-0.001587390249198636,-0.023640919514819083,0.0004268686240650218,-0.021688383608781187,-0.022636479676518263,0.0009480960677370753,0.13647642679900746,0.01240694789081886,0.0,True,False,0.03766891703644376,gross_only_cost_failed
current_is_buy,baseline_event_side,direction,current main-pool buy,5m,50,5070,2686,true,0.06394396395420711,0.08522044749304747,-0.001587390249198636,-0.03364091951481909,-0.00036145074176325437,-0.031936073614249536,-0.03556173163265877,0.0036256580184092363,0.07371556217423679,0.029411764705882353,0.010052122114668651,False,False,0.08522044749304747,failed_or_filter_only
current_is_sell,baseline_event_side,risk_filter,current main-pool sell,5m,50,5070,2686,false,-0.06394396395420711,-0.08522044749304747,-0.001587390249198636,-0.03364091951481909,-0.00036145074176325437,-0.031936073614249536,-0.03556173163265877,0.0036256580184092363,0.07371556217423679,0.029411764705882353,0.010052122114668651,False,False,0.08522044749304747,failed_or_filter_only
all_event_density_per_min_15m,attention_crowding,filter,all-pool 15m event density,5m,50,5070,664,low_decile,-0.03651887183215117,-0.03993669308251661,-0.001587390249198636,-0.03364091951481909,-0.00015335879754648705,-0.03206329370484264,-0.04402671934595995,0.011963425641117305,0.045180722891566265,0.024096385542168676,0.006024096385542169,False,False,0.03993669308251661,failed_or_filter_only
main_event_density_per_min_15m,attention_crowding,filter,main-pool 15m event density,5m,50,5070,674,low_decile,-0.036007506272727294,-0.036780933826167095,-0.001587390249198636,-0.03364091951481909,-3.474880839159884e-05,-0.032179298513188244,-0.042693791000326914,0.01051449248713867,0.03857566765578635,0.02373887240356083,0.004451038575667656,False,False,0.036780933826167095,failed_or_filter_only
all_event_density_per_min_5m,attention_crowding,filter,all-pool 5m event density,5m,50,4692,1077,low_decile,-0.044806009060380764,-0.05535065267476481,-0.0017103582964258393,-0.03378039476338981,-0.0007462565153963272,-0.03249708566270877,-0.05020645310805865,0.01770936744534988,0.056638811513463325,0.029712163416898793,0.007428040854224698,False,False,0.05535065267476481,failed_or_filter_only
log_main_quote_volume_15m,liquidity_impact,filter,prior 15m main-pool quote volume,5m,50,5070,507,low_decile,0.009014441167647215,-0.001298634193658238,-0.001587390249198636,-0.03364091951481909,-0.001272214298712882,-0.032701958342856566,-0.03597398406606768,0.003272025723211114,0.013806706114398421,0.0039447731755424065,0.0039447731755424065,False,False,0.001298634193658238,failed_or_filter_only
log_main_quote_volume_1h,liquidity_impact,filter,prior 1h main-pool quote volume,5m,50,5070,507,high_decile,0.014620415378000604,0.013773682837358392,-0.001587390249198636,-0.03364091951481909,-0.0003307683948536266,-0.03270247111383551,-0.033209086975035516,0.0005066158612000091,0.13609467455621302,0.0611439842209073,0.029585798816568046,False,False,0.013773682837358392,failed_or_filter_only
crowded_same_block,attention_crowding,event_type,multiple pool events in same block,5m,50,5070,3900,false,-0.042156990914597986,-0.038230407170761295,-0.001587390249198636,-0.03364091951481909,-0.000912390276909175,-0.03302380141223359,-0.03569797985677072,0.0026741784445371286,0.06230769230769231,0.021794871794871794,0.0071794871794871795,False,False,0.038230407170761295,failed_or_filter_only
current_large_sell_p90,liquidity_impact,event_type,top decile sell,5m,50,5070,4670,false,-0.03661136645447174,-0.00469218132296709,-0.001587390249198636,-0.03364091951481909,-0.0013011441422047716,-0.03352852840955159,-0.03495308566881709,0.0014245572592654979,0.07044967880085654,0.02569593147751606,0.008779443254817988,False,False,0.00469218132296709,failed_or_filter_only
current_large_sell_no_drop,main_pool_absorption,event_type,large sell whose execution price did not drop more than 50 bps,5m,50,5070,4992,false,-0.031172407591862284,-0.01648899613345916,-0.001587390249198636,-0.03364091951481909,-0.0014523542211766316,-0.033537459173065866,-0.04026238138702524,0.006724922213959372,0.07051282051282051,0.025841346153846152,0.009014423076923076,False,False,0.01648899613345916,failed_or_filter_only
main_flow_pressure_15m,main_pool_absorption,direction,prior 15m main-pool net flow pressure,5m,50,5070,507,high_decile,0.07488461855999705,0.0790178851308101,-0.001587390249198636,-0.03364091951481909,-0.0018551696379277259,-0.033602314853306794,-0.03480220764974543,0.0011998927964386383,0.055226824457593686,0.01775147928994083,0.005917159763313609,False,False,0.0790178851308101,failed_or_filter_only
sell_pressure_absorbed_15m,main_pool_absorption,direction,prior sell pressure with non-negative main-pool price path,5m,50,5070,2537,low_decile,0.034357120230782724,0.029485047662803954,-0.001587390249198636,-0.03364091951481909,-0.00350264167739717,-0.03542984451927554,-0.039954646472162195,0.004524801952886653,0.0563657863618447,0.02010248324793063,0.007094994087504927,False,False,0.029485047662803954,failed_or_filter_only
current_large_buy_p90,liquidity_impact,event_type,top decile buy,5m,50,5070,580,true,0.11239947374331558,0.14875975798766533,-0.001587390249198636,-0.03364091951481909,0.006860123188406575,-0.023164959108656496,-0.03499416161628329,0.011829202507626795,0.1396551724137931,0.06379310344827586,0.020689655172413793,True,False,0.14875975798766533,gross_only_cost_failed
large_net_flow_15m,liquidity_impact,direction,prior 15m large buy minus sell flow,5m,50,5070,508,low_decile,-0.059518331355511725,-0.06141003600677573,-0.001587390249198636,-0.03364091951481909,0.006611853564343557,-0.025838911104231276,-0.04182793321605285,0.01598902211182157,0.15748031496062992,0.05905511811023622,0.011811023622047244,True,False,0.06141003600677573,gross_only_cost_failed
large_trade_volume_share_15m,liquidity_impact,risk_filter,prior 15m large-trade volume share,5m,50,5070,507,high_decile,0.12346121017732556,0.11002452597290047,-0.001587390249198636,-0.03364091951481909,0.00557442260809839,-0.026680129716988403,-0.0376946446793385,0.011014514962350098,0.1242603550295858,0.04930966469428008,0.01972386587771203,True,False,0.11002452597290047,gross_only_cost_failed
log_chog_amount,liquidity_impact,direction,current trade size,5m,50,5070,507,high_decile,0.06692952360955362,0.1987313463763977,-0.001587390249198636,-0.03364091951481909,0.0029476545828495434,-0.027065526004782403,-0.04472683252260117,0.01766130651781877,0.11834319526627218,0.05128205128205128,0.021696252465483234,True,False,0.1987313463763977,gross_only_cost_failed
trade_size_percentile_past,liquidity_impact,direction,current trade size percentile using prior history,5m,50,5052,506,high_decile,0.0634897440256903,0.19468603879735943,-0.0015544657157830612,-0.03360158794415582,0.0029019773806294633,-0.027111266187720248,-0.04439357343833753,0.017282307250617284,0.1225296442687747,0.0533596837944664,0.021739130434782608,True,False,0.19468603879735943,gross_only_cost_failed
current_is_large_trade_p90,liquidity_impact,event_type,top decile trade,5m,50,5070,980,true,0.06560604875721773,0.1167047060705048,-0.001587390249198636,-0.03364091951481909,0.002048108193811235,-0.02797643933729347,-0.03499817882385945,0.007021739486565981,0.10918367346938776,0.04795918367346939,0.017346938775510204,True,False,0.1167047060705048,gross_only_cost_failed
non_main_volume_share_15m,main_pool_absorption,risk_filter,prior 15m non-main volume share,5m,50,5070,507,high_decile,-0.0025566509969908975,-0.016263863482512235,-0.001587390249198636,-0.03364091951481909,0.0028185735704030182,-0.029141651755368064,-0.033418238374840564,0.0042765866194725,0.055226824457593686,0.02564102564102564,0.007889546351084813,True,False,0.016263863482512235,gross_only_cost_failed
main_flow_pressure_1h,main_pool_absorption,direction,prior 1h main-pool net flow pressure,5m,50,5070,507,high_decile,0.04718035577691092,0.04727555638822483,-0.001587390249198636,-0.03364091951481909,0.0028783132224004075,-0.02953405973934853,-0.04855782210609187,0.01902376236674334,0.08086785009861933,0.03550295857988166,0.013806706114398421,True,False,0.04727555638822483,gross_only_cost_failed
gas_regime_percentile_past,attention_crowding,filter,gas percentile using prior history,5m,50,5052,506,low_decile,0.0052363223325365355,0.0026967682383998506,-0.0015544657157830612,-0.03360158794415582,0.0015252257570242535,-0.029860903263061716,-0.029741793217664587,-0.00011911004539712916,0.09486166007905138,0.045454545454545456,0.015810276679841896,True,False,0.0026967682383998506,gross_only_cost_failed
effective_gas_gwei,attention_crowding,filter,current effective gas regime,5m,50,5070,504,high_decile,0.006201425495496242,0.0034084704061223253,-0.001587390249198636,-0.03364091951481909,0.0007654416155067242,-0.03022504560550395,-0.03417696783617493,0.003951922230670979,0.11706349206349206,0.04365079365079365,0.017857142857142856,True,False,0.0034084704061223253,gross_only_cost_failed
small_trade_count_share_15m,noise_filter,risk_filter,prior 15m small-trade count share,5m,50,5070,385,high_decile,0.025877205125137186,0.0313619256945822,-0.001587390249198636,-0.03364091951481909,0.0013218349886760274,-0.03036673221427658,-0.04180968243257354,0.01144295021829696,0.046753246753246755,0.025974025974025976,0.023376623376623377,True,False,0.0313619256945822,gross_only_cost_failed
main_vs_non_main_flow_divergence_15m,main_pool_absorption,direction,"main-pool pressure minus non-main pressure, prior 15m",5m,50,5070,507,high_decile,-0.017410606265710008,-0.013498902687768056,-0.001587390249198636,-0.03364091951481909,0.0005660596462838985,-0.030816345661588248,-0.033664270633338676,0.0028479249717504283,0.06903353057199212,0.029585798816568046,0.01775147928994083,True,False,0.013498902687768056,gross_only_cost_failed
small_count_imbalance_15m,noise_filter,risk_filter,prior 15m small-trade count imbalance,5m,50,5070,403,high_decile,0.04655375777872426,0.03766891703644376,-0.001587390249198636,-0.03364091951481909,0.0004268686240650218,-0.031688383608781186,-0.03263647967651826,0.0009480960677370753,0.04218362282878412,0.0024813895781637717,0.0,True,False,0.03766891703644376,gross_only_cost_failed
current_is_buy,baseline_event_side,direction,current main-pool buy,5m,100,5070,2686,true,0.06394396395420711,0.08522044749304747,-0.001587390249198636,-0.04364091951481908,-0.00036145074176325437,-0.04193607361424954,-0.045561731632658774,0.0036256580184092363,0.04579300074460164,0.020476545048399106,0.007446016381236039,False,False,0.08522044749304747,failed_or_filter_only
current_is_sell,baseline_event_side,risk_filter,current main-pool sell,5m,100,5070,2686,false,-0.06394396395420711,-0.08522044749304747,-0.001587390249198636,-0.04364091951481908,-0.00036145074176325437,-0.04193607361424954,-0.045561731632658774,0.0036256580184092363,0.04579300074460164,0.020476545048399106,0.007446016381236039,False,False,0.08522044749304747,failed_or_filter_only
all_event_density_per_min_15m,attention_crowding,filter,all-pool 15m event density,5m,100,5070,664,low_decile,-0.03651887183215117,-0.03993669308251661,-0.001587390249198636,-0.04364091951481908,-0.00015335879754648705,-0.042063293704842644,-0.05402671934595995,0.011963425641117305,0.0286144578313253,0.01355421686746988,0.004518072289156626,False,False,0.03993669308251661,failed_or_filter_only
main_event_density_per_min_15m,attention_crowding,filter,main-pool 15m event density,5m,100,5070,674,low_decile,-0.036007506272727294,-0.036780933826167095,-0.001587390249198636,-0.04364091951481908,-3.474880839159884e-05,-0.042179298513188246,-0.052693791000326916,0.01051449248713867,0.02967359050445104,0.013353115727002967,0.002967359050445104,False,False,0.036780933826167095,failed_or_filter_only
all_event_density_per_min_5m,attention_crowding,filter,all-pool 5m event density,5m,100,4692,1077,low_decile,-0.044806009060380764,-0.05535065267476481,-0.0017103582964258393,-0.04378039476338982,-0.0007462565153963272,-0.042497085662708774,-0.06020645310805866,0.017709367445349886,0.04271123491179202,0.02042711234911792,0.004642525533890436,False,False,0.05535065267476481,failed_or_filter_only
log_main_quote_volume_15m,liquidity_impact,filter,prior 15m main-pool quote volume,5m,100,5070,507,low_decile,0.009014441167647215,-0.001298634193658238,-0.001587390249198636,-0.04364091951481908,-0.001272214298712882,-0.04270195834285657,-0.045973984066067675,0.003272025723211107,0.0039447731755424065,0.0039447731755424065,0.0039447731755424065,False,False,0.001298634193658238,failed_or_filter_only
log_main_quote_volume_1h,liquidity_impact,filter,prior 1h main-pool quote volume,5m,100,5070,507,high_decile,0.014620415378000604,0.013773682837358392,-0.001587390249198636,-0.04364091951481908,-0.0003307683948536266,-0.04270247111383551,-0.04320908697503552,0.0005066158612000091,0.08086785009861933,0.045364891518737675,0.021696252465483234,False,False,0.013773682837358392,failed_or_filter_only
crowded_same_block,attention_crowding,event_type,multiple pool events in same block,5m,100,5070,3900,false,-0.042156990914597986,-0.038230407170761295,-0.001587390249198636,-0.04364091951481908,-0.000912390276909175,-0.043023801412233595,-0.045697979856770723,0.0026741784445371286,0.038205128205128204,0.015384615384615385,0.004871794871794872,False,False,0.038230407170761295,failed_or_filter_only
current_large_sell_p90,liquidity_impact,event_type,top decile sell,5m,100,5070,4670,false,-0.03661136645447174,-0.00469218132296709,-0.001587390249198636,-0.04364091951481908,-0.0013011441422047716,-0.043528528409551584,-0.04495308566881709,0.0014245572592655048,0.042826552462526764,0.017558886509635975,0.0059957173447537475,False,False,0.00469218132296709,failed_or_filter_only
current_large_sell_no_drop,main_pool_absorption,event_type,large sell whose execution price did not drop more than 50 bps,5m,100,5070,4992,false,-0.031172407591862284,-0.01648899613345916,-0.001587390249198636,-0.04364091951481908,-0.0014523542211766316,-0.04353745917306586,-0.050262381387025226,0.006724922213959365,0.04266826923076923,0.017628205128205128,0.00641025641025641,False,False,0.01648899613345916,failed_or_filter_only
main_flow_pressure_15m,main_pool_absorption,direction,prior 15m main-pool net flow pressure,5m,100,5070,507,high_decile,0.07488461855999705,0.0790178851308101,-0.001587390249198636,-0.04364091951481908,-0.0018551696379277259,-0.04360231485330679,-0.04480220764974543,0.0011998927964386383,0.03747534516765286,0.013806706114398421,0.0039447731755424065,False,False,0.0790178851308101,failed_or_filter_only
sell_pressure_absorbed_15m,main_pool_absorption,direction,prior sell pressure with non-negative main-pool price path,5m,100,5070,2537,low_decile,0.034357120230782724,0.029485047662803954,-0.001587390249198636,-0.04364091951481908,-0.00350264167739717,-0.04542984451927555,-0.0499546464721622,0.0045248019528866465,0.032715806070161606,0.01103665746945211,0.005912495072920773,False,False,0.029485047662803954,failed_or_filter_only
current_large_buy_p90,liquidity_impact,event_type,top decile buy,5m,100,5070,580,true,0.11239947374331558,0.14875975798766533,-0.001587390249198636,-0.04364091951481908,0.006860123188406575,-0.033164959108656494,-0.04499416161628329,0.011829202507626799,0.09310344827586207,0.039655172413793106,0.013793103448275862,True,False,0.14875975798766533,gross_only_cost_failed
large_net_flow_15m,liquidity_impact,direction,prior 15m large buy minus sell flow,5m,100,5070,508,low_decile,-0.059518331355511725,-0.06141003600677573,-0.001587390249198636,-0.04364091951481908,0.006611853564343557,-0.03583891110423127,-0.05182793321605285,0.01598902211182158,0.08858267716535433,0.021653543307086614,0.007874015748031496,True,False,0.06141003600677573,gross_only_cost_failed
large_trade_volume_share_15m,liquidity_impact,risk_filter,prior 15m large-trade volume share,5m,100,5070,507,high_decile,0.12346121017732556,0.11002452597290047,-0.001587390249198636,-0.04364091951481908,0.00557442260809839,-0.036680129716988405,-0.0476946446793385,0.011014514962350098,0.0670611439842209,0.023668639053254437,0.015779092702169626,True,False,0.11002452597290047,gross_only_cost_failed
log_chog_amount,liquidity_impact,direction,current trade size,5m,100,5070,507,high_decile,0.06692952360955362,0.1987313463763977,-0.001587390249198636,-0.04364091951481908,0.0029476545828495434,-0.037065526004782405,-0.054726832522601174,0.01766130651781877,0.07495069033530571,0.03550295857988166,0.01775147928994083,True,False,0.1987313463763977,gross_only_cost_failed
trade_size_percentile_past,liquidity_impact,direction,current trade size percentile using prior history,5m,100,5052,506,high_decile,0.0634897440256903,0.19468603879735943,-0.0015544657157830612,-0.04360158794415581,0.0029019773806294633,-0.037111266187720246,-0.054393573438337534,0.017282307250617288,0.07905138339920949,0.037549407114624504,0.017786561264822136,True,False,0.19468603879735943,gross_only_cost_failed
current_is_large_trade_p90,liquidity_impact,event_type,top decile trade,5m,100,5070,980,true,0.06560604875721773,0.1167047060705048,-0.001587390249198636,-0.04364091951481908,0.002048108193811235,-0.03797643933729348,-0.04499817882385945,0.007021739486565974,0.06938775510204082,0.030612244897959183,0.013265306122448979,True,False,0.1167047060705048,gross_only_cost_failed
non_main_volume_share_15m,main_pool_absorption,risk_filter,prior 15m non-main volume share,5m,100,5070,507,high_decile,-0.0025566509969908975,-0.016263863482512235,-0.001587390249198636,-0.04364091951481908,0.0028185735704030182,-0.039141651755368066,-0.043418238374840566,0.0042765866194725,0.03550295857988166,0.023668639053254437,0.005917159763313609,True,False,0.016263863482512235,gross_only_cost_failed
main_flow_pressure_1h,main_pool_absorption,direction,prior 1h main-pool net flow pressure,5m,100,5070,507,high_decile,0.04718035577691092,0.04727555638822483,-0.001587390249198636,-0.04364091951481908,0.0028783132224004075,-0.03953405973934852,-0.058557822106091874,0.01902376236674335,0.05917159763313609,0.027613412228796843,0.0039447731755424065,True,False,0.04727555638822483,gross_only_cost_failed
gas_regime_percentile_past,attention_crowding,filter,gas percentile using prior history,5m,100,5052,506,low_decile,0.0052363223325365355,0.0026967682383998506,-0.0015544657157830612,-0.04360158794415581,0.0015252257570242535,-0.039860903263061714,-0.039741793217664585,-0.00011911004539712916,0.05731225296442688,0.025691699604743084,0.011857707509881422,True,False,0.0026967682383998506,gross_only_cost_failed
effective_gas_gwei,attention_crowding,filter,current effective gas regime,5m,100,5070,504,high_decile,0.006201425495496242,0.0034084704061223253,-0.001587390249198636,-0.04364091951481908,0.0007654416155067242,-0.04022504560550395,-0.044176967836174925,0.003951922230670979,0.06746031746031746,0.031746031746031744,0.013888888888888888,True,False,0.0034084704061223253,gross_only_cost_failed
small_trade_count_share_15m,noise_filter,risk_filter,prior 15m small-trade count share,5m,100,5070,385,high_decile,0.025877205125137186,0.0313619256945822,-0.001587390249198636,-0.04364091951481908,0.0013218349886760274,-0.04036673221427658,-0.05180968243257354,0.011442950218296964,0.025974025974025976,0.025974025974025976,0.023376623376623377,True,False,0.0313619256945822,gross_only_cost_failed
main_vs_non_main_flow_divergence_15m,main_pool_absorption,direction,"main-pool pressure minus non-main pressure, prior 15m",5m,100,5070,507,high_decile,-0.017410606265710008,-0.013498902687768056,-0.001587390249198636,-0.04364091951481908,0.0005660596462838985,-0.040816345661588246,-0.04366427063333868,0.002847924971750432,0.03353057199211045,0.027613412228796843,0.011834319526627219,True,False,0.013498902687768056,gross_only_cost_failed
small_count_imbalance_15m,noise_filter,risk_filter,prior 15m small-trade count imbalance,5m,100,5070,403,high_decile,0.04655375777872426,0.03766891703644376,-0.001587390249198636,-0.04364091951481908,0.0004268686240650218,-0.04168838360878119,-0.04263647967651827,0.0009480960677370823,0.01240694789081886,0.0,0.0,True,False,0.03766891703644376,gross_only_cost_failed
current_is_buy,baseline_event_side,direction,current main-pool buy,5m,200,5070,2686,true,0.06394396395420711,0.08522044749304747,-0.001587390249198636,-0.0636409195148191,-0.00036145074176325437,-0.061936073614249534,-0.06556173163265877,0.0036256580184092363,0.020476545048399106,0.010052122114668651,0.0033507073715562173,False,False,0.08522044749304747,failed_or_filter_only
current_is_sell,baseline_event_side,risk_filter,current main-pool sell,5m,200,5070,2686,false,-0.06394396395420711,-0.08522044749304747,-0.001587390249198636,-0.0636409195148191,-0.00036145074176325437,-0.061936073614249534,-0.06556173163265877,0.0036256580184092363,0.020476545048399106,0.010052122114668651,0.0033507073715562173,False,False,0.08522044749304747,failed_or_filter_only
all_event_density_per_min_15m,attention_crowding,filter,all-pool 15m event density,5m,200,5070,664,low_decile,-0.03651887183215117,-0.03993669308251661,-0.001587390249198636,-0.0636409195148191,-0.00015335879754648705,-0.06206329370484265,-0.07402671934595996,0.011963425641117312,0.01355421686746988,0.006024096385542169,0.0030120481927710845,False,False,0.03993669308251661,failed_or_filter_only
main_event_density_per_min_15m,attention_crowding,filter,main-pool 15m event density,5m,200,5070,674,low_decile,-0.036007506272727294,-0.036780933826167095,-0.001587390249198636,-0.0636409195148191,-3.474880839159884e-05,-0.06217929851318824,-0.07269379100032691,0.01051449248713867,0.013353115727002967,0.004451038575667656,0.002967359050445104,False,False,0.036780933826167095,failed_or_filter_only
all_event_density_per_min_5m,attention_crowding,filter,all-pool 5m event density,5m,200,4692,1077,low_decile,-0.044806009060380764,-0.05535065267476481,-0.0017103582964258393,-0.06378039476338981,-0.0007462565153963272,-0.062497085662708764,-0.08020645310805864,0.01770936744534988,0.02042711234911792,0.007428040854224698,0.0009285051067780873,False,False,0.05535065267476481,failed_or_filter_only
log_main_quote_volume_15m,liquidity_impact,filter,prior 15m main-pool quote volume,5m,200,5070,507,low_decile,0.009014441167647215,-0.001298634193658238,-0.001587390249198636,-0.0636409195148191,-0.001272214298712882,-0.06270195834285656,-0.06597398406606766,0.0032720257232111,0.0039447731755424065,0.0039447731755424065,0.0019723865877712033,False,False,0.001298634193658238,failed_or_filter_only
log_main_quote_volume_1h,liquidity_impact,filter,prior 1h main-pool quote volume,5m,200,5070,507,high_decile,0.014620415378000604,0.013773682837358392,-0.001587390249198636,-0.0636409195148191,-0.0003307683948536266,-0.0627024711138355,-0.06320908697503552,0.000506615861200016,0.045364891518737675,0.029585798816568046,0.005917159763313609,False,False,0.013773682837358392,failed_or_filter_only
crowded_same_block,attention_crowding,event_type,multiple pool events in same block,5m,200,5070,3900,false,-0.042156990914597986,-0.038230407170761295,-0.001587390249198636,-0.0636409195148191,-0.000912390276909175,-0.06302380141223358,-0.06569797985677071,0.0026741784445371286,0.015384615384615385,0.0071794871794871795,0.002564102564102564,False,False,0.038230407170761295,failed_or_filter_only
current_large_sell_p90,liquidity_impact,event_type,top decile sell,5m,200,5070,4670,false,-0.03661136645447174,-0.00469218132296709,-0.001587390249198636,-0.0636409195148191,-0.0013011441422047716,-0.06352852840955159,-0.06495308566881708,0.001424557259265491,0.017558886509635975,0.008779443254817988,0.002569593147751606,False,False,0.00469218132296709,failed_or_filter_only
current_large_sell_no_drop,main_pool_absorption,event_type,large sell whose execution price did not drop more than 50 bps,5m,200,5070,4992,false,-0.031172407591862284,-0.01648899613345916,-0.001587390249198636,-0.0636409195148191,-0.0014523542211766316,-0.06353745917306587,-0.07026238138702523,0.006724922213959358,0.017628205128205128,0.009014423076923076,0.0028044871794871795,False,False,0.01648899613345916,failed_or_filter_only
main_flow_pressure_15m,main_pool_absorption,direction,prior 15m main-pool net flow pressure,5m,200,5070,507,high_decile,0.07488461855999705,0.0790178851308101,-0.001587390249198636,-0.0636409195148191,-0.0018551696379277259,-0.0636023148533068,-0.06480220764974542,0.0011998927964386313,0.013806706114398421,0.005917159763313609,0.0019723865877712033,False,False,0.0790178851308101,failed_or_filter_only
sell_pressure_absorbed_15m,main_pool_absorption,direction,prior sell pressure with non-negative main-pool price path,5m,200,5070,2537,low_decile,0.034357120230782724,0.029485047662803954,-0.001587390249198636,-0.0636409195148191,-0.00350264167739717,-0.06542984451927554,-0.0699546464721622,0.004524801952886653,0.01103665746945211,0.007094994087504927,0.0015766653527788726,False,False,0.029485047662803954,failed_or_filter_only
current_large_buy_p90,liquidity_impact,event_type,top decile buy,5m,200,5070,580,true,0.11239947374331558,0.14875975798766533,-0.001587390249198636,-0.0636409195148191,0.006860123188406575,-0.0531649591086565,-0.06499416161628328,0.011829202507626785,0.039655172413793106,0.020689655172413793,0.0034482758620689655,True,False,0.14875975798766533,gross_only_cost_failed
large_net_flow_15m,liquidity_impact,direction,prior 15m large buy minus sell flow,5m,200,5070,508,low_decile,-0.059518331355511725,-0.06141003600677573,-0.001587390249198636,-0.0636409195148191,0.006611853564343557,-0.055838911104231274,-0.07182793321605284,0.015989022111821564,0.021653543307086614,0.011811023622047244,0.001968503937007874,True,False,0.06141003600677573,gross_only_cost_failed
large_trade_volume_share_15m,liquidity_impact,risk_filter,prior 15m large-trade volume share,5m,200,5070,507,high_decile,0.12346121017732556,0.11002452597290047,-0.001587390249198636,-0.0636409195148191,0.00557442260809839,-0.0566801297169884,-0.0676946446793385,0.011014514962350098,0.023668639053254437,0.01972386587771203,0.0,True,False,0.11002452597290047,gross_only_cost_failed
log_chog_amount,liquidity_impact,direction,current trade size,5m,200,5070,507,high_decile,0.06692952360955362,0.1987313463763977,-0.001587390249198636,-0.0636409195148191,0.0029476545828495434,-0.0570655260047824,-0.07472683252260118,0.017661306517818776,0.03550295857988166,0.021696252465483234,0.007889546351084813,True,False,0.1987313463763977,gross_only_cost_failed
trade_size_percentile_past,liquidity_impact,direction,current trade size percentile using prior history,5m,200,5052,506,high_decile,0.0634897440256903,0.19468603879735943,-0.0015544657157830612,-0.06360158794415582,0.0029019773806294633,-0.05711126618772025,-0.07439357343833755,0.0172823072506173,0.037549407114624504,0.021739130434782608,0.007905138339920948,True,False,0.19468603879735943,gross_only_cost_failed
current_is_large_trade_p90,liquidity_impact,event_type,top decile trade,5m,200,5070,980,true,0.06560604875721773,0.1167047060705048,-0.001587390249198636,-0.0636409195148191,0.002048108193811235,-0.057976439337293476,-0.06499817882385944,0.007021739486565967,0.030612244897959183,0.017346938775510204,0.004081632653061225,True,False,0.1167047060705048,gross_only_cost_failed
non_main_volume_share_15m,main_pool_absorption,risk_filter,prior 15m non-main volume share,5m,200,5070,507,high_decile,-0.0025566509969908975,-0.016263863482512235,-0.001587390249198636,-0.0636409195148191,0.0028185735704030182,-0.05914165175536806,-0.06341823837484055,0.004276586619472486,0.023668639053254437,0.007889546351084813,0.0039447731755424065,True,False,0.016263863482512235,gross_only_cost_failed
main_flow_pressure_1h,main_pool_absorption,direction,prior 1h main-pool net flow pressure,5m,200,5070,507,high_decile,0.04718035577691092,0.04727555638822483,-0.001587390249198636,-0.0636409195148191,0.0028783132224004075,-0.05953405973934853,-0.07855782210609187,0.019023762366743344,0.027613412228796843,0.013806706114398421,0.0039447731755424065,True,False,0.04727555638822483,gross_only_cost_failed
gas_regime_percentile_past,attention_crowding,filter,gas percentile using prior history,5m,200,5052,506,low_decile,0.0052363223325365355,0.0026967682383998506,-0.0015544657157830612,-0.06360158794415582,0.0015252257570242535,-0.05986090326306172,-0.059741793217664596,-0.00011911004539712222,0.025691699604743084,0.015810276679841896,0.005928853754940711,True,False,0.0026967682383998506,gross_only_cost_failed
effective_gas_gwei,attention_crowding,filter,current effective gas regime,5m,200,5070,504,high_decile,0.006201425495496242,0.0034084704061223253,-0.001587390249198636,-0.0636409195148191,0.0007654416155067242,-0.06022504560550395,-0.06417696783617492,0.003951922230670972,0.031746031746031744,0.017857142857142856,0.001984126984126984,True,False,0.0034084704061223253,gross_only_cost_failed
small_trade_count_share_15m,noise_filter,risk_filter,prior 15m small-trade count share,5m,200,5070,385,high_decile,0.025877205125137186,0.0313619256945822,-0.001587390249198636,-0.0636409195148191,0.0013218349886760274,-0.060366732214276575,-0.07180968243257353,0.011442950218296957,0.025974025974025976,0.023376623376623377,0.0025974025974025974,True,False,0.0313619256945822,gross_only_cost_failed
main_vs_non_main_flow_divergence_15m,main_pool_absorption,direction,"main-pool pressure minus non-main pressure, prior 15m",5m,200,5070,507,high_decile,-0.017410606265710008,-0.013498902687768056,-0.001587390249198636,-0.0636409195148191,0.0005660596462838985,-0.06081634566158825,-0.06366427063333868,0.002847924971750432,0.027613412228796843,0.01775147928994083,0.0019723865877712033,True,False,0.013498902687768056,gross_only_cost_failed
small_count_imbalance_15m,noise_filter,risk_filter,prior 15m small-trade count imbalance,5m,200,5070,403,high_decile,0.04655375777872426,0.03766891703644376,-0.001587390249198636,-0.0636409195148191,0.0004268686240650218,-0.061688383608781185,-0.06263647967651827,0.0009480960677370823,0.0,0.0,0.0,True,False,0.03766891703644376,gross_only_cost_failed
current_large_buy_p90,liquidity_impact,event_type,top decile buy,6h,0,7699,731,true,0.03282015831280963,0.04076266075645057,0.01475669866965845,-0.007493146822356558,0.02937767408743543,0.009351821085155074,-0.009260321268451707,0.01861214235360678,0.4637482900136799,0.3803009575923393,0.28454172366621067,False,True,0.04076266075645057,barely_positive_after_cost
large_trade_volume_share_15m,liquidity_impact,risk_filter,prior 15m large-trade volume share,6h,0,7699,770,high_decile,0.027644163039231315,0.026245532463414843,0.01475669866965845,-0.007493146822356558,0.029485297836138513,0.007407134493006186,-0.011454570046834789,0.018861704539840974,0.4727272727272727,0.37922077922077924,0.24675324675324675,False,True,0.026245532463414843,barely_positive_after_cost
all_event_density_per_min_5m,attention_crowding,filter,all-pool 5m event density,6h,0,6933,683,high_decile,0.038841550526495974,0.038328879386788244,0.015600190255540842,-0.006642203991599989,0.02887426781529912,0.00697003838822809,-0.01190014705544139,0.01887018544366948,0.5109809663250366,0.3938506588579795,0.232796486090776,False,True,0.038328879386788244,barely_positive_after_cost
log_main_quote_volume_15m,liquidity_impact,filter,prior 15m main-pool quote volume,6h,0,7699,770,high_decile,0.022547894832877044,0.022053268466744887,0.01475669866965845,-0.007493146822356558,0.02486132871391737,0.0026441636240695727,-0.011341916604952994,0.013986080229022566,0.525974025974026,0.44935064935064933,0.312987012987013,False,True,0.022053268466744887,barely_positive_after_cost
current_is_large_trade_p90,liquidity_impact,event_type,top decile trade,6h,0,7699,1308,true,0.012101940461516992,0.023577972572047988,0.01475669866965845,-0.007493146822356558,0.021628615176224747,0.0016032521285867622,-0.009354841365907467,0.010958093494494229,0.43119266055045874,0.3425076452599388,0.25,False,True,0.023577972572047988,barely_positive_after_cost
small_trade_count_share_15m,noise_filter,risk_filter,prior 15m small-trade count share,6h,0,7699,722,high_decile,0.029432067310509263,0.032387451729790795,0.01475669866965845,-0.007493146822356558,0.0233795638345036,0.001317501291243984,-0.021852266232818197,0.02316976752406218,0.3601108033240997,0.2839335180055402,0.18282548476454294,False,True,0.032387451729790795,barely_positive_after_cost
current_is_buy,baseline_event_side,direction,current main-pool buy,6h,0,7699,3835,true,0.09316169421433784,0.09984839044001911,0.01475669866965845,-0.007493146822356558,0.02219538484573695,0.0005657049930941705,-0.015491515536707889,0.01605722052980206,0.45554106910039116,0.35514993481095175,0.23520208604954368,False,True,0.09984839044001911,barely_positive_after_cost
current_is_sell,baseline_event_side,risk_filter,current main-pool sell,6h,0,7699,3835,false,-0.09316169421433784,-0.09984839044001911,0.01475669866965845,-0.007493146822356558,0.02219538484573695,0.0005657049930941705,-0.015491515536707889,0.01605722052980206,0.45554106910039116,0.35514993481095175,0.23520208604954368,False,True,0.09984839044001911,barely_positive_after_cost
large_net_flow_15m,liquidity_impact,direction,prior 15m large buy minus sell flow,6h,0,7699,778,low_decile,-0.12187539362647887,-0.12263365433354229,0.01475669866965845,-0.007493146822356558,0.0514556825508512,0.029229685287124302,-0.045357047924549136,0.07458673321167344,0.577120822622108,0.4717223650385604,0.34318766066838047,False,True,0.12263365433354229,cost_aware_candidate
trade_size_percentile_past,liquidity_impact,direction,current trade size percentile using prior history,6h,0,7665,767,high_decile,0.03264409520826093,0.06620370078219241,0.015376888885336473,-0.006861239421728498,0.019628735266954075,-0.0003863112424421924,-0.025812323773111493,0.0254260125306693,0.43546284224250326,0.3389830508474576,0.2503259452411995,True,False,0.06620370078219241,gross_only_cost_failed
log_main_quote_volume_1h,liquidity_impact,filter,prior 1h main-pool quote volume,6h,0,7699,770,high_decile,0.04879876747204069,0.050559371000732996,0.01475669866965845,-0.007493146822356558,0.021902775498085354,-0.00039834240197562395,-0.009089832639340007,0.008691490237364383,0.44805194805194803,0.36493506493506495,0.287012987012987,True,False,0.050559371000732996,gross_only_cost_failed
log_chog_amount,liquidity_impact,direction,current trade size,6h,0,7699,770,high_decile,0.031712395703695356,0.06530933186727102,0.01475669866965845,-0.007493146822356558,0.019219470981748824,-0.0007962708254872863,-0.02767937624134383,0.02688310541585654,0.43636363636363634,0.34285714285714286,0.2519480519480519,True,False,0.06530933186727102,gross_only_cost_failed
small_count_imbalance_15m,noise_filter,risk_filter,prior 15m small-trade count imbalance,6h,0,7699,606,high_decile,0.08098439249116997,0.07806674255867699,0.01475669866965845,-0.007493146822356558,0.020944680091374738,-0.0019337844082245859,-0.010427931210380756,0.00849414680215617,0.46204620462046203,0.33828382838283827,0.17326732673267325,True,False,0.07806674255867699,gross_only_cost_failed
gas_regime_percentile_past,attention_crowding,filter,gas percentile using prior history,6h,0,7665,767,high_decile,0.008690638883925142,0.009610214207082524,0.015376888885336473,-0.006861239421728498,0.01811922720322811,-0.0028985933941949155,-0.008003470242182533,0.005104876847987617,0.4041720990873533,0.31681877444589307,0.2333767926988266,True,False,0.009610214207082524,gross_only_cost_failed
all_event_density_per_min_15m,attention_crowding,filter,all-pool 15m event density,6h,0,7699,760,high_decile,0.060821423628088546,0.06162090175319146,0.01475669866965845,-0.007493146822356558,0.018865676717823365,-0.003154303468184577,-0.017430640310490558,0.01427633684230598,0.5184210526315789,0.3868421052631579,0.20657894736842106,True,False,0.06162090175319146,gross_only_cost_failed
crowded_same_block,attention_crowding,event_type,multiple pool events in same block,6h,0,7699,1349,true,-0.008687686967774756,-0.005604135907459574,0.01475669866965845,-0.007493146822356558,0.018318616016354206,-0.003474908928570545,-0.008346785077272672,0.004871876148702126,0.4099332839140104,0.312824314306894,0.2038547071905115,True,False,0.005604135907459574,gross_only_cost_failed
main_event_density_per_min_15m,attention_crowding,filter,main-pool 15m event density,6h,0,7699,760,high_decile,0.07022161331836799,0.07206959497006066,0.01475669866965845,-0.007493146822356558,0.017742535499628218,-0.004172505109106515,-0.020148878606158674,0.01597637349705216,0.5,0.36973684210526314,0.19736842105263158,True,False,0.07206959497006066,gross_only_cost_failed
sell_pressure_absorbed_15m,main_pool_absorption,direction,prior sell pressure with non-negative main-pool price path,6h,0,7699,3850,low_decile,-0.07787394117834529,-0.07903272323095009,0.01475669866965845,-0.007493146822356558,0.017815665283510182,-0.00433147491919788,-0.04261248920184391,0.038281014282646034,0.4322077922077922,0.32831168831168833,0.20103896103896104,True,False,0.07903272323095009,gross_only_cost_failed
effective_gas_gwei,attention_crowding,filter,current effective gas regime,6h,0,7699,729,high_decile,0.004283703880204876,0.0053387989412260915,0.01475669866965845,-0.007493146822356558,0.01558854129986743,-0.005460087112842841,-0.00947719293333549,0.004017105820492649,0.3950617283950617,0.30864197530864196,0.23045267489711935,True,False,0.0053387989412260915,gross_only_cost_failed
current_large_sell_p90,liquidity_impact,event_type,top decile sell,6h,0,7699,7122,false,-0.01927912227767637,-0.011753916182568132,0.01475669866965845,-0.007493146822356558,0.014995320719617206,-0.007434794995263444,-0.008213392424708626,0.0007785974294451815,0.4146307217073856,0.3171861836562763,0.2104745857905083,True,False,0.011753916182568132,gross_only_cost_failed
main_vs_non_main_flow_divergence_15m,main_pool_absorption,direction,"main-pool pressure minus non-main pressure, prior 15m",6h,0,7699,770,high_decile,0.08731716465890743,0.08920108992310112,0.01475669866965845,-0.007493146822356558,0.014178346066841709,-0.007437479561124719,-0.0176592018277925,0.01022172226666778,0.3987012987012987,0.274025974025974,0.2,True,False,0.08920108992310112,gross_only_cost_failed
current_large_sell_no_drop,main_pool_absorption,event_type,large sell whose execution price did not drop more than 50 bps,6h,0,7699,7568,false,-0.016051713936429908,-0.012378999604963402,0.01475669866965845,-0.007493146822356558,0.014814567794928532,-0.007473616069583363,-0.008621457791727025,0.0011478417221436618,0.41345137420718814,0.31672832980972515,0.21062367864693446,True,False,0.012378999604963402,gross_only_cost_failed
non_main_volume_share_15m,main_pool_absorption,risk_filter,prior 15m non-main volume share,6h,0,7699,1542,low_decile,-0.011287184016620544,-0.015590170157274645,0.01475669866965845,-0.007493146822356558,0.012146579764191229,-0.009485877619158175,-0.018524791932499438,0.009038914313341263,0.4046692607003891,0.29636835278858625,0.1874189364461738,True,False,0.015590170157274645,gross_only_cost_failed
main_flow_pressure_15m,main_pool_absorption,direction,prior 15m main-pool net flow pressure,6h,0,7699,768,high_decile,0.0030678846661351114,0.0054680076805249484,0.01475669866965845,-0.007493146822356558,0.006496623969148647,-0.015515961634701021,-0.019586497575368095,0.004070535940667074,0.3697916666666667,0.24739583333333334,0.14973958333333334,True,False,0.0054680076805249484,gross_only_cost_failed
main_flow_pressure_1h,main_pool_absorption,direction,prior 1h main-pool net flow pressure,6h,0,7699,770,low_decile,-0.08705517231613367,-0.08653616416340866,0.01475669866965845,-0.007493146822356558,0.0022074914459707974,-0.02058730525167365,-0.02407586937849721,0.003488564126823558,0.34935064935064936,0.24155844155844156,0.13506493506493505,True,False,0.08653616416340866,gross_only_cost_failed
large_net_flow_15m,liquidity_impact,direction,prior 15m large buy minus sell flow,6h,50,7699,778,low_decile,-0.12187539362647887,-0.12263365433354229,0.01475669866965845,-0.017493146822356555,0.0514556825508512,0.019229685287124303,-0.05535704792454914,0.07458673321167344,0.506426735218509,0.43958868894601544,0.2969151670951157,False,True,0.12263365433354229,barely_positive_after_cost
current_large_buy_p90,liquidity_impact,event_type,top decile buy,6h,50,7699,731,true,0.03282015831280963,0.04076266075645057,0.01475669866965845,-0.017493146822356555,0.02937767408743543,-0.000648178914844924,-0.019260321268451706,0.01861214235360678,0.42544459644322846,0.35020519835841313,0.2585499316005472,True,False,0.04076266075645057,gross_only_cost_failed
large_trade_volume_share_15m,liquidity_impact,risk_filter,prior 15m large-trade volume share,6h,50,7699,770,high_decile,0.027644163039231315,0.026245532463414843,0.01475669866965845,-0.017493146822356555,0.029485297836138513,-0.0025928655069938134,-0.021454570046834792,0.018861704539840977,0.4116883116883117,0.34545454545454546,0.2051948051948052,True,False,0.026245532463414843,gross_only_cost_failed
all_event_density_per_min_5m,attention_crowding,filter,all-pool 5m event density,6h,50,6933,683,high_decile,0.038841550526495974,0.038328879386788244,0.015600190255540842,-0.016642203991599987,0.02887426781529912,-0.003029961611771907,-0.02190014705544139,0.01887018544366948,0.4480234260614934,0.3367496339677892,0.1903367496339678,True,False,0.038328879386788244,gross_only_cost_failed
log_main_quote_volume_15m,liquidity_impact,filter,prior 15m main-pool quote volume,6h,50,7699,770,high_decile,0.022547894832877044,0.022053268466744887,0.01475669866965845,-0.017493146822356555,0.02486132871391737,-0.007355836375930434,-0.021341916604952993,0.01398608022902256,0.487012987012987,0.4155844155844156,0.2701298701298701,True,False,0.022053268466744887,gross_only_cost_failed
current_is_large_trade_p90,liquidity_impact,event_type,top decile trade,6h,50,7699,1308,true,0.012101940461516992,0.023577972572047988,0.01475669866965845,-0.017493146822356555,0.021628615176224747,-0.00839674787141324,-0.019354841365907465,0.010958093494494225,0.38990825688073394,0.31574923547400613,0.22400611620795108,True,False,0.023577972572047988,gross_only_cost_failed
small_trade_count_share_15m,noise_filter,risk_filter,prior 15m small-trade count share,6h,50,7699,722,high_decile,0.029432067310509263,0.032387451729790795,0.01475669866965845,-0.017493146822356555,0.0233795638345036,-0.008682498708756016,-0.0318522662328182,0.023169767524062183,0.3254847645429363,0.26454293628808867,0.15789473684210525,True,False,0.032387451729790795,gross_only_cost_failed
current_is_buy,baseline_event_side,direction,current main-pool buy,6h,50,7699,3835,true,0.09316169421433784,0.09984839044001911,0.01475669866965845,-0.017493146822356555,0.02219538484573695,-0.009434295006905829,-0.025491515536707886,0.016057220529802057,0.4007822685788788,0.31629726205997394,0.20234680573663624,True,False,0.09984839044001911,gross_only_cost_failed
current_is_sell,baseline_event_side,risk_filter,current main-pool sell,6h,50,7699,3835,false,-0.09316169421433784,-0.09984839044001911,0.01475669866965845,-0.017493146822356555,0.02219538484573695,-0.009434295006905829,-0.025491515536707886,0.016057220529802057,0.4007822685788788,0.31629726205997394,0.20234680573663624,True,False,0.09984839044001911,gross_only_cost_failed
trade_size_percentile_past,liquidity_impact,direction,current trade size percentile using prior history,6h,50,7665,767,high_decile,0.03264409520826093,0.06620370078219241,0.015376888885336473,-0.016861239421728496,0.019628735266954075,-0.010386311242442192,-0.03581232377311149,0.025426012530669298,0.3924380704041721,0.31421121251629724,0.22164276401564537,True,False,0.06620370078219241,gross_only_cost_failed
log_main_quote_volume_1h,liquidity_impact,filter,prior 1h main-pool quote volume,6h,50,7699,770,high_decile,0.04879876747204069,0.050559371000732996,0.01475669866965845,-0.017493146822356555,0.021902775498085354,-0.01039834240197563,-0.019089832639340006,0.008691490237364376,0.3987012987012987,0.33896103896103896,0.2688311688311688,True,False,0.050559371000732996,gross_only_cost_failed
log_chog_amount,liquidity_impact,direction,current trade size,6h,50,7699,770,high_decile,0.031712395703695356,0.06530933186727102,0.01475669866965845,-0.017493146822356555,0.019219470981748824,-0.010796270825487286,-0.03767937624134383,0.02688310541585654,0.3948051948051948,0.3168831168831169,0.22467532467532467,True,False,0.06530933186727102,gross_only_cost_failed
small_count_imbalance_15m,noise_filter,risk_filter,prior 15m small-trade count imbalance,6h,50,7699,606,high_decile,0.08098439249116997,0.07806674255867699,0.01475669866965845,-0.017493146822356555,0.020944680091374738,-0.011933784408224585,-0.02042793121038076,0.008494146802156176,0.3844884488448845,0.2887788778877888,0.14026402640264027,True,False,0.07806674255867699,gross_only_cost_failed
gas_regime_percentile_past,attention_crowding,filter,gas percentile using prior history,6h,50,7665,767,high_decile,0.008690638883925142,0.009610214207082524,0.015376888885336473,-0.016861239421728496,0.01811922720322811,-0.012898593394194916,-0.01800347024218254,0.005104876847987622,0.3546284224250326,0.29335071707953064,0.2151238591916558,True,False,0.009610214207082524,gross_only_cost_failed
all_event_density_per_min_15m,attention_crowding,filter,all-pool 15m event density,6h,50,7699,760,high_decile,0.060821423628088546,0.06162090175319146,0.01475669866965845,-0.017493146822356555,0.018865676717823365,-0.013154303468184582,-0.02743064031049056,0.014276336842305977,0.45394736842105265,0.3355263157894737,0.17105263157894737,True,False,0.06162090175319146,gross_only_cost_failed
crowded_same_block,attention_crowding,event_type,multiple pool events in same block,6h,50,7699,1349,true,-0.008687686967774756,-0.005604135907459574,0.01475669866965845,-0.017493146822356555,0.018318616016354206,-0.013474908928570542,-0.018346785077272672,0.004871876148702129,0.35507783543365457,0.2765011119347665,0.17123795404002964,True,False,0.005604135907459574,gross_only_cost_failed
main_event_density_per_min_15m,attention_crowding,filter,main-pool 15m event density,6h,50,7699,760,high_decile,0.07022161331836799,0.07206959497006066,0.01475669866965845,-0.017493146822356555,0.017742535499628218,-0.014172505109106514,-0.030148878606158672,0.01597637349705216,0.4368421052631579,0.31973684210526315,0.15789473684210525,True,False,0.07206959497006066,gross_only_cost_failed
sell_pressure_absorbed_15m,main_pool_absorption,direction,prior sell pressure with non-negative main-pool price path,6h,50,7699,3850,low_decile,-0.07787394117834529,-0.07903272323095009,0.01475669866965845,-0.017493146822356555,0.017815665283510182,-0.014331474919197883,-0.05261248920184392,0.03828101428264604,0.37402597402597404,0.2885714285714286,0.16935064935064936,True,False,0.07903272323095009,gross_only_cost_failed
effective_gas_gwei,attention_crowding,filter,current effective gas regime,6h,50,7699,729,high_decile,0.004283703880204876,0.0053387989412260915,0.01475669866965845,-0.017493146822356555,0.01558854129986743,-0.015460087112842844,-0.019477192933335493,0.0040171058204926495,0.345679012345679,0.28669410150891633,0.2112482853223594,True,False,0.0053387989412260915,gross_only_cost_failed
current_large_sell_p90,liquidity_impact,event_type,top decile sell,6h,50,7699,7122,false,-0.01927912227767637,-0.011753916182568132,0.01475669866965845,-0.017493146822356555,0.014995320719617206,-0.017434794995263448,-0.018213392424708628,0.0007785974294451797,0.36099410278011795,0.27983712440325753,0.18155012636899748,True,False,0.011753916182568132,gross_only_cost_failed
main_vs_non_main_flow_divergence_15m,main_pool_absorption,direction,"main-pool pressure minus non-main pressure, prior 15m",6h,50,7699,770,high_decile,0.08731716465890743,0.08920108992310112,0.01475669866965845,-0.017493146822356555,0.014178346066841709,-0.01743747956112472,-0.027659201827792503,0.010221722266667784,0.32987012987012987,0.2558441558441558,0.17142857142857143,True,False,0.08920108992310112,gross_only_cost_failed
current_large_sell_no_drop,main_pool_absorption,event_type,large sell whose execution price did not drop more than 50 bps,6h,50,7699,7568,false,-0.016051713936429908,-0.012378999604963402,0.01475669866965845,-0.017493146822356555,0.014814567794928532,-0.017473616069583364,-0.018621457791727025,0.001147841722143661,0.3609936575052854,0.28012684989429176,0.18181818181818182,True,False,0.012378999604963402,gross_only_cost_failed
non_main_volume_share_15m,main_pool_absorption,risk_filter,prior 15m non-main volume share,6h,50,7699,1542,low_decile,-0.011287184016620544,-0.015590170157274645,0.01475669866965845,-0.017493146822356555,0.012146579764191229,-0.019485877619158175,-0.028524791932499436,0.009038914313341261,0.35084306095979245,0.26329442282749677,0.15369649805447472,True,False,0.015590170157274645,gross_only_cost_failed
main_flow_pressure_15m,main_pool_absorption,direction,prior 15m main-pool net flow pressure,6h,50,7699,768,high_decile,0.0030678846661351114,0.0054680076805249484,0.01475669866965845,-0.017493146822356555,0.006496623969148647,-0.02551596163470102,-0.029586497575368093,0.004070535940667072,0.3125,0.22005208333333334,0.12630208333333334,True,False,0.0054680076805249484,gross_only_cost_failed
main_flow_pressure_1h,main_pool_absorption,direction,prior 1h main-pool net flow pressure,6h,50,7699,770,low_decile,-0.08705517231613367,-0.08653616416340866,0.01475669866965845,-0.017493146822356555,0.0022074914459707974,-0.03058730525167365,-0.03407586937849721,0.003488564126823558,0.2818181818181818,0.2064935064935065,0.11168831168831168,True,False,0.08653616416340866,gross_only_cost_failed
large_net_flow_15m,liquidity_impact,direction,prior 15m large buy minus sell flow,6h,100,7699,778,low_decile,-0.12187539362647887,-0.12263365433354229,0.01475669866965845,-0.027493146822356557,0.0514556825508512,0.009229685287124308,-0.06535704792454915,0.07458673321167346,0.4717223650385604,0.39460154241645246,0.2686375321336761,False,True,0.12263365433354229,barely_positive_after_cost
current_large_buy_p90,liquidity_impact,event_type,top decile buy,6h,100,7699,731,true,0.03282015831280963,0.04076266075645057,0.01475669866965845,-0.027493146822356557,0.02937767408743543,-0.010648178914844925,-0.029260321268451708,0.01861214235360678,0.3803009575923393,0.31600547195622436,0.23529411764705882,True,False,0.04076266075645057,gross_only_cost_failed
large_trade_volume_share_15m,liquidity_impact,risk_filter,prior 15m large-trade volume share,6h,100,7699,770,high_decile,0.027644163039231315,0.026245532463414843,0.01475669866965845,-0.027493146822356557,0.029485297836138513,-0.012592865506993817,-0.03145457004683479,0.01886170453984097,0.37922077922077924,0.3116883116883117,0.18311688311688312,True,False,0.026245532463414843,gross_only_cost_failed
all_event_density_per_min_5m,attention_crowding,filter,all-pool 5m event density,6h,100,6933,683,high_decile,0.038841550526495974,0.038328879386788244,0.015600190255540842,-0.02664220399159999,0.02887426781529912,-0.013029961611771907,-0.03190014705544139,0.018870185443669484,0.3938506588579795,0.2796486090775988,0.16691068814055637,True,False,0.038328879386788244,gross_only_cost_failed
log_main_quote_volume_15m,liquidity_impact,filter,prior 15m main-pool quote volume,6h,100,7699,770,high_decile,0.022547894832877044,0.022053268466744887,0.01475669866965845,-0.027493146822356557,0.02486132871391737,-0.017355836375930425,-0.031341916604952995,0.01398608022902257,0.44935064935064933,0.35584415584415585,0.24155844155844156,True,False,0.022053268466744887,gross_only_cost_failed
current_is_large_trade_p90,liquidity_impact,event_type,top decile trade,6h,100,7699,1308,true,0.012101940461516992,0.023577972572047988,0.01475669866965845,-0.027493146822356557,0.021628615176224747,-0.018396747871413238,-0.029354841365907467,0.010958093494494229,0.3425076452599388,0.2798165137614679,0.20259938837920488,True,False,0.023577972572047988,gross_only_cost_failed
small_trade_count_share_15m,noise_filter,risk_filter,prior 15m small-trade count share,6h,100,7699,722,high_decile,0.029432067310509263,0.032387451729790795,0.01475669866965845,-0.027493146822356557,0.0233795638345036,-0.018682498708756014,-0.041852266232818194,0.02316976752406218,0.2839335180055402,0.23130193905817176,0.1371191135734072,True,False,0.032387451729790795,gross_only_cost_failed
current_is_buy,baseline_event_side,direction,current main-pool buy,6h,100,7699,3835,true,0.09316169421433784,0.09984839044001911,0.01475669866965845,-0.027493146822356557,0.02219538484573695,-0.01943429500690583,-0.03549151553670789,0.016057220529802057,0.35514993481095175,0.2737940026075619,0.1741851368970013,True,False,0.09984839044001911,gross_only_cost_failed
current_is_sell,baseline_event_side,risk_filter,current main-pool sell,6h,100,7699,3835,false,-0.09316169421433784,-0.09984839044001911,0.01475669866965845,-0.027493146822356557,0.02219538484573695,-0.01943429500690583,-0.03549151553670789,0.016057220529802057,0.35514993481095175,0.2737940026075619,0.1741851368970013,True,False,0.09984839044001911,gross_only_cost_failed
trade_size_percentile_past,liquidity_impact,direction,current trade size percentile using prior history,6h,100,7665,767,high_decile,0.03264409520826093,0.06620370078219241,0.015376888885336473,-0.026861239421728498,0.019628735266954075,-0.02038631124244219,-0.045812323773111494,0.025426012530669305,0.3389830508474576,0.27509778357235987,0.19295958279009126,True,False,0.06620370078219241,gross_only_cost_failed
log_main_quote_volume_1h,liquidity_impact,filter,prior 1h main-pool quote volume,6h,100,7699,770,high_decile,0.04879876747204069,0.050559371000732996,0.01475669866965845,-0.027493146822356557,0.021902775498085354,-0.020398342401975623,-0.029089832639340008,0.008691490237364385,0.36493506493506495,0.3181818181818182,0.2532467532467532,True,False,0.050559371000732996,gross_only_cost_failed
log_chog_amount,liquidity_impact,direction,current trade size,6h,100,7699,770,high_decile,0.031712395703695356,0.06530933186727102,0.01475669866965845,-0.027493146822356557,0.019219470981748824,-0.020796270825487292,-0.04767937624134382,0.02688310541585653,0.34285714285714286,0.2779220779220779,0.1974025974025974,True,False,0.06530933186727102,gross_only_cost_failed
small_count_imbalance_15m,noise_filter,risk_filter,prior 15m small-trade count imbalance,6h,100,7699,606,high_decile,0.08098439249116997,0.07806674255867699,0.01475669866965845,-0.027493146822356557,0.020944680091374738,-0.02193378440822459,-0.030427931210380756,0.008494146802156165,0.33828382838283827,0.23267326732673269,0.1254125412541254,True,False,0.07806674255867699,gross_only_cost_failed
gas_regime_percentile_past,attention_crowding,filter,gas percentile using prior history,6h,100,7665,767,high_decile,0.008690638883925142,0.009610214207082524,0.015376888885336473,-0.026861239421728498,0.01811922720322811,-0.022898593394194915,-0.028003470242182537,0.005104876847987622,0.31681877444589307,0.26597131681877445,0.19165580182529335,True,False,0.009610214207082524,gross_only_cost_failed
all_event_density_per_min_15m,attention_crowding,filter,all-pool 15m event density,6h,100,7699,760,high_decile,0.060821423628088546,0.06162090175319146,0.01475669866965845,-0.027493146822356557,0.018865676717823365,-0.02315430346818458,-0.037430640310490565,0.014276336842305986,0.3868421052631579,0.26842105263157895,0.14342105263157895,True,False,0.06162090175319146,gross_only_cost_failed
crowded_same_block,attention_crowding,event_type,multiple pool events in same block,6h,100,7699,1349,true,-0.008687686967774756,-0.005604135907459574,0.01475669866965845,-0.027493146822356557,0.018318616016354206,-0.023474908928570546,-0.028346785077272674,0.004871876148702128,0.312824314306894,0.24091919940696813,0.15048183839881393,True,False,0.005604135907459574,gross_only_cost_failed
main_event_density_per_min_15m,attention_crowding,filter,main-pool 15m event density,6h,100,7699,760,high_decile,0.07022161331836799,0.07206959497006066,0.01475669866965845,-0.027493146822356557,0.017742535499628218,-0.024172505109106512,-0.04014887860615868,0.015976373497052165,0.36973684210526314,0.25394736842105264,0.12631578947368421,True,False,0.07206959497006066,gross_only_cost_failed
sell_pressure_absorbed_15m,main_pool_absorption,direction,prior sell pressure with non-negative main-pool price path,6h,100,7699,3850,low_decile,-0.07787394117834529,-0.07903272323095009,0.01475669866965845,-0.027493146822356557,0.017815665283510182,-0.02433147491919788,-0.06261248920184392,0.03828101428264605,0.32831168831168833,0.24181818181818182,0.14623376623376624,True,False,0.07903272323095009,gross_only_cost_failed
effective_gas_gwei,attention_crowding,filter,current effective gas regime,6h,100,7699,729,high_decile,0.004283703880204876,0.0053387989412260915,0.01475669866965845,-0.027493146822356557,0.01558854129986743,-0.025460087112842842,-0.02947719293333549,0.0040171058204926495,0.30864197530864196,0.2606310013717421,0.18792866941015088,True,False,0.0053387989412260915,gross_only_cost_failed
current_large_sell_p90,liquidity_impact,event_type,top decile sell,6h,100,7699,7122,false,-0.01927912227767637,-0.011753916182568132,0.01475669866965845,-0.027493146822356557,0.014995320719617206,-0.027434794995263443,-0.028213392424708626,0.0007785974294451832,0.3171861836562763,0.2445942151081157,0.15655714686885705,True,False,0.011753916182568132,gross_only_cost_failed
main_vs_non_main_flow_divergence_15m,main_pool_absorption,direction,"main-pool pressure minus non-main pressure, prior 15m",6h,100,7699,770,high_decile,0.08731716465890743,0.08920108992310112,0.01475669866965845,-0.027493146822356557,0.014178346066841709,-0.027437479561124717,-0.037659201827792504,0.010221722266667788,0.274025974025974,0.22337662337662337,0.13896103896103895,True,False,0.08920108992310112,gross_only_cost_failed
current_large_sell_no_drop,main_pool_absorption,event_type,large sell whose execution price did not drop more than 50 bps,6h,100,7699,7568,false,-0.016051713936429908,-0.012378999604963402,0.01475669866965845,-0.027493146822356557,0.014814567794928532,-0.027473616069583366,-0.028621457791727024,0.0011478417221436575,0.31672832980972515,0.24445031712473572,0.1569767441860465,True,False,0.012378999604963402,gross_only_cost_failed
non_main_volume_share_15m,main_pool_absorption,risk_filter,prior 15m non-main volume share,6h,100,7699,1542,low_decile,-0.011287184016620544,-0.015590170157274645,0.01475669866965845,-0.027493146822356557,0.012146579764191229,-0.029485877619158173,-0.03852479193249944,0.009038914313341268,0.29636835278858625,0.22892347600518806,0.122568093385214,True,False,0.015590170157274645,gross_only_cost_failed
main_flow_pressure_15m,main_pool_absorption,direction,prior 15m main-pool net flow pressure,6h,100,7699,768,high_decile,0.0030678846661351114,0.0054680076805249484,0.01475669866965845,-0.027493146822356557,0.006496623969148647,-0.035515961634701027,-0.03958649757536809,0.004070535940667065,0.24739583333333334,0.17317708333333334,0.10026041666666667,True,False,0.0054680076805249484,gross_only_cost_failed
main_flow_pressure_1h,main_pool_absorption,direction,prior 1h main-pool net flow pressure,6h,100,7699,770,low_decile,-0.08705517231613367,-0.08653616416340866,0.01475669866965845,-0.027493146822356557,0.0022074914459707974,-0.04058730525167365,-0.0440758693784972,0.003488564126823551,0.24155844155844156,0.17532467532467533,0.09220779220779221,True,False,0.08653616416340866,gross_only_cost_failed
large_net_flow_15m,liquidity_impact,direction,prior 15m large buy minus sell flow,6h,200,7699,778,low_decile,-0.12187539362647887,-0.12263365433354229,0.01475669866965845,-0.04749314682235656,0.0514556825508512,-0.010770314712875696,-0.08535704792454915,0.07458673321167346,0.39460154241645246,0.2969151670951157,0.2249357326478149,True,False,0.12263365433354229,gross_only_cost_failed
current_large_buy_p90,liquidity_impact,event_type,top decile buy,6h,200,7699,731,true,0.03282015831280963,0.04076266075645057,0.01475669866965845,-0.04749314682235656,0.02937767408743543,-0.030648178914844927,-0.04926032126845171,0.01861214235360678,0.31600547195622436,0.2585499316005472,0.19015047879616964,True,False,0.04076266075645057,gross_only_cost_failed
large_trade_volume_share_15m,liquidity_impact,risk_filter,prior 15m large-trade volume share,6h,200,7699,770,high_decile,0.027644163039231315,0.026245532463414843,0.01475669866965845,-0.04749314682235656,0.029485297836138513,-0.03259286550699382,-0.051454570046834784,0.018861704539840964,0.3116883116883117,0.2051948051948052,0.13636363636363635,True,False,0.026245532463414843,gross_only_cost_failed
all_event_density_per_min_5m,attention_crowding,filter,all-pool 5m event density,6h,200,6933,683,high_decile,0.038841550526495974,0.038328879386788244,0.015600190255540842,-0.04664220399159998,0.02887426781529912,-0.033029961611771914,-0.05190014705544139,0.018870185443669474,0.2796486090775988,0.1903367496339678,0.1259150805270864,True,False,0.038328879386788244,gross_only_cost_failed
log_main_quote_volume_15m,liquidity_impact,filter,prior 15m main-pool quote volume,6h,200,7699,770,high_decile,0.022547894832877044,0.022053268466744887,0.01475669866965845,-0.04749314682235656,0.02486132871391737,-0.03735583637593043,-0.051341916604953,0.01398608022902257,0.35584415584415585,0.2701298701298701,0.2064935064935065,True,False,0.022053268466744887,gross_only_cost_failed
current_is_large_trade_p90,liquidity_impact,event_type,top decile trade,6h,200,7699,1308,true,0.012101940461516992,0.023577972572047988,0.01475669866965845,-0.04749314682235656,0.021628615176224747,-0.03839674787141324,-0.049354841365907474,0.010958093494494232,0.2798165137614679,0.22400611620795108,0.1659021406727829,True,False,0.023577972572047988,gross_only_cost_failed
small_trade_count_share_15m,noise_filter,risk_filter,prior 15m small-trade count share,6h,200,7699,722,high_decile,0.029432067310509263,0.032387451729790795,0.01475669866965845,-0.04749314682235656,0.0233795638345036,-0.038682498708756015,-0.0618522662328182,0.023169767524062183,0.23130193905817176,0.15789473684210525,0.10249307479224377,True,False,0.032387451729790795,gross_only_cost_failed
current_is_buy,baseline_event_side,direction,current main-pool buy,6h,200,7699,3835,true,0.09316169421433784,0.09984839044001911,0.01475669866965845,-0.04749314682235656,0.02219538484573695,-0.039434295006905824,-0.05549151553670789,0.016057220529802067,0.2737940026075619,0.20234680573663624,0.14159061277705345,True,False,0.09984839044001911,gross_only_cost_failed
current_is_sell,baseline_event_side,risk_filter,current main-pool sell,6h,200,7699,3835,false,-0.09316169421433784,-0.09984839044001911,0.01475669866965845,-0.04749314682235656,0.02219538484573695,-0.039434295006905824,-0.05549151553670789,0.016057220529802067,0.2737940026075619,0.20234680573663624,0.14159061277705345,True,False,0.09984839044001911,gross_only_cost_failed
trade_size_percentile_past,liquidity_impact,direction,current trade size percentile using prior history,6h,200,7665,767,high_decile,0.03264409520826093,0.06620370078219241,0.015376888885336473,-0.046861239421728505,0.019628735266954075,-0.04038631124244219,-0.0658123237731115,0.025426012530669305,0.27509778357235987,0.22164276401564537,0.1590612777053455,True,False,0.06620370078219241,gross_only_cost_failed
log_main_quote_volume_1h,liquidity_impact,filter,prior 1h main-pool quote volume,6h,200,7699,770,high_decile,0.04879876747204069,0.050559371000732996,0.01475669866965845,-0.04749314682235656,0.021902775498085354,-0.04039834240197563,-0.049089832639340004,0.008691490237364374,0.3181818181818182,0.2688311688311688,0.23246753246753246,True,False,0.050559371000732996,gross_only_cost_failed
log_chog_amount,liquidity_impact,direction,current trade size,6h,200,7699,770,high_decile,0.031712395703695356,0.06530933186727102,0.01475669866965845,-0.04749314682235656,0.019219470981748824,-0.040796270825487285,-0.06767937624134383,0.026883105415856548,0.2779220779220779,0.22467532467532467,0.16363636363636364,True,False,0.06530933186727102,gross_only_cost_failed
small_count_imbalance_15m,noise_filter,risk_filter,prior 15m small-trade count imbalance,6h,200,7699,606,high_decile,0.08098439249116997,0.07806674255867699,0.01475669866965845,-0.04749314682235656,0.020944680091374738,-0.04193378440822458,-0.05042793121038076,0.008494146802156176,0.23267326732673269,0.14026402640264027,0.1188118811881188,True,False,0.07806674255867699,gross_only_cost_failed
gas_regime_percentile_past,attention_crowding,filter,gas percentile using prior history,6h,200,7665,767,high_decile,0.008690638883925142,0.009610214207082524,0.015376888885336473,-0.046861239421728505,0.01811922720322811,-0.04289859339419492,-0.04800347024218253,0.005104876847987612,0.26597131681877445,0.2151238591916558,0.15645371577574968,True,False,0.009610214207082524,gross_only_cost_failed
all_event_density_per_min_15m,attention_crowding,filter,all-pool 15m event density,6h,200,7699,760,high_decile,0.060821423628088546,0.06162090175319146,0.01475669866965845,-0.04749314682235656,0.018865676717823365,-0.04315430346818458,-0.05743064031049056,0.014276336842305982,0.26842105263157895,0.17105263157894737,0.12368421052631579,True,False,0.06162090175319146,gross_only_cost_failed
crowded_same_block,attention_crowding,event_type,multiple pool events in same block,6h,200,7699,1349,true,-0.008687686967774756,-0.005604135907459574,0.01475669866965845,-0.04749314682235656,0.018318616016354206,-0.043474908928570546,-0.04834678507727268,0.004871876148702131,0.24091919940696813,0.17123795404002964,0.134173461823573,True,False,0.005604135907459574,gross_only_cost_failed
main_event_density_per_min_15m,attention_crowding,filter,main-pool 15m event density,6h,200,7699,760,high_decile,0.07022161331836799,0.07206959497006066,0.01475669866965845,-0.04749314682235656,0.017742535499628218,-0.044172505109106516,-0.06014887860615867,0.01597637349705215,0.25394736842105264,0.15789473684210525,0.10921052631578948,True,False,0.07206959497006066,gross_only_cost_failed
sell_pressure_absorbed_15m,main_pool_absorption,direction,prior sell pressure with non-negative main-pool price path,6h,200,7699,3850,low_decile,-0.07787394117834529,-0.07903272323095009,0.01475669866965845,-0.04749314682235656,0.017815665283510182,-0.04433147491919788,-0.08261248920184391,0.038281014282646034,0.24181818181818182,0.16935064935064936,0.11298701298701298,True,False,0.07903272323095009,gross_only_cost_failed
effective_gas_gwei,attention_crowding,filter,current effective gas regime,6h,200,7699,729,high_decile,0.004283703880204876,0.0053387989412260915,0.01475669866965845,-0.04749314682235656,0.01558854129986743,-0.04546008711284284,-0.04947719293333549,0.004017105820492646,0.2606310013717421,0.2112482853223594,0.1522633744855967,True,False,0.0053387989412260915,gross_only_cost_failed
current_large_sell_p90,liquidity_impact,event_type,top decile sell,6h,200,7699,7122,false,-0.01927912227767637,-0.011753916182568132,0.01475669866965845,-0.04749314682235656,0.014995320719617206,-0.04743479499526344,-0.04821339242470863,0.0007785974294451867,0.2445942151081157,0.18155012636899748,0.12552653748946924,True,False,0.011753916182568132,gross_only_cost_failed
main_vs_non_main_flow_divergence_15m,main_pool_absorption,direction,"main-pool pressure minus non-main pressure, prior 15m",6h,200,7699,770,high_decile,0.08731716465890743,0.08920108992310112,0.01475669866965845,-0.04749314682235656,0.014178346066841709,-0.04743747956112472,-0.0576592018277925,0.01022172226666778,0.22337662337662337,0.17142857142857143,0.0987012987012987,True,False,0.08920108992310112,gross_only_cost_failed
current_large_sell_no_drop,main_pool_absorption,event_type,large sell whose execution price did not drop more than 50 bps,6h,200,7699,7568,false,-0.016051713936429908,-0.012378999604963402,0.01475669866965845,-0.04749314682235656,0.014814567794928532,-0.047473616069583356,-0.04862145779172703,0.0011478417221436749,0.24445031712473572,0.18181818181818182,0.12658562367864692,True,False,0.012378999604963402,gross_only_cost_failed
non_main_volume_share_15m,main_pool_absorption,risk_filter,prior 15m non-main volume share,6h,200,7699,1542,low_decile,-0.011287184016620544,-0.015590170157274645,0.01475669866965845,-0.04749314682235656,0.012146579764191229,-0.049485877619158174,-0.058524791932499445,0.009038914313341272,0.22892347600518806,0.15369649805447472,0.08365758754863813,True,False,0.015590170157274645,gross_only_cost_failed
main_flow_pressure_15m,main_pool_absorption,direction,prior 15m main-pool net flow pressure,6h,200,7699,768,high_decile,0.0030678846661351114,0.0054680076805249484,0.01475669866965845,-0.04749314682235656,0.006496623969148647,-0.055515961634701017,-0.0595864975753681,0.004070535940667086,0.17317708333333334,0.12630208333333334,0.0703125,True,False,0.0054680076805249484,gross_only_cost_failed
main_flow_pressure_1h,main_pool_absorption,direction,prior 1h main-pool net flow pressure,6h,200,7699,770,low_decile,-0.08705517231613367,-0.08653616416340866,0.01475669866965845,-0.04749314682235656,0.0022074914459707974,-0.06058730525167366,-0.0640758693784972,0.0034885641268235373,0.17532467532467533,0.11168831168831168,0.06233766233766234,True,False,0.08653616416340866,gross_only_cost_failed
