fetched_at_utc,block_number,block_timestamp,block_datetime_utc,transaction_hash,transaction_index,log_index,token_address,from_address,to_address,value_raw,value_chog,removed
2026-05-07T02:38:04Z,72836033,1778081591,2026-05-06T15:33:11Z,0x03f14aac7cbd968dccb0b700b2ae969d4ac482bb66f38a43d980c8ed63b455a5,9,7,0x350035555e10d9afaf1566aaebfced5ba6c27777,0x188d586ddcf52439676ca21a244753fa19f9ea8e,0x395c72052da599f926c9b86d893677e2052db1d1,12818869468602851936499,12818.869468602851936499,false
2026-05-07T02:38:04Z,72836502,1778081778,2026-05-06T15:36:18Z,0x508412963624221666e66ddc1ab520ead279ec2db04810a13343a89b1c5f6b0c,7,25,0x350035555e10d9afaf1566aaebfced5ba6c27777,0x116e7d070f1888b81e1e0324f56d6746b2d7d8f1,0xcd68f7c0668b72ab943e09ff4dbf53da64b8a8c2,202412857092802702162,202.412857092802702162,false
2026-05-07T02:38:04Z,72836502,1778081778,2026-05-06T15:36:18Z,0x508412963624221666e66ddc1ab520ead279ec2db04810a13343a89b1c5f6b0c,7,28,0x350035555e10d9afaf1566aaebfced5ba6c27777,0xcd68f7c0668b72ab943e09ff4dbf53da64b8a8c2,0xaebe5522749b65eae7b2a35c593145cc3128b515,202412857092802702162,202.412857092802702162,false
2026-05-07T02:38:04Z,72836502,1778081778,2026-05-06T15:36:18Z,0x508412963624221666e66ddc1ab520ead279ec2db04810a13343a89b1c5f6b0c,7,30,0x350035555e10d9afaf1566aaebfced5ba6c27777,0xaebe5522749b65eae7b2a35c593145cc3128b515,0xb0baace23ac7cbd25211134a0b47ad70a9d42fa4,202412857092802702162,202.412857092802702162,false
2026-05-07T02:38:04Z,72836529,1778081789,2026-05-06T15:36:29Z,0x3ffc3a4461015c693f7412fa3bc05b3d53466e813d6ef2e0aa7ad55afc046f1f,5,6,0x350035555e10d9afaf1566aaebfced5ba6c27777,0xb0baace23ac7cbd25211134a0b47ad70a9d42fa4,0x1d91a6339f6c484ad9a29dac34d2403e8688a423,202412857092802702162,202.412857092802702162,false
2026-05-07T02:38:04Z,72836529,1778081789,2026-05-06T15:36:29Z,0x3ffc3a4461015c693f7412fa3bc05b3d53466e813d6ef2e0aa7ad55afc046f1f,5,10,0x350035555e10d9afaf1566aaebfced5ba6c27777,0x1d91a6339f6c484ad9a29dac34d2403e8688a423,0x0b79d71ae99528d1db24a4148b5f4f865cc2b137,202412857092802702162,202.412857092802702162,false
2026-05-07T02:38:04Z,72836529,1778081789,2026-05-06T15:36:29Z,0x3ffc3a4461015c693f7412fa3bc05b3d53466e813d6ef2e0aa7ad55afc046f1f,5,12,0x350035555e10d9afaf1566aaebfced5ba6c27777,0x0b79d71ae99528d1db24a4148b5f4f865cc2b137,0x116e7d070f1888b81e1e0324f56d6746b2d7d8f1,202412857092802702162,202.412857092802702162,false
2026-05-07T02:38:04Z,72837350,1778082116,2026-05-06T15:41:56Z,0x9778601d96d216cd8c8d60c235d103438c6a273d1a30e954605f67d501c17885,2,7,0x350035555e10d9afaf1566aaebfced5ba6c27777,0x395c72052da599f926c9b86d893677e2052db1d1,0x188d586ddcf52439676ca21a244753fa19f9ea8e,155137472703323210836833,155137.472703323210836833,false
2026-05-07T02:38:04Z,72837501,1778082176,2026-05-06T15:42:56Z,0x47051783962bee6f7916e793587448427d1daf0e0c74b6bd367e7949be69db45,26,188,0x350035555e10d9afaf1566aaebfced5ba6c27777,0x770d260534774e06b924bdb0177ba63f460546d9,0x116e7d070f1888b81e1e0324f56d6746b2d7d8f1,38000000000000000000,38,false
2026-05-07T02:38:04Z,72837768,1778082282,2026-05-06T15:44:42Z,0x57853ad4308b4b3c36715aba134bb8060728ee10f6ecef0bbf0f6e31b0fe7302,4,8,0x350035555e10d9afaf1566aaebfced5ba6c27777,0x611126e071501f8a4475a08718591abb8e7ed3bf,0x116e7d070f1888b81e1e0324f56d6746b2d7d8f1,3000,0.000000000000003,false
2026-05-07T02:38:04Z,72837903,1778082337,2026-05-06T15:45:37Z,0x3ff5c855f58584ceb90f002f0dce1da193e72b57da2e98a9ed08ef6e1723b42a,13,38,0x350035555e10d9afaf1566aaebfced5ba6c27777,0x116e7d070f1888b81e1e0324f56d6746b2d7d8f1,0xc89a758db95431834bd2153feb27b38703cc144f,8091489093766854751744,8091.489093766854751744,false
2026-05-07T02:38:04Z,72838012,1778082380,2026-05-06T15:46:20Z,0x8c0248720a11e4a7442596ff5c385d11f055d413b949a4e6d82a1f355d8730b7,3,2,0x350035555e10d9afaf1566aaebfced5ba6c27777,0xdd0b5a266e13bbea36212575129480d787b7105f,0xb3e6778480b2e488385e8205ea05e20060b813cb,40000000000000000000000,40000,false
2026-05-07T02:38:04Z,72838012,1778082380,2026-05-06T15:46:20Z,0x8c0248720a11e4a7442596ff5c385d11f055d413b949a4e6d82a1f355d8730b7,3,5,0x350035555e10d9afaf1566aaebfced5ba6c27777,0xb3e6778480b2e488385e8205ea05e20060b813cb,0x2f84fb8982073f39ba47c7fcc29119af074abbcb,40000000000000000000000,40000,false
2026-05-07T02:38:04Z,72838012,1778082380,2026-05-06T15:46:20Z,0x8c0248720a11e4a7442596ff5c385d11f055d413b949a4e6d82a1f355d8730b7,3,7,0x350035555e10d9afaf1566aaebfced5ba6c27777,0x2f84fb8982073f39ba47c7fcc29119af074abbcb,0x116e7d070f1888b81e1e0324f56d6746b2d7d8f1,38137178606851300831616,38137.178606851300831616,false
2026-05-07T02:38:04Z,72838012,1778082380,2026-05-06T15:46:20Z,0x8c0248720a11e4a7442596ff5c385d11f055d413b949a4e6d82a1f355d8730b7,3,10,0x350035555e10d9afaf1566aaebfced5ba6c27777,0x2f84fb8982073f39ba47c7fcc29119af074abbcb,0x188d586ddcf52439676ca21a244753fa19f9ea8e,1862821393148699168384,1862.821393148699168384,false
2026-05-07T02:38:04Z,72838184,1778082449,2026-05-06T15:47:29Z,0xb57dfaa8a1886416d52aaa26e5f6d0a3102a5dae7503e382b7f649d80be780d3,19,147,0x350035555e10d9afaf1566aaebfced5ba6c27777,0x2f1e7be443bcab0aaa31f3517653f81d5ea0f518,0xc118d14516f947a47e80319fcd3ffddfdead7777,212000000000000000000,212,false
2026-05-07T02:38:04Z,72838343,1778082512,2026-05-06T15:48:32Z,0x1365eb7bff76752bb75856762fd4f20e3fe5cc37da33bc10d6face84c885f4f4,1,3,0x350035555e10d9afaf1566aaebfced5ba6c27777,0x188d586ddcf52439676ca21a244753fa19f9ea8e,0x116e7d070f1888b81e1e0324f56d6746b2d7d8f1,66015097117493800187442,66015.097117493800187442,false
2026-05-07T02:38:04Z,72838351,1778082515,2026-05-06T15:48:35Z,0x90638e1d8719ecfa0b7132d1c67352c2cff89a4ae14bb3cebbac49dfeb5b0540,6,15,0x350035555e10d9afaf1566aaebfced5ba6c27777,0x80e9fef58fbbd09b035a64b8c01b4cd913df2e7c,0xde4c4a5d91ed23964a7b636d2b15edf51f4a7a6d,1400000000,0.0000000014,false
2026-05-07T02:38:04Z,72838688,1778082650,2026-05-06T15:50:50Z,0x18f5fcd36de45b42669f339f7d778671324f23e6f1d3db2d05947d5bb04d589d,6,11,0x350035555e10d9afaf1566aaebfced5ba6c27777,0x116e7d070f1888b81e1e0324f56d6746b2d7d8f1,0x60205bab990bf54c701f8850e56bc52446008930,22297256602880361180002,22297.256602880361180002,false
2026-05-07T02:38:04Z,72839513,1778082980,2026-05-06T15:56:20Z,0x2f6f91aa5d7be4d76df555c38cf1858007bc8acdab528c68df44e4a0aa71eee3,4,9,0x350035555e10d9afaf1566aaebfced5ba6c27777,0x116e7d070f1888b81e1e0324f56d6746b2d7d8f1,0xcd68f7c0668b72ab943e09ff4dbf53da64b8a8c2,570977283148696670392,570.977283148696670392,false
2026-05-07T02:38:04Z,72839513,1778082980,2026-05-06T15:56:20Z,0x2f6f91aa5d7be4d76df555c38cf1858007bc8acdab528c68df44e4a0aa71eee3,4,12,0x350035555e10d9afaf1566aaebfced5ba6c27777,0xcd68f7c0668b72ab943e09ff4dbf53da64b8a8c2,0xaebe5522749b65eae7b2a35c593145cc3128b515,570977283148696670392,570.977283148696670392,false
2026-05-07T02:38:04Z,72839513,1778082980,2026-05-06T15:56:20Z,0x2f6f91aa5d7be4d76df555c38cf1858007bc8acdab528c68df44e4a0aa71eee3,4,14,0x350035555e10d9afaf1566aaebfced5ba6c27777,0xaebe5522749b65eae7b2a35c593145cc3128b515,0xb0baace23ac7cbd25211134a0b47ad70a9d42fa4,570977283148696670392,570.977283148696670392,false
2026-05-07T02:38:04Z,72839541,1778082991,2026-05-06T15:56:31Z,0x8bc2b16485e1330587819670aa6ff428444fb3f0e78d9dfab75dabfff96b9081,5,30,0x350035555e10d9afaf1566aaebfced5ba6c27777,0xb0baace23ac7cbd25211134a0b47ad70a9d42fa4,0x1d91a6339f6c484ad9a29dac34d2403e8688a423,570977283148696670392,570.977283148696670392,false
2026-05-07T02:38:04Z,72839541,1778082991,2026-05-06T15:56:31Z,0x8bc2b16485e1330587819670aa6ff428444fb3f0e78d9dfab75dabfff96b9081,5,34,0x350035555e10d9afaf1566aaebfced5ba6c27777,0x1d91a6339f6c484ad9a29dac34d2403e8688a423,0x0b79d71ae99528d1db24a4148b5f4f865cc2b137,570977283148696670392,570.977283148696670392,false
2026-05-07T02:38:04Z,72839541,1778082991,2026-05-06T15:56:31Z,0x8bc2b16485e1330587819670aa6ff428444fb3f0e78d9dfab75dabfff96b9081,5,36,0x350035555e10d9afaf1566aaebfced5ba6c27777,0x0b79d71ae99528d1db24a4148b5f4f865cc2b137,0x116e7d070f1888b81e1e0324f56d6746b2d7d8f1,570977283148696670392,570.977283148696670392,false
2026-05-07T02:38:04Z,72840551,1778083394,2026-05-06T16:03:14Z,0xa4a8099ea464f864015d9dece2687cc67a2cc1dff7b25603a4ea99a613732cee,1,1,0x350035555e10d9afaf1566aaebfced5ba6c27777,0xdd0b5a266e13bbea36212575129480d787b7105f,0xb3e6778480b2e488385e8205ea05e20060b813cb,40000000000000000000000,40000,false
2026-05-07T02:38:04Z,72840551,1778083394,2026-05-06T16:03:14Z,0xa4a8099ea464f864015d9dece2687cc67a2cc1dff7b25603a4ea99a613732cee,1,4,0x350035555e10d9afaf1566aaebfced5ba6c27777,0xb3e6778480b2e488385e8205ea05e20060b813cb,0x2f84fb8982073f39ba47c7fcc29119af074abbcb,40000000000000000000000,40000,false
2026-05-07T02:38:04Z,72840551,1778083394,2026-05-06T16:03:14Z,0xa4a8099ea464f864015d9dece2687cc67a2cc1dff7b25603a4ea99a613732cee,1,6,0x350035555e10d9afaf1566aaebfced5ba6c27777,0x2f84fb8982073f39ba47c7fcc29119af074abbcb,0x116e7d070f1888b81e1e0324f56d6746b2d7d8f1,34310215915159838254367,34310.215915159838254367,false
2026-05-07T02:38:04Z,72840551,1778083394,2026-05-06T16:03:14Z,0xa4a8099ea464f864015d9dece2687cc67a2cc1dff7b25603a4ea99a613732cee,1,9,0x350035555e10d9afaf1566aaebfced5ba6c27777,0x2f84fb8982073f39ba47c7fcc29119af074abbcb,0xde4c4a5d91ed23964a7b636d2b15edf51f4a7a6d,96437018387121385519,96.437018387121385519,false
2026-05-07T02:38:04Z,72840551,1778083394,2026-05-06T16:03:14Z,0xa4a8099ea464f864015d9dece2687cc67a2cc1dff7b25603a4ea99a613732cee,1,12,0x350035555e10d9afaf1566aaebfced5ba6c27777,0x2f84fb8982073f39ba47c7fcc29119af074abbcb,0x188d586ddcf52439676ca21a244753fa19f9ea8e,5593347066453040360114,5593.347066453040360114,false
2026-05-07T02:38:04Z,72840718,1778083462,2026-05-06T16:04:22Z,0xe4cce00a20ea4a0762b739375c09d29ad4398502085edabedf6161c4aaa66d8a,3,8,0x350035555e10d9afaf1566aaebfced5ba6c27777,0xaf3290bea593c6150c4b173102a8b25842d22a32,0xde4c4a5d91ed23964a7b636d2b15edf51f4a7a6d,9800000000000000,0.0098,false
2026-05-07T02:38:04Z,72841005,1778083576,2026-05-06T16:06:16Z,0xa3cdde5f83f0229a077d3ba25149904efe564f0c38a7809e2d69fafce835cb0e,5,15,0x350035555e10d9afaf1566aaebfced5ba6c27777,0xbb9b0adb06a13d2fec22a4158e62ac34af65dd8e,0xde4c4a5d91ed23964a7b636d2b15edf51f4a7a6d,300000000000000000,0.3,false
2026-05-07T02:38:04Z,72842091,1778084010,2026-05-06T16:13:30Z,0xedf734ae2e58aabb4f1b0059560673171b0894d3aa4d3a9966dc1c80b47c2439,3,4,0x350035555e10d9afaf1566aaebfced5ba6c27777,0xe2699b4b94665ef5bc0bd7363c4fea91e2f8ccc2,0x026f252016a7c47cdef1f05a3fc9e20c92a49c37,7750000000150428538311,7750.000000150428538311,false
2026-05-07T02:38:04Z,72842091,1778084010,2026-05-06T16:13:30Z,0xedf734ae2e58aabb4f1b0059560673171b0894d3aa4d3a9966dc1c80b47c2439,3,5,0x350035555e10d9afaf1566aaebfced5ba6c27777,0x026f252016a7c47cdef1f05a3fc9e20c92a49c37,0x8f10b468b06c6fd214b65f87778827f7d113f996,7750000000150428538311,7750.000000150428538311,false
2026-05-07T02:38:04Z,72842091,1778084010,2026-05-06T16:13:30Z,0xedf734ae2e58aabb4f1b0059560673171b0894d3aa4d3a9966dc1c80b47c2439,3,7,0x350035555e10d9afaf1566aaebfced5ba6c27777,0x8f10b468b06c6fd214b65f87778827f7d113f996,0xbfca90ba028b6376cc408935f1e026ffec5c4959,7750000000150428538311,7750.000000150428538311,false
2026-05-07T02:38:04Z,72842613,1778084218,2026-05-06T16:16:58Z,0x8b35f712ffb9c90463064474fa8d8eee076dd831ff0c99bf6538b44544f1b0da,4,6,0x350035555e10d9afaf1566aaebfced5ba6c27777,0xb45058caf4bb52008942da2307dc900d169eaf27,0xfb78fcae443eb423b59b8c186518c5df94416344,30000000000000000000000,30000,false
2026-05-07T02:38:04Z,72842613,1778084218,2026-05-06T16:16:58Z,0x8b35f712ffb9c90463064474fa8d8eee076dd831ff0c99bf6538b44544f1b0da,4,8,0x350035555e10d9afaf1566aaebfced5ba6c27777,0xfb78fcae443eb423b59b8c186518c5df94416344,0x188d586ddcf52439676ca21a244753fa19f9ea8e,2250000000000000000000,2250,false
2026-05-07T02:38:04Z,72842613,1778084218,2026-05-06T16:16:58Z,0x8b35f712ffb9c90463064474fa8d8eee076dd831ff0c99bf6538b44544f1b0da,4,11,0x350035555e10d9afaf1566aaebfced5ba6c27777,0xfb78fcae443eb423b59b8c186518c5df94416344,0x116e7d070f1888b81e1e0324f56d6746b2d7d8f1,27750000000000000000000,27750,false
2026-05-07T02:38:04Z,72842774,1778084282,2026-05-06T16:18:02Z,0xa89e143f8b71fc52450d792ab92cd1e14146d4389018938d31cb0ec56ea67267,1,1,0x350035555e10d9afaf1566aaebfced5ba6c27777,0xdd0b5a266e13bbea36212575129480d787b7105f,0xb3e6778480b2e488385e8205ea05e20060b813cb,45000000000000000000000,45000,false
2026-05-07T02:38:04Z,72842774,1778084282,2026-05-06T16:18:02Z,0xa89e143f8b71fc52450d792ab92cd1e14146d4389018938d31cb0ec56ea67267,1,4,0x350035555e10d9afaf1566aaebfced5ba6c27777,0xb3e6778480b2e488385e8205ea05e20060b813cb,0x2f84fb8982073f39ba47c7fcc29119af074abbcb,45000000000000000000000,45000,false
2026-05-07T02:38:04Z,72842774,1778084282,2026-05-06T16:18:02Z,0xa89e143f8b71fc52450d792ab92cd1e14146d4389018938d31cb0ec56ea67267,1,6,0x350035555e10d9afaf1566aaebfced5ba6c27777,0x2f84fb8982073f39ba47c7fcc29119af074abbcb,0x116e7d070f1888b81e1e0324f56d6746b2d7d8f1,42986724650949874113069,42986.724650949874113069,false
2026-05-07T02:38:04Z,72842774,1778084282,2026-05-06T16:18:02Z,0xa89e143f8b71fc52450d792ab92cd1e14146d4389018938d31cb0ec56ea67267,1,9,0x350035555e10d9afaf1566aaebfced5ba6c27777,0x2f84fb8982073f39ba47c7fcc29119af074abbcb,0xde4c4a5d91ed23964a7b636d2b15edf51f4a7a6d,145571068894483863584,145.571068894483863584,false
2026-05-07T02:38:04Z,72842774,1778084282,2026-05-06T16:18:02Z,0xa89e143f8b71fc52450d792ab92cd1e14146d4389018938d31cb0ec56ea67267,1,12,0x350035555e10d9afaf1566aaebfced5ba6c27777,0x2f84fb8982073f39ba47c7fcc29119af074abbcb,0x188d586ddcf52439676ca21a244753fa19f9ea8e,1867704280155642023347,1867.704280155642023347,false
2026-05-07T02:38:04Z,72843683,1778084646,2026-05-06T16:24:06Z,0x12c9b28ba67bfeceb238f0e422f945ec06c660c2492737edc0bccaba4f06bba5,2,7,0x350035555e10d9afaf1566aaebfced5ba6c27777,0x116e7d070f1888b81e1e0324f56d6746b2d7d8f1,0x8f10b468b06c6fd214b65f87778827f7d113f996,8966343000992252878680,8966.34300099225287868,false
2026-05-07T02:38:04Z,72843683,1778084646,2026-05-06T16:24:06Z,0x12c9b28ba67bfeceb238f0e422f945ec06c660c2492737edc0bccaba4f06bba5,2,12,0x350035555e10d9afaf1566aaebfced5ba6c27777,0x8f10b468b06c6fd214b65f87778827f7d113f996,0x188d586ddcf52439676ca21a244753fa19f9ea8e,8966343000992252878680,8966.34300099225287868,false
2026-05-07T02:38:04Z,72843813,1778084698,2026-05-06T16:24:58Z,0xf00788afe71fca13c040019733a4b7b394272aee707aadad03be3e0fe27c4020,1,4,0x350035555e10d9afaf1566aaebfced5ba6c27777,0x116e7d070f1888b81e1e0324f56d6746b2d7d8f1,0x188d586ddcf52439676ca21a244753fa19f9ea8e,24642465687023219512161,24642.465687023219512161,false
2026-05-07T02:38:04Z,72844088,1778084808,2026-05-06T16:26:48Z,0xfc7d51608edda0c62bb731c7eab344a3e78c17fc4c2d8fd2dcaf269eb3e6b5b9,4,11,0x350035555e10d9afaf1566aaebfced5ba6c27777,0x116e7d070f1888b81e1e0324f56d6746b2d7d8f1,0xcd68f7c0668b72ab943e09ff4dbf53da64b8a8c2,577678691916693581268,577.678691916693581268,false
2026-05-07T02:38:04Z,72844088,1778084808,2026-05-06T16:26:48Z,0xfc7d51608edda0c62bb731c7eab344a3e78c17fc4c2d8fd2dcaf269eb3e6b5b9,4,14,0x350035555e10d9afaf1566aaebfced5ba6c27777,0xcd68f7c0668b72ab943e09ff4dbf53da64b8a8c2,0xaebe5522749b65eae7b2a35c593145cc3128b515,577678691916693581268,577.678691916693581268,false
2026-05-07T02:38:04Z,72844088,1778084808,2026-05-06T16:26:48Z,0xfc7d51608edda0c62bb731c7eab344a3e78c17fc4c2d8fd2dcaf269eb3e6b5b9,4,16,0x350035555e10d9afaf1566aaebfced5ba6c27777,0xaebe5522749b65eae7b2a35c593145cc3128b515,0xb0baace23ac7cbd25211134a0b47ad70a9d42fa4,577678691916693581268,577.678691916693581268,false
2026-05-07T02:38:04Z,72844092,1778084810,2026-05-06T16:26:50Z,0x24ab03e4830126608ec84270291b63d5203249a63dba131274f070378295a645,12,41,0x350035555e10d9afaf1566aaebfced5ba6c27777,0xb0baace23ac7cbd25211134a0b47ad70a9d42fa4,0x1d91a6339f6c484ad9a29dac34d2403e8688a423,577678691916693581268,577.678691916693581268,false
2026-05-07T02:38:04Z,72844092,1778084810,2026-05-06T16:26:50Z,0x24ab03e4830126608ec84270291b63d5203249a63dba131274f070378295a645,12,45,0x350035555e10d9afaf1566aaebfced5ba6c27777,0x1d91a6339f6c484ad9a29dac34d2403e8688a423,0x0b79d71ae99528d1db24a4148b5f4f865cc2b137,577678691916693581268,577.678691916693581268,false
2026-05-07T02:38:04Z,72844092,1778084810,2026-05-06T16:26:50Z,0x24ab03e4830126608ec84270291b63d5203249a63dba131274f070378295a645,12,47,0x350035555e10d9afaf1566aaebfced5ba6c27777,0x0b79d71ae99528d1db24a4148b5f4f865cc2b137,0x116e7d070f1888b81e1e0324f56d6746b2d7d8f1,577678691916693581268,577.678691916693581268,false
2026-05-07T02:38:04Z,72845057,1778085195,2026-05-06T16:33:15Z,0x1da56b12c8b60362b8861a58f010947bf6590fb7b68b57bd86ead071fb9eee1e,8,21,0x350035555e10d9afaf1566aaebfced5ba6c27777,0x9b2c7b0d51c54394e2da711bc633e61687154273,0x116e7d070f1888b81e1e0324f56d6746b2d7d8f1,10000000000,0.00000001,false
2026-05-07T02:38:04Z,72845130,1778085224,2026-05-06T16:33:44Z,0xa5377758d9474e39a79f0d001da8ec2cc8a4ed7ad52781c1fdfd4f658ebbeb70,2,3,0x350035555e10d9afaf1566aaebfced5ba6c27777,0xde4c4a5d91ed23964a7b636d2b15edf51f4a7a6d,0xfb78fcae443eb423b59b8c186518c5df94416344,788630995864506341154,788.630995864506341154,false
2026-05-07T02:38:04Z,72845130,1778085224,2026-05-06T16:33:44Z,0xa5377758d9474e39a79f0d001da8ec2cc8a4ed7ad52781c1fdfd4f658ebbeb70,2,6,0x350035555e10d9afaf1566aaebfced5ba6c27777,0xbfca90ba028b6376cc408935f1e026ffec5c4959,0xfb78fcae443eb423b59b8c186518c5df94416344,1304949316881129976942,1304.949316881129976942,false
2026-05-07T02:38:04Z,72845130,1778085224,2026-05-06T16:33:44Z,0xa5377758d9474e39a79f0d001da8ec2cc8a4ed7ad52781c1fdfd4f658ebbeb70,2,12,0x350035555e10d9afaf1566aaebfced5ba6c27777,0x188d586ddcf52439676ca21a244753fa19f9ea8e,0xfb78fcae443eb423b59b8c186518c5df94416344,1566320685642937644313,1566.320685642937644313,false
2026-05-07T02:38:04Z,72845130,1778085224,2026-05-06T16:33:44Z,0xa5377758d9474e39a79f0d001da8ec2cc8a4ed7ad52781c1fdfd4f658ebbeb70,2,13,0x350035555e10d9afaf1566aaebfced5ba6c27777,0x116e7d070f1888b81e1e0324f56d6746b2d7d8f1,0xfb78fcae443eb423b59b8c186518c5df94416344,6784925366755804458871,6784.925366755804458871,false
2026-05-07T02:38:04Z,72845130,1778085224,2026-05-06T16:33:44Z,0xa5377758d9474e39a79f0d001da8ec2cc8a4ed7ad52781c1fdfd4f658ebbeb70,2,16,0x350035555e10d9afaf1566aaebfced5ba6c27777,0xfb78fcae443eb423b59b8c186518c5df94416344,0xd02af8d5bc20dd2f071e904cd12cc98a010ffa31,10444826365144378421280,10444.82636514437842128,false
2026-05-07T02:38:04Z,72845617,1778085419,2026-05-06T16:36:59Z,0x0f2a949a16f585ffef51871af639c6bcc08f77613b8c666def769587f0f52c29,7,82,0x350035555e10d9afaf1566aaebfced5ba6c27777,0x116e7d070f1888b81e1e0324f56d6746b2d7d8f1,0xcd68f7c0668b72ab943e09ff4dbf53da64b8a8c2,3159621756382713161,3.159621756382713161,false
2026-05-07T02:38:04Z,72845617,1778085419,2026-05-06T16:36:59Z,0x0f2a949a16f585ffef51871af639c6bcc08f77613b8c666def769587f0f52c29,7,85,0x350035555e10d9afaf1566aaebfced5ba6c27777,0xcd68f7c0668b72ab943e09ff4dbf53da64b8a8c2,0xaebe5522749b65eae7b2a35c593145cc3128b515,3159621756382713161,3.159621756382713161,false
2026-05-07T02:38:04Z,72845617,1778085419,2026-05-06T16:36:59Z,0x0f2a949a16f585ffef51871af639c6bcc08f77613b8c666def769587f0f52c29,7,87,0x350035555e10d9afaf1566aaebfced5ba6c27777,0xaebe5522749b65eae7b2a35c593145cc3128b515,0xb0baace23ac7cbd25211134a0b47ad70a9d42fa4,3159621756382713161,3.159621756382713161,false
2026-05-07T02:38:04Z,72845646,1778085431,2026-05-06T16:37:11Z,0xe3766275e4efdef98fcfc0eb8eff0fec556244844f7e455bf2dfbb325dc31523,4,6,0x350035555e10d9afaf1566aaebfced5ba6c27777,0xb0baace23ac7cbd25211134a0b47ad70a9d42fa4,0x1d91a6339f6c484ad9a29dac34d2403e8688a423,3159621756382713161,3.159621756382713161,false
2026-05-07T02:38:04Z,72845646,1778085431,2026-05-06T16:37:11Z,0xe3766275e4efdef98fcfc0eb8eff0fec556244844f7e455bf2dfbb325dc31523,4,10,0x350035555e10d9afaf1566aaebfced5ba6c27777,0x1d91a6339f6c484ad9a29dac34d2403e8688a423,0x0b79d71ae99528d1db24a4148b5f4f865cc2b137,3159621756382713161,3.159621756382713161,false
2026-05-07T02:38:04Z,72845646,1778085431,2026-05-06T16:37:11Z,0xe3766275e4efdef98fcfc0eb8eff0fec556244844f7e455bf2dfbb325dc31523,4,12,0x350035555e10d9afaf1566aaebfced5ba6c27777,0x0b79d71ae99528d1db24a4148b5f4f865cc2b137,0x116e7d070f1888b81e1e0324f56d6746b2d7d8f1,3159621756382713161,3.159621756382713161,false
2026-05-07T02:38:04Z,72846435,1778085746,2026-05-06T16:42:26Z,0x7211001197ac11f08a56758400082b5fe8ee30f16c0689b54844cda43693cbe2,4,31,0x350035555e10d9afaf1566aaebfced5ba6c27777,0x7d8f9392a9f9633ff8b68f88c0df4f227cbdd3dd,0xb45373129b4220160b92bd2320869f44d48ecd01,2001887768923133472361,2001.887768923133472361,false
2026-05-07T02:38:04Z,72846435,1778085746,2026-05-06T16:42:26Z,0x7211001197ac11f08a56758400082b5fe8ee30f16c0689b54844cda43693cbe2,4,32,0x350035555e10d9afaf1566aaebfced5ba6c27777,0xb45373129b4220160b92bd2320869f44d48ecd01,0x922164bbbd36acf9e854acbbf32facc949fcaeef,400377553784626694,0.400377553784626694,false
2026-05-07T02:38:04Z,72846435,1778085746,2026-05-06T16:42:26Z,0x7211001197ac11f08a56758400082b5fe8ee30f16c0689b54844cda43693cbe2,4,33,0x350035555e10d9afaf1566aaebfced5ba6c27777,0xb45373129b4220160b92bd2320869f44d48ecd01,0x7b539258661c6b642c2db727f8069acf0686bb2d,1601510215138506778,1.601510215138506778,false
2026-05-07T02:38:04Z,72846435,1778085746,2026-05-06T16:42:26Z,0x7211001197ac11f08a56758400082b5fe8ee30f16c0689b54844cda43693cbe2,4,35,0x350035555e10d9afaf1566aaebfced5ba6c27777,0xb45373129b4220160b92bd2320869f44d48ecd01,0x116e7d070f1888b81e1e0324f56d6746b2d7d8f1,1279926963938694616888,1279.926963938694616888,false
2026-05-07T02:38:04Z,72846435,1778085746,2026-05-06T16:42:26Z,0x7211001197ac11f08a56758400082b5fe8ee30f16c0689b54844cda43693cbe2,4,38,0x350035555e10d9afaf1566aaebfced5ba6c27777,0xb45373129b4220160b92bd2320869f44d48ecd01,0xde4c4a5d91ed23964a7b636d2b15edf51f4a7a6d,719958917215515722001,719.958917215515722001,false
2026-05-07T02:38:04Z,72846591,1778085809,2026-05-06T16:43:29Z,0xfc8a4b9e573d3d0c337b5467f27cf7415f7fb30cbd49f5fb232c8418304bc29f,21,68,0x350035555e10d9afaf1566aaebfced5ba6c27777,0xde4c4a5d91ed23964a7b636d2b15edf51f4a7a6d,0xa68a7f0601effdc65c64d9c47ca1b18d96b4352c,22940661297868496063,22.940661297868496063,false
2026-05-07T02:38:04Z,72846591,1778085809,2026-05-06T16:43:29Z,0xfc8a4b9e573d3d0c337b5467f27cf7415f7fb30cbd49f5fb232c8418304bc29f,21,73,0x350035555e10d9afaf1566aaebfced5ba6c27777,0xa68a7f0601effdc65c64d9c47ca1b18d96b4352c,0x984ab180f35e8267454cf39c0615f9a88eeaacce,22825957991379153582,22.825957991379153582,false
2026-05-07T02:38:04Z,72846591,1778085809,2026-05-06T16:43:29Z,0xfc8a4b9e573d3d0c337b5467f27cf7415f7fb30cbd49f5fb232c8418304bc29f,21,74,0x350035555e10d9afaf1566aaebfced5ba6c27777,0xa68a7f0601effdc65c64d9c47ca1b18d96b4352c,0xa01a2488cbe09156da4a78fa46483556ce41710a,91762645191473985,0.091762645191473985,false
2026-05-07T02:38:04Z,72846591,1778085809,2026-05-06T16:43:29Z,0xfc8a4b9e573d3d0c337b5467f27cf7415f7fb30cbd49f5fb232c8418304bc29f,21,75,0x350035555e10d9afaf1566aaebfced5ba6c27777,0xa68a7f0601effdc65c64d9c47ca1b18d96b4352c,0x1ccd30e5360552118048a9e88cb0f14a24c92015,22940661297868496,0.022940661297868496,false
2026-05-07T02:38:04Z,72846770,1778085880,2026-05-06T16:44:40Z,0x23147612b587f5eb95abb4bfc1c9f728f59228f9284d0e57fe304f09bb1b6040,1,2,0x350035555e10d9afaf1566aaebfced5ba6c27777,0x60057b0dbd2b0fd8fd5fb758d03ea519b985a604,0x116e7d070f1888b81e1e0324f56d6746b2d7d8f1,90378116162038733615193,90378.116162038733615193,false
2026-05-07T02:38:04Z,72847521,1778086180,2026-05-06T16:49:40Z,0x15fe30059fcb3ad376ffd27b5240ba6415200fe8f5e22189d743919bc8a73f7e,1,2,0x350035555e10d9afaf1566aaebfced5ba6c27777,0x60057b0dbd2b0fd8fd5fb758d03ea519b985a604,0x116e7d070f1888b81e1e0324f56d6746b2d7d8f1,45189058081019366807597,45189.058081019366807597,false
2026-05-07T02:38:04Z,72847557,1778086195,2026-05-06T16:49:55Z,0x21661a0dd4cd3399e453ebc2ee93e28600631f83d7cd35d1174d85e35afd8eda,2,2,0x350035555e10d9afaf1566aaebfced5ba6c27777,0xdd0b5a266e13bbea36212575129480d787b7105f,0xb3e6778480b2e488385e8205ea05e20060b813cb,40000000000000000000000,40000,false
2026-05-07T02:38:04Z,72847557,1778086195,2026-05-06T16:49:55Z,0x21661a0dd4cd3399e453ebc2ee93e28600631f83d7cd35d1174d85e35afd8eda,2,5,0x350035555e10d9afaf1566aaebfced5ba6c27777,0xb3e6778480b2e488385e8205ea05e20060b813cb,0x2f84fb8982073f39ba47c7fcc29119af074abbcb,40000000000000000000000,40000,false
2026-05-07T02:38:04Z,72847557,1778086195,2026-05-06T16:49:55Z,0x21661a0dd4cd3399e453ebc2ee93e28600631f83d7cd35d1174d85e35afd8eda,2,8,0x350035555e10d9afaf1566aaebfced5ba6c27777,0x2f84fb8982073f39ba47c7fcc29119af074abbcb,0x2a68ba1833cdf93fa9da1eebd7f46242ad8e90c5,7324330510410000000,7.32433051041,false
2026-05-07T02:38:04Z,72847557,1778086195,2026-05-06T16:49:55Z,0x21661a0dd4cd3399e453ebc2ee93e28600631f83d7cd35d1174d85e35afd8eda,2,12,0x350035555e10d9afaf1566aaebfced5ba6c27777,0x2f84fb8982073f39ba47c7fcc29119af074abbcb,0x116e7d070f1888b81e1e0324f56d6746b2d7d8f1,27938658731975280384527,27938.658731975280384527,false
2026-05-07T02:38:04Z,72847557,1778086195,2026-05-06T16:49:55Z,0x21661a0dd4cd3399e453ebc2ee93e28600631f83d7cd35d1174d85e35afd8eda,2,15,0x350035555e10d9afaf1566aaebfced5ba6c27777,0x2f84fb8982073f39ba47c7fcc29119af074abbcb,0xde4c4a5d91ed23964a7b636d2b15edf51f4a7a6d,291752498664835584039,291.752498664835584039,false
2026-05-07T02:38:04Z,72847557,1778086195,2026-05-06T16:49:55Z,0x21661a0dd4cd3399e453ebc2ee93e28600631f83d7cd35d1174d85e35afd8eda,2,18,0x350035555e10d9afaf1566aaebfced5ba6c27777,0x2f84fb8982073f39ba47c7fcc29119af074abbcb,0x188d586ddcf52439676ca21a244753fa19f9ea8e,11217212176699473563744,11217.212176699473563744,false
2026-05-07T02:38:04Z,72847557,1778086195,2026-05-06T16:49:55Z,0x21661a0dd4cd3399e453ebc2ee93e28600631f83d7cd35d1174d85e35afd8eda,2,20,0x350035555e10d9afaf1566aaebfced5ba6c27777,0x2f84fb8982073f39ba47c7fcc29119af074abbcb,0x188d586ddcf52439676ca21a244753fa19f9ea8e,545052262149996185246,545.052262149996185246,false
2026-05-07T02:38:04Z,72849492,1778086967,2026-05-06T17:02:47Z,0x518b394dd6c300b783188c46b0d4a1e6dd35c82a2bf3d1cd1ec729709fd81902,10,109,0x350035555e10d9afaf1566aaebfced5ba6c27777,0xfcab38ac6b81fd76f07b38c8b26f56c96a99c67d,0xde4c4a5d91ed23964a7b636d2b15edf51f4a7a6d,310000000000000000,0.31,false
2026-05-07T02:38:04Z,72850467,1778087356,2026-05-06T17:09:16Z,0x608b13657ec7a68c463da0062595259048d3e0f8550b53e5f1a0da7917894328,7,82,0x350035555e10d9afaf1566aaebfced5ba6c27777,0x116e7d070f1888b81e1e0324f56d6746b2d7d8f1,0xd122520d1c31c71e78730247cf79b2f0f0021f05,75697707036500648780738,75697.707036500648780738,false
2026-05-07T02:38:04Z,72850576,1778087399,2026-05-06T17:09:59Z,0x3719998cfc23ad25fe3072b773bdc27c67840d8d69d820ade65bb13b16145fad,27,158,0x350035555e10d9afaf1566aaebfced5ba6c27777,0x188d586ddcf52439676ca21a244753fa19f9ea8e,0xc9ca80b5ea956afa98627963d1880033545d108e,22640049166880291787,22.640049166880291787,false
2026-05-07T02:38:04Z,72850576,1778087399,2026-05-06T17:09:59Z,0x3719998cfc23ad25fe3072b773bdc27c67840d8d69d820ade65bb13b16145fad,27,159,0x350035555e10d9afaf1566aaebfced5ba6c27777,0xc9ca80b5ea956afa98627963d1880033545d108e,0xc9ca80b5ea956afa98627963d1880033545d108e,22640049166880291787,22.640049166880291787,false
2026-05-07T02:38:04Z,72850576,1778087399,2026-05-06T17:09:59Z,0x3719998cfc23ad25fe3072b773bdc27c67840d8d69d820ade65bb13b16145fad,27,163,0x350035555e10d9afaf1566aaebfced5ba6c27777,0xc9ca80b5ea956afa98627963d1880033545d108e,0x116e7d070f1888b81e1e0324f56d6746b2d7d8f1,22640049166880291787,22.640049166880291787,false
2026-05-07T02:38:04Z,72850804,1778087491,2026-05-06T17:11:31Z,0x35aa50798521aec50d31cc6038d6af5c3620e14b01661a997b3d1f4e5c3754d1,6,41,0x350035555e10d9afaf1566aaebfced5ba6c27777,0x188d586ddcf52439676ca21a244753fa19f9ea8e,0x8f10b468b06c6fd214b65f87778827f7d113f996,25009707364085828601135,25009.707364085828601135,false
2026-05-07T02:38:04Z,72850804,1778087491,2026-05-06T17:11:31Z,0x35aa50798521aec50d31cc6038d6af5c3620e14b01661a997b3d1f4e5c3754d1,6,43,0x350035555e10d9afaf1566aaebfced5ba6c27777,0x8f10b468b06c6fd214b65f87778827f7d113f996,0xb92fe925dc43a0ecde6c8b1a2709c170ec4fff4f,25009707364085828601135,25009.707364085828601135,false
2026-05-07T02:38:04Z,72850804,1778087491,2026-05-06T17:11:31Z,0x35aa50798521aec50d31cc6038d6af5c3620e14b01661a997b3d1f4e5c3754d1,6,48,0x350035555e10d9afaf1566aaebfced5ba6c27777,0xb92fe925dc43a0ecde6c8b1a2709c170ec4fff4f,0xdbed1f54670230b837e706f6a1dc690eab5e5655,25009707364085828601135,25009.707364085828601135,false
2026-05-07T02:38:04Z,72851674,1778087838,2026-05-06T17:17:18Z,0xe0d9cea8e2d83f08e0e202fc5010974ea92fd990f1851afe90bbd00b0e64eb01,5,25,0x350035555e10d9afaf1566aaebfced5ba6c27777,0x116e7d070f1888b81e1e0324f56d6746b2d7d8f1,0xcd68f7c0668b72ab943e09ff4dbf53da64b8a8c2,901439150732727758383,901.439150732727758383,false
2026-05-07T02:38:04Z,72851674,1778087838,2026-05-06T17:17:18Z,0xe0d9cea8e2d83f08e0e202fc5010974ea92fd990f1851afe90bbd00b0e64eb01,5,28,0x350035555e10d9afaf1566aaebfced5ba6c27777,0xcd68f7c0668b72ab943e09ff4dbf53da64b8a8c2,0xaebe5522749b65eae7b2a35c593145cc3128b515,901439150732727758383,901.439150732727758383,false
2026-05-07T02:38:04Z,72851674,1778087838,2026-05-06T17:17:18Z,0xe0d9cea8e2d83f08e0e202fc5010974ea92fd990f1851afe90bbd00b0e64eb01,5,30,0x350035555e10d9afaf1566aaebfced5ba6c27777,0xaebe5522749b65eae7b2a35c593145cc3128b515,0xb0baace23ac7cbd25211134a0b47ad70a9d42fa4,901439150732727758383,901.439150732727758383,false
2026-05-07T02:38:04Z,72851702,1778087850,2026-05-06T17:17:30Z,0x28fcc959056de0b57aa1767db5e89abd12f4b7a2bb5b42a2ed34971515808545,9,34,0x350035555e10d9afaf1566aaebfced5ba6c27777,0xb0baace23ac7cbd25211134a0b47ad70a9d42fa4,0x1d91a6339f6c484ad9a29dac34d2403e8688a423,901439150732727758383,901.439150732727758383,false
2026-05-07T02:38:04Z,72851702,1778087850,2026-05-06T17:17:30Z,0x28fcc959056de0b57aa1767db5e89abd12f4b7a2bb5b42a2ed34971515808545,9,38,0x350035555e10d9afaf1566aaebfced5ba6c27777,0x1d91a6339f6c484ad9a29dac34d2403e8688a423,0x0b79d71ae99528d1db24a4148b5f4f865cc2b137,901439150732727758383,901.439150732727758383,false
2026-05-07T02:38:04Z,72851702,1778087850,2026-05-06T17:17:30Z,0x28fcc959056de0b57aa1767db5e89abd12f4b7a2bb5b42a2ed34971515808545,9,40,0x350035555e10d9afaf1566aaebfced5ba6c27777,0x0b79d71ae99528d1db24a4148b5f4f865cc2b137,0x116e7d070f1888b81e1e0324f56d6746b2d7d8f1,901439150732727758383,901.439150732727758383,false
2026-05-07T02:38:04Z,72852572,1778088199,2026-05-06T17:23:19Z,0x43d19f63b07b2d418a9e11478ff3733d6ed6b7ee506999f2868aaa5138bca565,1,2,0x350035555e10d9afaf1566aaebfced5ba6c27777,0x116e7d070f1888b81e1e0324f56d6746b2d7d8f1,0x2af67664c3fea578fd6566542e5e4781194b99f8,5451002809519818574173,5451.002809519818574173,false
2026-05-07T02:38:04Z,72852781,1778088282,2026-05-06T17:24:42Z,0xcadf93f1c29c9f1032584764e1832c660aa093686fbb969ebe8ebc46b46c283c,3,40,0x350035555e10d9afaf1566aaebfced5ba6c27777,0x2af67664c3fea578fd6566542e5e4781194b99f8,0x003989cd92c31a51d8b20bdbd0c51e444f88d081,12369089944541996911946,12369.089944541996911946,false
2026-05-07T02:38:04Z,72852781,1778088282,2026-05-06T17:24:42Z,0xcadf93f1c29c9f1032584764e1832c660aa093686fbb969ebe8ebc46b46c283c,3,42,0x350035555e10d9afaf1566aaebfced5ba6c27777,0x003989cd92c31a51d8b20bdbd0c51e444f88d081,0x116e7d070f1888b81e1e0324f56d6746b2d7d8f1,12369089944541996911946,12369.089944541996911946,false
2026-05-07T02:38:04Z,72853449,1778088548,2026-05-06T17:29:08Z,0x8a1a8cd5bcea975b03fd19a457162623dc388607044d802ea35e7de7585703b3,4,8,0x350035555e10d9afaf1566aaebfced5ba6c27777,0xa4487f5488567222e90898e147890beec43750c3,0x116e7d070f1888b81e1e0324f56d6746b2d7d8f1,21000000000000000000,21,false
2026-05-07T02:38:04Z,72853728,1778088660,2026-05-06T17:31:00Z,0x4359d2d60741c9a445b5442b03f2e06af9430d51b5b9f925e3bdf5a134ddc978,1,3,0x350035555e10d9afaf1566aaebfced5ba6c27777,0x116e7d070f1888b81e1e0324f56d6746b2d7d8f1,0x4bf1fe3c987aaa7e86074bb6cbc8088f80375b97,36678571696737894246706,36678.571696737894246706,false
2026-05-07T02:38:04Z,72854701,1778089049,2026-05-06T17:37:29Z,0x3c22c2261e0b489b2af73e53d3ddcd519c424f2521933a70f6afcf44401ecf43,2,8,0x350035555e10d9afaf1566aaebfced5ba6c27777,0x116e7d070f1888b81e1e0324f56d6746b2d7d8f1,0xcd68f7c0668b72ab943e09ff4dbf53da64b8a8c2,72698205926475655971,72.698205926475655971,false
2026-05-07T02:38:04Z,72854701,1778089049,2026-05-06T17:37:29Z,0x3c22c2261e0b489b2af73e53d3ddcd519c424f2521933a70f6afcf44401ecf43,2,11,0x350035555e10d9afaf1566aaebfced5ba6c27777,0xcd68f7c0668b72ab943e09ff4dbf53da64b8a8c2,0xaebe5522749b65eae7b2a35c593145cc3128b515,72698205926475655971,72.698205926475655971,false
2026-05-07T02:38:04Z,72854701,1778089049,2026-05-06T17:37:29Z,0x3c22c2261e0b489b2af73e53d3ddcd519c424f2521933a70f6afcf44401ecf43,2,13,0x350035555e10d9afaf1566aaebfced5ba6c27777,0xaebe5522749b65eae7b2a35c593145cc3128b515,0xb0baace23ac7cbd25211134a0b47ad70a9d42fa4,72698205926475655971,72.698205926475655971,false
2026-05-07T02:38:04Z,72854729,1778089061,2026-05-06T17:37:41Z,0xee8769305b413ed1ee984915a10f84f79b0e8db478c54424fb75e46b5a3bb1b7,2,9,0x350035555e10d9afaf1566aaebfced5ba6c27777,0xb0baace23ac7cbd25211134a0b47ad70a9d42fa4,0x1d91a6339f6c484ad9a29dac34d2403e8688a423,72698205926475655971,72.698205926475655971,false
2026-05-07T02:38:04Z,72854729,1778089061,2026-05-06T17:37:41Z,0xee8769305b413ed1ee984915a10f84f79b0e8db478c54424fb75e46b5a3bb1b7,2,13,0x350035555e10d9afaf1566aaebfced5ba6c27777,0x1d91a6339f6c484ad9a29dac34d2403e8688a423,0x0b79d71ae99528d1db24a4148b5f4f865cc2b137,72698205926475655971,72.698205926475655971,false
2026-05-07T02:38:04Z,72854729,1778089061,2026-05-06T17:37:41Z,0xee8769305b413ed1ee984915a10f84f79b0e8db478c54424fb75e46b5a3bb1b7,2,15,0x350035555e10d9afaf1566aaebfced5ba6c27777,0x0b79d71ae99528d1db24a4148b5f4f865cc2b137,0x116e7d070f1888b81e1e0324f56d6746b2d7d8f1,72698205926475655971,72.698205926475655971,false
2026-05-07T02:38:04Z,72854838,1778089104,2026-05-06T17:38:24Z,0x990ae157185313523d73febd26f2fdbc8b6ab32521da47e69965c0f639b11b3d,4,42,0x350035555e10d9afaf1566aaebfced5ba6c27777,0xde4c4a5d91ed23964a7b636d2b15edf51f4a7a6d,0xfb78fcae443eb423b59b8c186518c5df94416344,1524365615689729723580,1524.36561568972972358,false
2026-05-07T02:38:04Z,72854838,1778089104,2026-05-06T17:38:24Z,0x990ae157185313523d73febd26f2fdbc8b6ab32521da47e69965c0f639b11b3d,4,45,0x350035555e10d9afaf1566aaebfced5ba6c27777,0x116e7d070f1888b81e1e0324f56d6746b2d7d8f1,0xfb78fcae443eb423b59b8c186518c5df94416344,54802239512411228647575,54802.239512411228647575,false
2026-05-07T02:38:04Z,72854838,1778089104,2026-05-06T17:38:24Z,0x990ae157185313523d73febd26f2fdbc8b6ab32521da47e69965c0f639b11b3d,4,50,0x350035555e10d9afaf1566aaebfced5ba6c27777,0x188d586ddcf52439676ca21a244753fa19f9ea8e,0xfb78fcae443eb423b59b8c186518c5df94416344,10676460128335845364271,10676.460128335845364271,false
2026-05-07T02:38:04Z,72854838,1778089104,2026-05-06T17:38:24Z,0x990ae157185313523d73febd26f2fdbc8b6ab32521da47e69965c0f639b11b3d,4,51,0x350035555e10d9afaf1566aaebfced5ba6c27777,0xfb78fcae443eb423b59b8c186518c5df94416344,0xf5c4f3dc02c3fb9279495a8fef7b0741da956157,20602411410169877631,20.602411410169877631,false
2026-05-07T02:38:04Z,72854838,1778089104,2026-05-06T17:38:24Z,0x990ae157185313523d73febd26f2fdbc8b6ab32521da47e69965c0f639b11b3d,4,52,0x350035555e10d9afaf1566aaebfced5ba6c27777,0xfb78fcae443eb423b59b8c186518c5df94416344,0xb92fe925dc43a0ecde6c8b1a2709c170ec4fff4f,66982462845026633857795,66982.462845026633857795,false
2026-05-07T02:38:04Z,72854838,1778089104,2026-05-06T17:38:24Z,0x990ae157185313523d73febd26f2fdbc8b6ab32521da47e69965c0f639b11b3d,4,54,0x350035555e10d9afaf1566aaebfced5ba6c27777,0xb92fe925dc43a0ecde6c8b1a2709c170ec4fff4f,0x492229278d4b6b63b89c1fc1efc41a5c7ec69b72,66982462845026633857795,66982.462845026633857795,false
2026-05-07T02:38:04Z,72854966,1778089155,2026-05-06T17:39:15Z,0xc4a5ba107fe723441dde690ad6040277405a6f04d50378e91213703c2a4160db,2,15,0x350035555e10d9afaf1566aaebfced5ba6c27777,0x188d586ddcf52439676ca21a244753fa19f9ea8e,0xfb78fcae443eb423b59b8c186518c5df94416344,19023061374109783016794,19023.061374109783016794,false
2026-05-07T02:38:04Z,72854966,1778089155,2026-05-06T17:39:15Z,0xc4a5ba107fe723441dde690ad6040277405a6f04d50378e91213703c2a4160db,2,16,0x350035555e10d9afaf1566aaebfced5ba6c27777,0x116e7d070f1888b81e1e0324f56d6746b2d7d8f1,0xfb78fcae443eb423b59b8c186518c5df94416344,247786408485455908449889,247786.408485455908449889,false
2026-05-07T02:38:04Z,72854966,1778089155,2026-05-06T17:39:15Z,0xc4a5ba107fe723441dde690ad6040277405a6f04d50378e91213703c2a4160db,2,19,0x350035555e10d9afaf1566aaebfced5ba6c27777,0xbfca90ba028b6376cc408935f1e026ffec5c4959,0xfb78fcae443eb423b59b8c186518c5df94416344,12693019951260719368251,12693.019951260719368251,false
2026-05-07T02:38:04Z,72854966,1778089155,2026-05-06T17:39:15Z,0xc4a5ba107fe723441dde690ad6040277405a6f04d50378e91213703c2a4160db,2,23,0x350035555e10d9afaf1566aaebfced5ba6c27777,0xfb78fcae443eb423b59b8c186518c5df94416344,0xb92fe925dc43a0ecde6c8b1a2709c170ec4fff4f,279502489810826410834934,279502.489810826410834934,false
2026-05-07T02:38:04Z,72854966,1778089155,2026-05-06T17:39:15Z,0xc4a5ba107fe723441dde690ad6040277405a6f04d50378e91213703c2a4160db,2,25,0x350035555e10d9afaf1566aaebfced5ba6c27777,0xb92fe925dc43a0ecde6c8b1a2709c170ec4fff4f,0x492229278d4b6b63b89c1fc1efc41a5c7ec69b72,279502489810826410834934,279502.489810826410834934,false
2026-05-07T02:38:04Z,72855775,1778089478,2026-05-06T17:44:38Z,0x9039bb6be8883c172da402ba76854a1eab9898d8be3aad2629eb7f926cee1afa,1,3,0x350035555e10d9afaf1566aaebfced5ba6c27777,0x116e7d070f1888b81e1e0324f56d6746b2d7d8f1,0x28653033120ab877da26b7d2a08b15416c157225,109641527064830421798845,109641.527064830421798845,false
2026-05-07T02:38:04Z,72855781,1778089480,2026-05-06T17:44:40Z,0xa50ee1a8b2f3fad8ac9cbd44d9e5874d8adcac573e582b01863219a29f2d7268,2,14,0x350035555e10d9afaf1566aaebfced5ba6c27777,0x116e7d070f1888b81e1e0324f56d6746b2d7d8f1,0x28653033120ab877da26b7d2a08b15416c157225,109204933840052533104208,109204.933840052533104208,false
2026-05-07T02:38:04Z,72855782,1778089481,2026-05-06T17:44:41Z,0x972729021b3c3a8f97e5b93598001e02e399b373cd4be39ec0b5cc1d56318445,9,12,0x350035555e10d9afaf1566aaebfced5ba6c27777,0x188d586ddcf52439676ca21a244753fa19f9ea8e,0xe0938d939b8d36bd0fbab97f3a3d1087b52507a8,7280651955429688823397,7280.651955429688823397,false
2026-05-07T02:38:04Z,72855782,1778089481,2026-05-06T17:44:41Z,0x972729021b3c3a8f97e5b93598001e02e399b373cd4be39ec0b5cc1d56318445,9,14,0x350035555e10d9afaf1566aaebfced5ba6c27777,0xe0938d939b8d36bd0fbab97f3a3d1087b52507a8,0x116e7d070f1888b81e1e0324f56d6746b2d7d8f1,7280651955429688823397,7280.651955429688823397,false
2026-05-07T02:38:04Z,72855790,1778089484,2026-05-06T17:44:44Z,0x60bfc846e5adb0645b586bc6dac6535c67e9df033d663a27fdbcace193efe2c2,1,3,0x350035555e10d9afaf1566aaebfced5ba6c27777,0x116e7d070f1888b81e1e0324f56d6746b2d7d8f1,0x28653033120ab877da26b7d2a08b15416c157225,108799561280648446669448,108799.561280648446669448,false
2026-05-07T02:38:04Z,72855791,1778089484,2026-05-06T17:44:44Z,0x381a00579675f5a0e01a199666ed9473f86888525c7cb7c70c7a32aa7f364daf,1,4,0x350035555e10d9afaf1566aaebfced5ba6c27777,0x188d586ddcf52439676ca21a244753fa19f9ea8e,0xe0938d939b8d36bd0fbab97f3a3d1087b52507a8,7038725481190658290608,7038.725481190658290608,false
2026-05-07T02:38:04Z,72855791,1778089484,2026-05-06T17:44:44Z,0x381a00579675f5a0e01a199666ed9473f86888525c7cb7c70c7a32aa7f364daf,1,6,0x350035555e10d9afaf1566aaebfced5ba6c27777,0xe0938d939b8d36bd0fbab97f3a3d1087b52507a8,0x116e7d070f1888b81e1e0324f56d6746b2d7d8f1,7038725481190658290608,7038.725481190658290608,false
2026-05-07T02:38:04Z,72855796,1778089487,2026-05-06T17:44:47Z,0x2c3119f712d2c55701ecfd2ff3488327d9845c88b7d7a2b0a7f96dcf0a93d49d,1,3,0x350035555e10d9afaf1566aaebfced5ba6c27777,0x116e7d070f1888b81e1e0324f56d6746b2d7d8f1,0x28653033120ab877da26b7d2a08b15416c157225,108395598377205164711521,108395.598377205164711521,false
2026-05-07T02:38:04Z,72855797,1778089487,2026-05-06T17:44:47Z,0x60f6f70078f2eda9d7d3d26cebc98a80997d56fee7fbd1e129e6b6a1677a81ec,1,4,0x350035555e10d9afaf1566aaebfced5ba6c27777,0x188d586ddcf52439676ca21a244753fa19f9ea8e,0xe0938d939b8d36bd0fbab97f3a3d1087b52507a8,6503121336905684006916,6503.121336905684006916,false
2026-05-07T02:38:04Z,72855797,1778089487,2026-05-06T17:44:47Z,0x60f6f70078f2eda9d7d3d26cebc98a80997d56fee7fbd1e129e6b6a1677a81ec,1,6,0x350035555e10d9afaf1566aaebfced5ba6c27777,0xe0938d939b8d36bd0fbab97f3a3d1087b52507a8,0x116e7d070f1888b81e1e0324f56d6746b2d7d8f1,6503121336905684006916,6503.121336905684006916,false
2026-05-07T02:38:04Z,72855807,1778089491,2026-05-06T17:44:51Z,0x289102f2ae0a4280c065474efd24f5135bf393eb04e36c59974a79a4e6bb6bb3,1,3,0x350035555e10d9afaf1566aaebfced5ba6c27777,0x116e7d070f1888b81e1e0324f56d6746b2d7d8f1,0x28653033120ab877da26b7d2a08b15416c157225,107991885743710598188753,107991.885743710598188753,false
2026-05-07T02:38:04Z,72855808,1778089491,2026-05-06T17:44:51Z,0xcbb6c6b722b9cc082823c6d44b5867e97bc911a7bbdae703704d12db1119d736,1,4,0x350035555e10d9afaf1566aaebfced5ba6c27777,0x188d586ddcf52439676ca21a244753fa19f9ea8e,0xe0938d939b8d36bd0fbab97f3a3d1087b52507a8,6986387982001985799699,6986.387982001985799699,false
2026-05-07T02:38:04Z,72855808,1778089491,2026-05-06T17:44:51Z,0xcbb6c6b722b9cc082823c6d44b5867e97bc911a7bbdae703704d12db1119d736,1,6,0x350035555e10d9afaf1566aaebfced5ba6c27777,0xe0938d939b8d36bd0fbab97f3a3d1087b52507a8,0x116e7d070f1888b81e1e0324f56d6746b2d7d8f1,6986387982001985799699,6986.387982001985799699,false
2026-05-07T02:38:04Z,72856256,1778089668,2026-05-06T17:47:48Z,0x864245d44ee400c8531692080aca41878a0b61d253c4a74e478fb90e22c8addb,5,37,0x350035555e10d9afaf1566aaebfced5ba6c27777,0x116e7d070f1888b81e1e0324f56d6746b2d7d8f1,0xcd68f7c0668b72ab943e09ff4dbf53da64b8a8c2,152498722348276991449,152.498722348276991449,false
2026-05-07T02:38:04Z,72856256,1778089668,2026-05-06T17:47:48Z,0x864245d44ee400c8531692080aca41878a0b61d253c4a74e478fb90e22c8addb,5,40,0x350035555e10d9afaf1566aaebfced5ba6c27777,0xcd68f7c0668b72ab943e09ff4dbf53da64b8a8c2,0xaebe5522749b65eae7b2a35c593145cc3128b515,152498722348276991449,152.498722348276991449,false
2026-05-07T02:38:04Z,72856256,1778089668,2026-05-06T17:47:48Z,0x864245d44ee400c8531692080aca41878a0b61d253c4a74e478fb90e22c8addb,5,42,0x350035555e10d9afaf1566aaebfced5ba6c27777,0xaebe5522749b65eae7b2a35c593145cc3128b515,0xb0baace23ac7cbd25211134a0b47ad70a9d42fa4,152498722348276991449,152.498722348276991449,false
2026-05-07T02:38:04Z,72856259,1778089670,2026-05-06T17:47:50Z,0x89e0f3a82afdf301e25a03a0f8a099831ae5fda64b4b4c16a6f6412559b14784,2,5,0x350035555e10d9afaf1566aaebfced5ba6c27777,0xb0baace23ac7cbd25211134a0b47ad70a9d42fa4,0x1d91a6339f6c484ad9a29dac34d2403e8688a423,152498722348276991449,152.498722348276991449,false
2026-05-07T02:38:04Z,72856259,1778089670,2026-05-06T17:47:50Z,0x89e0f3a82afdf301e25a03a0f8a099831ae5fda64b4b4c16a6f6412559b14784,2,9,0x350035555e10d9afaf1566aaebfced5ba6c27777,0x1d91a6339f6c484ad9a29dac34d2403e8688a423,0x0b79d71ae99528d1db24a4148b5f4f865cc2b137,152498722348276991449,152.498722348276991449,false
2026-05-07T02:38:04Z,72856259,1778089670,2026-05-06T17:47:50Z,0x89e0f3a82afdf301e25a03a0f8a099831ae5fda64b4b4c16a6f6412559b14784,2,11,0x350035555e10d9afaf1566aaebfced5ba6c27777,0x0b79d71ae99528d1db24a4148b5f4f865cc2b137,0x116e7d070f1888b81e1e0324f56d6746b2d7d8f1,152498722348276991449,152.498722348276991449,false
2026-05-07T02:38:04Z,72856484,1778089760,2026-05-06T17:49:20Z,0xb8cfe3c373f060516caa3aef0351a59f1a29a01c4823bdb791eb41d4ef00768b,2,38,0x350035555e10d9afaf1566aaebfced5ba6c27777,0xc7f230c962078f4429c8c731e97dba0d50eac7fa,0x116e7d070f1888b81e1e0324f56d6746b2d7d8f1,2200000000000000,0.0022,false
2026-05-07T02:38:04Z,72857273,1778090074,2026-05-06T17:54:34Z,0xe826508d422e02a0c7ca5ba2115f35020b5d32d10c3e477fe21528aae09570ba,2,14,0x350035555e10d9afaf1566aaebfced5ba6c27777,0x188d586ddcf52439676ca21a244753fa19f9ea8e,0xc9ca80b5ea956afa98627963d1880033545d108e,21995524763446079316,21.995524763446079316,false
2026-05-07T02:38:04Z,72857273,1778090074,2026-05-06T17:54:34Z,0xe826508d422e02a0c7ca5ba2115f35020b5d32d10c3e477fe21528aae09570ba,2,15,0x350035555e10d9afaf1566aaebfced5ba6c27777,0xc9ca80b5ea956afa98627963d1880033545d108e,0xb20bba05ca46808e757e910470287dd676704b86,21995524763446079316,21.995524763446079316,false
2026-05-07T02:38:04Z,72857278,1778090076,2026-05-06T17:54:36Z,0x6b6b0934824f4406b3d003a098587a93446ee64ff2c7acf28b7163152acefd22,6,48,0x350035555e10d9afaf1566aaebfced5ba6c27777,0xb20bba05ca46808e757e910470287dd676704b86,0x116e7d070f1888b81e1e0324f56d6746b2d7d8f1,21995524763446079316,21.995524763446079316,false
2026-05-07T02:38:04Z,72857360,1778090109,2026-05-06T17:55:09Z,0x041857a2ca7e45dbdb844ad3ce86c3f2db32c54a7ce9f371481a70906e61486d,1,4,0x350035555e10d9afaf1566aaebfced5ba6c27777,0x188d586ddcf52439676ca21a244753fa19f9ea8e,0xe0938d939b8d36bd0fbab97f3a3d1087b52507a8,10242380030645058071850,10242.38003064505807185,false
2026-05-07T02:38:04Z,72857360,1778090109,2026-05-06T17:55:09Z,0x041857a2ca7e45dbdb844ad3ce86c3f2db32c54a7ce9f371481a70906e61486d,1,6,0x350035555e10d9afaf1566aaebfced5ba6c27777,0xe0938d939b8d36bd0fbab97f3a3d1087b52507a8,0x116e7d070f1888b81e1e0324f56d6746b2d7d8f1,10242380030645058071850,10242.38003064505807185,false
2026-05-07T02:38:04Z,72857799,1778090283,2026-05-06T17:58:03Z,0xaca5449dfe6d091f6f6ac4d631ef1162a4e339763812b0c1d5980c1d222352f8,5,28,0x350035555e10d9afaf1566aaebfced5ba6c27777,0xbb9d5e53a85955ec4ad1587896ee4bd501fc731d,0x116e7d070f1888b81e1e0324f56d6746b2d7d8f1,82000,0.000000000000082,false
2026-05-07T02:38:04Z,72858426,1778090534,2026-05-06T18:02:14Z,0xc07e14a8d54ffe1fc5afacfd8aa8cc8b6f71ece768c08a547b899a644bbe2d3f,4,18,0x350035555e10d9afaf1566aaebfced5ba6c27777,0xc0f2e52f95c20bef25d339efc6ca675fbb3196a6,0x188d586ddcf52439676ca21a244753fa19f9ea8e,14797200211641019598296,14797.200211641019598296,false
2026-05-07T02:38:04Z,72858427,1778090534,2026-05-06T18:02:14Z,0x4500c097a0112269f80abbb8585a887ec8441d6a6a7fcf9332d8d38ad25b6ab9,1,4,0x350035555e10d9afaf1566aaebfced5ba6c27777,0x188d586ddcf52439676ca21a244753fa19f9ea8e,0xe0938d939b8d36bd0fbab97f3a3d1087b52507a8,11618262046673272457441,11618.262046673272457441,false
2026-05-07T02:38:04Z,72858427,1778090534,2026-05-06T18:02:14Z,0x4500c097a0112269f80abbb8585a887ec8441d6a6a7fcf9332d8d38ad25b6ab9,1,6,0x350035555e10d9afaf1566aaebfced5ba6c27777,0xe0938d939b8d36bd0fbab97f3a3d1087b52507a8,0x116e7d070f1888b81e1e0324f56d6746b2d7d8f1,11618262046673272457441,11618.262046673272457441,false
2026-05-07T02:38:04Z,72858992,1778090760,2026-05-06T18:06:00Z,0x45e3d97ce4dc59b2e0fee53912dfe9f479e6d764b617afa117a9f16b522b11fd,5,30,0x350035555e10d9afaf1566aaebfced5ba6c27777,0xba9ca998a9548a73c7ea77712f5c534533e28d69,0xde4c4a5d91ed23964a7b636d2b15edf51f4a7a6d,3100,0.0000000000000031,false
2026-05-07T02:38:04Z,72859848,1778091103,2026-05-06T18:11:43Z,0x722b042a053ae13d4426620b25dcbb06ca33ddb4a1068d4d9b428e4433597cd9,5,67,0x350035555e10d9afaf1566aaebfced5ba6c27777,0x790bc5c1404935b098e2cee0f2966dee715661ab,0xfb78fcae443eb423b59b8c186518c5df94416344,60567779021756186277416,60567.779021756186277416,false
2026-05-07T02:38:04Z,72859848,1778091103,2026-05-06T18:11:43Z,0x722b042a053ae13d4426620b25dcbb06ca33ddb4a1068d4d9b428e4433597cd9,5,69,0x350035555e10d9afaf1566aaebfced5ba6c27777,0xfb78fcae443eb423b59b8c186518c5df94416344,0x116e7d070f1888b81e1e0324f56d6746b2d7d8f1,60567779021756186277416,60567.779021756186277416,false
2026-05-07T02:38:04Z,72862442,1778092141,2026-05-06T18:29:01Z,0xb6cf37bdced41614a70addb3cd4a10207b54a16e55f973dbed9c4b97b4279b7a,3,14,0x350035555e10d9afaf1566aaebfced5ba6c27777,0xc7f230c962078f4429c8c731e97dba0d50eac7fa,0xde4c4a5d91ed23964a7b636d2b15edf51f4a7a6d,74000000000000,0.000074,false
2026-05-07T02:38:04Z,72863786,1778092679,2026-05-06T18:37:59Z,0xcfdcea2f346c6ee19969d240453d0cf5f0d01482731df1eaa3bbf8cc3803bda8,2,11,0x350035555e10d9afaf1566aaebfced5ba6c27777,0x188d586ddcf52439676ca21a244753fa19f9ea8e,0xe0938d939b8d36bd0fbab97f3a3d1087b52507a8,6371800119430958762656,6371.800119430958762656,false
2026-05-07T02:38:04Z,72863786,1778092679,2026-05-06T18:37:59Z,0xcfdcea2f346c6ee19969d240453d0cf5f0d01482731df1eaa3bbf8cc3803bda8,2,13,0x350035555e10d9afaf1566aaebfced5ba6c27777,0xe0938d939b8d36bd0fbab97f3a3d1087b52507a8,0x116e7d070f1888b81e1e0324f56d6746b2d7d8f1,6371800119430958762656,6371.800119430958762656,false
2026-05-07T02:38:04Z,72864870,1778093112,2026-05-06T18:45:12Z,0x3ea706231152f63e4c774485fa566d25e3d47b925fc333874557dc0f45560c19,12,145,0x350035555e10d9afaf1566aaebfced5ba6c27777,0x14b9227e2dec64868162132d9309b4c8758969e2,0xde4c4a5d91ed23964a7b636d2b15edf51f4a7a6d,56500000000000000,0.0565,false
2026-05-07T02:38:04Z,72866777,1778093872,2026-05-06T18:57:52Z,0xc472bacaa2dfeca8e247635bc6ea75ea0b547a8a780876ddbf028ba058b28d7a,2,32,0x350035555e10d9afaf1566aaebfced5ba6c27777,0x2a68ba1833cdf93fa9da1eebd7f46242ad8e90c5,0xd651346d7c789536ebf06dc72ae3c8502cd695cc,22235721469679284000,22.235721469679284,false
2026-05-07T02:38:04Z,72866777,1778093872,2026-05-06T18:57:52Z,0xc472bacaa2dfeca8e247635bc6ea75ea0b547a8a780876ddbf028ba058b28d7a,2,34,0x350035555e10d9afaf1566aaebfced5ba6c27777,0xd651346d7c789536ebf06dc72ae3c8502cd695cc,0xa68a7f0601effdc65c64d9c47ca1b18d96b4352c,22235721469679284000,22.235721469679284,false
2026-05-07T02:38:04Z,72866777,1778093872,2026-05-06T18:57:52Z,0xc472bacaa2dfeca8e247635bc6ea75ea0b547a8a780876ddbf028ba058b28d7a,2,36,0x350035555e10d9afaf1566aaebfced5ba6c27777,0xa68a7f0601effdc65c64d9c47ca1b18d96b4352c,0x22d7b2692e3a0cb2ffea3aeb02a5e829c9b020ce,22235721469679284000,22.235721469679284,false
2026-05-07T02:38:04Z,72867543,1778094179,2026-05-06T19:02:59Z,0x5cf5982e6f7610f9acbda7d41cd7ea4268edb659ceed61fccc38beefeb6ac9ab,5,10,0x350035555e10d9afaf1566aaebfced5ba6c27777,0x188d586ddcf52439676ca21a244753fa19f9ea8e,0x8f10b468b06c6fd214b65f87778827f7d113f996,794526703188674399049,794.526703188674399049,false
2026-05-07T02:38:04Z,72867543,1778094179,2026-05-06T19:02:59Z,0x5cf5982e6f7610f9acbda7d41cd7ea4268edb659ceed61fccc38beefeb6ac9ab,5,12,0x350035555e10d9afaf1566aaebfced5ba6c27777,0x8f10b468b06c6fd214b65f87778827f7d113f996,0x026f252016a7c47cdef1f05a3fc9e20c92a49c37,794526703188674399049,794.526703188674399049,false
2026-05-07T02:38:04Z,72867543,1778094179,2026-05-06T19:02:59Z,0x5cf5982e6f7610f9acbda7d41cd7ea4268edb659ceed61fccc38beefeb6ac9ab,5,16,0x350035555e10d9afaf1566aaebfced5ba6c27777,0x026f252016a7c47cdef1f05a3fc9e20c92a49c37,0xc513fb4b979f1cefc43682ca7ab4a19cee1cacc2,794526703188674399049,794.526703188674399049,false
2026-05-07T02:38:04Z,72868528,1778094572,2026-05-06T19:09:32Z,0x51353bb1293b45c3a16e8f57efe6f6703103bc9d8c6975988674395757d105ef,2,7,0x350035555e10d9afaf1566aaebfced5ba6c27777,0xb80f735477aac03eb8d0a5ce58410c154f7910b7,0xde4c4a5d91ed23964a7b636d2b15edf51f4a7a6d,170000000000,0.00000017,false
2026-05-07T02:38:04Z,72868786,1778094674,2026-05-06T19:11:14Z,0x6baa1a14633e2aa1193e4112ab0fd4cdac4d6331b6ae268b06d1e19295afcc47,5,7,0x350035555e10d9afaf1566aaebfced5ba6c27777,0x3dd53dbc3a0cd126f0c9beae78ef62f43c0c3f1c,0xde4c4a5d91ed23964a7b636d2b15edf51f4a7a6d,2910000000,0.00000000291,false
2026-05-07T02:38:04Z,72868789,1778094676,2026-05-06T19:11:16Z,0x3a45fe086ce554d266fb8ce3fab0d4f6c4811de2e29c2043bc1e197ac4b1f3d8,3,65,0x350035555e10d9afaf1566aaebfced5ba6c27777,0xfdea1664c5cfb58dc89bf53b5d023cee17a6773c,0xde4c4a5d91ed23964a7b636d2b15edf51f4a7a6d,9410000000000,0.00000941,false
2026-05-07T02:38:04Z,72869079,1778094792,2026-05-06T19:13:12Z,0x3bc2f72d4fc41ff87500f475b0cc90fe761d7bc19add5d631a397830e94fd488,1,1,0x350035555e10d9afaf1566aaebfced5ba6c27777,0xdd0b5a266e13bbea36212575129480d787b7105f,0xb3e6778480b2e488385e8205ea05e20060b813cb,40000000000000000000000,40000,false
2026-05-07T02:38:04Z,72869079,1778094792,2026-05-06T19:13:12Z,0x3bc2f72d4fc41ff87500f475b0cc90fe761d7bc19add5d631a397830e94fd488,1,4,0x350035555e10d9afaf1566aaebfced5ba6c27777,0xb3e6778480b2e488385e8205ea05e20060b813cb,0x2f84fb8982073f39ba47c7fcc29119af074abbcb,40000000000000000000000,40000,false
2026-05-07T02:38:04Z,72869079,1778094792,2026-05-06T19:13:12Z,0x3bc2f72d4fc41ff87500f475b0cc90fe761d7bc19add5d631a397830e94fd488,1,7,0x350035555e10d9afaf1566aaebfced5ba6c27777,0x2f84fb8982073f39ba47c7fcc29119af074abbcb,0x2a68ba1833cdf93fa9da1eebd7f46242ad8e90c5,610360875860000000,0.61036087586,false
2026-05-07T02:38:04Z,72869079,1778094792,2026-05-06T19:13:12Z,0x3bc2f72d4fc41ff87500f475b0cc90fe761d7bc19add5d631a397830e94fd488,1,10,0x350035555e10d9afaf1566aaebfced5ba6c27777,0x2f84fb8982073f39ba47c7fcc29119af074abbcb,0x116e7d070f1888b81e1e0324f56d6746b2d7d8f1,39855344472419317921721,39855.344472419317921721,false
2026-05-07T02:38:04Z,72869079,1778094792,2026-05-06T19:13:12Z,0x3bc2f72d4fc41ff87500f475b0cc90fe761d7bc19add5d631a397830e94fd488,1,13,0x350035555e10d9afaf1566aaebfced5ba6c27777,0x2f84fb8982073f39ba47c7fcc29119af074abbcb,0xde4c4a5d91ed23964a7b636d2b15edf51f4a7a6d,144045166704814221409,144.045166704814221409,false
2026-05-07T02:38:04Z,72870480,1778095350,2026-05-06T19:22:30Z,0xa5fa83a9b8c1d68fd9b166de5e68dc9fd77349021be8652d4e894e412d2fe920,4,9,0x350035555e10d9afaf1566aaebfced5ba6c27777,0x60205bab990bf54c701f8850e56bc52446008930,0xb35599d7c1d0d223607f11415e98f31164a298eb,22297256603402878887101,22297.256603402878887101,false
2026-05-07T02:38:04Z,72870480,1778095350,2026-05-06T19:22:30Z,0xa5fa83a9b8c1d68fd9b166de5e68dc9fd77349021be8652d4e894e412d2fe920,4,12,0x350035555e10d9afaf1566aaebfced5ba6c27777,0xb35599d7c1d0d223607f11415e98f31164a298eb,0xf10075da7dd842e8c5fba17398e8f64f39c201e2,22297256603402878887101,22297.256603402878887101,false
2026-05-07T02:38:04Z,72870480,1778095350,2026-05-06T19:22:30Z,0xa5fa83a9b8c1d68fd9b166de5e68dc9fd77349021be8652d4e894e412d2fe920,4,15,0x350035555e10d9afaf1566aaebfced5ba6c27777,0xbfca90ba028b6376cc408935f1e026ffec5c4959,0x8d335a3fc4ac31690108da82420b50f9caddbdde,293348912056768823,0.293348912056768823,false
2026-05-07T02:38:04Z,72870480,1778095350,2026-05-06T19:22:30Z,0xa5fa83a9b8c1d68fd9b166de5e68dc9fd77349021be8652d4e894e412d2fe920,4,19,0x350035555e10d9afaf1566aaebfced5ba6c27777,0x8d335a3fc4ac31690108da82420b50f9caddbdde,0xf8d4efc14e7f48fd9065d9fdecbe79f073b58226,44002336808515323,0.044002336808515323,false
2026-05-07T02:38:04Z,72870480,1778095350,2026-05-06T19:22:30Z,0xa5fa83a9b8c1d68fd9b166de5e68dc9fd77349021be8652d4e894e412d2fe920,4,21,0x350035555e10d9afaf1566aaebfced5ba6c27777,0x8d335a3fc4ac31690108da82420b50f9caddbdde,0xd055725e5d991e4dbf6633f5c0568524a50f367f,0,0,false
2026-05-07T02:38:04Z,72870480,1778095350,2026-05-06T19:22:30Z,0xa5fa83a9b8c1d68fd9b166de5e68dc9fd77349021be8652d4e894e412d2fe920,4,22,0x350035555e10d9afaf1566aaebfced5ba6c27777,0x8d335a3fc4ac31690108da82420b50f9caddbdde,0x1450fc00e7b9c43d357e845fe8fb597bfed82fc2,44002336808515323,0.044002336808515323,false
2026-05-07T02:38:04Z,72870480,1778095350,2026-05-06T19:22:30Z,0xa5fa83a9b8c1d68fd9b166de5e68dc9fd77349021be8652d4e894e412d2fe920,4,27,0x350035555e10d9afaf1566aaebfced5ba6c27777,0xf10075da7dd842e8c5fba17398e8f64f39c201e2,0x8d335a3fc4ac31690108da82420b50f9caddbdde,22297256603402878887101,22297.256603402878887101,false
2026-05-07T02:38:04Z,72870620,1778095406,2026-05-06T19:23:26Z,0x888768effc62c7219c105832479fe3059a64895557771d2e31aacd92957f6bda,2,7,0x350035555e10d9afaf1566aaebfced5ba6c27777,0xb80f735477aac03eb8d0a5ce58410c154f7910b7,0xde4c4a5d91ed23964a7b636d2b15edf51f4a7a6d,795000000,0.000000000795,false
2026-05-07T02:38:04Z,72870986,1778095552,2026-05-06T19:25:52Z,0x7eaae5692d8dfab64dd25926533a0d6a0df6f4011e7f6df5ceeeeb243397d6f4,6,39,0x350035555e10d9afaf1566aaebfced5ba6c27777,0xc2b657425d1a2c7982066139a84542b2f5901ab0,0xde4c4a5d91ed23964a7b636d2b15edf51f4a7a6d,110000000000000,0.00011,false
2026-05-07T02:38:04Z,72871492,1778095754,2026-05-06T19:29:14Z,0x1f41917f4af8ec58de66afccc5d1d3bac295be37ca1637b8dcb71c16b996dc06,2,5,0x350035555e10d9afaf1566aaebfced5ba6c27777,0xdd0b5a266e13bbea36212575129480d787b7105f,0xb3e6778480b2e488385e8205ea05e20060b813cb,40000000000000000000000,40000,false
2026-05-07T02:38:04Z,72871492,1778095754,2026-05-06T19:29:14Z,0x1f41917f4af8ec58de66afccc5d1d3bac295be37ca1637b8dcb71c16b996dc06,2,8,0x350035555e10d9afaf1566aaebfced5ba6c27777,0xb3e6778480b2e488385e8205ea05e20060b813cb,0x2f84fb8982073f39ba47c7fcc29119af074abbcb,40000000000000000000000,40000,false
2026-05-07T02:38:04Z,72871492,1778095754,2026-05-06T19:29:14Z,0x1f41917f4af8ec58de66afccc5d1d3bac295be37ca1637b8dcb71c16b996dc06,2,10,0x350035555e10d9afaf1566aaebfced5ba6c27777,0x2f84fb8982073f39ba47c7fcc29119af074abbcb,0x116e7d070f1888b81e1e0324f56d6746b2d7d8f1,39951781490806439307240,39951.78149080643930724,false
2026-05-07T02:38:04Z,72871492,1778095754,2026-05-06T19:29:14Z,0x1f41917f4af8ec58de66afccc5d1d3bac295be37ca1637b8dcb71c16b996dc06,2,13,0x350035555e10d9afaf1566aaebfced5ba6c27777,0x2f84fb8982073f39ba47c7fcc29119af074abbcb,0xde4c4a5d91ed23964a7b636d2b15edf51f4a7a6d,48218509193560692760,48.21850919356069276,false
2026-05-07T02:38:04Z,72873895,1778096715,2026-05-06T19:45:15Z,0x82a2d92c43f2d13f41357f8716a2e8c30ed7ceefb65ae684e4bcbeb7d556f356,6,67,0x350035555e10d9afaf1566aaebfced5ba6c27777,0xc4b6a337adcb83831571e39a7cf47c38f1d67c17,0xb3e6778480b2e488385e8205ea05e20060b813cb,8000000000000000000,8,false
2026-05-07T02:38:04Z,72873895,1778096715,2026-05-06T19:45:15Z,0x82a2d92c43f2d13f41357f8716a2e8c30ed7ceefb65ae684e4bcbeb7d556f356,6,70,0x350035555e10d9afaf1566aaebfced5ba6c27777,0xb3e6778480b2e488385e8205ea05e20060b813cb,0x2f84fb8982073f39ba47c7fcc29119af074abbcb,8000000000000000000,8,false
2026-05-07T02:38:04Z,72873895,1778096715,2026-05-06T19:45:15Z,0x82a2d92c43f2d13f41357f8716a2e8c30ed7ceefb65ae684e4bcbeb7d556f356,6,73,0x350035555e10d9afaf1566aaebfced5ba6c27777,0x2f84fb8982073f39ba47c7fcc29119af074abbcb,0x2a68ba1833cdf93fa9da1eebd7f46242ad8e90c5,28076600280000000,0.02807660028,false
2026-05-07T02:38:04Z,72873895,1778096715,2026-05-06T19:45:15Z,0x82a2d92c43f2d13f41357f8716a2e8c30ed7ceefb65ae684e4bcbeb7d556f356,6,76,0x350035555e10d9afaf1566aaebfced5ba6c27777,0x2f84fb8982073f39ba47c7fcc29119af074abbcb,0xde4c4a5d91ed23964a7b636d2b15edf51f4a7a6d,7971923399710078584,7.971923399710078584,false
2026-05-07T02:38:04Z,72874490,1778096954,2026-05-06T19:49:14Z,0x65c11d033bd7da050a6f703098d08a976e55007463d424f7659cecb20f0a367c,5,42,0x350035555e10d9afaf1566aaebfced5ba6c27777,0x5aa8f06d26232d668d7da07f2b62fcb49df8264f,0xb92fe925dc43a0ecde6c8b1a2709c170ec4fff4f,632890295713699053614923,632890.295713699053614923,false
2026-05-07T02:38:04Z,72874490,1778096954,2026-05-06T19:49:14Z,0x65c11d033bd7da050a6f703098d08a976e55007463d424f7659cecb20f0a367c,5,47,0x350035555e10d9afaf1566aaebfced5ba6c27777,0xb92fe925dc43a0ecde6c8b1a2709c170ec4fff4f,0xfb78fcae443eb423b59b8c186518c5df94416344,632890295713699053614923,632890.295713699053614923,false
2026-05-07T02:38:04Z,72874490,1778096954,2026-05-06T19:49:14Z,0x65c11d033bd7da050a6f703098d08a976e55007463d424f7659cecb20f0a367c,5,49,0x350035555e10d9afaf1566aaebfced5ba6c27777,0xfb78fcae443eb423b59b8c186518c5df94416344,0x188d586ddcf52439676ca21a244753fa19f9ea8e,15822257392842476340373,15822.257392842476340373,false
2026-05-07T02:38:04Z,72874490,1778096954,2026-05-06T19:49:14Z,0x65c11d033bd7da050a6f703098d08a976e55007463d424f7659cecb20f0a367c,5,52,0x350035555e10d9afaf1566aaebfced5ba6c27777,0xfb78fcae443eb423b59b8c186518c5df94416344,0xbfca90ba028b6376cc408935f1e026ffec5c4959,15796941781013928378228,15796.941781013928378228,false
2026-05-07T02:38:04Z,72874490,1778096954,2026-05-06T19:49:14Z,0x65c11d033bd7da050a6f703098d08a976e55007463d424f7659cecb20f0a367c,5,56,0x350035555e10d9afaf1566aaebfced5ba6c27777,0xfb78fcae443eb423b59b8c186518c5df94416344,0x116e7d070f1888b81e1e0324f56d6746b2d7d8f1,601271096539842648896322,601271.096539842648896322,false
2026-05-07T02:38:04Z,72874876,1778097108,2026-05-06T19:51:48Z,0xa67af422d3b5eec52e2c87d42ec40992f6fa68b63e1bdd97a16abecfa174e58d,1,3,0x350035555e10d9afaf1566aaebfced5ba6c27777,0x116e7d070f1888b81e1e0324f56d6746b2d7d8f1,0xb20bba05ca46808e757e910470287dd676704b86,22169147833868342756,22.169147833868342756,false
2026-05-07T02:38:04Z,72874878,1778097108,2026-05-06T19:51:48Z,0x022710f09fd664a57bf731622d5916bdd8c0cde143163482c344273db0540e1e,8,27,0x350035555e10d9afaf1566aaebfced5ba6c27777,0xb20bba05ca46808e757e910470287dd676704b86,0x116e7d070f1888b81e1e0324f56d6746b2d7d8f1,22169147833868342756,22.169147833868342756,false
2026-05-07T02:38:04Z,72875342,1778097293,2026-05-06T19:54:53Z,0xdba9ea8cdaaf635a0f1b48f0fb0a5fdd82413e8d8ef7fb595c272024a486a5fd,3,24,0x350035555e10d9afaf1566aaebfced5ba6c27777,0x188d586ddcf52439676ca21a244753fa19f9ea8e,0x2f84fb8982073f39ba47c7fcc29119af074abbcb,7395609775863351026008,7395.609775863351026008,false
2026-05-07T02:38:04Z,72875342,1778097293,2026-05-06T19:54:53Z,0xdba9ea8cdaaf635a0f1b48f0fb0a5fdd82413e8d8ef7fb595c272024a486a5fd,3,25,0x350035555e10d9afaf1566aaebfced5ba6c27777,0x116e7d070f1888b81e1e0324f56d6746b2d7d8f1,0x2f84fb8982073f39ba47c7fcc29119af074abbcb,13212445150315558337212,13212.445150315558337212,false
2026-05-07T02:38:04Z,72875342,1778097293,2026-05-06T19:54:53Z,0xdba9ea8cdaaf635a0f1b48f0fb0a5fdd82413e8d8ef7fb595c272024a486a5fd,3,28,0x350035555e10d9afaf1566aaebfced5ba6c27777,0x2f84fb8982073f39ba47c7fcc29119af074abbcb,0xb3e6778480b2e488385e8205ea05e20060b813cb,20608054926178940693042,20608.054926178940693042,false
2026-05-07T02:38:04Z,72875342,1778097293,2026-05-06T19:54:53Z,0xdba9ea8cdaaf635a0f1b48f0fb0a5fdd82413e8d8ef7fb595c272024a486a5fd,3,31,0x350035555e10d9afaf1566aaebfced5ba6c27777,0xb3e6778480b2e488385e8205ea05e20060b813cb,0x501bd22cfc53a1d1f0ce1036c5ab384c05cc2f20,20608054926178940693042,20608.054926178940693042,false
2026-05-07T02:38:04Z,72875763,1778097461,2026-05-06T19:57:41Z,0x4d0d1b2c60f79a1c8e762a2ba5730a480757cbb6567049f627ffce241894309e,7,22,0x350035555e10d9afaf1566aaebfced5ba6c27777,0xbfca90ba028b6376cc408935f1e026ffec5c4959,0x8f10b468b06c6fd214b65f87778827f7d113f996,726365814972179425844,726.365814972179425844,false
2026-05-07T02:38:04Z,72875763,1778097461,2026-05-06T19:57:41Z,0x4d0d1b2c60f79a1c8e762a2ba5730a480757cbb6567049f627ffce241894309e,7,27,0x350035555e10d9afaf1566aaebfced5ba6c27777,0x8f10b468b06c6fd214b65f87778827f7d113f996,0x44ed9b74f4fe2b0975c2b5121b0e906da6ce4a48,726365814972179425844,726.365814972179425844,false
2026-05-07T02:38:04Z,72875763,1778097461,2026-05-06T19:57:41Z,0x4d0d1b2c60f79a1c8e762a2ba5730a480757cbb6567049f627ffce241894309e,7,31,0x350035555e10d9afaf1566aaebfced5ba6c27777,0x44ed9b74f4fe2b0975c2b5121b0e906da6ce4a48,0x4acb6c4321253548a7d4bb9c84032cc4ee04bfd7,6355860439867844362,6.355860439867844362,false
2026-05-07T02:38:04Z,72875763,1778097461,2026-05-06T19:57:41Z,0x4d0d1b2c60f79a1c8e762a2ba5730a480757cbb6567049f627ffce241894309e,7,32,0x350035555e10d9afaf1566aaebfced5ba6c27777,0x44ed9b74f4fe2b0975c2b5121b0e906da6ce4a48,0x19a766d494db543b8dba4199e07d1a06545aa571,720009954532311581482,720.009954532311581482,false
2026-05-07T02:38:04Z,72875808,1778097479,2026-05-06T19:57:59Z,0x43de4caf5369482254a5b4fe11021d01ac3e0ad29c4dbc5f2ff24cd0c31dcfb8,6,61,0x350035555e10d9afaf1566aaebfced5ba6c27777,0x116e7d070f1888b81e1e0324f56d6746b2d7d8f1,0xcd68f7c0668b72ab943e09ff4dbf53da64b8a8c2,4211936675957632674782,4211.936675957632674782,false
2026-05-07T02:38:04Z,72875808,1778097479,2026-05-06T19:57:59Z,0x43de4caf5369482254a5b4fe11021d01ac3e0ad29c4dbc5f2ff24cd0c31dcfb8,6,64,0x350035555e10d9afaf1566aaebfced5ba6c27777,0xcd68f7c0668b72ab943e09ff4dbf53da64b8a8c2,0xaebe5522749b65eae7b2a35c593145cc3128b515,4211936675957632674782,4211.936675957632674782,false
2026-05-07T02:38:04Z,72875808,1778097479,2026-05-06T19:57:59Z,0x43de4caf5369482254a5b4fe11021d01ac3e0ad29c4dbc5f2ff24cd0c31dcfb8,6,66,0x350035555e10d9afaf1566aaebfced5ba6c27777,0xaebe5522749b65eae7b2a35c593145cc3128b515,0xb0baace23ac7cbd25211134a0b47ad70a9d42fa4,4211936675957632674782,4211.936675957632674782,false
2026-05-07T02:38:04Z,72875827,1778097487,2026-05-06T19:58:07Z,0xe56f27ec51a8bc55f2f3a597d123c7441e3351e8d71b37c1e522ad1211fe6beb,6,14,0x350035555e10d9afaf1566aaebfced5ba6c27777,0xb0baace23ac7cbd25211134a0b47ad70a9d42fa4,0x1d91a6339f6c484ad9a29dac34d2403e8688a423,4211936675957632674782,4211.936675957632674782,false
2026-05-07T02:38:04Z,72875827,1778097487,2026-05-06T19:58:07Z,0xe56f27ec51a8bc55f2f3a597d123c7441e3351e8d71b37c1e522ad1211fe6beb,6,18,0x350035555e10d9afaf1566aaebfced5ba6c27777,0x1d91a6339f6c484ad9a29dac34d2403e8688a423,0x0b79d71ae99528d1db24a4148b5f4f865cc2b137,4211936675957632674782,4211.936675957632674782,false
2026-05-07T02:38:04Z,72875827,1778097487,2026-05-06T19:58:07Z,0xe56f27ec51a8bc55f2f3a597d123c7441e3351e8d71b37c1e522ad1211fe6beb,6,20,0x350035555e10d9afaf1566aaebfced5ba6c27777,0x0b79d71ae99528d1db24a4148b5f4f865cc2b137,0x116e7d070f1888b81e1e0324f56d6746b2d7d8f1,4211936675957632674782,4211.936675957632674782,false
2026-05-07T02:38:04Z,72875948,1778097535,2026-05-06T19:58:55Z,0x34baec866fae3d8100e207780ce681b054ab61c514558fc5d73c5e51bb1d3924,3,13,0x350035555e10d9afaf1566aaebfced5ba6c27777,0x6e2c266a5fd854373ede37cdcb1bf3eb06900b07,0xfb78fcae443eb423b59b8c186518c5df94416344,10000000000000000000000,10000,false
2026-05-07T02:38:04Z,72875948,1778097535,2026-05-06T19:58:55Z,0x34baec866fae3d8100e207780ce681b054ab61c514558fc5d73c5e51bb1d3924,3,15,0x350035555e10d9afaf1566aaebfced5ba6c27777,0xfb78fcae443eb423b59b8c186518c5df94416344,0xde4c4a5d91ed23964a7b636d2b15edf51f4a7a6d,1000000000000000000000,1000,false
2026-05-07T02:38:04Z,72875948,1778097535,2026-05-06T19:58:55Z,0x34baec866fae3d8100e207780ce681b054ab61c514558fc5d73c5e51bb1d3924,3,18,0x350035555e10d9afaf1566aaebfced5ba6c27777,0xfb78fcae443eb423b59b8c186518c5df94416344,0x188d586ddcf52439676ca21a244753fa19f9ea8e,2499300000000000000000,2499.3,false
2026-05-07T02:38:04Z,72875948,1778097535,2026-05-06T19:58:55Z,0x34baec866fae3d8100e207780ce681b054ab61c514558fc5d73c5e51bb1d3924,3,21,0x350035555e10d9afaf1566aaebfced5ba6c27777,0xfb78fcae443eb423b59b8c186518c5df94416344,0x116e7d070f1888b81e1e0324f56d6746b2d7d8f1,6500700000000000000000,6500.7,false
2026-05-07T02:38:04Z,72876111,1778097600,2026-05-06T20:00:00Z,0x939dbe03dbc8a31b40259396ded60c2126c5c4e60336bed96f1a348f02d3aef6,8,45,0x350035555e10d9afaf1566aaebfced5ba6c27777,0xdd0b5a266e13bbea36212575129480d787b7105f,0xb3e6778480b2e488385e8205ea05e20060b813cb,37874891545000000000000,37874.891545,false
2026-05-07T02:38:04Z,72876111,1778097600,2026-05-06T20:00:00Z,0x939dbe03dbc8a31b40259396ded60c2126c5c4e60336bed96f1a348f02d3aef6,8,48,0x350035555e10d9afaf1566aaebfced5ba6c27777,0xb3e6778480b2e488385e8205ea05e20060b813cb,0x2f84fb8982073f39ba47c7fcc29119af074abbcb,37874891545000000000000,37874.891545,false
2026-05-07T02:38:04Z,72876111,1778097600,2026-05-06T20:00:00Z,0x939dbe03dbc8a31b40259396ded60c2126c5c4e60336bed96f1a348f02d3aef6,8,51,0x350035555e10d9afaf1566aaebfced5ba6c27777,0x2f84fb8982073f39ba47c7fcc29119af074abbcb,0x2a68ba1833cdf93fa9da1eebd7f46242ad8e90c5,15026278784920000000,15.02627878492,false
2026-05-07T02:38:04Z,72876111,1778097600,2026-05-06T20:00:00Z,0x939dbe03dbc8a31b40259396ded60c2126c5c4e60336bed96f1a348f02d3aef6,8,56,0x350035555e10d9afaf1566aaebfced5ba6c27777,0x2f84fb8982073f39ba47c7fcc29119af074abbcb,0x116e7d070f1888b81e1e0324f56d6746b2d7d8f1,35846343909035248340581,35846.343909035248340581,false
2026-05-07T02:38:04Z,72876111,1778097600,2026-05-06T20:00:00Z,0x939dbe03dbc8a31b40259396ded60c2126c5c4e60336bed96f1a348f02d3aef6,8,59,0x350035555e10d9afaf1566aaebfced5ba6c27777,0x2f84fb8982073f39ba47c7fcc29119af074abbcb,0xde4c4a5d91ed23964a7b636d2b15edf51f4a7a6d,145639317453879606317,145.639317453879606317,false
2026-05-07T02:38:04Z,72876111,1778097600,2026-05-06T20:00:00Z,0x939dbe03dbc8a31b40259396ded60c2126c5c4e60336bed96f1a348f02d3aef6,8,62,0x350035555e10d9afaf1566aaebfced5ba6c27777,0x2f84fb8982073f39ba47c7fcc29119af074abbcb,0x188d586ddcf52439676ca21a244753fa19f9ea8e,1867882039725947966736,1867.882039725947966736,false
2026-05-07T02:38:04Z,72876516,1778097763,2026-05-06T20:02:43Z,0xf8404077ad250a4fd08e54066f63b883f9425f95a4330a562dfe471e0d780800,4,9,0x350035555e10d9afaf1566aaebfced5ba6c27777,0x7946caeb67893b1fac9df2a832291593b2d019c6,0xb92fe925dc43a0ecde6c8b1a2709c170ec4fff4f,163753833958349500000000,163753.8339583495,false
2026-05-07T02:38:04Z,72876516,1778097763,2026-05-06T20:02:43Z,0xf8404077ad250a4fd08e54066f63b883f9425f95a4330a562dfe471e0d780800,4,14,0x350035555e10d9afaf1566aaebfced5ba6c27777,0xb92fe925dc43a0ecde6c8b1a2709c170ec4fff4f,0xfb78fcae443eb423b59b8c186518c5df94416344,163753833958349500000000,163753.8339583495,false
2026-05-07T02:38:04Z,72876516,1778097763,2026-05-06T20:02:43Z,0xf8404077ad250a4fd08e54066f63b883f9425f95a4330a562dfe471e0d780800,4,16,0x350035555e10d9afaf1566aaebfced5ba6c27777,0xfb78fcae443eb423b59b8c186518c5df94416344,0x116e7d070f1888b81e1e0324f56d6746b2d7d8f1,163753833958349500000000,163753.8339583495,false
2026-05-07T02:38:04Z,72877274,1778098066,2026-05-06T20:07:46Z,0xe1ca6148c13b53528a1ec11d135be3a1a323110c229fc549b4ab2f59ec4db1f9,1,2,0x350035555e10d9afaf1566aaebfced5ba6c27777,0x116e7d070f1888b81e1e0324f56d6746b2d7d8f1,0x25531ac10c205d3ccc601b635af8a3e9851b2a3b,1116279883481020209381,1116.279883481020209381,false
2026-05-07T02:38:04Z,72877355,1778098098,2026-05-06T20:08:18Z,0xd3ed475fe70e549e723234884034b2650a02f27c8abe10435148a9a9a80f3b21,5,21,0x350035555e10d9afaf1566aaebfced5ba6c27777,0x116e7d070f1888b81e1e0324f56d6746b2d7d8f1,0xcd68f7c0668b72ab943e09ff4dbf53da64b8a8c2,1150308906601582425240,1150.30890660158242524,false
2026-05-07T02:38:04Z,72877355,1778098098,2026-05-06T20:08:18Z,0xd3ed475fe70e549e723234884034b2650a02f27c8abe10435148a9a9a80f3b21,5,24,0x350035555e10d9afaf1566aaebfced5ba6c27777,0xcd68f7c0668b72ab943e09ff4dbf53da64b8a8c2,0xaebe5522749b65eae7b2a35c593145cc3128b515,1150308906601582425240,1150.30890660158242524,false
2026-05-07T02:38:04Z,72877355,1778098098,2026-05-06T20:08:18Z,0xd3ed475fe70e549e723234884034b2650a02f27c8abe10435148a9a9a80f3b21,5,26,0x350035555e10d9afaf1566aaebfced5ba6c27777,0xaebe5522749b65eae7b2a35c593145cc3128b515,0xb0baace23ac7cbd25211134a0b47ad70a9d42fa4,1150308906601582425240,1150.30890660158242524,false
2026-05-07T02:38:04Z,72877383,1778098110,2026-05-06T20:08:30Z,0x6e1eed39c4fa223805b62f12f046251e8fd6a7008d09ce12b9bf4916b6a8d3bc,1,1,0x350035555e10d9afaf1566aaebfced5ba6c27777,0xb0baace23ac7cbd25211134a0b47ad70a9d42fa4,0x1d91a6339f6c484ad9a29dac34d2403e8688a423,1150308906601582425240,1150.30890660158242524,false
2026-05-07T02:38:04Z,72877383,1778098110,2026-05-06T20:08:30Z,0x6e1eed39c4fa223805b62f12f046251e8fd6a7008d09ce12b9bf4916b6a8d3bc,1,5,0x350035555e10d9afaf1566aaebfced5ba6c27777,0x1d91a6339f6c484ad9a29dac34d2403e8688a423,0x0b79d71ae99528d1db24a4148b5f4f865cc2b137,1150308906601582425240,1150.30890660158242524,false
2026-05-07T02:38:04Z,72877383,1778098110,2026-05-06T20:08:30Z,0x6e1eed39c4fa223805b62f12f046251e8fd6a7008d09ce12b9bf4916b6a8d3bc,1,7,0x350035555e10d9afaf1566aaebfced5ba6c27777,0x0b79d71ae99528d1db24a4148b5f4f865cc2b137,0x116e7d070f1888b81e1e0324f56d6746b2d7d8f1,1150308906601582425240,1150.30890660158242524,false
2026-05-07T02:38:04Z,72879622,1778099001,2026-05-06T20:23:21Z,0xd3d2ba68399c104c1c2c005a6a47f5e573d5cb2d9796cc9fc3e31c0dfd059cf9,4,8,0x350035555e10d9afaf1566aaebfced5ba6c27777,0xc294dfca3e60d18c35bed3f4519fe7ad6ad0cf9b,0xde4c4a5d91ed23964a7b636d2b15edf51f4a7a6d,785000000000000000,0.785,false
2026-05-07T02:38:04Z,72880299,1778099272,2026-05-06T20:27:52Z,0x3569a892ead665bafe2bb635fd448b3d3e964a3bbd78c2a2a991e2e292348619,5,34,0x350035555e10d9afaf1566aaebfced5ba6c27777,0xde4c4a5d91ed23964a7b636d2b15edf51f4a7a6d,0xfb78fcae443eb423b59b8c186518c5df94416344,497881159465265829440,497.88115946526582944,false
2026-05-07T02:38:04Z,72880299,1778099272,2026-05-06T20:27:52Z,0x3569a892ead665bafe2bb635fd448b3d3e964a3bbd78c2a2a991e2e292348619,5,37,0x350035555e10d9afaf1566aaebfced5ba6c27777,0x116e7d070f1888b81e1e0324f56d6746b2d7d8f1,0xfb78fcae443eb423b59b8c186518c5df94416344,9424957359874157129903,9424.957359874157129903,false
2026-05-07T02:38:04Z,72880299,1778099272,2026-05-06T20:27:52Z,0x3569a892ead665bafe2bb635fd448b3d3e964a3bbd78c2a2a991e2e292348619,5,40,0x350035555e10d9afaf1566aaebfced5ba6c27777,0xfb78fcae443eb423b59b8c186518c5df94416344,0x6e2c266a5fd854373ede37cdcb1bf3eb06900b07,9922838519339422959343,9922.838519339422959343,false
2026-05-07T02:38:04Z,72880393,1778099309,2026-05-06T20:28:29Z,0xe354d4f4ad92951fc7f17816a03e7e3c0bf58414b4491e892ae6f0323aa928ab,3,25,0x350035555e10d9afaf1566aaebfced5ba6c27777,0x116e7d070f1888b81e1e0324f56d6746b2d7d8f1,0xcd68f7c0668b72ab943e09ff4dbf53da64b8a8c2,6291630795204035559,6.291630795204035559,false
2026-05-07T02:38:04Z,72880393,1778099309,2026-05-06T20:28:29Z,0xe354d4f4ad92951fc7f17816a03e7e3c0bf58414b4491e892ae6f0323aa928ab,3,28,0x350035555e10d9afaf1566aaebfced5ba6c27777,0xcd68f7c0668b72ab943e09ff4dbf53da64b8a8c2,0xaebe5522749b65eae7b2a35c593145cc3128b515,6291630795204035559,6.291630795204035559,false
2026-05-07T02:38:04Z,72880393,1778099309,2026-05-06T20:28:29Z,0xe354d4f4ad92951fc7f17816a03e7e3c0bf58414b4491e892ae6f0323aa928ab,3,30,0x350035555e10d9afaf1566aaebfced5ba6c27777,0xaebe5522749b65eae7b2a35c593145cc3128b515,0xb0baace23ac7cbd25211134a0b47ad70a9d42fa4,6291630795204035559,6.291630795204035559,false
2026-05-07T02:38:04Z,72880421,1778099320,2026-05-06T20:28:40Z,0x1022155330aeefd6e70cc60682c3f9d8f4d2b0453fc504483ab780b852baf5fc,21,133,0x350035555e10d9afaf1566aaebfced5ba6c27777,0xb0baace23ac7cbd25211134a0b47ad70a9d42fa4,0x1d91a6339f6c484ad9a29dac34d2403e8688a423,6291630795204035559,6.291630795204035559,false
2026-05-07T02:38:04Z,72880421,1778099320,2026-05-06T20:28:40Z,0x1022155330aeefd6e70cc60682c3f9d8f4d2b0453fc504483ab780b852baf5fc,21,137,0x350035555e10d9afaf1566aaebfced5ba6c27777,0x1d91a6339f6c484ad9a29dac34d2403e8688a423,0x0b79d71ae99528d1db24a4148b5f4f865cc2b137,6291630795204035559,6.291630795204035559,false
2026-05-07T02:38:04Z,72880421,1778099320,2026-05-06T20:28:40Z,0x1022155330aeefd6e70cc60682c3f9d8f4d2b0453fc504483ab780b852baf5fc,21,139,0x350035555e10d9afaf1566aaebfced5ba6c27777,0x0b79d71ae99528d1db24a4148b5f4f865cc2b137,0x116e7d070f1888b81e1e0324f56d6746b2d7d8f1,6291630795204035559,6.291630795204035559,false
2026-05-07T02:38:04Z,72880490,1778099348,2026-05-06T20:29:08Z,0x9cd73a04d51aed755fcc55ed9310b35c4cc1bc5d52fd56e8a3cd85c314eeb352,1,1,0x350035555e10d9afaf1566aaebfced5ba6c27777,0x116e7d070f1888b81e1e0324f56d6746b2d7d8f1,0xe0938d939b8d36bd0fbab97f3a3d1087b52507a8,22534742316603497338190,22534.74231660349733819,false
2026-05-07T02:38:04Z,72880490,1778099348,2026-05-06T20:29:08Z,0x9cd73a04d51aed755fcc55ed9310b35c4cc1bc5d52fd56e8a3cd85c314eeb352,1,3,0x350035555e10d9afaf1566aaebfced5ba6c27777,0xe0938d939b8d36bd0fbab97f3a3d1087b52507a8,0x188d586ddcf52439676ca21a244753fa19f9ea8e,22534742316603497338190,22534.74231660349733819,false
2026-05-07T02:38:04Z,72881938,1778099928,2026-05-06T20:38:48Z,0x9069410b3669b51f35ed241959bc8ac9ff03ea75d346fe7457f94d5a8332dd77,1,4,0x350035555e10d9afaf1566aaebfced5ba6c27777,0x116e7d070f1888b81e1e0324f56d6746b2d7d8f1,0xcd68f7c0668b72ab943e09ff4dbf53da64b8a8c2,34412163407572550,0.03441216340757255,false
2026-05-07T02:38:04Z,72881938,1778099928,2026-05-06T20:38:48Z,0x9069410b3669b51f35ed241959bc8ac9ff03ea75d346fe7457f94d5a8332dd77,1,7,0x350035555e10d9afaf1566aaebfced5ba6c27777,0xcd68f7c0668b72ab943e09ff4dbf53da64b8a8c2,0xaebe5522749b65eae7b2a35c593145cc3128b515,34412163407572550,0.03441216340757255,false
2026-05-07T02:38:04Z,72881938,1778099928,2026-05-06T20:38:48Z,0x9069410b3669b51f35ed241959bc8ac9ff03ea75d346fe7457f94d5a8332dd77,1,9,0x350035555e10d9afaf1566aaebfced5ba6c27777,0xaebe5522749b65eae7b2a35c593145cc3128b515,0xb0baace23ac7cbd25211134a0b47ad70a9d42fa4,34412163407572550,0.03441216340757255,false
2026-05-07T02:38:04Z,72881966,1778099939,2026-05-06T20:38:59Z,0xe872a4530918255cad7a479455d9b29e254d3e485be50fc3b841ab1cc8c6de54,1,1,0x350035555e10d9afaf1566aaebfced5ba6c27777,0xb0baace23ac7cbd25211134a0b47ad70a9d42fa4,0x1d91a6339f6c484ad9a29dac34d2403e8688a423,34412163407572550,0.03441216340757255,false
2026-05-07T02:38:04Z,72881966,1778099939,2026-05-06T20:38:59Z,0xe872a4530918255cad7a479455d9b29e254d3e485be50fc3b841ab1cc8c6de54,1,5,0x350035555e10d9afaf1566aaebfced5ba6c27777,0x1d91a6339f6c484ad9a29dac34d2403e8688a423,0x0b79d71ae99528d1db24a4148b5f4f865cc2b137,34412163407572550,0.03441216340757255,false
2026-05-07T02:38:04Z,72881966,1778099939,2026-05-06T20:38:59Z,0xe872a4530918255cad7a479455d9b29e254d3e485be50fc3b841ab1cc8c6de54,1,7,0x350035555e10d9afaf1566aaebfced5ba6c27777,0x0b79d71ae99528d1db24a4148b5f4f865cc2b137,0x116e7d070f1888b81e1e0324f56d6746b2d7d8f1,34412163407572550,0.03441216340757255,false
2026-05-07T02:38:04Z,72883042,1778100371,2026-05-06T20:46:11Z,0x006516811b674cfe43ba32927a40448653ce348097390ccfd9fb5a4433d9c9dc,1,4,0x350035555e10d9afaf1566aaebfced5ba6c27777,0x188d586ddcf52439676ca21a244753fa19f9ea8e,0xe0938d939b8d36bd0fbab97f3a3d1087b52507a8,5595831530498919092171,5595.831530498919092171,false
2026-05-07T02:38:04Z,72883042,1778100371,2026-05-06T20:46:11Z,0x006516811b674cfe43ba32927a40448653ce348097390ccfd9fb5a4433d9c9dc,1,6,0x350035555e10d9afaf1566aaebfced5ba6c27777,0xe0938d939b8d36bd0fbab97f3a3d1087b52507a8,0xbfca90ba028b6376cc408935f1e026ffec5c4959,5595831530498919092171,5595.831530498919092171,false
2026-05-07T02:38:04Z,72883619,1778100603,2026-05-06T20:50:03Z,0x6e5c5de910d7411c9672e3ef3cdf761226fed1347ed3b17668fe7027990d51cb,11,55,0x350035555e10d9afaf1566aaebfced5ba6c27777,0x188d586ddcf52439676ca21a244753fa19f9ea8e,0xc9ca80b5ea956afa98627963d1880033545d108e,22767977341907805862,22.767977341907805862,false
2026-05-07T02:38:04Z,72883619,1778100603,2026-05-06T20:50:03Z,0x6e5c5de910d7411c9672e3ef3cdf761226fed1347ed3b17668fe7027990d51cb,11,56,0x350035555e10d9afaf1566aaebfced5ba6c27777,0xc9ca80b5ea956afa98627963d1880033545d108e,0xc9ca80b5ea956afa98627963d1880033545d108e,22767977341907805862,22.767977341907805862,false
2026-05-07T02:38:04Z,72883619,1778100603,2026-05-06T20:50:03Z,0x6e5c5de910d7411c9672e3ef3cdf761226fed1347ed3b17668fe7027990d51cb,11,60,0x350035555e10d9afaf1566aaebfced5ba6c27777,0xc9ca80b5ea956afa98627963d1880033545d108e,0x116e7d070f1888b81e1e0324f56d6746b2d7d8f1,22767977341907805862,22.767977341907805862,false
2026-05-07T02:38:04Z,72887349,1778102098,2026-05-06T21:14:58Z,0xed1ed98506d0efd3e0a015888456bb4240d059ebc87046b3ec19f72b21b89dec,3,9,0x350035555e10d9afaf1566aaebfced5ba6c27777,0x188d586ddcf52439676ca21a244753fa19f9ea8e,0xcd4f54854795b984d72b69e823df80827635dd5d,458306663978376289860,458.30666397837628986,false
2026-05-07T02:38:04Z,72887349,1778102098,2026-05-06T21:14:58Z,0xed1ed98506d0efd3e0a015888456bb4240d059ebc87046b3ec19f72b21b89dec,3,12,0x350035555e10d9afaf1566aaebfced5ba6c27777,0xcd4f54854795b984d72b69e823df80827635dd5d,0xde4c4a5d91ed23964a7b636d2b15edf51f4a7a6d,458306663978376289860,458.30666397837628986,false
2026-05-07T02:38:04Z,72887390,1778102114,2026-05-06T21:15:14Z,0x0901fe78f004ff061ae72cb74d63ce316b205c772dacd8fc550431fe1753150b,5,23,0x350035555e10d9afaf1566aaebfced5ba6c27777,0x188d586ddcf52439676ca21a244753fa19f9ea8e,0x8f10b468b06c6fd214b65f87778827f7d113f996,3811867669729905522606,3811.867669729905522606,false
2026-05-07T02:38:04Z,72887390,1778102114,2026-05-06T21:15:14Z,0x0901fe78f004ff061ae72cb74d63ce316b205c772dacd8fc550431fe1753150b,5,26,0x350035555e10d9afaf1566aaebfced5ba6c27777,0x8f10b468b06c6fd214b65f87778827f7d113f996,0x116e7d070f1888b81e1e0324f56d6746b2d7d8f1,3811867669729905522606,3811.867669729905522606,false
2026-05-07T02:38:04Z,72889046,1778102775,2026-05-06T21:26:15Z,0x9905ffc85e42e340cc5234e00f1fa6b8709ade55b4802c6507fd8e3f311a6793,4,7,0x350035555e10d9afaf1566aaebfced5ba6c27777,0x116e7d070f1888b81e1e0324f56d6746b2d7d8f1,0x72f38cb2d47869056842ec689ee65e135599ec30,6077607285275860452620553,6077607.285275860452620553,false
2026-05-07T02:38:04Z,72889047,1778102776,2026-05-06T21:26:16Z,0xc3c25060661ce6111702af45c2aaf595b89b88ed48927213546471029f9077aa,1,2,0x350035555e10d9afaf1566aaebfced5ba6c27777,0x188d586ddcf52439676ca21a244753fa19f9ea8e,0x9e4fe49647e0c7013afb181da699ed741d1559e3,371142614396964529754439,371142.614396964529754439,false
2026-05-07T02:38:04Z,72889047,1778102776,2026-05-06T21:26:16Z,0xc3c25060661ce6111702af45c2aaf595b89b88ed48927213546471029f9077aa,1,4,0x350035555e10d9afaf1566aaebfced5ba6c27777,0x9e4fe49647e0c7013afb181da699ed741d1559e3,0x116e7d070f1888b81e1e0324f56d6746b2d7d8f1,371142614396964529754439,371142.614396964529754439,false
2026-05-07T02:38:04Z,72889047,1778102776,2026-05-06T21:26:16Z,0x25cc97cca12bd8533e5a5b94dc6b4443de7ea1dc4570bcc39e79e4b4689f57e5,14,18,0x350035555e10d9afaf1566aaebfced5ba6c27777,0xbfca90ba028b6376cc408935f1e026ffec5c4959,0x116e7d070f1888b81e1e0324f56d6746b2d7d8f1,228037363279287632416349,228037.363279287632416349,false
2026-05-07T02:38:04Z,72889047,1778102776,2026-05-06T21:26:16Z,0x1ba2ad9cb7fa67af9c1c4e0216793ee81495bb87726117fcfd1be847f9980956,16,27,0x350035555e10d9afaf1566aaebfced5ba6c27777,0x188d586ddcf52439676ca21a244753fa19f9ea8e,0x116e7d070f1888b81e1e0324f56d6746b2d7d8f1,13712384259532788919,13.712384259532788919,false
2026-05-07T02:38:04Z,72889047,1778102776,2026-05-06T21:26:16Z,0x1fcee81a81d08826637659d4dd2976b282e84495d1caed535b636a5c4b4bdcae,17,30,0x350035555e10d9afaf1566aaebfced5ba6c27777,0xb02105bcf6c1e20fca2b5360f5fe78b8fc6e7238,0xd6f5de150dcd9041dbb4198beba69b7221b69b01,872466976390992347948,872.466976390992347948,false
2026-05-07T02:38:04Z,72889047,1778102776,2026-05-06T21:26:16Z,0x1fcee81a81d08826637659d4dd2976b282e84495d1caed535b636a5c4b4bdcae,17,32,0x350035555e10d9afaf1566aaebfced5ba6c27777,0xd6f5de150dcd9041dbb4198beba69b7221b69b01,0x116e7d070f1888b81e1e0324f56d6746b2d7d8f1,872466976390992347948,872.466976390992347948,false
2026-05-07T02:38:04Z,72889047,1778102776,2026-05-06T21:26:16Z,0x8250948c380e2cdf35345d66d34dd66c3e509df6464586ed658186585ab9da81,18,43,0x350035555e10d9afaf1566aaebfced5ba6c27777,0x188d586ddcf52439676ca21a244753fa19f9ea8e,0x8a00dcaa5d9981c8667638041e22b17b4a3f5a7f,349190444618808531584073,349190.444618808531584073,false
2026-05-07T02:38:04Z,72889047,1778102776,2026-05-06T21:26:16Z,0x8250948c380e2cdf35345d66d34dd66c3e509df6464586ed658186585ab9da81,18,45,0x350035555e10d9afaf1566aaebfced5ba6c27777,0x8a00dcaa5d9981c8667638041e22b17b4a3f5a7f,0x116e7d070f1888b81e1e0324f56d6746b2d7d8f1,349190444618808531584073,349190.444618808531584073,false
2026-05-07T02:38:04Z,72889047,1778102776,2026-05-06T21:26:16Z,0xf8bfef63567ecadbf9a5d576512b3219a4a3b7ad960747cab14115f91b9fb66a,28,111,0x350035555e10d9afaf1566aaebfced5ba6c27777,0xde4c4a5d91ed23964a7b636d2b15edf51f4a7a6d,0xe18f5e8bff13de9e5d0362ac92966c3277beefa2,9248227197339514104412,9248.227197339514104412,false
2026-05-07T02:38:04Z,72889047,1778102776,2026-05-06T21:26:16Z,0xf8bfef63567ecadbf9a5d576512b3219a4a3b7ad960747cab14115f91b9fb66a,28,113,0x350035555e10d9afaf1566aaebfced5ba6c27777,0xe18f5e8bff13de9e5d0362ac92966c3277beefa2,0x116e7d070f1888b81e1e0324f56d6746b2d7d8f1,9248227197339514104411,9248.227197339514104411,false
2026-05-07T02:38:04Z,72889048,1778102776,2026-05-06T21:26:16Z,0xdc5f1ee50b7c6174ac02691285f25c7317abd26650213b33f5eff8e06afe25c4,3,5,0x350035555e10d9afaf1566aaebfced5ba6c27777,0x188d586ddcf52439676ca21a244753fa19f9ea8e,0xbfca90ba028b6376cc408935f1e026ffec5c4959,12196116843277617613868,12196.116843277617613868,false
2026-05-07T02:38:04Z,72889048,1778102776,2026-05-06T21:26:16Z,0xdc5f1ee50b7c6174ac02691285f25c7317abd26650213b33f5eff8e06afe25c4,3,12,0x350035555e10d9afaf1566aaebfced5ba6c27777,0xd215a9694fe9ddefe0ae8a50b309d1d9f015b772,0x188d586ddcf52439676ca21a244753fa19f9ea8e,3274649544081618992255,3274.649544081618992255,false
2026-05-07T02:38:04Z,72889048,1778102776,2026-05-06T21:26:16Z,0xdc5f1ee50b7c6174ac02691285f25c7317abd26650213b33f5eff8e06afe25c4,3,19,0x350035555e10d9afaf1566aaebfced5ba6c27777,0xd23e066e0422bef5b3b20c9df85fb9716d0cb305,0x116e7d070f1888b81e1e0324f56d6746b2d7d8f1,953205550270971303683,953.205550270971303683,false
2026-05-07T02:38:04Z,72889048,1778102776,2026-05-06T21:26:16Z,0x62e5a69c64cb55d87abb0ac1d0756ac427e0ace7ea2d4fa06b1789f3d8a1900b,22,35,0x350035555e10d9afaf1566aaebfced5ba6c27777,0xce44bc10a77779d9bcce86060110ac5f295fcb8f,0xb02105bcf6c1e20fca2b5360f5fe78b8fc6e7238,207894073696864881181,207.894073696864881181,false
2026-05-07T02:38:04Z,72889048,1778102776,2026-05-06T21:26:16Z,0x7d208fa97133734cba4060b6c7c650a9485799827ffee5d1f56d2db343d07345,24,45,0x350035555e10d9afaf1566aaebfced5ba6c27777,0xd836dff7332bf922d13500eb10c092a7ae42aad0,0xe0938d939b8d36bd0fbab97f3a3d1087b52507a8,198910746447604928638,198.910746447604928638,false
2026-05-07T02:38:04Z,72889048,1778102776,2026-05-06T21:26:16Z,0x7d208fa97133734cba4060b6c7c650a9485799827ffee5d1f56d2db343d07345,24,49,0x350035555e10d9afaf1566aaebfced5ba6c27777,0xe0938d939b8d36bd0fbab97f3a3d1087b52507a8,0xde4c4a5d91ed23964a7b636d2b15edf51f4a7a6d,198910746447604928638,198.910746447604928638,false
2026-05-07T02:38:04Z,72889048,1778102776,2026-05-06T21:26:16Z,0x004657056db63f9e69c60881d8fbf2912578ee17dc300cc81da5dcf5ba61f86c,25,55,0x350035555e10d9afaf1566aaebfced5ba6c27777,0x74762446b4c41894dd022bcc6b386a344d4d3ad4,0xe0938d939b8d36bd0fbab97f3a3d1087b52507a8,91071097516527885265,91.071097516527885265,false
2026-05-07T02:38:04Z,72889048,1778102776,2026-05-06T21:26:16Z,0x004657056db63f9e69c60881d8fbf2912578ee17dc300cc81da5dcf5ba61f86c,25,58,0x350035555e10d9afaf1566aaebfced5ba6c27777,0xe0938d939b8d36bd0fbab97f3a3d1087b52507a8,0x188d586ddcf52439676ca21a244753fa19f9ea8e,91071097516527885265,91.071097516527885265,false
2026-05-07T02:38:04Z,72889048,1778102776,2026-05-06T21:26:16Z,0xbf10571c728b6b0f1df4c99c0a0a08b0f3bee01d464ab36bfe82043bc99f1843,30,71,0x350035555e10d9afaf1566aaebfced5ba6c27777,0x031cc397ab68cb6969fdec7b572e4f449ee8255f,0xbb0b4f16bf79a932ad7112bb485a9320269c86e9,434426141297226653503,434.426141297226653503,false
2026-05-07T02:38:04Z,72889048,1778102776,2026-05-06T21:26:16Z,0xbf10571c728b6b0f1df4c99c0a0a08b0f3bee01d464ab36bfe82043bc99f1843,30,73,0x350035555e10d9afaf1566aaebfced5ba6c27777,0xbb0b4f16bf79a932ad7112bb485a9320269c86e9,0xde4c4a5d91ed23964a7b636d2b15edf51f4a7a6d,434426141297226653503,434.426141297226653503,false
2026-05-07T02:38:04Z,72889082,1778102790,2026-05-06T21:26:30Z,0x9921e5ead30f0ae19433b8e14d082a17f0ab3c4e4d229a59c2b925efe3126daf,4,36,0x350035555e10d9afaf1566aaebfced5ba6c27777,0xb02105bcf6c1e20fca2b5360f5fe78b8fc6e7238,0xd836dff7332bf922d13500eb10c092a7ae42aad0,48433419165567625753,48.433419165567625753,false
2026-05-07T02:38:04Z,72889087,1778102792,2026-05-06T21:26:32Z,0x79e0ccd21db18645e88c98d4ee8d762788677a6b5bd77b486dacfbaa5c9b769b,1,6,0x350035555e10d9afaf1566aaebfced5ba6c27777,0x22d7b2692e3a0cb2ffea3aeb02a5e829c9b020ce,0xb02105bcf6c1e20fca2b5360f5fe78b8fc6e7238,467380512155752129485,467.380512155752129485,false
2026-05-07T02:38:04Z,72889088,1778102792,2026-05-06T21:26:32Z,0xc497c8e302d4a1af935362ca6898838dd751f36cc2b2b88a0947c3cc0c4521a7,1,3,0x350035555e10d9afaf1566aaebfced5ba6c27777,0xb02105bcf6c1e20fca2b5360f5fe78b8fc6e7238,0xe0938d939b8d36bd0fbab97f3a3d1087b52507a8,479745476594545138819,479.745476594545138819,false
2026-05-07T02:38:04Z,72889088,1778102792,2026-05-06T21:26:32Z,0xc497c8e302d4a1af935362ca6898838dd751f36cc2b2b88a0947c3cc0c4521a7,1,6,0x350035555e10d9afaf1566aaebfced5ba6c27777,0xe0938d939b8d36bd0fbab97f3a3d1087b52507a8,0x188d586ddcf52439676ca21a244753fa19f9ea8e,479745476594545138819,479.745476594545138819,false
2026-05-07T02:38:04Z,72889143,1778102814,2026-05-06T21:26:54Z,0x5a4947a8da7bd15969eed8e4aaa400e368ac4e2e298ab36c545e61c0febb8908,7,29,0x350035555e10d9afaf1566aaebfced5ba6c27777,0x6bcf3645abc216f00fdf1cd24947dd072ddc3b99,0x003989cd92c31a51d8b20bdbd0c51e444f88d081,1000000000000000000000000,1000000,false
2026-05-07T02:38:04Z,72889143,1778102814,2026-05-06T21:26:54Z,0x5a4947a8da7bd15969eed8e4aaa400e368ac4e2e298ab36c545e61c0febb8908,7,31,0x350035555e10d9afaf1566aaebfced5ba6c27777,0x003989cd92c31a51d8b20bdbd0c51e444f88d081,0x116e7d070f1888b81e1e0324f56d6746b2d7d8f1,1000000000000000000000000,1000000,false
2026-05-07T02:38:04Z,72889143,1778102814,2026-05-06T21:26:54Z,0x82f7571c37460478a487a6add08add7d34001ec54616246cfa1a10ba6485e564,8,37,0x350035555e10d9afaf1566aaebfced5ba6c27777,0x116e7d070f1888b81e1e0324f56d6746b2d7d8f1,0x5193f20348a6eab6e8ebc003b61bf1c470ef90d4,43947376688766701018145,43947.376688766701018145,false
2026-05-07T02:38:04Z,72889143,1778102814,2026-05-06T21:26:54Z,0x82f7571c37460478a487a6add08add7d34001ec54616246cfa1a10ba6485e564,8,39,0x350035555e10d9afaf1566aaebfced5ba6c27777,0x5193f20348a6eab6e8ebc003b61bf1c470ef90d4,0x188d586ddcf52439676ca21a244753fa19f9ea8e,43947376688766701018145,43947.376688766701018145,false
2026-05-07T02:38:04Z,72889144,1778102815,2026-05-06T21:26:55Z,0x0816426b7c19bb9318023d7239d3d549db8c4cfb630c5bfa8617e540167f4534,1,1,0x350035555e10d9afaf1566aaebfced5ba6c27777,0x116e7d070f1888b81e1e0324f56d6746b2d7d8f1,0x9e4fe49647e0c7013afb181da699ed741d1559e3,22358776711623596817911,22358.776711623596817911,false
2026-05-07T02:38:04Z,72889144,1778102815,2026-05-06T21:26:55Z,0x0816426b7c19bb9318023d7239d3d549db8c4cfb630c5bfa8617e540167f4534,1,5,0x350035555e10d9afaf1566aaebfced5ba6c27777,0x9e4fe49647e0c7013afb181da699ed741d1559e3,0xbfca90ba028b6376cc408935f1e026ffec5c4959,22358776711623596817911,22358.776711623596817911,false
2026-05-07T02:38:04Z,72889144,1778102815,2026-05-06T21:26:55Z,0x7ccbcb29e2798652cd961f9a4d0feb6fe0fd671d4d0a7fa68c9f4483bc1e3403,5,11,0x350035555e10d9afaf1566aaebfced5ba6c27777,0x116e7d070f1888b81e1e0324f56d6746b2d7d8f1,0x188d586ddcf52439676ca21a244753fa19f9ea8e,12772014091071960331950,12772.01409107196033195,false
2026-05-07T02:38:04Z,72889145,1778102815,2026-05-06T21:26:55Z,0x156e4ed0c94eb0ac5b350d2f7059bdf3528d331a0b8456d32ae4d85430f859ec,4,2,0x350035555e10d9afaf1566aaebfced5ba6c27777,0x116e7d070f1888b81e1e0324f56d6746b2d7d8f1,0x7e19afc17653ff84ff91cfdc18ab9b1af8895b9a,586320723053653466308,586.320723053653466308,false
2026-05-07T02:38:04Z,72889145,1778102815,2026-05-06T21:26:55Z,0x156e4ed0c94eb0ac5b350d2f7059bdf3528d331a0b8456d32ae4d85430f859ec,4,4,0x350035555e10d9afaf1566aaebfced5ba6c27777,0x7e19afc17653ff84ff91cfdc18ab9b1af8895b9a,0xde4c4a5d91ed23964a7b636d2b15edf51f4a7a6d,586320723053653466307,586.320723053653466307,false
2026-05-07T02:38:04Z,72889455,1778102939,2026-05-06T21:28:59Z,0x495e00999f0294f0be988a9e94369ea5568cc613177370ff0e4bc7c43fbd7e29,2,41,0x350035555e10d9afaf1566aaebfced5ba6c27777,0x116e7d070f1888b81e1e0324f56d6746b2d7d8f1,0xcd68f7c0668b72ab943e09ff4dbf53da64b8a8c2,12073979321655826935220,12073.97932165582693522,false
2026-05-07T02:38:04Z,72889455,1778102939,2026-05-06T21:28:59Z,0x495e00999f0294f0be988a9e94369ea5568cc613177370ff0e4bc7c43fbd7e29,2,44,0x350035555e10d9afaf1566aaebfced5ba6c27777,0xcd68f7c0668b72ab943e09ff4dbf53da64b8a8c2,0xaebe5522749b65eae7b2a35c593145cc3128b515,12073979321655826935220,12073.97932165582693522,false
2026-05-07T02:38:04Z,72889455,1778102939,2026-05-06T21:28:59Z,0x495e00999f0294f0be988a9e94369ea5568cc613177370ff0e4bc7c43fbd7e29,2,46,0x350035555e10d9afaf1566aaebfced5ba6c27777,0xaebe5522749b65eae7b2a35c593145cc3128b515,0xb0baace23ac7cbd25211134a0b47ad70a9d42fa4,12073979321655826935220,12073.97932165582693522,false
2026-05-07T02:38:04Z,72889468,1778102944,2026-05-06T21:29:04Z,0x37c93b5bb16398a8603c9078b68fe40b3ae0d43c916e1ea84019fffc2a4f69bf,1,1,0x350035555e10d9afaf1566aaebfced5ba6c27777,0xb0baace23ac7cbd25211134a0b47ad70a9d42fa4,0x1d91a6339f6c484ad9a29dac34d2403e8688a423,12073979321655826935220,12073.97932165582693522,false
2026-05-07T02:38:04Z,72889468,1778102944,2026-05-06T21:29:04Z,0x37c93b5bb16398a8603c9078b68fe40b3ae0d43c916e1ea84019fffc2a4f69bf,1,5,0x350035555e10d9afaf1566aaebfced5ba6c27777,0x1d91a6339f6c484ad9a29dac34d2403e8688a423,0x0b79d71ae99528d1db24a4148b5f4f865cc2b137,12073979321655826935220,12073.97932165582693522,false
2026-05-07T02:38:04Z,72889468,1778102944,2026-05-06T21:29:04Z,0x37c93b5bb16398a8603c9078b68fe40b3ae0d43c916e1ea84019fffc2a4f69bf,1,7,0x350035555e10d9afaf1566aaebfced5ba6c27777,0x0b79d71ae99528d1db24a4148b5f4f865cc2b137,0x116e7d070f1888b81e1e0324f56d6746b2d7d8f1,12073979321655826935220,12073.97932165582693522,false
2026-05-07T02:38:04Z,72890061,1778103182,2026-05-06T21:33:02Z,0xbc78a6333069c53640dbe2bc17197a226377e0849d100d6dc0744e79a8920f0e,1,7,0x350035555e10d9afaf1566aaebfced5ba6c27777,0x22d7b2692e3a0cb2ffea3aeb02a5e829c9b020ce,0x116e7d070f1888b81e1e0324f56d6746b2d7d8f1,398327560608032047741,398.327560608032047741,false
2026-05-07T02:38:04Z,72891137,1778103613,2026-05-06T21:40:13Z,0x51d90f3e2d3726d5c0d76d9ff3b567886e471215ebe8b2e9ea17730bcd01bb21,6,20,0x350035555e10d9afaf1566aaebfced5ba6c27777,0x429e3f036f19960d1880d7f66498c792e8f19b86,0x003989cd92c31a51d8b20bdbd0c51e444f88d081,6000000000000000000000,6000,false
2026-05-07T02:38:04Z,72891137,1778103613,2026-05-06T21:40:13Z,0x51d90f3e2d3726d5c0d76d9ff3b567886e471215ebe8b2e9ea17730bcd01bb21,6,22,0x350035555e10d9afaf1566aaebfced5ba6c27777,0x003989cd92c31a51d8b20bdbd0c51e444f88d081,0x116e7d070f1888b81e1e0324f56d6746b2d7d8f1,6000000000000000000000,6000,false
2026-05-07T02:38:04Z,72891634,1778103811,2026-05-06T21:43:31Z,0x2ab7771a745f7a82dacb24aeea32044f31ac5a52aebc08a5caa2f04598689253,2,25,0x350035555e10d9afaf1566aaebfced5ba6c27777,0x4fd83ca2ecfd69a37f8c6c4d88377d861f60190b,0xfb78fcae443eb423b59b8c186518c5df94416344,25000000000000000000000,25000,false
2026-05-07T02:38:04Z,72891634,1778103811,2026-05-06T21:43:31Z,0x2ab7771a745f7a82dacb24aeea32044f31ac5a52aebc08a5caa2f04598689253,2,27,0x350035555e10d9afaf1566aaebfced5ba6c27777,0xfb78fcae443eb423b59b8c186518c5df94416344,0xde4c4a5d91ed23964a7b636d2b15edf51f4a7a6d,622500000000000000000,622.5,false
2026-05-07T02:38:04Z,72891634,1778103811,2026-05-06T21:43:31Z,0x2ab7771a745f7a82dacb24aeea32044f31ac5a52aebc08a5caa2f04598689253,2,30,0x350035555e10d9afaf1566aaebfced5ba6c27777,0xfb78fcae443eb423b59b8c186518c5df94416344,0xbfca90ba028b6376cc408935f1e026ffec5c4959,9999650500000000000000,9999.6505,false
2026-05-07T02:38:04Z,72891634,1778103811,2026-05-06T21:43:31Z,0x2ab7771a745f7a82dacb24aeea32044f31ac5a52aebc08a5caa2f04598689253,2,34,0x350035555e10d9afaf1566aaebfced5ba6c27777,0xfb78fcae443eb423b59b8c186518c5df94416344,0x188d586ddcf52439676ca21a244753fa19f9ea8e,14377849500000000000000,14377.8495,false
2026-05-07T02:38:04Z,72892542,1778104174,2026-05-06T21:49:34Z,0x2ab96ce4b43af33844c81fcc0658cc4f5cfe4b67d47d2e4495fab4831c1f75ab,2,6,0x350035555e10d9afaf1566aaebfced5ba6c27777,0x116e7d070f1888b81e1e0324f56d6746b2d7d8f1,0x68fe2daf66aed30e5e3abcae73d995ed94041d23,377634156989176888558577,377634.156989176888558577,false
2026-05-07T02:38:04Z,72892579,1778104189,2026-05-06T21:49:49Z,0x28505754958cff211c5b1b904437f8660bbac38aae18fc953daa608ee4210eb3,2,5,0x350035555e10d9afaf1566aaebfced5ba6c27777,0x72b293417c86d21493f9a7b487eac2145fc08286,0x003989cd92c31a51d8b20bdbd0c51e444f88d081,1000000000000000000000,1000,false
2026-05-07T02:38:04Z,72892579,1778104189,2026-05-06T21:49:49Z,0x28505754958cff211c5b1b904437f8660bbac38aae18fc953daa608ee4210eb3,2,7,0x350035555e10d9afaf1566aaebfced5ba6c27777,0x003989cd92c31a51d8b20bdbd0c51e444f88d081,0x116e7d070f1888b81e1e0324f56d6746b2d7d8f1,1000000000000000000000,1000,false
2026-05-07T02:38:04Z,72892897,1778104315,2026-05-06T21:51:55Z,0x956d9ceb488f438a2109065696a57674cbea70a9a812232709bf1e1f66b802dc,1,1,0x350035555e10d9afaf1566aaebfced5ba6c27777,0xde4c4a5d91ed23964a7b636d2b15edf51f4a7a6d,0xe0938d939b8d36bd0fbab97f3a3d1087b52507a8,802582738565086780897,802.582738565086780897,false
2026-05-07T02:38:04Z,72892897,1778104315,2026-05-06T21:51:55Z,0x956d9ceb488f438a2109065696a57674cbea70a9a812232709bf1e1f66b802dc,1,3,0x350035555e10d9afaf1566aaebfced5ba6c27777,0xe0938d939b8d36bd0fbab97f3a3d1087b52507a8,0x188d586ddcf52439676ca21a244753fa19f9ea8e,802582738565086780897,802.582738565086780897,false
2026-05-07T02:38:04Z,72893673,1778104625,2026-05-06T21:57:05Z,0x02b3330e917d9b287ea4c79f2f7c026da16c17cc2fdca87fc4660e85f3529e13,1,2,0x350035555e10d9afaf1566aaebfced5ba6c27777,0x28a5f5e89f23987e7696599d8d0967d4fec01e07,0xa68a7f0601effdc65c64d9c47ca1b18d96b4352c,1829256888984455091206,1829.256888984455091206,false
2026-05-07T02:38:04Z,72893673,1778104625,2026-05-06T21:57:05Z,0x02b3330e917d9b287ea4c79f2f7c026da16c17cc2fdca87fc4660e85f3529e13,1,4,0x350035555e10d9afaf1566aaebfced5ba6c27777,0xa68a7f0601effdc65c64d9c47ca1b18d96b4352c,0x116e7d070f1888b81e1e0324f56d6746b2d7d8f1,1829256888984455091206,1829.256888984455091206,false
2026-05-07T02:38:04Z,72893682,1778104629,2026-05-06T21:57:09Z,0xc39d93fbcf5f33dc036694cf6b6079ebc1061f6cfc14dd395dce641b7300385c,1,1,0x350035555e10d9afaf1566aaebfced5ba6c27777,0xa581a60fdea3c390ff08f033733c6b678f5f9f49,0x026f252016a7c47cdef1f05a3fc9e20c92a49c37,300000000000000000000000,300000,false
2026-05-07T02:38:04Z,72893682,1778104629,2026-05-06T21:57:09Z,0xc39d93fbcf5f33dc036694cf6b6079ebc1061f6cfc14dd395dce641b7300385c,1,2,0x350035555e10d9afaf1566aaebfced5ba6c27777,0x026f252016a7c47cdef1f05a3fc9e20c92a49c37,0x8f10b468b06c6fd214b65f87778827f7d113f996,300000000000000000000000,300000,false
2026-05-07T02:38:04Z,72893682,1778104629,2026-05-06T21:57:09Z,0xc39d93fbcf5f33dc036694cf6b6079ebc1061f6cfc14dd395dce641b7300385c,1,4,0x350035555e10d9afaf1566aaebfced5ba6c27777,0x8f10b468b06c6fd214b65f87778827f7d113f996,0x188d586ddcf52439676ca21a244753fa19f9ea8e,120000000000000000000000,120000,false
2026-05-07T02:38:04Z,72893682,1778104629,2026-05-06T21:57:09Z,0xc39d93fbcf5f33dc036694cf6b6079ebc1061f6cfc14dd395dce641b7300385c,1,8,0x350035555e10d9afaf1566aaebfced5ba6c27777,0x8f10b468b06c6fd214b65f87778827f7d113f996,0x116e7d070f1888b81e1e0324f56d6746b2d7d8f1,180000000000000000000000,180000,false
2026-05-07T02:38:04Z,72893982,1778104748,2026-05-06T21:59:08Z,0x9b6efe09d01aa59126f43642175183fe15529dfdda020302d466b7fa1016eb4c,14,77,0x350035555e10d9afaf1566aaebfced5ba6c27777,0x116e7d070f1888b81e1e0324f56d6746b2d7d8f1,0xcd68f7c0668b72ab943e09ff4dbf53da64b8a8c2,1161504803659563546637,1161.504803659563546637,false
2026-05-07T02:38:04Z,72893982,1778104748,2026-05-06T21:59:08Z,0x9b6efe09d01aa59126f43642175183fe15529dfdda020302d466b7fa1016eb4c,14,80,0x350035555e10d9afaf1566aaebfced5ba6c27777,0xcd68f7c0668b72ab943e09ff4dbf53da64b8a8c2,0xaebe5522749b65eae7b2a35c593145cc3128b515,1161504803659563546637,1161.504803659563546637,false
2026-05-07T02:38:04Z,72893982,1778104748,2026-05-06T21:59:08Z,0x9b6efe09d01aa59126f43642175183fe15529dfdda020302d466b7fa1016eb4c,14,82,0x350035555e10d9afaf1566aaebfced5ba6c27777,0xaebe5522749b65eae7b2a35c593145cc3128b515,0xb0baace23ac7cbd25211134a0b47ad70a9d42fa4,1161504803659563546637,1161.504803659563546637,false
2026-05-07T02:38:04Z,72893999,1778104755,2026-05-06T21:59:15Z,0xe3ffa67ac5cee9d143ea556084a63161210fbf399b65d883e1c48984f55959a2,2,1,0x350035555e10d9afaf1566aaebfced5ba6c27777,0xb0baace23ac7cbd25211134a0b47ad70a9d42fa4,0x1d91a6339f6c484ad9a29dac34d2403e8688a423,1161504803659563546637,1161.504803659563546637,false
2026-05-07T02:38:04Z,72893999,1778104755,2026-05-06T21:59:15Z,0xe3ffa67ac5cee9d143ea556084a63161210fbf399b65d883e1c48984f55959a2,2,5,0x350035555e10d9afaf1566aaebfced5ba6c27777,0x1d91a6339f6c484ad9a29dac34d2403e8688a423,0x0b79d71ae99528d1db24a4148b5f4f865cc2b137,1161504803659563546637,1161.504803659563546637,false
2026-05-07T02:38:04Z,72893999,1778104755,2026-05-06T21:59:15Z,0xe3ffa67ac5cee9d143ea556084a63161210fbf399b65d883e1c48984f55959a2,2,7,0x350035555e10d9afaf1566aaebfced5ba6c27777,0x0b79d71ae99528d1db24a4148b5f4f865cc2b137,0x116e7d070f1888b81e1e0324f56d6746b2d7d8f1,1161504803659563546637,1161.504803659563546637,false
2026-05-07T02:38:04Z,72894082,1778104788,2026-05-06T21:59:48Z,0xe8e5e0391441fefa0a69b90461392e6552dbadaee65900f0a91a9a45de07e682,1,1,0x350035555e10d9afaf1566aaebfced5ba6c27777,0x2807a54fa8af1454ac6de0be06349a0bb74eea62,0xb3e6778480b2e488385e8205ea05e20060b813cb,24000000000000000000000,24000,false
2026-05-07T02:38:04Z,72894082,1778104788,2026-05-06T21:59:48Z,0xe8e5e0391441fefa0a69b90461392e6552dbadaee65900f0a91a9a45de07e682,1,4,0x350035555e10d9afaf1566aaebfced5ba6c27777,0xb3e6778480b2e488385e8205ea05e20060b813cb,0x2f84fb8982073f39ba47c7fcc29119af074abbcb,24000000000000000000000,24000,false
2026-05-07T02:38:04Z,72894082,1778104788,2026-05-06T21:59:48Z,0xe8e5e0391441fefa0a69b90461392e6552dbadaee65900f0a91a9a45de07e682,1,6,0x350035555e10d9afaf1566aaebfced5ba6c27777,0x2f84fb8982073f39ba47c7fcc29119af074abbcb,0x116e7d070f1888b81e1e0324f56d6746b2d7d8f1,18095857175555046921492,18095.857175555046921492,false
2026-05-07T02:38:04Z,72894082,1778104788,2026-05-06T21:59:48Z,0xe8e5e0391441fefa0a69b90461392e6552dbadaee65900f0a91a9a45de07e682,1,9,0x350035555e10d9afaf1566aaebfced5ba6c27777,0x2f84fb8982073f39ba47c7fcc29119af074abbcb,0xde4c4a5d91ed23964a7b636d2b15edf51f4a7a6d,714488441290913252460,714.48844129091325246,false
2026-05-07T02:38:04Z,72894082,1778104788,2026-05-06T21:59:48Z,0xe8e5e0391441fefa0a69b90461392e6552dbadaee65900f0a91a9a45de07e682,1,12,0x350035555e10d9afaf1566aaebfced5ba6c27777,0x2f84fb8982073f39ba47c7fcc29119af074abbcb,0x188d586ddcf52439676ca21a244753fa19f9ea8e,5189654383154039826048,5189.654383154039826048,false
2026-05-07T02:38:04Z,72894440,1778104931,2026-05-06T22:02:11Z,0xf9c398ec9952f1c5c9af8819055b4cd712c87db8bab14c6d2a20854b20a6be6b,6,31,0x350035555e10d9afaf1566aaebfced5ba6c27777,0x43f87f259d6c281d043b59ddb361793124884af4,0x116e7d070f1888b81e1e0324f56d6746b2d7d8f1,1252728190735715795474305,1252728.190735715795474305,false
2026-05-07T02:38:04Z,72894441,1778104932,2026-05-06T22:02:12Z,0x803043d6e298c5ce586d32cf4852830ccd791bef57d2eabb1b922da5ee3310c0,1,3,0x350035555e10d9afaf1566aaebfced5ba6c27777,0x116e7d070f1888b81e1e0324f56d6746b2d7d8f1,0x188d586ddcf52439676ca21a244753fa19f9ea8e,48920088370216825671580,48920.08837021682567158,false
2026-05-07T02:38:04Z,72894441,1778104932,2026-05-06T22:02:12Z,0x803043d6e298c5ce586d32cf4852830ccd791bef57d2eabb1b922da5ee3310c0,1,8,0x350035555e10d9afaf1566aaebfced5ba6c27777,0x116e7d070f1888b81e1e0324f56d6746b2d7d8f1,0xbfca90ba028b6376cc408935f1e026ffec5c4959,31079688892385441206424,31079.688892385441206424,false
2026-05-07T02:38:04Z,72894442,1778104932,2026-05-06T22:02:12Z,0x962d66950104be79600e87bb8d117572d2e5f6c48c0c57bd58b9e70fb7395021,2,12,0x350035555e10d9afaf1566aaebfced5ba6c27777,0x116e7d070f1888b81e1e0324f56d6746b2d7d8f1,0x7e19afc17653ff84ff91cfdc18ab9b1af8895b9a,1323868160548861798722,1323.868160548861798722,false
2026-05-07T02:38:04Z,72894442,1778104932,2026-05-06T22:02:12Z,0x962d66950104be79600e87bb8d117572d2e5f6c48c0c57bd58b9e70fb7395021,2,14,0x350035555e10d9afaf1566aaebfced5ba6c27777,0x7e19afc17653ff84ff91cfdc18ab9b1af8895b9a,0xde4c4a5d91ed23964a7b636d2b15edf51f4a7a6d,1323868160548861798721,1323.868160548861798721,false
2026-05-07T02:38:04Z,72894442,1778104932,2026-05-06T22:02:12Z,0xb18f028cd98c7413208cfb6267da2ed81138ae6db8d4fd2bfe6b72978f06623c,8,24,0x350035555e10d9afaf1566aaebfced5ba6c27777,0x116e7d070f1888b81e1e0324f56d6746b2d7d8f1,0x8a00dcaa5d9981c8667638041e22b17b4a3f5a7f,10798012812022422892108,10798.012812022422892108,false
2026-05-07T02:38:04Z,72894442,1778104932,2026-05-06T22:02:12Z,0xb18f028cd98c7413208cfb6267da2ed81138ae6db8d4fd2bfe6b72978f06623c,8,25,0x350035555e10d9afaf1566aaebfced5ba6c27777,0x8a00dcaa5d9981c8667638041e22b17b4a3f5a7f,0x188d586ddcf52439676ca21a244753fa19f9ea8e,10798012812022422892108,10798.012812022422892108,false
2026-05-07T02:38:04Z,72894443,1778104932,2026-05-06T22:02:12Z,0xfbe049dd1454531f392afe9b693fe3a06c0bf14c62c1d8e7f03428d89712feee,2,6,0x350035555e10d9afaf1566aaebfced5ba6c27777,0x116e7d070f1888b81e1e0324f56d6746b2d7d8f1,0xe0938d939b8d36bd0fbab97f3a3d1087b52507a8,675867351757770368294,675.867351757770368294,false
2026-05-07T02:38:04Z,72894443,1778104932,2026-05-06T22:02:12Z,0xfbe049dd1454531f392afe9b693fe3a06c0bf14c62c1d8e7f03428d89712feee,2,10,0x350035555e10d9afaf1566aaebfced5ba6c27777,0xe0938d939b8d36bd0fbab97f3a3d1087b52507a8,0xd215a9694fe9ddefe0ae8a50b309d1d9f015b772,675867351757770368294,675.867351757770368294,false
2026-05-07T02:38:04Z,72894444,1778104933,2026-05-06T22:02:13Z,0x940c3bc648b625e31bea697b9b0c4702cb57ed524266ac21afa2440592349237,1,1,0x350035555e10d9afaf1566aaebfced5ba6c27777,0x116e7d070f1888b81e1e0324f56d6746b2d7d8f1,0xe0938d939b8d36bd0fbab97f3a3d1087b52507a8,219720025271515732819,219.720025271515732819,false
2026-05-07T02:38:04Z,72894444,1778104933,2026-05-06T22:02:13Z,0x940c3bc648b625e31bea697b9b0c4702cb57ed524266ac21afa2440592349237,1,2,0x350035555e10d9afaf1566aaebfced5ba6c27777,0xe0938d939b8d36bd0fbab97f3a3d1087b52507a8,0xb02105bcf6c1e20fca2b5360f5fe78b8fc6e7238,219720025271515732819,219.720025271515732819,false
2026-05-07T02:38:04Z,72895121,1778105203,2026-05-06T22:06:43Z,0xfec6c8c6430a5ae72e4bb063c51ffb2380e1cf6b5b723f38563419d6a3ca7c12,1,2,0x350035555e10d9afaf1566aaebfced5ba6c27777,0x3d4cee525dbc25c4dd71c03e5ca3797e2b1516da,0xfb78fcae443eb423b59b8c186518c5df94416344,55762255227822610498390,55762.25522782261049839,false
2026-05-07T02:38:04Z,72895121,1778105203,2026-05-06T22:06:43Z,0xfec6c8c6430a5ae72e4bb063c51ffb2380e1cf6b5b723f38563419d6a3ca7c12,1,3,0x350035555e10d9afaf1566aaebfced5ba6c27777,0xfb78fcae443eb423b59b8c186518c5df94416344,0xcd6b980029e6e6e0733ac8ec3e02be9410d09799,139405638069556526245,139.405638069556526245,false
2026-05-07T02:38:04Z,72895121,1778105203,2026-05-06T22:06:43Z,0xfec6c8c6430a5ae72e4bb063c51ffb2380e1cf6b5b723f38563419d6a3ca7c12,1,5,0x350035555e10d9afaf1566aaebfced5ba6c27777,0xfb78fcae443eb423b59b8c186518c5df94416344,0xde4c4a5d91ed23964a7b636d2b15edf51f4a7a6d,1385008954784851043906,1385.008954784851043906,false
2026-05-07T02:38:04Z,72895121,1778105203,2026-05-06T22:06:43Z,0xfec6c8c6430a5ae72e4bb063c51ffb2380e1cf6b5b723f38563419d6a3ca7c12,1,8,0x350035555e10d9afaf1566aaebfced5ba6c27777,0xfb78fcae443eb423b59b8c186518c5df94416344,0xbfca90ba028b6376cc408935f1e026ffec5c4959,20859873508208770846200,20859.8735082087708462,false
2026-05-07T02:38:04Z,72895121,1778105203,2026-05-06T22:06:43Z,0xfec6c8c6430a5ae72e4bb063c51ffb2380e1cf6b5b723f38563419d6a3ca7c12,1,12,0x350035555e10d9afaf1566aaebfced5ba6c27777,0xfb78fcae443eb423b59b8c186518c5df94416344,0x188d586ddcf52439676ca21a244753fa19f9ea8e,33377967126759432082039,33377.967126759432082039,false
2026-05-07T02:38:04Z,72895122,1778105204,2026-05-06T22:06:44Z,0x261a03fb24d923d8b056479ffc4ffbd846f72521a224734e80ed10a60fe5129c,1,1,0x350035555e10d9afaf1566aaebfced5ba6c27777,0xde4c4a5d91ed23964a7b636d2b15edf51f4a7a6d,0xe0938d939b8d36bd0fbab97f3a3d1087b52507a8,1127683487758427595532,1127.683487758427595532,false
2026-05-07T02:38:04Z,72895122,1778105204,2026-05-06T22:06:44Z,0x261a03fb24d923d8b056479ffc4ffbd846f72521a224734e80ed10a60fe5129c,1,3,0x350035555e10d9afaf1566aaebfced5ba6c27777,0xe0938d939b8d36bd0fbab97f3a3d1087b52507a8,0x188d586ddcf52439676ca21a244753fa19f9ea8e,1127683487758427595532,1127.683487758427595532,false
2026-05-07T02:38:04Z,72895122,1778105204,2026-05-06T22:06:44Z,0xd1cedb7b6c49d702a0a129153de69b7590c8e30deec4cce29321c06655c62231,2,12,0x350035555e10d9afaf1566aaebfced5ba6c27777,0xde4c4a5d91ed23964a7b636d2b15edf51f4a7a6d,0xd23e066e0422bef5b3b20c9df85fb9716d0cb305,356671025165020062776,356.671025165020062776,false
2026-05-07T02:38:04Z,72895514,1778105358,2026-05-06T22:09:18Z,0x6b96d38d77b7b61044cef57e7aed2bc5b4574c6675687c7aedacb82be737e700,1,4,0x350035555e10d9afaf1566aaebfced5ba6c27777,0x116e7d070f1888b81e1e0324f56d6746b2d7d8f1,0xcd68f7c0668b72ab943e09ff4dbf53da64b8a8c2,7132792453906734557448,7132.792453906734557448,false
2026-05-07T02:38:04Z,72895514,1778105358,2026-05-06T22:09:18Z,0x6b96d38d77b7b61044cef57e7aed2bc5b4574c6675687c7aedacb82be737e700,1,7,0x350035555e10d9afaf1566aaebfced5ba6c27777,0xcd68f7c0668b72ab943e09ff4dbf53da64b8a8c2,0xaebe5522749b65eae7b2a35c593145cc3128b515,7132792453906734557448,7132.792453906734557448,false
2026-05-07T02:38:04Z,72895514,1778105358,2026-05-06T22:09:18Z,0x6b96d38d77b7b61044cef57e7aed2bc5b4574c6675687c7aedacb82be737e700,1,9,0x350035555e10d9afaf1566aaebfced5ba6c27777,0xaebe5522749b65eae7b2a35c593145cc3128b515,0xb0baace23ac7cbd25211134a0b47ad70a9d42fa4,7132792453906734557448,7132.792453906734557448,false
2026-05-07T02:38:04Z,72895542,1778105370,2026-05-06T22:09:30Z,0xb6eea54e38dfcfe1f1ee9dacf1dfac4d7df62effcbce76a88c48af93f74d695e,3,6,0x350035555e10d9afaf1566aaebfced5ba6c27777,0xb0baace23ac7cbd25211134a0b47ad70a9d42fa4,0x1d91a6339f6c484ad9a29dac34d2403e8688a423,7132792453906734557448,7132.792453906734557448,false
2026-05-07T02:38:04Z,72895542,1778105370,2026-05-06T22:09:30Z,0xb6eea54e38dfcfe1f1ee9dacf1dfac4d7df62effcbce76a88c48af93f74d695e,3,10,0x350035555e10d9afaf1566aaebfced5ba6c27777,0x1d91a6339f6c484ad9a29dac34d2403e8688a423,0x0b79d71ae99528d1db24a4148b5f4f865cc2b137,7132792453906734557448,7132.792453906734557448,false
2026-05-07T02:38:04Z,72895542,1778105370,2026-05-06T22:09:30Z,0xb6eea54e38dfcfe1f1ee9dacf1dfac4d7df62effcbce76a88c48af93f74d695e,3,12,0x350035555e10d9afaf1566aaebfced5ba6c27777,0x0b79d71ae99528d1db24a4148b5f4f865cc2b137,0x116e7d070f1888b81e1e0324f56d6746b2d7d8f1,7132792453906734557448,7132.792453906734557448,false
2026-05-07T02:38:04Z,72896385,1778105705,2026-05-06T22:15:05Z,0x640d0d1be4668eeea746315771a94f8ad60c2996257f013f1965a8784cb9168a,1,3,0x350035555e10d9afaf1566aaebfced5ba6c27777,0xa581a60fdea3c390ff08f033733c6b678f5f9f49,0x188d586ddcf52439676ca21a244753fa19f9ea8e,303889311482271041438963,303889.311482271041438963,false
2026-05-07T02:38:04Z,72896845,1778105888,2026-05-06T22:18:08Z,0x6df776f9fcb9d7a14b0c985e7d174b22992af5ef1fe1b7bec94f66b6ef3a03b0,4,79,0x350035555e10d9afaf1566aaebfced5ba6c27777,0x757f337568404b189a0da84ecce22f450f93b79e,0xb92fe925dc43a0ecde6c8b1a2709c170ec4fff4f,84883786514354454473062,84883.786514354454473062,false
2026-05-07T02:38:04Z,72896845,1778105888,2026-05-06T22:18:08Z,0x6df776f9fcb9d7a14b0c985e7d174b22992af5ef1fe1b7bec94f66b6ef3a03b0,4,84,0x350035555e10d9afaf1566aaebfced5ba6c27777,0xb92fe925dc43a0ecde6c8b1a2709c170ec4fff4f,0xfb78fcae443eb423b59b8c186518c5df94416344,84883786514354454473062,84883.786514354454473062,false
2026-05-07T02:38:04Z,72896845,1778105888,2026-05-06T22:18:08Z,0x6df776f9fcb9d7a14b0c985e7d174b22992af5ef1fe1b7bec94f66b6ef3a03b0,4,86,0x350035555e10d9afaf1566aaebfced5ba6c27777,0xfb78fcae443eb423b59b8c186518c5df94416344,0xbfca90ba028b6376cc408935f1e026ffec5c4959,4244189325717722723653,4244.189325717722723653,false
2026-05-07T02:38:04Z,72896845,1778105888,2026-05-06T22:18:08Z,0x6df776f9fcb9d7a14b0c985e7d174b22992af5ef1fe1b7bec94f66b6ef3a03b0,4,90,0x350035555e10d9afaf1566aaebfced5ba6c27777,0xfb78fcae443eb423b59b8c186518c5df94416344,0x188d586ddcf52439676ca21a244753fa19f9ea8e,4241642812122292090018,4241.642812122292090018,false
2026-05-07T02:38:04Z,72896845,1778105888,2026-05-06T22:18:08Z,0x6df776f9fcb9d7a14b0c985e7d174b22992af5ef1fe1b7bec94f66b6ef3a03b0,4,93,0x350035555e10d9afaf1566aaebfced5ba6c27777,0xfb78fcae443eb423b59b8c186518c5df94416344,0x116e7d070f1888b81e1e0324f56d6746b2d7d8f1,76397954376514439659391,76397.954376514439659391,false
2026-05-07T02:38:04Z,72896992,1778105946,2026-05-06T22:19:06Z,0x889e42d10d020a3905a0e52437640378e161dd3a409730d47d70baccdbe4db21,1,2,0x350035555e10d9afaf1566aaebfced5ba6c27777,0x188d586ddcf52439676ca21a244753fa19f9ea8e,0x6f8633e91a2aefa1e02839a5050d7eb25bef92af,702159607756902555,0.702159607756902555,false
2026-05-07T02:38:04Z,72897017,1778105955,2026-05-06T22:19:15Z,0x8b0e43e0bdc447f9b800cadfec971c523284d58cc8fb9492a2bb779586fef5c9,1,2,0x350035555e10d9afaf1566aaebfced5ba6c27777,0x188d586ddcf52439676ca21a244753fa19f9ea8e,0x6f8633e91a2aefa1e02839a5050d7eb25bef92af,1756167780739949469,1.756167780739949469,false
2026-05-07T02:38:04Z,72897042,1778105965,2026-05-06T22:19:25Z,0xd8a51659170fe5c0eab1f6e11445c8e52b8ce0e8a9d22548ff9ef0c66d773bfb,3,36,0x350035555e10d9afaf1566aaebfced5ba6c27777,0x6f8633e91a2aefa1e02839a5050d7eb25bef92af,0x188d586ddcf52439676ca21a244753fa19f9ea8e,2458327388496852020,2.45832738849685202,false
2026-05-07T02:38:04Z,72897275,1778106056,2026-05-06T22:20:56Z,0x215b4e4bea1e545f59faa763522c3ef96453f1dc7391db6df75024ee2fd9b4ea,4,8,0x350035555e10d9afaf1566aaebfced5ba6c27777,0x58fd1b66d17d0764a236a2b94df11323826350b7,0xb92fe925dc43a0ecde6c8b1a2709c170ec4fff4f,70000000000000000000000,70000,false
2026-05-07T02:38:04Z,72897275,1778106056,2026-05-06T22:20:56Z,0x215b4e4bea1e545f59faa763522c3ef96453f1dc7391db6df75024ee2fd9b4ea,4,13,0x350035555e10d9afaf1566aaebfced5ba6c27777,0xb92fe925dc43a0ecde6c8b1a2709c170ec4fff4f,0x20f6ee51340adeed01a59b0e65cb3703f3dc860c,21000000000000000000,21,false
2026-05-07T02:38:04Z,72897275,1778106056,2026-05-06T22:20:56Z,0x215b4e4bea1e545f59faa763522c3ef96453f1dc7391db6df75024ee2fd9b4ea,4,15,0x350035555e10d9afaf1566aaebfced5ba6c27777,0xb92fe925dc43a0ecde6c8b1a2709c170ec4fff4f,0x09ad820aac5779683b481c4674208a4e1b024afa,69979000000000000000000,69979,false
2026-05-07T02:38:04Z,72897275,1778106056,2026-05-06T22:20:56Z,0x215b4e4bea1e545f59faa763522c3ef96453f1dc7391db6df75024ee2fd9b4ea,4,20,0x350035555e10d9afaf1566aaebfced5ba6c27777,0x09ad820aac5779683b481c4674208a4e1b024afa,0x188d586ddcf52439676ca21a244753fa19f9ea8e,6997900000000000000000,6997.9,false
2026-05-07T02:38:04Z,72897275,1778106056,2026-05-06T22:20:56Z,0x215b4e4bea1e545f59faa763522c3ef96453f1dc7391db6df75024ee2fd9b4ea,4,37,0x350035555e10d9afaf1566aaebfced5ba6c27777,0x09ad820aac5779683b481c4674208a4e1b024afa,0x188d586ddcf52439676ca21a244753fa19f9ea8e,3498950000000000000000,3498.95,false
2026-05-07T02:38:04Z,72897275,1778106056,2026-05-06T22:20:56Z,0x215b4e4bea1e545f59faa763522c3ef96453f1dc7391db6df75024ee2fd9b4ea,4,49,0x350035555e10d9afaf1566aaebfced5ba6c27777,0x09ad820aac5779683b481c4674208a4e1b024afa,0x188d586ddcf52439676ca21a244753fa19f9ea8e,3498950000000000000000,3498.95,false
2026-05-07T02:38:04Z,72897275,1778106056,2026-05-06T22:20:56Z,0x215b4e4bea1e545f59faa763522c3ef96453f1dc7391db6df75024ee2fd9b4ea,4,62,0x350035555e10d9afaf1566aaebfced5ba6c27777,0x09ad820aac5779683b481c4674208a4e1b024afa,0x188d586ddcf52439676ca21a244753fa19f9ea8e,41987400000000000000000,41987.4,false
2026-05-07T02:38:04Z,72897275,1778106056,2026-05-06T22:20:56Z,0x215b4e4bea1e545f59faa763522c3ef96453f1dc7391db6df75024ee2fd9b4ea,4,74,0x350035555e10d9afaf1566aaebfced5ba6c27777,0x09ad820aac5779683b481c4674208a4e1b024afa,0x188d586ddcf52439676ca21a244753fa19f9ea8e,3498950000000000000000,3498.95,false
2026-05-07T02:38:04Z,72897275,1778106056,2026-05-06T22:20:56Z,0x215b4e4bea1e545f59faa763522c3ef96453f1dc7391db6df75024ee2fd9b4ea,4,90,0x350035555e10d9afaf1566aaebfced5ba6c27777,0x09ad820aac5779683b481c4674208a4e1b024afa,0x188d586ddcf52439676ca21a244753fa19f9ea8e,3498950000000000000000,3498.95,false
2026-05-07T02:38:04Z,72897275,1778106056,2026-05-06T22:20:56Z,0x215b4e4bea1e545f59faa763522c3ef96453f1dc7391db6df75024ee2fd9b4ea,4,99,0x350035555e10d9afaf1566aaebfced5ba6c27777,0x09ad820aac5779683b481c4674208a4e1b024afa,0xd215a9694fe9ddefe0ae8a50b309d1d9f015b772,699790000000000000000,699.79,false
2026-05-07T02:38:04Z,72897275,1778106056,2026-05-06T22:20:56Z,0x215b4e4bea1e545f59faa763522c3ef96453f1dc7391db6df75024ee2fd9b4ea,4,105,0x350035555e10d9afaf1566aaebfced5ba6c27777,0x09ad820aac5779683b481c4674208a4e1b024afa,0x188d586ddcf52439676ca21a244753fa19f9ea8e,1399580000000000000000,1399.58,false
2026-05-07T02:38:04Z,72897275,1778106056,2026-05-06T22:20:56Z,0x215b4e4bea1e545f59faa763522c3ef96453f1dc7391db6df75024ee2fd9b4ea,4,117,0x350035555e10d9afaf1566aaebfced5ba6c27777,0x09ad820aac5779683b481c4674208a4e1b024afa,0x188d586ddcf52439676ca21a244753fa19f9ea8e,1399580000000000000000,1399.58,false
2026-05-07T02:38:04Z,72897275,1778106056,2026-05-06T22:20:56Z,0x215b4e4bea1e545f59faa763522c3ef96453f1dc7391db6df75024ee2fd9b4ea,4,130,0x350035555e10d9afaf1566aaebfced5ba6c27777,0x09ad820aac5779683b481c4674208a4e1b024afa,0x188d586ddcf52439676ca21a244753fa19f9ea8e,1399580000000000000000,1399.58,false
2026-05-07T02:38:04Z,72897275,1778106056,2026-05-06T22:20:56Z,0x215b4e4bea1e545f59faa763522c3ef96453f1dc7391db6df75024ee2fd9b4ea,4,146,0x350035555e10d9afaf1566aaebfced5ba6c27777,0x09ad820aac5779683b481c4674208a4e1b024afa,0x188d586ddcf52439676ca21a244753fa19f9ea8e,699790000000000000000,699.79,false
2026-05-07T02:38:04Z,72897275,1778106056,2026-05-06T22:20:56Z,0x215b4e4bea1e545f59faa763522c3ef96453f1dc7391db6df75024ee2fd9b4ea,4,163,0x350035555e10d9afaf1566aaebfced5ba6c27777,0x09ad820aac5779683b481c4674208a4e1b024afa,0x188d586ddcf52439676ca21a244753fa19f9ea8e,699790000000000000000,699.79,false
2026-05-07T02:38:04Z,72897275,1778106056,2026-05-06T22:20:56Z,0x215b4e4bea1e545f59faa763522c3ef96453f1dc7391db6df75024ee2fd9b4ea,4,176,0x350035555e10d9afaf1566aaebfced5ba6c27777,0x09ad820aac5779683b481c4674208a4e1b024afa,0x188d586ddcf52439676ca21a244753fa19f9ea8e,699790000000000000000,699.79,false
2026-05-07T02:38:04Z,72897508,1778106149,2026-05-06T22:22:29Z,0xb6455200d21ee9642c0924abcfbf9b7216619dcb9a4816df70fdf6a6f1fd3a7a,9,28,0x350035555e10d9afaf1566aaebfced5ba6c27777,0x9ea942a06b1da42dd329f3999e58024b56f1406b,0x003989cd92c31a51d8b20bdbd0c51e444f88d081,10000000000000000000000,10000,false
2026-05-07T02:38:04Z,72897508,1778106149,2026-05-06T22:22:29Z,0xb6455200d21ee9642c0924abcfbf9b7216619dcb9a4816df70fdf6a6f1fd3a7a,9,30,0x350035555e10d9afaf1566aaebfced5ba6c27777,0x003989cd92c31a51d8b20bdbd0c51e444f88d081,0x116e7d070f1888b81e1e0324f56d6746b2d7d8f1,10000000000000000000000,10000,false
2026-05-07T02:38:04Z,72898276,1778106456,2026-05-06T22:27:36Z,0xab5130865b0c90c81a10918b779c05650e55ef7b6ca797ba089abf51d9e898ff,5,10,0x350035555e10d9afaf1566aaebfced5ba6c27777,0x116e7d070f1888b81e1e0324f56d6746b2d7d8f1,0x6f8633e91a2aefa1e02839a5050d7eb25bef92af,7465335832747439933,7.465335832747439933,false
2026-05-07T02:38:04Z,72898291,1778106462,2026-05-06T22:27:42Z,0x010738955a96239f5ce95d088c25b9c83f59d906366daeefe66e1304533119ca,13,122,0x350035555e10d9afaf1566aaebfced5ba6c27777,0x116e7d070f1888b81e1e0324f56d6746b2d7d8f1,0x6f8633e91a2aefa1e02839a5050d7eb25bef92af,4213462400806385169,4.213462400806385169,false
2026-05-07T02:38:04Z,72898308,1778106469,2026-05-06T22:27:49Z,0xbeb867f0fabdd53183927abb269f9c43f2a13efb210b081fcb6208764afc5c27,3,4,0x350035555e10d9afaf1566aaebfced5ba6c27777,0x25608c2ba293e51536bbefd08932f0f18a200cea,0xfb78fcae443eb423b59b8c186518c5df94416344,31929226000000000000000,31929.226,false
2026-05-07T02:38:04Z,72898308,1778106469,2026-05-06T22:27:49Z,0xbeb867f0fabdd53183927abb269f9c43f2a13efb210b081fcb6208764afc5c27,3,6,0x350035555e10d9afaf1566aaebfced5ba6c27777,0xfb78fcae443eb423b59b8c186518c5df94416344,0x116e7d070f1888b81e1e0324f56d6746b2d7d8f1,31929226000000000000000,31929.226,false
2026-05-07T02:38:04Z,72898408,1778106508,2026-05-06T22:28:28Z,0xebd286c0c78730922f1caae97ca528a4b993e1a9f798e242b096d1887ec68e1c,1,2,0x350035555e10d9afaf1566aaebfced5ba6c27777,0x6f8633e91a2aefa1e02839a5050d7eb25bef92af,0x188d586ddcf52439676ca21a244753fa19f9ea8e,11678798233553825084,11.678798233553825084,false
2026-05-07T02:38:04Z,72900434,1778107315,2026-05-06T22:41:55Z,0xa7d31fa2612a3458244f9bc322a96af7fb295d2b4978b7ab193f2fee978c0cef,2,39,0x350035555e10d9afaf1566aaebfced5ba6c27777,0x188d586ddcf52439676ca21a244753fa19f9ea8e,0x8f10b468b06c6fd214b65f87778827f7d113f996,22997017778974269974149,22997.017778974269974149,false
2026-05-07T02:38:04Z,72900434,1778107315,2026-05-06T22:41:55Z,0xa7d31fa2612a3458244f9bc322a96af7fb295d2b4978b7ab193f2fee978c0cef,2,43,0x350035555e10d9afaf1566aaebfced5ba6c27777,0x8f10b468b06c6fd214b65f87778827f7d113f996,0x116e7d070f1888b81e1e0324f56d6746b2d7d8f1,15358376743764866439186,15358.376743764866439186,false
2026-05-07T02:38:04Z,72900434,1778107315,2026-05-06T22:41:55Z,0xa7d31fa2612a3458244f9bc322a96af7fb295d2b4978b7ab193f2fee978c0cef,2,47,0x350035555e10d9afaf1566aaebfced5ba6c27777,0x8f10b468b06c6fd214b65f87778827f7d113f996,0x188d586ddcf52439676ca21a244753fa19f9ea8e,7638641035209403534963,7638.641035209403534963,false
2026-05-07T02:38:04Z,72900696,1778107420,2026-05-06T22:43:40Z,0xf8d5fbc722ccc47f40e3f8cf6c30c645f87e458379273d0b4bdb643f3b7311a7,3,8,0x350035555e10d9afaf1566aaebfced5ba6c27777,0x689782aaeed2787856f1a691cf5227a63293d471,0xb92fe925dc43a0ecde6c8b1a2709c170ec4fff4f,1743782734455624256850,1743.78273445562425685,false
2026-05-07T02:38:04Z,72900696,1778107420,2026-05-06T22:43:40Z,0xf8d5fbc722ccc47f40e3f8cf6c30c645f87e458379273d0b4bdb643f3b7311a7,3,13,0x350035555e10d9afaf1566aaebfced5ba6c27777,0xb92fe925dc43a0ecde6c8b1a2709c170ec4fff4f,0xfb78fcae443eb423b59b8c186518c5df94416344,1743782734455624256850,1743.78273445562425685,false
2026-05-07T02:38:04Z,72900696,1778107420,2026-05-06T22:43:40Z,0xf8d5fbc722ccc47f40e3f8cf6c30c645f87e458379273d0b4bdb643f3b7311a7,3,15,0x350035555e10d9afaf1566aaebfced5ba6c27777,0xfb78fcae443eb423b59b8c186518c5df94416344,0xde4c4a5d91ed23964a7b636d2b15edf51f4a7a6d,1046095262399928991684,1046.095262399928991684,false
2026-05-07T02:38:04Z,72900696,1778107420,2026-05-06T22:43:40Z,0xf8d5fbc722ccc47f40e3f8cf6c30c645f87e458379273d0b4bdb643f3b7311a7,3,17,0x350035555e10d9afaf1566aaebfced5ba6c27777,0xfb78fcae443eb423b59b8c186518c5df94416344,0x74762446b4c41894dd022bcc6b386a344d4d3ad4,43535698256275384546,43.535698256275384546,false
2026-05-07T02:38:04Z,72900696,1778107420,2026-05-06T22:43:40Z,0xf8d5fbc722ccc47f40e3f8cf6c30c645f87e458379273d0b4bdb643f3b7311a7,3,21,0x350035555e10d9afaf1566aaebfced5ba6c27777,0xfb78fcae443eb423b59b8c186518c5df94416344,0xb02105bcf6c1e20fca2b5360f5fe78b8fc6e7238,87198431447462670086,87.198431447462670086,false
2026-05-07T02:38:04Z,72900696,1778107420,2026-05-06T22:43:40Z,0xf8d5fbc722ccc47f40e3f8cf6c30c645f87e458379273d0b4bdb643f3b7311a7,3,26,0x350035555e10d9afaf1566aaebfced5ba6c27777,0xfb78fcae443eb423b59b8c186518c5df94416344,0x031cc397ab68cb6969fdec7b572e4f449ee8255f,174394848107462037960,174.39484810746203796,false
2026-05-07T02:38:04Z,72900696,1778107420,2026-05-06T22:43:40Z,0xf8d5fbc722ccc47f40e3f8cf6c30c645f87e458379273d0b4bdb643f3b7311a7,3,27,0x350035555e10d9afaf1566aaebfced5ba6c27777,0x031cc397ab68cb6969fdec7b572e4f449ee8255f,0x09bb51a98e6c280eba534c84196e55b677a5395f,1743948481074620380,1.74394848107462038,false
2026-05-07T02:38:04Z,72900696,1778107420,2026-05-06T22:43:40Z,0xf8d5fbc722ccc47f40e3f8cf6c30c645f87e458379273d0b4bdb643f3b7311a7,3,31,0x350035555e10d9afaf1566aaebfced5ba6c27777,0xfb78fcae443eb423b59b8c186518c5df94416344,0xbfca90ba028b6376cc408935f1e026ffec5c4959,305292740973943895710,305.29274097394389571,false
2026-05-07T02:38:04Z,72900696,1778107420,2026-05-06T22:43:40Z,0xf8d5fbc722ccc47f40e3f8cf6c30c645f87e458379273d0b4bdb643f3b7311a7,3,32,0x350035555e10d9afaf1566aaebfced5ba6c27777,0xbfca90ba028b6376cc408935f1e026ffec5c4959,0x4439199c3743161ca22bb8f8b6dec5bf6ff65b04,130186361833850369109,130.186361833850369109,false
2026-05-07T02:38:04Z,72900696,1778107420,2026-05-06T22:43:40Z,0xf8d5fbc722ccc47f40e3f8cf6c30c645f87e458379273d0b4bdb643f3b7311a7,3,36,0x350035555e10d9afaf1566aaebfced5ba6c27777,0xfb78fcae443eb423b59b8c186518c5df94416344,0xd836dff7332bf922d13500eb10c092a7ae42aad0,87265753270551276864,87.265753270551276864,false
2026-05-07T02:38:04Z,72900720,1778107430,2026-05-06T22:43:50Z,0x15995da49ea8af053d92482c4c38ea03da4fba929417b3ebcb7f602d98046def,1,3,0x350035555e10d9afaf1566aaebfced5ba6c27777,0xb02105bcf6c1e20fca2b5360f5fe78b8fc6e7238,0x22d7b2692e3a0cb2ffea3aeb02a5e829c9b020ce,106996147838819374970,106.99614783881937497,false
2026-05-07T02:38:04Z,72900733,1778107435,2026-05-06T22:43:55Z,0x2e699549daafb0c6dea1408578c7c8d2f6b9bac8d55db4e14bcc5988e5023f2b,3,14,0x350035555e10d9afaf1566aaebfced5ba6c27777,0xd836dff7332bf922d13500eb10c092a7ae42aad0,0xce44bc10a77779d9bcce86060110ac5f295fcb8f,41985022223375027210,41.98502222337502721,false
2026-05-07T02:38:04Z,72901306,1778107664,2026-05-06T22:47:44Z,0x3db7089997bac0638fa9b0cecb290926309ba343b684adccf79690e664347708,2,14,0x350035555e10d9afaf1566aaebfced5ba6c27777,0x116e7d070f1888b81e1e0324f56d6746b2d7d8f1,0x8694650ac7a089cded87014ab2677b054ae0ab4d,158563197622990428653082,158563.197622990428653082,false
2026-05-07T02:38:04Z,72901383,1778107695,2026-05-06T22:48:15Z,0x28b37bfe426bca748b8057d8c910d60342ecd289fe7070526931c25e5b996835,7,45,0x350035555e10d9afaf1566aaebfced5ba6c27777,0x188d586ddcf52439676ca21a244753fa19f9ea8e,0x53b178a4c5b74936b0a77b7b186110c0204f227f,19947997417981467405,19.947997417981467405,false
2026-05-07T02:38:04Z,72901432,1778107715,2026-05-06T22:48:35Z,0xffdbb4c7b4a95d13c874ab5b48f68660d57bd35d3a58e98b582ea976fe4ce2b5,6,16,0x350035555e10d9afaf1566aaebfced5ba6c27777,0xdcc8dc69fb898864dd31ed96ad3f15ef74b629a7,0xf780668669c193b5d2cf22b8420473fa1e3ee3d1,100000000000000000000000,100000,false
2026-05-07T02:38:04Z,72901432,1778107715,2026-05-06T22:48:35Z,0xffdbb4c7b4a95d13c874ab5b48f68660d57bd35d3a58e98b582ea976fe4ce2b5,6,19,0x350035555e10d9afaf1566aaebfced5ba6c27777,0xf780668669c193b5d2cf22b8420473fa1e3ee3d1,0xfb78fcae443eb423b59b8c186518c5df94416344,100000000000000000000000,100000,false
2026-05-07T02:38:04Z,72901432,1778107715,2026-05-06T22:48:35Z,0xffdbb4c7b4a95d13c874ab5b48f68660d57bd35d3a58e98b582ea976fe4ce2b5,6,21,0x350035555e10d9afaf1566aaebfced5ba6c27777,0xfb78fcae443eb423b59b8c186518c5df94416344,0x116e7d070f1888b81e1e0324f56d6746b2d7d8f1,100000000000000000000000,100000,false
2026-05-07T02:38:04Z,72901569,1778107769,2026-05-06T22:49:29Z,0x911081c8da6de74db61eeb2070d5412276559fdfca2f235530009a1e25850f0e,2,8,0x350035555e10d9afaf1566aaebfced5ba6c27777,0x116e7d070f1888b81e1e0324f56d6746b2d7d8f1,0xcd68f7c0668b72ab943e09ff4dbf53da64b8a8c2,1319757120297645580390,1319.75712029764558039,false
2026-05-07T02:38:04Z,72901569,1778107769,2026-05-06T22:49:29Z,0x911081c8da6de74db61eeb2070d5412276559fdfca2f235530009a1e25850f0e,2,11,0x350035555e10d9afaf1566aaebfced5ba6c27777,0xcd68f7c0668b72ab943e09ff4dbf53da64b8a8c2,0xaebe5522749b65eae7b2a35c593145cc3128b515,1319757120297645580390,1319.75712029764558039,false
2026-05-07T02:38:04Z,72901569,1778107769,2026-05-06T22:49:29Z,0x911081c8da6de74db61eeb2070d5412276559fdfca2f235530009a1e25850f0e,2,13,0x350035555e10d9afaf1566aaebfced5ba6c27777,0xaebe5522749b65eae7b2a35c593145cc3128b515,0xb0baace23ac7cbd25211134a0b47ad70a9d42fa4,1319757120297645580390,1319.75712029764558039,false
2026-05-07T02:38:04Z,72901577,1778107773,2026-05-06T22:49:33Z,0xc156e9449f76090d9c46d69b7b74327f5cf225eefe60cdc6f3b8452626ae1e3e,5,138,0x350035555e10d9afaf1566aaebfced5ba6c27777,0xb0baace23ac7cbd25211134a0b47ad70a9d42fa4,0x1d91a6339f6c484ad9a29dac34d2403e8688a423,1319757120297645580390,1319.75712029764558039,false
2026-05-07T02:38:04Z,72901577,1778107773,2026-05-06T22:49:33Z,0xc156e9449f76090d9c46d69b7b74327f5cf225eefe60cdc6f3b8452626ae1e3e,5,142,0x350035555e10d9afaf1566aaebfced5ba6c27777,0x1d91a6339f6c484ad9a29dac34d2403e8688a423,0x0b79d71ae99528d1db24a4148b5f4f865cc2b137,1319757120297645580390,1319.75712029764558039,false
2026-05-07T02:38:04Z,72901577,1778107773,2026-05-06T22:49:33Z,0xc156e9449f76090d9c46d69b7b74327f5cf225eefe60cdc6f3b8452626ae1e3e,5,144,0x350035555e10d9afaf1566aaebfced5ba6c27777,0x0b79d71ae99528d1db24a4148b5f4f865cc2b137,0x116e7d070f1888b81e1e0324f56d6746b2d7d8f1,1319757120297645580390,1319.75712029764558039,false
2026-05-07T02:38:04Z,72903208,1778108421,2026-05-06T23:00:21Z,0x9ec5a383e4dec52f614bbe6b751f77fbb15e967f9a32d97ad3a6e66e31721e07,4,43,0x350035555e10d9afaf1566aaebfced5ba6c27777,0x116e7d070f1888b81e1e0324f56d6746b2d7d8f1,0xc4e7e70a3a41c655b1b634da13dd2689af821616,3966987464933605289345,3966.987464933605289345,false
2026-05-07T02:38:04Z,72903967,1778108722,2026-05-06T23:05:22Z,0x5ff96921f9c2beb906987faaaa9ece12b37e0ac53441f3affe2b35d51c04735d,2,30,0x350035555e10d9afaf1566aaebfced5ba6c27777,0x116e7d070f1888b81e1e0324f56d6746b2d7d8f1,0xa68a7f0601effdc65c64d9c47ca1b18d96b4352c,30033329197469960252237,30033.329197469960252237,false
2026-05-07T02:38:04Z,72903967,1778108722,2026-05-06T23:05:22Z,0x5ff96921f9c2beb906987faaaa9ece12b37e0ac53441f3affe2b35d51c04735d,2,35,0x350035555e10d9afaf1566aaebfced5ba6c27777,0xa68a7f0601effdc65c64d9c47ca1b18d96b4352c,0x059bd6ebeefae6d304d6fc5ed2a03075d6b6aa69,29883162551482610450975,29883.162551482610450975,false
2026-05-07T02:38:04Z,72903967,1778108722,2026-05-06T23:05:22Z,0x5ff96921f9c2beb906987faaaa9ece12b37e0ac53441f3affe2b35d51c04735d,2,36,0x350035555e10d9afaf1566aaebfced5ba6c27777,0xa68a7f0601effdc65c64d9c47ca1b18d96b4352c,0xa01a2488cbe09156da4a78fa46483556ce41710a,120133316789879841010,120.13331678987984101,false
2026-05-07T02:38:04Z,72903967,1778108722,2026-05-06T23:05:22Z,0x5ff96921f9c2beb906987faaaa9ece12b37e0ac53441f3affe2b35d51c04735d,2,37,0x350035555e10d9afaf1566aaebfced5ba6c27777,0xa68a7f0601effdc65c64d9c47ca1b18d96b4352c,0x1ccd30e5360552118048a9e88cb0f14a24c92015,30033329197469960252,30.033329197469960252,false
2026-05-07T02:38:04Z,72904637,1778108988,2026-05-06T23:09:48Z,0x0ed5a8d129f72c1941f5eae0d5df8b391de615c8aeab5b0402f85c0b5ac7d847,2,8,0x350035555e10d9afaf1566aaebfced5ba6c27777,0x116e7d070f1888b81e1e0324f56d6746b2d7d8f1,0xcd68f7c0668b72ab943e09ff4dbf53da64b8a8c2,7232666695275109186,7.232666695275109186,false
2026-05-07T02:38:04Z,72904637,1778108988,2026-05-06T23:09:48Z,0x0ed5a8d129f72c1941f5eae0d5df8b391de615c8aeab5b0402f85c0b5ac7d847,2,11,0x350035555e10d9afaf1566aaebfced5ba6c27777,0xcd68f7c0668b72ab943e09ff4dbf53da64b8a8c2,0xaebe5522749b65eae7b2a35c593145cc3128b515,7232666695275109186,7.232666695275109186,false
2026-05-07T02:38:04Z,72904637,1778108988,2026-05-06T23:09:48Z,0x0ed5a8d129f72c1941f5eae0d5df8b391de615c8aeab5b0402f85c0b5ac7d847,2,13,0x350035555e10d9afaf1566aaebfced5ba6c27777,0xaebe5522749b65eae7b2a35c593145cc3128b515,0xb0baace23ac7cbd25211134a0b47ad70a9d42fa4,7232666695275109186,7.232666695275109186,false
2026-05-07T02:38:04Z,72904645,1778108991,2026-05-06T23:09:51Z,0xfb51ea1c4357e6cad7dec60f0c34e4ac656f66b04cc7a43049c25451b814b592,1,1,0x350035555e10d9afaf1566aaebfced5ba6c27777,0xb0baace23ac7cbd25211134a0b47ad70a9d42fa4,0x1d91a6339f6c484ad9a29dac34d2403e8688a423,7232666695275109186,7.232666695275109186,false
2026-05-07T02:38:04Z,72904645,1778108991,2026-05-06T23:09:51Z,0xfb51ea1c4357e6cad7dec60f0c34e4ac656f66b04cc7a43049c25451b814b592,1,5,0x350035555e10d9afaf1566aaebfced5ba6c27777,0x1d91a6339f6c484ad9a29dac34d2403e8688a423,0x0b79d71ae99528d1db24a4148b5f4f865cc2b137,7232666695275109186,7.232666695275109186,false
2026-05-07T02:38:04Z,72904645,1778108991,2026-05-06T23:09:51Z,0xfb51ea1c4357e6cad7dec60f0c34e4ac656f66b04cc7a43049c25451b814b592,1,7,0x350035555e10d9afaf1566aaebfced5ba6c27777,0x0b79d71ae99528d1db24a4148b5f4f865cc2b137,0x116e7d070f1888b81e1e0324f56d6746b2d7d8f1,7232666695275109186,7.232666695275109186,false
2026-05-07T02:38:04Z,72907243,1778110028,2026-05-06T23:27:08Z,0xd661d7ca6920d6434bdca92fcc90ef1d8c82c55df97fa3b02b6b928a845166f5,2,7,0x350035555e10d9afaf1566aaebfced5ba6c27777,0xde4c4a5d91ed23964a7b636d2b15edf51f4a7a6d,0xfb78fcae443eb423b59b8c186518c5df94416344,1543450036646292496406,1543.450036646292496406,false
2026-05-07T02:38:04Z,72907243,1778110028,2026-05-06T23:27:08Z,0xd661d7ca6920d6434bdca92fcc90ef1d8c82c55df97fa3b02b6b928a845166f5,2,10,0x350035555e10d9afaf1566aaebfced5ba6c27777,0xbfca90ba028b6376cc408935f1e026ffec5c4959,0xfb78fcae443eb423b59b8c186518c5df94416344,4633501028669982955460,4633.50102866998295546,false
2026-05-07T02:38:04Z,72907243,1778110028,2026-05-06T23:27:08Z,0xd661d7ca6920d6434bdca92fcc90ef1d8c82c55df97fa3b02b6b928a845166f5,2,16,0x350035555e10d9afaf1566aaebfced5ba6c27777,0x188d586ddcf52439676ca21a244753fa19f9ea8e,0xfb78fcae443eb423b59b8c186518c5df94416344,12379268928120513354792,12379.268928120513354792,false
2026-05-07T02:38:04Z,72907243,1778110028,2026-05-06T23:27:08Z,0xd661d7ca6920d6434bdca92fcc90ef1d8c82c55df97fa3b02b6b928a845166f5,2,17,0x350035555e10d9afaf1566aaebfced5ba6c27777,0x116e7d070f1888b81e1e0324f56d6746b2d7d8f1,0xfb78fcae443eb423b59b8c186518c5df94416344,43216497661226650411350,43216.49766122665041135,false
2026-05-07T02:38:04Z,72907243,1778110028,2026-05-06T23:27:08Z,0xd661d7ca6920d6434bdca92fcc90ef1d8c82c55df97fa3b02b6b928a845166f5,2,20,0x350035555e10d9afaf1566aaebfced5ba6c27777,0xfb78fcae443eb423b59b8c186518c5df94416344,0xb92fe925dc43a0ecde6c8b1a2709c170ec4fff4f,61772717654663439218008,61772.717654663439218008,false
2026-05-07T02:38:04Z,72907243,1778110028,2026-05-06T23:27:08Z,0xd661d7ca6920d6434bdca92fcc90ef1d8c82c55df97fa3b02b6b928a845166f5,2,22,0x350035555e10d9afaf1566aaebfced5ba6c27777,0xb92fe925dc43a0ecde6c8b1a2709c170ec4fff4f,0x757f337568404b189a0da84ecce22f450f93b79e,61772717654663439218008,61772.717654663439218008,false
2026-05-07T02:38:04Z,72907244,1778110029,2026-05-06T23:27:09Z,0x1b41495c97a46b75eab9245a19c65b9718f119b5b1c7e8416a0633d5c9a40721,4,6,0x350035555e10d9afaf1566aaebfced5ba6c27777,0x116e7d070f1888b81e1e0324f56d6746b2d7d8f1,0x7e19afc17653ff84ff91cfdc18ab9b1af8895b9a,615705129967588672847,615.705129967588672847,false
2026-05-07T02:38:04Z,72907244,1778110029,2026-05-06T23:27:09Z,0x1b41495c97a46b75eab9245a19c65b9718f119b5b1c7e8416a0633d5c9a40721,4,8,0x350035555e10d9afaf1566aaebfced5ba6c27777,0x7e19afc17653ff84ff91cfdc18ab9b1af8895b9a,0xde4c4a5d91ed23964a7b636d2b15edf51f4a7a6d,615705129967588672846,615.705129967588672846,false
2026-05-07T02:38:04Z,72907657,1778110193,2026-05-06T23:29:53Z,0x45af308d47e3e9be5222f961aad5db32a8569c83736df99b260eca411333aa37,1,4,0x350035555e10d9afaf1566aaebfced5ba6c27777,0x116e7d070f1888b81e1e0324f56d6746b2d7d8f1,0xcd68f7c0668b72ab943e09ff4dbf53da64b8a8c2,39637192874658584,0.039637192874658584,false
2026-05-07T02:38:04Z,72907657,1778110193,2026-05-06T23:29:53Z,0x45af308d47e3e9be5222f961aad5db32a8569c83736df99b260eca411333aa37,1,7,0x350035555e10d9afaf1566aaebfced5ba6c27777,0xcd68f7c0668b72ab943e09ff4dbf53da64b8a8c2,0xaebe5522749b65eae7b2a35c593145cc3128b515,39637192874658584,0.039637192874658584,false
2026-05-07T02:38:04Z,72907657,1778110193,2026-05-06T23:29:53Z,0x45af308d47e3e9be5222f961aad5db32a8569c83736df99b260eca411333aa37,1,9,0x350035555e10d9afaf1566aaebfced5ba6c27777,0xaebe5522749b65eae7b2a35c593145cc3128b515,0xb0baace23ac7cbd25211134a0b47ad70a9d42fa4,39637192874658584,0.039637192874658584,false
2026-05-07T02:38:04Z,72907662,1778110195,2026-05-06T23:29:55Z,0x8de152946d0fb97b55a9abcc2881aacdc33218441ffe71854daa43542258539e,3,6,0x350035555e10d9afaf1566aaebfced5ba6c27777,0xb0baace23ac7cbd25211134a0b47ad70a9d42fa4,0x1d91a6339f6c484ad9a29dac34d2403e8688a423,39637192874658584,0.039637192874658584,false
2026-05-07T02:38:04Z,72907662,1778110195,2026-05-06T23:29:55Z,0x8de152946d0fb97b55a9abcc2881aacdc33218441ffe71854daa43542258539e,3,10,0x350035555e10d9afaf1566aaebfced5ba6c27777,0x1d91a6339f6c484ad9a29dac34d2403e8688a423,0x0b79d71ae99528d1db24a4148b5f4f865cc2b137,39637192874658584,0.039637192874658584,false
2026-05-07T02:38:04Z,72907662,1778110195,2026-05-06T23:29:55Z,0x8de152946d0fb97b55a9abcc2881aacdc33218441ffe71854daa43542258539e,3,12,0x350035555e10d9afaf1566aaebfced5ba6c27777,0x0b79d71ae99528d1db24a4148b5f4f865cc2b137,0x116e7d070f1888b81e1e0324f56d6746b2d7d8f1,39637192874658584,0.039637192874658584,false
2026-05-07T02:38:04Z,72908015,1778110337,2026-05-06T23:32:17Z,0x4c0cf97ac048fc9c38cbd9f1f8f7e4e2e4d1491ea7b8785c4a975330f2b3b566,3,23,0x350035555e10d9afaf1566aaebfced5ba6c27777,0x757f337568404b189a0da84ecce22f450f93b79e,0xb92fe925dc43a0ecde6c8b1a2709c170ec4fff4f,61772717654663439218008,61772.717654663439218008,false
2026-05-07T02:38:04Z,72908015,1778110337,2026-05-06T23:32:17Z,0x4c0cf97ac048fc9c38cbd9f1f8f7e4e2e4d1491ea7b8785c4a975330f2b3b566,3,28,0x350035555e10d9afaf1566aaebfced5ba6c27777,0xb92fe925dc43a0ecde6c8b1a2709c170ec4fff4f,0xfb78fcae443eb423b59b8c186518c5df94416344,61772717654663439218008,61772.717654663439218008,false
2026-05-07T02:38:04Z,72908015,1778110337,2026-05-06T23:32:17Z,0x4c0cf97ac048fc9c38cbd9f1f8f7e4e2e4d1491ea7b8785c4a975330f2b3b566,3,30,0x350035555e10d9afaf1566aaebfced5ba6c27777,0xfb78fcae443eb423b59b8c186518c5df94416344,0x116e7d070f1888b81e1e0324f56d6746b2d7d8f1,61772717654663439218008,61772.717654663439218008,false
2026-05-07T02:38:04Z,72908115,1778110376,2026-05-06T23:32:56Z,0xfe80f808da79f016e2b7ac735023f7f825ddd63c4a52a516b3ec206bd62944b2,2,12,0x350035555e10d9afaf1566aaebfced5ba6c27777,0x188d586ddcf52439676ca21a244753fa19f9ea8e,0x8f10b468b06c6fd214b65f87778827f7d113f996,1585434155415003191994,1585.434155415003191994,false
2026-05-07T02:38:04Z,72908115,1778110376,2026-05-06T23:32:56Z,0xfe80f808da79f016e2b7ac735023f7f825ddd63c4a52a516b3ec206bd62944b2,2,14,0x350035555e10d9afaf1566aaebfced5ba6c27777,0x8f10b468b06c6fd214b65f87778827f7d113f996,0x026f252016a7c47cdef1f05a3fc9e20c92a49c37,1585434155415003191994,1585.434155415003191994,false
2026-05-07T02:38:04Z,72908115,1778110376,2026-05-06T23:32:56Z,0xfe80f808da79f016e2b7ac735023f7f825ddd63c4a52a516b3ec206bd62944b2,2,18,0x350035555e10d9afaf1566aaebfced5ba6c27777,0x026f252016a7c47cdef1f05a3fc9e20c92a49c37,0x049b70d39df8e90cfa8ae0e23bb9cae470c267b2,1585434155415003191994,1585.434155415003191994,false
2026-05-07T02:38:04Z,72908505,1778110531,2026-05-06T23:35:31Z,0xb79db06bdb072f738910ed570b8ba3fb9af49c35a4600fb72bb585a351cb1dc7,3,24,0x350035555e10d9afaf1566aaebfced5ba6c27777,0x116e7d070f1888b81e1e0324f56d6746b2d7d8f1,0x01237c62f5c7e9127e4ad28950a7adcc9f9e82cf,10972904729117799859447,10972.904729117799859447,false
2026-05-07T02:38:04Z,72908624,1778110579,2026-05-06T23:36:19Z,0x27f4d85780fa66d0b98be104a0aa9df4576a3de878a9571bd834ec3a482c7a16,3,12,0x350035555e10d9afaf1566aaebfced5ba6c27777,0x01237c62f5c7e9127e4ad28950a7adcc9f9e82cf,0x116e7d070f1888b81e1e0324f56d6746b2d7d8f1,12192334766484667944963,12192.334766484667944963,false
2026-05-07T02:38:04Z,72909092,1778110765,2026-05-06T23:39:25Z,0xf62485e245f71679452ba07f7741cad75e5f1408f9454a7b232ce15adc9b5be5,5,29,0x350035555e10d9afaf1566aaebfced5ba6c27777,0x2a68ba1833cdf93fa9da1eebd7f46242ad8e90c5,0x2f84fb8982073f39ba47c7fcc29119af074abbcb,81442377348623512000,81.442377348623512,false
2026-05-07T02:38:04Z,72909092,1778110765,2026-05-06T23:39:25Z,0xf62485e245f71679452ba07f7741cad75e5f1408f9454a7b232ce15adc9b5be5,5,30,0x350035555e10d9afaf1566aaebfced5ba6c27777,0x116e7d070f1888b81e1e0324f56d6746b2d7d8f1,0x2f84fb8982073f39ba47c7fcc29119af074abbcb,2004924492222799163473,2004.924492222799163473,false
2026-05-07T02:38:04Z,72909092,1778110765,2026-05-06T23:39:25Z,0xf62485e245f71679452ba07f7741cad75e5f1408f9454a7b232ce15adc9b5be5,5,33,0x350035555e10d9afaf1566aaebfced5ba6c27777,0x2f84fb8982073f39ba47c7fcc29119af074abbcb,0xb3e6778480b2e488385e8205ea05e20060b813cb,2086366869571426761839,2086.366869571426761839,false
2026-05-07T02:38:04Z,72909092,1778110765,2026-05-06T23:39:25Z,0xf62485e245f71679452ba07f7741cad75e5f1408f9454a7b232ce15adc9b5be5,5,35,0x350035555e10d9afaf1566aaebfced5ba6c27777,0xb3e6778480b2e488385e8205ea05e20060b813cb,0x3ccf85d9aaee28131388383bd61c9e449fa14b0e,2086366869571426761839,2086.366869571426761839,false
2026-05-07T02:38:04Z,72909160,1778110792,2026-05-06T23:39:52Z,0x6bdd82f4f62351cea8024d927443295b328516396b32927bb7a8e7daadb3ee2f,1,2,0x350035555e10d9afaf1566aaebfced5ba6c27777,0x116e7d070f1888b81e1e0324f56d6746b2d7d8f1,0x5b76dd6d1506658eb25652a61854ded918463c28,76203999882444372911543,76203.999882444372911543,false
2026-05-07T02:38:04Z,72909224,1778110818,2026-05-06T23:40:18Z,0xa3317d0908a12524fa46dcb7007f9972f2970ad62d4ae8d2b982313491e500e0,1,4,0x350035555e10d9afaf1566aaebfced5ba6c27777,0x116e7d070f1888b81e1e0324f56d6746b2d7d8f1,0xcd68f7c0668b72ab943e09ff4dbf53da64b8a8c2,338533323646216708003,338.533323646216708003,false
2026-05-07T02:38:04Z,72909224,1778110818,2026-05-06T23:40:18Z,0xa3317d0908a12524fa46dcb7007f9972f2970ad62d4ae8d2b982313491e500e0,1,7,0x350035555e10d9afaf1566aaebfced5ba6c27777,0xcd68f7c0668b72ab943e09ff4dbf53da64b8a8c2,0xaebe5522749b65eae7b2a35c593145cc3128b515,338533323646216708003,338.533323646216708003,false
2026-05-07T02:38:04Z,72909224,1778110818,2026-05-06T23:40:18Z,0xa3317d0908a12524fa46dcb7007f9972f2970ad62d4ae8d2b982313491e500e0,1,9,0x350035555e10d9afaf1566aaebfced5ba6c27777,0xaebe5522749b65eae7b2a35c593145cc3128b515,0xb0baace23ac7cbd25211134a0b47ad70a9d42fa4,338533323646216708003,338.533323646216708003,false
2026-05-07T02:38:04Z,72909252,1778110829,2026-05-06T23:40:29Z,0x951f52e11056b895ae802ecf7ae2fa22e493ce8c2d0cae3711e06c82f0afb33f,2,5,0x350035555e10d9afaf1566aaebfced5ba6c27777,0xb0baace23ac7cbd25211134a0b47ad70a9d42fa4,0x1d91a6339f6c484ad9a29dac34d2403e8688a423,338533323646216708003,338.533323646216708003,false
2026-05-07T02:38:04Z,72909252,1778110829,2026-05-06T23:40:29Z,0x951f52e11056b895ae802ecf7ae2fa22e493ce8c2d0cae3711e06c82f0afb33f,2,9,0x350035555e10d9afaf1566aaebfced5ba6c27777,0x1d91a6339f6c484ad9a29dac34d2403e8688a423,0x0b79d71ae99528d1db24a4148b5f4f865cc2b137,338533323646216708003,338.533323646216708003,false
2026-05-07T02:38:04Z,72909252,1778110829,2026-05-06T23:40:29Z,0x951f52e11056b895ae802ecf7ae2fa22e493ce8c2d0cae3711e06c82f0afb33f,2,11,0x350035555e10d9afaf1566aaebfced5ba6c27777,0x0b79d71ae99528d1db24a4148b5f4f865cc2b137,0x116e7d070f1888b81e1e0324f56d6746b2d7d8f1,338533323646216708003,338.533323646216708003,false
2026-05-07T02:38:04Z,72909985,1778111121,2026-05-06T23:45:21Z,0x9a7a70fd57679f4aff4f08a0e610e03e70bf463ac83fdcf635fb2709c4dd6eb3,2,39,0x350035555e10d9afaf1566aaebfced5ba6c27777,0x116e7d070f1888b81e1e0324f56d6746b2d7d8f1,0xc89a758db95431834bd2153feb27b38703cc144f,1979099232703417263541,1979.099232703417263541,false
2026-05-07T02:38:04Z,72910522,1778111333,2026-05-06T23:48:53Z,0xe1e43ada56acb036d2880ad0a1603cc3dc11d4dd3e40ebe6fa347d41e61b6f37,8,41,0x350035555e10d9afaf1566aaebfced5ba6c27777,0x116e7d070f1888b81e1e0324f56d6746b2d7d8f1,0xe5313c05ebee79ddc3b1ccf0c861a1eb21da762d,9880401776417379359162,9880.401776417379359162,false
2026-05-07T02:38:04Z,72910631,1778111377,2026-05-06T23:49:37Z,0x28ea0c85d419f11d23fd37da2d73680fbb7561105148858a395614371747ba6a,8,76,0x350035555e10d9afaf1566aaebfced5ba6c27777,0x116e7d070f1888b81e1e0324f56d6746b2d7d8f1,0xf89d6e32ffbbc77bc512ef12d3c0905df1a87756,19749551165934134543967,19749.551165934134543967,false
2026-05-07T02:38:04Z,72910730,1778111416,2026-05-06T23:50:16Z,0xfd4dcbbb6faf2da88af002ec459e24626e46667a3d961d4e9a7077e73336ede9,1,4,0x350035555e10d9afaf1566aaebfced5ba6c27777,0x5900402e02070b87818d39af6ff0e530f93e78e4,0x44ed9b74f4fe2b0975c2b5121b0e906da6ce4a48,11458888321089464509724,11458.888321089464509724,false
2026-05-07T02:38:04Z,72910730,1778111416,2026-05-06T23:50:16Z,0xfd4dcbbb6faf2da88af002ec459e24626e46667a3d961d4e9a7077e73336ede9,1,5,0x350035555e10d9afaf1566aaebfced5ba6c27777,0x44ed9b74f4fe2b0975c2b5121b0e906da6ce4a48,0xfb78fcae443eb423b59b8c186518c5df94416344,11458888321089464509724,11458.888321089464509724,false
2026-05-07T02:38:04Z,72910730,1778111416,2026-05-06T23:50:16Z,0xfd4dcbbb6faf2da88af002ec459e24626e46667a3d961d4e9a7077e73336ede9,1,7,0x350035555e10d9afaf1566aaebfced5ba6c27777,0xfb78fcae443eb423b59b8c186518c5df94416344,0xde4c4a5d91ed23964a7b636d2b15edf51f4a7a6d,572944416054473225486,572.944416054473225486,false
2026-05-07T02:38:04Z,72910730,1778111416,2026-05-06T23:50:16Z,0xfd4dcbbb6faf2da88af002ec459e24626e46667a3d961d4e9a7077e73336ede9,1,10,0x350035555e10d9afaf1566aaebfced5ba6c27777,0xfb78fcae443eb423b59b8c186518c5df94416344,0x116e7d070f1888b81e1e0324f56d6746b2d7d8f1,10885943905034991284238,10885.943905034991284238,false
2026-05-07T02:38:04Z,72910737,1778111419,2026-05-06T23:50:19Z,0x18f63401b8ee92586a332fcea0c050fc39a91b532be56265ddae5bc24e0700fa,2,8,0x350035555e10d9afaf1566aaebfced5ba6c27777,0x116e7d070f1888b81e1e0324f56d6746b2d7d8f1,0xcd68f7c0668b72ab943e09ff4dbf53da64b8a8c2,61499125566183994289,61.499125566183994289,false
2026-05-07T02:38:04Z,72910737,1778111419,2026-05-06T23:50:19Z,0x18f63401b8ee92586a332fcea0c050fc39a91b532be56265ddae5bc24e0700fa,2,11,0x350035555e10d9afaf1566aaebfced5ba6c27777,0xcd68f7c0668b72ab943e09ff4dbf53da64b8a8c2,0xaebe5522749b65eae7b2a35c593145cc3128b515,61499125566183994289,61.499125566183994289,false
2026-05-07T02:38:04Z,72910737,1778111419,2026-05-06T23:50:19Z,0x18f63401b8ee92586a332fcea0c050fc39a91b532be56265ddae5bc24e0700fa,2,13,0x350035555e10d9afaf1566aaebfced5ba6c27777,0xaebe5522749b65eae7b2a35c593145cc3128b515,0xb0baace23ac7cbd25211134a0b47ad70a9d42fa4,61499125566183994289,61.499125566183994289,false
2026-05-07T02:38:04Z,72910751,1778111425,2026-05-06T23:50:25Z,0xe973c3bc7f71ee3cd6874be40be28f49ed3cef59a194da23eccffe483733e5a3,6,101,0x350035555e10d9afaf1566aaebfced5ba6c27777,0xb0baace23ac7cbd25211134a0b47ad70a9d42fa4,0x1d91a6339f6c484ad9a29dac34d2403e8688a423,61499125566183994289,61.499125566183994289,false
2026-05-07T02:38:04Z,72910751,1778111425,2026-05-06T23:50:25Z,0xe973c3bc7f71ee3cd6874be40be28f49ed3cef59a194da23eccffe483733e5a3,6,105,0x350035555e10d9afaf1566aaebfced5ba6c27777,0x1d91a6339f6c484ad9a29dac34d2403e8688a423,0x0b79d71ae99528d1db24a4148b5f4f865cc2b137,61499125566183994289,61.499125566183994289,false
2026-05-07T02:38:04Z,72910751,1778111425,2026-05-06T23:50:25Z,0xe973c3bc7f71ee3cd6874be40be28f49ed3cef59a194da23eccffe483733e5a3,6,107,0x350035555e10d9afaf1566aaebfced5ba6c27777,0x0b79d71ae99528d1db24a4148b5f4f865cc2b137,0x116e7d070f1888b81e1e0324f56d6746b2d7d8f1,61499125566183994289,61.499125566183994289,false
2026-05-07T02:38:04Z,72911556,1778111746,2026-05-06T23:55:46Z,0x46ec1a1a94fe594193548924e526ccef48cbd014ca85e05f50574387301ff026,3,35,0x350035555e10d9afaf1566aaebfced5ba6c27777,0x188d586ddcf52439676ca21a244753fa19f9ea8e,0x2f84fb8982073f39ba47c7fcc29119af074abbcb,2331011924629596610349,2331.011924629596610349,false
2026-05-07T02:38:04Z,72911556,1778111746,2026-05-06T23:55:46Z,0x46ec1a1a94fe594193548924e526ccef48cbd014ca85e05f50574387301ff026,3,36,0x350035555e10d9afaf1566aaebfced5ba6c27777,0xde4c4a5d91ed23964a7b636d2b15edf51f4a7a6d,0x2f84fb8982073f39ba47c7fcc29119af074abbcb,500896600544730457581,500.896600544730457581,false
2026-05-07T02:38:04Z,72911556,1778111746,2026-05-06T23:55:46Z,0x46ec1a1a94fe594193548924e526ccef48cbd014ca85e05f50574387301ff026,3,39,0x350035555e10d9afaf1566aaebfced5ba6c27777,0x2f84fb8982073f39ba47c7fcc29119af074abbcb,0xb3e6778480b2e488385e8205ea05e20060b813cb,2831908525174327067930,2831.90852517432706793,false
2026-05-07T02:38:04Z,72911556,1778111746,2026-05-06T23:55:46Z,0x46ec1a1a94fe594193548924e526ccef48cbd014ca85e05f50574387301ff026,3,41,0x350035555e10d9afaf1566aaebfced5ba6c27777,0xb3e6778480b2e488385e8205ea05e20060b813cb,0x3ccf85d9aaee28131388383bd61c9e449fa14b0e,2831908525174327067930,2831.90852517432706793,false
2026-05-07T02:38:04Z,72911773,1778111833,2026-05-06T23:57:13Z,0xa73034b62cd29e5cf94fabe1c53688a21851256963eed9197fea9ed267e8a783,4,33,0x350035555e10d9afaf1566aaebfced5ba6c27777,0x116e7d070f1888b81e1e0324f56d6746b2d7d8f1,0xd05fa8d773b86697cc381ca36ab446117c59a600,9873267224609966641412,9873.267224609966641412,false
2026-05-07T02:38:04Z,72911785,1778111838,2026-05-06T23:57:18Z,0x463cb8c6943859379acb9047a28d11fb6830499c47779be952ee27b0c45d36e2,4,17,0x350035555e10d9afaf1566aaebfced5ba6c27777,0x116e7d070f1888b81e1e0324f56d6746b2d7d8f1,0xd05fa8d773b86697cc381ca36ab446117c59a600,9869519779180634874982,9869.519779180634874982,false
2026-05-07T02:38:04Z,72911800,1778111844,2026-05-06T23:57:24Z,0x6dea5bfd958a29edf7d3f4a8cee1c7abd519faeb70d7318a3cb2a4b8adbc1e47,3,6,0x350035555e10d9afaf1566aaebfced5ba6c27777,0x116e7d070f1888b81e1e0324f56d6746b2d7d8f1,0xd05fa8d773b86697cc381ca36ab446117c59a600,9865774466887526793160,9865.77446688752679316,false
2026-05-07T02:38:04Z,72911815,1778111850,2026-05-06T23:57:30Z,0x7af686a38924a29495cd4bb3b0722276b2722a64b4b251a99ffd0cced9cbe6e9,6,34,0x350035555e10d9afaf1566aaebfced5ba6c27777,0x116e7d070f1888b81e1e0324f56d6746b2d7d8f1,0xd05fa8d773b86697cc381ca36ab446117c59a600,9862031286111972816397,9862.031286111972816397,false
2026-05-07T02:38:04Z,72912236,1778112019,2026-05-07T00:00:19Z,0x06b7c12dd5b318b9cb42031fd7ec22a36547fab8bfdffc67bb10b4ba718e599a,1,4,0x350035555e10d9afaf1566aaebfced5ba6c27777,0x116e7d070f1888b81e1e0324f56d6746b2d7d8f1,0xcd68f7c0668b72ab943e09ff4dbf53da64b8a8c2,336954886036116909,0.336954886036116909,false
2026-05-07T02:38:04Z,72912236,1778112019,2026-05-07T00:00:19Z,0x06b7c12dd5b318b9cb42031fd7ec22a36547fab8bfdffc67bb10b4ba718e599a,1,7,0x350035555e10d9afaf1566aaebfced5ba6c27777,0xcd68f7c0668b72ab943e09ff4dbf53da64b8a8c2,0xaebe5522749b65eae7b2a35c593145cc3128b515,336954886036116909,0.336954886036116909,false
2026-05-07T02:38:04Z,72912236,1778112019,2026-05-07T00:00:19Z,0x06b7c12dd5b318b9cb42031fd7ec22a36547fab8bfdffc67bb10b4ba718e599a,1,9,0x350035555e10d9afaf1566aaebfced5ba6c27777,0xaebe5522749b65eae7b2a35c593145cc3128b515,0xb0baace23ac7cbd25211134a0b47ad70a9d42fa4,336954886036116909,0.336954886036116909,false
2026-05-07T02:38:04Z,72912239,1778112020,2026-05-07T00:00:20Z,0x8872317d6d8fb4390c4c5c74964296f3b7cd41fa703e7d41f9b4185c45a9a9e9,2,2,0x350035555e10d9afaf1566aaebfced5ba6c27777,0xb0baace23ac7cbd25211134a0b47ad70a9d42fa4,0x1d91a6339f6c484ad9a29dac34d2403e8688a423,336954886036116909,0.336954886036116909,false
2026-05-07T02:38:04Z,72912239,1778112020,2026-05-07T00:00:20Z,0x8872317d6d8fb4390c4c5c74964296f3b7cd41fa703e7d41f9b4185c45a9a9e9,2,6,0x350035555e10d9afaf1566aaebfced5ba6c27777,0x1d91a6339f6c484ad9a29dac34d2403e8688a423,0x0b79d71ae99528d1db24a4148b5f4f865cc2b137,336954886036116909,0.336954886036116909,false
2026-05-07T02:38:04Z,72912239,1778112020,2026-05-07T00:00:20Z,0x8872317d6d8fb4390c4c5c74964296f3b7cd41fa703e7d41f9b4185c45a9a9e9,2,8,0x350035555e10d9afaf1566aaebfced5ba6c27777,0x0b79d71ae99528d1db24a4148b5f4f865cc2b137,0x116e7d070f1888b81e1e0324f56d6746b2d7d8f1,336954886036116909,0.336954886036116909,false
2026-05-07T02:38:04Z,72912603,1778112165,2026-05-07T00:02:45Z,0x06b3e9775e142e7d3da3e9e5f46b1deb4841a5a7d76a54f7231ae51a5fbc3078,4,41,0x350035555e10d9afaf1566aaebfced5ba6c27777,0x74762446b4c41894dd022bcc6b386a344d4d3ad4,0xfb78fcae443eb423b59b8c186518c5df94416344,2489259337162584913,2.489259337162584913,false
2026-05-07T02:38:04Z,72912603,1778112165,2026-05-07T00:02:45Z,0x06b3e9775e142e7d3da3e9e5f46b1deb4841a5a7d76a54f7231ae51a5fbc3078,4,44,0x350035555e10d9afaf1566aaebfced5ba6c27777,0xfb78fcae443eb423b59b8c186518c5df94416344,0xc513fb4b979f1cefc43682ca7ab4a19cee1cacc2,2489259337162584913,2.489259337162584913,false
2026-05-07T02:38:04Z,72914490,1778112915,2026-05-07T00:15:15Z,0xb19090be3ffdf600b84a66c07bb67687c5167cfaa3a564ee9a94b7f364d8cfe6,3,7,0x350035555e10d9afaf1566aaebfced5ba6c27777,0x009630821458ecd7bdcc08db78a583467cc79fbd,0x5670035caf2da294af4bcdc48fb68e9e6157a02e,3344541420334709439307,3344.541420334709439307,false
2026-05-07T02:38:04Z,72914490,1778112915,2026-05-07T00:15:15Z,0xb19090be3ffdf600b84a66c07bb67687c5167cfaa3a564ee9a94b7f364d8cfe6,3,8,0x350035555e10d9afaf1566aaebfced5ba6c27777,0x5670035caf2da294af4bcdc48fb68e9e6157a02e,0x188d586ddcf52439676ca21a244753fa19f9ea8e,3344541420334709439307,3344.541420334709439307,false
2026-05-07T02:38:04Z,72914690,1778112995,2026-05-07T00:16:35Z,0x821c9669864328214889ce8b8effc1d5b50a3fc94725db23ae2fcfc8d0f095e7,1,2,0x350035555e10d9afaf1566aaebfced5ba6c27777,0xc27c069f86398d9b265ae3dafcec080901eaaaa4,0x026f252016a7c47cdef1f05a3fc9e20c92a49c37,80000000000000000000,80,false
2026-05-07T02:38:04Z,72914690,1778112995,2026-05-07T00:16:35Z,0x821c9669864328214889ce8b8effc1d5b50a3fc94725db23ae2fcfc8d0f095e7,1,3,0x350035555e10d9afaf1566aaebfced5ba6c27777,0x026f252016a7c47cdef1f05a3fc9e20c92a49c37,0x22d7b2692e3a0cb2ffea3aeb02a5e829c9b020ce,80000000000000000000,80,false
2026-05-07T02:38:04Z,72915000,1778113119,2026-05-07T00:18:39Z,0x5aa8d4a9dc18668f25a585a08c89d71ec12723af8de2dd482897b55c4ed689b2,3,19,0x350035555e10d9afaf1566aaebfced5ba6c27777,0x116e7d070f1888b81e1e0324f56d6746b2d7d8f1,0xa68a7f0601effdc65c64d9c47ca1b18d96b4352c,1792540141808260095791,1792.540141808260095791,false
2026-05-07T02:38:04Z,72915000,1778113119,2026-05-07T00:18:39Z,0x5aa8d4a9dc18668f25a585a08c89d71ec12723af8de2dd482897b55c4ed689b2,3,24,0x350035555e10d9afaf1566aaebfced5ba6c27777,0xa68a7f0601effdc65c64d9c47ca1b18d96b4352c,0x854d96405a64c2a60cfeabc8b998ed9df5914b2d,1792540141808260095791,1792.540141808260095791,false
2026-05-07T02:38:04Z,72915278,1778113229,2026-05-07T00:20:29Z,0x36edf5d23acea0a76a0dcfe983a77c6b7bb1df5caa3ecdca83555e3b2a32bafb,1,4,0x350035555e10d9afaf1566aaebfced5ba6c27777,0x116e7d070f1888b81e1e0324f56d6746b2d7d8f1,0xcd68f7c0668b72ab943e09ff4dbf53da64b8a8c2,1846182269720646,0.001846182269720646,false
2026-05-07T02:38:04Z,72915278,1778113229,2026-05-07T00:20:29Z,0x36edf5d23acea0a76a0dcfe983a77c6b7bb1df5caa3ecdca83555e3b2a32bafb,1,7,0x350035555e10d9afaf1566aaebfced5ba6c27777,0xcd68f7c0668b72ab943e09ff4dbf53da64b8a8c2,0xaebe5522749b65eae7b2a35c593145cc3128b515,1846182269720646,0.001846182269720646,false
2026-05-07T02:38:04Z,72915278,1778113229,2026-05-07T00:20:29Z,0x36edf5d23acea0a76a0dcfe983a77c6b7bb1df5caa3ecdca83555e3b2a32bafb,1,9,0x350035555e10d9afaf1566aaebfced5ba6c27777,0xaebe5522749b65eae7b2a35c593145cc3128b515,0xb0baace23ac7cbd25211134a0b47ad70a9d42fa4,1846182269720646,0.001846182269720646,false
2026-05-07T02:38:04Z,72915282,1778113231,2026-05-07T00:20:31Z,0x1893eaf0a063946f45212db9aebd2f1fb2848b47c3f2322c45f2a70ac5046c0a,1,1,0x350035555e10d9afaf1566aaebfced5ba6c27777,0xb0baace23ac7cbd25211134a0b47ad70a9d42fa4,0x1d91a6339f6c484ad9a29dac34d2403e8688a423,1846182269720646,0.001846182269720646,false
2026-05-07T02:38:04Z,72915282,1778113231,2026-05-07T00:20:31Z,0x1893eaf0a063946f45212db9aebd2f1fb2848b47c3f2322c45f2a70ac5046c0a,1,5,0x350035555e10d9afaf1566aaebfced5ba6c27777,0x1d91a6339f6c484ad9a29dac34d2403e8688a423,0x0b79d71ae99528d1db24a4148b5f4f865cc2b137,1846182269720646,0.001846182269720646,false
2026-05-07T02:38:04Z,72915282,1778113231,2026-05-07T00:20:31Z,0x1893eaf0a063946f45212db9aebd2f1fb2848b47c3f2322c45f2a70ac5046c0a,1,7,0x350035555e10d9afaf1566aaebfced5ba6c27777,0x0b79d71ae99528d1db24a4148b5f4f865cc2b137,0x116e7d070f1888b81e1e0324f56d6746b2d7d8f1,1846182269720646,0.001846182269720646,false
2026-05-07T02:38:04Z,72915550,1778113338,2026-05-07T00:22:18Z,0x4f75bea5ead811d3e776aa501b9d74fa4e985083317a7d960268237ea96a8579,3,46,0x350035555e10d9afaf1566aaebfced5ba6c27777,0x116e7d070f1888b81e1e0324f56d6746b2d7d8f1,0xa68a7f0601effdc65c64d9c47ca1b18d96b4352c,614268542766902205853551,614268.542766902205853551,false
2026-05-07T02:38:04Z,72915550,1778113338,2026-05-07T00:22:18Z,0x4f75bea5ead811d3e776aa501b9d74fa4e985083317a7d960268237ea96a8579,3,51,0x350035555e10d9afaf1566aaebfced5ba6c27777,0xa68a7f0601effdc65c64d9c47ca1b18d96b4352c,0xba30494de80cc9b8db0be1750c06b21e80f3a08f,614268542766902205853551,614268.542766902205853551,false
2026-05-07T02:38:04Z,72915551,1778113339,2026-05-07T00:22:19Z,0xb62a015cd92a2945c651f8bcfd90fdb607e4640769d41d2c539961c60907e809,1,2,0x350035555e10d9afaf1566aaebfced5ba6c27777,0x188d586ddcf52439676ca21a244753fa19f9ea8e,0x9e4fe49647e0c7013afb181da699ed741d1559e3,12748589397948500345096,12748.589397948500345096,false
2026-05-07T02:38:04Z,72915551,1778113339,2026-05-07T00:22:19Z,0xb62a015cd92a2945c651f8bcfd90fdb607e4640769d41d2c539961c60907e809,1,4,0x350035555e10d9afaf1566aaebfced5ba6c27777,0x9e4fe49647e0c7013afb181da699ed741d1559e3,0x116e7d070f1888b81e1e0324f56d6746b2d7d8f1,12748589397948500345096,12748.589397948500345096,false
2026-05-07T02:38:04Z,72915551,1778113339,2026-05-07T00:22:19Z,0x81fd0c5100b3d4067bcb835360b97aec0909b2c90d0d3f764262c98dc5a31974,2,8,0x350035555e10d9afaf1566aaebfced5ba6c27777,0x188d586ddcf52439676ca21a244753fa19f9ea8e,0x116e7d070f1888b81e1e0324f56d6746b2d7d8f1,17366800026639819131883,17366.800026639819131883,false
2026-05-07T02:38:04Z,72915551,1778113339,2026-05-07T00:22:19Z,0x1b0399b0b50499d0ed694ad1eb9119644dccb15817004e293ae86d9726c04f3d,9,21,0x350035555e10d9afaf1566aaebfced5ba6c27777,0xbfca90ba028b6376cc408935f1e026ffec5c4959,0x78e90846339c4fccfa5bc9ae81ceae9ccd723bac,5828913514796442177651,5828.913514796442177651,false
2026-05-07T02:38:04Z,72915551,1778113339,2026-05-07T00:22:19Z,0x1b0399b0b50499d0ed694ad1eb9119644dccb15817004e293ae86d9726c04f3d,9,23,0x350035555e10d9afaf1566aaebfced5ba6c27777,0x78e90846339c4fccfa5bc9ae81ceae9ccd723bac,0x116e7d070f1888b81e1e0324f56d6746b2d7d8f1,5828913514796442177651,5828.913514796442177651,false
2026-05-07T02:38:04Z,72916804,1778113842,2026-05-07T00:30:42Z,0x7337e5a5f2b6478eac79e4e7b3c3422bd9bcdf9b5c3d75b89a58de45f5234539,1,4,0x350035555e10d9afaf1566aaebfced5ba6c27777,0x116e7d070f1888b81e1e0324f56d6746b2d7d8f1,0xcd68f7c0668b72ab943e09ff4dbf53da64b8a8c2,202210664892190357459,202.210664892190357459,false
2026-05-07T02:38:04Z,72916804,1778113842,2026-05-07T00:30:42Z,0x7337e5a5f2b6478eac79e4e7b3c3422bd9bcdf9b5c3d75b89a58de45f5234539,1,7,0x350035555e10d9afaf1566aaebfced5ba6c27777,0xcd68f7c0668b72ab943e09ff4dbf53da64b8a8c2,0xaebe5522749b65eae7b2a35c593145cc3128b515,202210664892190357459,202.210664892190357459,false
2026-05-07T02:38:04Z,72916804,1778113842,2026-05-07T00:30:42Z,0x7337e5a5f2b6478eac79e4e7b3c3422bd9bcdf9b5c3d75b89a58de45f5234539,1,9,0x350035555e10d9afaf1566aaebfced5ba6c27777,0xaebe5522749b65eae7b2a35c593145cc3128b515,0xb0baace23ac7cbd25211134a0b47ad70a9d42fa4,202210664892190357459,202.210664892190357459,false
2026-05-07T02:38:04Z,72916832,1778113853,2026-05-07T00:30:53Z,0xc29a669b421ee207a3d008e8f0226d7f553afdd0a52cc4aa0fb2f92e499afdd1,3,12,0x350035555e10d9afaf1566aaebfced5ba6c27777,0xb0baace23ac7cbd25211134a0b47ad70a9d42fa4,0x1d91a6339f6c484ad9a29dac34d2403e8688a423,202210664892190357459,202.210664892190357459,false
2026-05-07T02:38:04Z,72916832,1778113853,2026-05-07T00:30:53Z,0xc29a669b421ee207a3d008e8f0226d7f553afdd0a52cc4aa0fb2f92e499afdd1,3,16,0x350035555e10d9afaf1566aaebfced5ba6c27777,0x1d91a6339f6c484ad9a29dac34d2403e8688a423,0x0b79d71ae99528d1db24a4148b5f4f865cc2b137,202210664892190357459,202.210664892190357459,false
2026-05-07T02:38:04Z,72916832,1778113853,2026-05-07T00:30:53Z,0xc29a669b421ee207a3d008e8f0226d7f553afdd0a52cc4aa0fb2f92e499afdd1,3,18,0x350035555e10d9afaf1566aaebfced5ba6c27777,0x0b79d71ae99528d1db24a4148b5f4f865cc2b137,0x116e7d070f1888b81e1e0324f56d6746b2d7d8f1,202210664892190357459,202.210664892190357459,false
2026-05-07T02:38:04Z,72916844,1778113858,2026-05-07T00:30:58Z,0xac6d58bed07c4732da29441f4096529c024ca0625a663416a8da6cc4993fa5df,4,41,0x350035555e10d9afaf1566aaebfced5ba6c27777,0x32c77593cbc92260a2f2357bedaeff35a5e3947d,0xb3e6778480b2e488385e8205ea05e20060b813cb,94978089391000000000000,94978.089391,false
2026-05-07T02:38:04Z,72916844,1778113858,2026-05-07T00:30:58Z,0xac6d58bed07c4732da29441f4096529c024ca0625a663416a8da6cc4993fa5df,4,44,0x350035555e10d9afaf1566aaebfced5ba6c27777,0xb3e6778480b2e488385e8205ea05e20060b813cb,0x2f84fb8982073f39ba47c7fcc29119af074abbcb,94978089391000000000000,94978.089391,false
2026-05-07T02:38:04Z,72916844,1778113858,2026-05-07T00:30:58Z,0xac6d58bed07c4732da29441f4096529c024ca0625a663416a8da6cc4993fa5df,4,46,0x350035555e10d9afaf1566aaebfced5ba6c27777,0x2f84fb8982073f39ba47c7fcc29119af074abbcb,0x116e7d070f1888b81e1e0324f56d6746b2d7d8f1,94978089391000000000000,94978.089391,false
2026-05-07T02:38:04Z,72917711,1778114206,2026-05-07T00:36:46Z,0xc05ec60f68b5b84e64564a566bbb84662798bd783c0b5f3b23052b5255d31000,6,8,0x350035555e10d9afaf1566aaebfced5ba6c27777,0xc2e0b86269da876bc071a74dc4b31a6e9afdaa2d,0xde4c4a5d91ed23964a7b636d2b15edf51f4a7a6d,190,0.00000000000000019,false
2026-05-07T02:38:04Z,72918516,1778114527,2026-05-07T00:42:07Z,0xeed923f25acea063ffeb5a1f9a2f06371ccc29f1f3c00ae5d758ad3294f339fe,2,3,0x350035555e10d9afaf1566aaebfced5ba6c27777,0x188d586ddcf52439676ca21a244753fa19f9ea8e,0xdcafc8c7c04c10106175af8e394d86ef0851c4c3,988909926262346512770,988.90992626234651277,false
2026-05-07T02:38:04Z,72918603,1778114561,2026-05-07T00:42:41Z,0x9aaa720ac48983cfe496c3924b2986c423650f3105b3cd67974d71c82bfea7a1,1,6,0x350035555e10d9afaf1566aaebfced5ba6c27777,0x74762446b4c41894dd022bcc6b386a344d4d3ad4,0xdcafc8c7c04c10106175af8e394d86ef0851c4c3,83006371934828830422,83.006371934828830422,false
2026-05-07T02:38:04Z,72918606,1778114562,2026-05-07T00:42:42Z,0x6ed415694d3c9f9538d7464d554205718affa64eeaa34f28681b5303986282d7,2,5,0x350035555e10d9afaf1566aaebfced5ba6c27777,0x031cc397ab68cb6969fdec7b572e4f449ee8255f,0xbb0b4f16bf79a932ad7112bb485a9320269c86e9,58486048433453992880,58.48604843345399288,false
2026-05-07T02:38:04Z,72918606,1778114562,2026-05-07T00:42:42Z,0x6ed415694d3c9f9538d7464d554205718affa64eeaa34f28681b5303986282d7,2,6,0x350035555e10d9afaf1566aaebfced5ba6c27777,0xbb0b4f16bf79a932ad7112bb485a9320269c86e9,0x74762446b4c41894dd022bcc6b386a344d4d3ad4,58486048433453992879,58.486048433453992879,false
2026-05-07T02:38:04Z,72918689,1778114595,2026-05-07T00:43:15Z,0x295517eeca9fe403a337fb3041ee2e884349aa8e172a736bc7f7d1ed704ed4b3,2,44,0x350035555e10d9afaf1566aaebfced5ba6c27777,0xde4c4a5d91ed23964a7b636d2b15edf51f4a7a6d,0xdcafc8c7c04c10106175af8e394d86ef0851c4c3,8174886160255453137,8.174886160255453137,false
2026-05-07T02:38:04Z,72919714,1778115005,2026-05-07T00:50:05Z,0x9c012a2b02e970e0d11810413571a157e287f5d9e38726e2a5ee0c009dc08aa4,2,12,0x350035555e10d9afaf1566aaebfced5ba6c27777,0xdcafc8c7c04c10106175af8e394d86ef0851c4c3,0x07964f135f276412b3182a3b2407b8dd45000000,1080091184357430796329,1080.091184357430796329,false
2026-05-07T02:38:04Z,72919714,1778115005,2026-05-07T00:50:05Z,0x9c012a2b02e970e0d11810413571a157e287f5d9e38726e2a5ee0c009dc08aa4,2,13,0x350035555e10d9afaf1566aaebfced5ba6c27777,0x07964f135f276412b3182a3b2407b8dd45000000,0x53e078910c9617f3958179fa199dfc03bf17d7b6,1076850910804358503941,1076.850910804358503941,false
2026-05-07T02:38:04Z,72919714,1778115005,2026-05-07T00:50:05Z,0x9c012a2b02e970e0d11810413571a157e287f5d9e38726e2a5ee0c009dc08aa4,2,15,0x350035555e10d9afaf1566aaebfced5ba6c27777,0x53e078910c9617f3958179fa199dfc03bf17d7b6,0x188d586ddcf52439676ca21a244753fa19f9ea8e,1076850910804358503941,1076.850910804358503941,false
2026-05-07T02:38:04Z,72919746,1778115018,2026-05-07T00:50:18Z,0x897975458cf105a6cc498e43981073ac4e44fccd909b0e386dc29101b5e089b4,5,69,0x350035555e10d9afaf1566aaebfced5ba6c27777,0x116e7d070f1888b81e1e0324f56d6746b2d7d8f1,0x887413ca49d678bd82a4c7dde4e386fb1645e288,26172159363944224623975,26172.159363944224623975,false
2026-05-07T02:38:04Z,72919830,1778115052,2026-05-07T00:50:52Z,0x1837650cd53d39b092a5b83948893a63630aef9eab166da7b2b69b9ae2ad271c,4,13,0x350035555e10d9afaf1566aaebfced5ba6c27777,0x188d586ddcf52439676ca21a244753fa19f9ea8e,0xdcafc8c7c04c10106175af8e394d86ef0851c4c3,1087818155534641279250,1087.81815553464127925,false
2026-05-07T02:38:04Z,72920418,1778115288,2026-05-07T00:54:48Z,0x0db2ec05a300ea2856faed7361bc8cd3bd1e06fb1a1d9eada863a664b6b73c04,3,7,0x350035555e10d9afaf1566aaebfced5ba6c27777,0xdaaa4616979ca5ac192e9f9cdbc8f682553debf0,0x116e7d070f1888b81e1e0324f56d6746b2d7d8f1,97700000000,0.0000000977,false
2026-05-07T02:38:04Z,72920576,1778115351,2026-05-07T00:55:51Z,0xaa6adf80786f2e515fb23328855be84814051b7da24f6b839c862b703939a7b8,2,4,0x350035555e10d9afaf1566aaebfced5ba6c27777,0xf65f0e9d1b6e3dd7310a23d2ec40e54bf68d1c70,0x003989cd92c31a51d8b20bdbd0c51e444f88d081,120000000000000000000000,120000,false
2026-05-07T02:38:04Z,72920576,1778115351,2026-05-07T00:55:51Z,0xaa6adf80786f2e515fb23328855be84814051b7da24f6b839c862b703939a7b8,2,6,0x350035555e10d9afaf1566aaebfced5ba6c27777,0x003989cd92c31a51d8b20bdbd0c51e444f88d081,0x116e7d070f1888b81e1e0324f56d6746b2d7d8f1,120000000000000000000000,120000,false
2026-05-07T02:38:04Z,72921485,1778115713,2026-05-07T01:01:53Z,0xf107e020174cb889c460c9a40a08b85f2eda59bf72f0e4c96ce690952d86dd5a,5,22,0x350035555e10d9afaf1566aaebfced5ba6c27777,0x8f19afb44a830306c45a304679fad9a0749d5128,0x116e7d070f1888b81e1e0324f56d6746b2d7d8f1,840000000000,0.00000084,false
2026-05-07T02:38:04Z,72921543,1778115737,2026-05-07T01:02:17Z,0xdca3db1129a57ff89361b110d30ad5e39727168874dd488cef1af672f18de669,8,28,0x350035555e10d9afaf1566aaebfced5ba6c27777,0xbaf424d19c5f627c44679af72da507e2ab6e62b7,0x116e7d070f1888b81e1e0324f56d6746b2d7d8f1,49000000000000000000,49,false
2026-05-07T02:38:04Z,72921579,1778115751,2026-05-07T01:02:31Z,0x8a85c9d8bea9e7aca46462e65c887ade275b4bd6bbbdce8f3eb5024da4e34be6,4,2,0x350035555e10d9afaf1566aaebfced5ba6c27777,0xcd846a0d2b6821ded56ec36beca9dbb24e3e8c82,0xb45373129b4220160b92bd2320869f44d48ecd01,1500000000000000000000,1500,false
2026-05-07T02:38:04Z,72921579,1778115751,2026-05-07T01:02:31Z,0x8a85c9d8bea9e7aca46462e65c887ade275b4bd6bbbdce8f3eb5024da4e34be6,4,3,0x350035555e10d9afaf1566aaebfced5ba6c27777,0xb45373129b4220160b92bd2320869f44d48ecd01,0x922164bbbd36acf9e854acbbf32facc949fcaeef,300000000000000000,0.3,false
2026-05-07T02:38:04Z,72921579,1778115751,2026-05-07T01:02:31Z,0x8a85c9d8bea9e7aca46462e65c887ade275b4bd6bbbdce8f3eb5024da4e34be6,4,4,0x350035555e10d9afaf1566aaebfced5ba6c27777,0xb45373129b4220160b92bd2320869f44d48ecd01,0x7b539258661c6b642c2db727f8069acf0686bb2d,1200000000000000000,1.2,false
2026-05-07T02:38:04Z,72921579,1778115751,2026-05-07T01:02:31Z,0x8a85c9d8bea9e7aca46462e65c887ade275b4bd6bbbdce8f3eb5024da4e34be6,4,6,0x350035555e10d9afaf1566aaebfced5ba6c27777,0xb45373129b4220160b92bd2320869f44d48ecd01,0x116e7d070f1888b81e1e0324f56d6746b2d7d8f1,1468530000000000000000,1468.53,false
2026-05-07T02:38:04Z,72921579,1778115751,2026-05-07T01:02:31Z,0x8a85c9d8bea9e7aca46462e65c887ade275b4bd6bbbdce8f3eb5024da4e34be6,4,8,0x350035555e10d9afaf1566aaebfced5ba6c27777,0xb45373129b4220160b92bd2320869f44d48ecd01,0xb02105bcf6c1e20fca2b5360f5fe78b8fc6e7238,29970000000000000000,29.97,false
2026-05-07T02:38:04Z,72922195,1778115997,2026-05-07T01:06:37Z,0xd204a4c8992fb5e98ca118f2c3af1be6e5a8ab9c1339d1277da1a36b9630e78f,7,98,0x350035555e10d9afaf1566aaebfced5ba6c27777,0x116e7d070f1888b81e1e0324f56d6746b2d7d8f1,0x90081db402e7386c58c1f184f73fb924e113f122,640924086941001807054050,640924.08694100180705405,false
2026-05-07T02:38:04Z,72922196,1778115998,2026-05-07T01:06:38Z,0x6b983fa9b156106c866baa006e269270ee3173c628e36eeb60ecf8216b49c581,1,2,0x350035555e10d9afaf1566aaebfced5ba6c27777,0x188d586ddcf52439676ca21a244753fa19f9ea8e,0x9e4fe49647e0c7013afb181da699ed741d1559e3,25442365683295299634471,25442.365683295299634471,false
2026-05-07T02:38:04Z,72922196,1778115998,2026-05-07T01:06:38Z,0x6b983fa9b156106c866baa006e269270ee3173c628e36eeb60ecf8216b49c581,1,4,0x350035555e10d9afaf1566aaebfced5ba6c27777,0x9e4fe49647e0c7013afb181da699ed741d1559e3,0x116e7d070f1888b81e1e0324f56d6746b2d7d8f1,25442365683295299634471,25442.365683295299634471,false
2026-05-07T02:38:04Z,72922196,1778115998,2026-05-07T01:06:38Z,0x496efecf3c070c5a6da43931e9f096589e79531c63643d1377855bb303359e06,2,8,0x350035555e10d9afaf1566aaebfced5ba6c27777,0x188d586ddcf52439676ca21a244753fa19f9ea8e,0x116e7d070f1888b81e1e0324f56d6746b2d7d8f1,39084613446601886613658,39084.613446601886613658,false
2026-05-07T02:38:04Z,72922196,1778115998,2026-05-07T01:06:38Z,0x7f496e26b10b4e29c422a70123b1ea85507f36074df77c1408f4d732b5ac248a,8,14,0x350035555e10d9afaf1566aaebfced5ba6c27777,0xbfca90ba028b6376cc408935f1e026ffec5c4959,0x78e90846339c4fccfa5bc9ae81ceae9ccd723bac,14714536549713634234051,14714.536549713634234051,false
2026-05-07T02:38:04Z,72922196,1778115998,2026-05-07T01:06:38Z,0x7f496e26b10b4e29c422a70123b1ea85507f36074df77c1408f4d732b5ac248a,8,16,0x350035555e10d9afaf1566aaebfced5ba6c27777,0x78e90846339c4fccfa5bc9ae81ceae9ccd723bac,0x116e7d070f1888b81e1e0324f56d6746b2d7d8f1,14714536549713634234051,14714.536549713634234051,false
2026-05-07T02:38:04Z,72922197,1778115998,2026-05-07T01:06:38Z,0x2c48c34db96ea456525d1c205dafffadde54b5bc31ba36283746fed7deff1983,1,1,0x350035555e10d9afaf1566aaebfced5ba6c27777,0xde4c4a5d91ed23964a7b636d2b15edf51f4a7a6d,0xe0938d939b8d36bd0fbab97f3a3d1087b52507a8,842422900480073586931,842.422900480073586931,false
2026-05-07T02:38:04Z,72922197,1778115998,2026-05-07T01:06:38Z,0x2c48c34db96ea456525d1c205dafffadde54b5bc31ba36283746fed7deff1983,1,3,0x350035555e10d9afaf1566aaebfced5ba6c27777,0xe0938d939b8d36bd0fbab97f3a3d1087b52507a8,0x116e7d070f1888b81e1e0324f56d6746b2d7d8f1,842422900480073586931,842.422900480073586931,false
2026-05-07T02:38:04Z,72922266,1778116026,2026-05-07T01:07:06Z,0x907c6f9907cd5183aec0713516160b4bb11dcafa73dd9d11dce661b86b6a7086,2,17,0x350035555e10d9afaf1566aaebfced5ba6c27777,0x116e7d070f1888b81e1e0324f56d6746b2d7d8f1,0xb5cf87d082840d97ffff99c1c3758c4db95d5988,9500790761448356848231,9500.790761448356848231,false
2026-05-07T02:38:04Z,72922345,1778116058,2026-05-07T01:07:38Z,0xc617b22415e5776534f3b6e732fb753fdd085c4e940e85487b74987a5330bd62,2,7,0x350035555e10d9afaf1566aaebfced5ba6c27777,0x8f19afb44a830306c45a304679fad9a0749d5128,0x116e7d070f1888b81e1e0324f56d6746b2d7d8f1,4500000000,0.0000000045,false
2026-05-07T02:38:04Z,72922819,1778116249,2026-05-07T01:10:49Z,0xf4f4a6ff9589865eb6805e1033aa75be4fe6913795d180a6507f1dad49145869,28,156,0x350035555e10d9afaf1566aaebfced5ba6c27777,0x116e7d070f1888b81e1e0324f56d6746b2d7d8f1,0xcd68f7c0668b72ab943e09ff4dbf53da64b8a8c2,1669595202976356380646,1669.595202976356380646,false
2026-05-07T02:38:04Z,72922819,1778116249,2026-05-07T01:10:49Z,0xf4f4a6ff9589865eb6805e1033aa75be4fe6913795d180a6507f1dad49145869,28,159,0x350035555e10d9afaf1566aaebfced5ba6c27777,0xcd68f7c0668b72ab943e09ff4dbf53da64b8a8c2,0xaebe5522749b65eae7b2a35c593145cc3128b515,1669595202976356380646,1669.595202976356380646,false
2026-05-07T02:38:04Z,72922819,1778116249,2026-05-07T01:10:49Z,0xf4f4a6ff9589865eb6805e1033aa75be4fe6913795d180a6507f1dad49145869,28,161,0x350035555e10d9afaf1566aaebfced5ba6c27777,0xaebe5522749b65eae7b2a35c593145cc3128b515,0xb0baace23ac7cbd25211134a0b47ad70a9d42fa4,1669595202976356380646,1669.595202976356380646,false
2026-05-07T02:38:04Z,72922832,1778116254,2026-05-07T01:10:54Z,0x6e5234293998f179a22558e5f9d01464f53d471c863f34d5871196888b2713f9,4,21,0x350035555e10d9afaf1566aaebfced5ba6c27777,0xb0baace23ac7cbd25211134a0b47ad70a9d42fa4,0x1d91a6339f6c484ad9a29dac34d2403e8688a423,1669595202976356380646,1669.595202976356380646,false
2026-05-07T02:38:04Z,72922832,1778116254,2026-05-07T01:10:54Z,0x6e5234293998f179a22558e5f9d01464f53d471c863f34d5871196888b2713f9,4,25,0x350035555e10d9afaf1566aaebfced5ba6c27777,0x1d91a6339f6c484ad9a29dac34d2403e8688a423,0x0b79d71ae99528d1db24a4148b5f4f865cc2b137,1669595202976356380646,1669.595202976356380646,false
2026-05-07T02:38:04Z,72922832,1778116254,2026-05-07T01:10:54Z,0x6e5234293998f179a22558e5f9d01464f53d471c863f34d5871196888b2713f9,4,27,0x350035555e10d9afaf1566aaebfced5ba6c27777,0x0b79d71ae99528d1db24a4148b5f4f865cc2b137,0x116e7d070f1888b81e1e0324f56d6746b2d7d8f1,1669595202976356380646,1669.595202976356380646,false
2026-05-07T02:38:04Z,72923023,1778116331,2026-05-07T01:12:11Z,0xb82e2880506c125d076d845031f82d903a024630a165558ada95369dcf053be1,5,14,0x350035555e10d9afaf1566aaebfced5ba6c27777,0xc88bf1fce48116ec0700121dd60a96a3574da33f,0x116e7d070f1888b81e1e0324f56d6746b2d7d8f1,200000000000000000000,200,false
2026-05-07T02:38:04Z,72923436,1778116496,2026-05-07T01:14:56Z,0xbbc2d87c558b56f69cf4da793a38772759980595b959c97124e642db8337728e,4,37,0x350035555e10d9afaf1566aaebfced5ba6c27777,0x721d3907fc9c4224c3afd344ee88aeaa940fb313,0x116e7d070f1888b81e1e0324f56d6746b2d7d8f1,34344527750065105240,34.34452775006510524,false
2026-05-07T02:38:04Z,72923582,1778116555,2026-05-07T01:15:55Z,0x7063100b94d31c0cfe3f39551211c23f8b8de18aeb51199b23b3de04e52ee65c,3,3,0x350035555e10d9afaf1566aaebfced5ba6c27777,0x188d586ddcf52439676ca21a244753fa19f9ea8e,0x8f10b468b06c6fd214b65f87778827f7d113f996,32833726090556323037431,32833.726090556323037431,false
2026-05-07T02:38:04Z,72923582,1778116555,2026-05-07T01:15:55Z,0x7063100b94d31c0cfe3f39551211c23f8b8de18aeb51199b23b3de04e52ee65c,3,9,0x350035555e10d9afaf1566aaebfced5ba6c27777,0xbfca90ba028b6376cc408935f1e026ffec5c4959,0x8f10b468b06c6fd214b65f87778827f7d113f996,24620319336167190097260,24620.31933616719009726,false
2026-05-07T02:38:04Z,72923582,1778116555,2026-05-07T01:15:55Z,0x7063100b94d31c0cfe3f39551211c23f8b8de18aeb51199b23b3de04e52ee65c,3,14,0x350035555e10d9afaf1566aaebfced5ba6c27777,0x116e7d070f1888b81e1e0324f56d6746b2d7d8f1,0x8f10b468b06c6fd214b65f87778827f7d113f996,8135780215484617066130,8135.78021548461706613,false
2026-05-07T02:38:04Z,72923582,1778116555,2026-05-07T01:15:55Z,0x7063100b94d31c0cfe3f39551211c23f8b8de18aeb51199b23b3de04e52ee65c,3,20,0x350035555e10d9afaf1566aaebfced5ba6c27777,0x188d586ddcf52439676ca21a244753fa19f9ea8e,0x8f10b468b06c6fd214b65f87778827f7d113f996,36964274822319929031115,36964.274822319929031115,false
2026-05-07T02:38:04Z,72923582,1778116555,2026-05-07T01:15:55Z,0x7063100b94d31c0cfe3f39551211c23f8b8de18aeb51199b23b3de04e52ee65c,3,22,0x350035555e10d9afaf1566aaebfced5ba6c27777,0x8f10b468b06c6fd214b65f87778827f7d113f996,0x026f252016a7c47cdef1f05a3fc9e20c92a49c37,102554100464528059231936,102554.100464528059231936,false
2026-05-07T02:38:04Z,72923582,1778116555,2026-05-07T01:15:55Z,0x7063100b94d31c0cfe3f39551211c23f8b8de18aeb51199b23b3de04e52ee65c,3,26,0x350035555e10d9afaf1566aaebfced5ba6c27777,0x026f252016a7c47cdef1f05a3fc9e20c92a49c37,0x713a7360411536d4e86bb8995e2347995f2ddca0,102554100464528059231936,102554.100464528059231936,false
2026-05-07T02:38:04Z,72923607,1778116565,2026-05-07T01:16:05Z,0x54aa71a78307d4c5095150064f444f914acb272e4952dc77504f630782e94dc6,4,7,0x350035555e10d9afaf1566aaebfced5ba6c27777,0xe989642f2a9fa24d1e0f09d50dc07d26b6d0f4a7,0x116e7d070f1888b81e1e0324f56d6746b2d7d8f1,20000000000000,0.00002,false
2026-05-07T02:38:04Z,72924176,1778116793,2026-05-07T01:19:53Z,0xd64b315dc0b79dbc319ad87ec3f36bfe2065593060ae1dfc6d752aa015d1dc91,5,76,0x350035555e10d9afaf1566aaebfced5ba6c27777,0xc88bf1fce48116ec0700121dd60a96a3574da33f,0x116e7d070f1888b81e1e0324f56d6746b2d7d8f1,4600000000000000000,4.6,false
2026-05-07T02:38:04Z,72924326,1778116853,2026-05-07T01:20:53Z,0x90195d23533acc5ae30f68b0acb346bf459d9e22c69f1d966b5af88d55e40672,2,18,0x350035555e10d9afaf1566aaebfced5ba6c27777,0x116e7d070f1888b81e1e0324f56d6746b2d7d8f1,0xcd68f7c0668b72ab943e09ff4dbf53da64b8a8c2,10736807813827633511,10.736807813827633511,false
2026-05-07T02:38:04Z,72924326,1778116853,2026-05-07T01:20:53Z,0x90195d23533acc5ae30f68b0acb346bf459d9e22c69f1d966b5af88d55e40672,2,21,0x350035555e10d9afaf1566aaebfced5ba6c27777,0xcd68f7c0668b72ab943e09ff4dbf53da64b8a8c2,0xaebe5522749b65eae7b2a35c593145cc3128b515,10736807813827633511,10.736807813827633511,false
2026-05-07T02:38:04Z,72924326,1778116853,2026-05-07T01:20:53Z,0x90195d23533acc5ae30f68b0acb346bf459d9e22c69f1d966b5af88d55e40672,2,23,0x350035555e10d9afaf1566aaebfced5ba6c27777,0xaebe5522749b65eae7b2a35c593145cc3128b515,0xb0baace23ac7cbd25211134a0b47ad70a9d42fa4,10736807813827633511,10.736807813827633511,false
2026-05-07T02:38:04Z,72924339,1778116859,2026-05-07T01:20:59Z,0x117447d95be1f894b290fa6804fbf3c27bfa2d7827b53b047ffcceaa6cf51fb3,3,13,0x350035555e10d9afaf1566aaebfced5ba6c27777,0xb0baace23ac7cbd25211134a0b47ad70a9d42fa4,0x1d91a6339f6c484ad9a29dac34d2403e8688a423,10736807813827633511,10.736807813827633511,false
2026-05-07T02:38:04Z,72924339,1778116859,2026-05-07T01:20:59Z,0x117447d95be1f894b290fa6804fbf3c27bfa2d7827b53b047ffcceaa6cf51fb3,3,17,0x350035555e10d9afaf1566aaebfced5ba6c27777,0x1d91a6339f6c484ad9a29dac34d2403e8688a423,0x0b79d71ae99528d1db24a4148b5f4f865cc2b137,10736807813827633511,10.736807813827633511,false
2026-05-07T02:38:04Z,72924339,1778116859,2026-05-07T01:20:59Z,0x117447d95be1f894b290fa6804fbf3c27bfa2d7827b53b047ffcceaa6cf51fb3,3,19,0x350035555e10d9afaf1566aaebfced5ba6c27777,0x0b79d71ae99528d1db24a4148b5f4f865cc2b137,0x116e7d070f1888b81e1e0324f56d6746b2d7d8f1,10736807813827633511,10.736807813827633511,false
2026-05-07T02:38:04Z,72924803,1778117046,2026-05-07T01:24:06Z,0x7f3b6e68b16344fa40f40ad1f3d5b09d3c184ef9b153161e28877862448a7830,4,17,0x350035555e10d9afaf1566aaebfced5ba6c27777,0xde4c4a5d91ed23964a7b636d2b15edf51f4a7a6d,0xfb78fcae443eb423b59b8c186518c5df94416344,898262233932546021858,898.262233932546021858,false
2026-05-07T02:38:04Z,72924803,1778117046,2026-05-07T01:24:06Z,0x7f3b6e68b16344fa40f40ad1f3d5b09d3c184ef9b153161e28877862448a7830,4,21,0x350035555e10d9afaf1566aaebfced5ba6c27777,0xb02105bcf6c1e20fca2b5360f5fe78b8fc6e7238,0xfb78fcae443eb423b59b8c186518c5df94416344,164008762130064003204,164.008762130064003204,false
2026-05-07T02:38:04Z,72924803,1778117046,2026-05-07T01:24:06Z,0x7f3b6e68b16344fa40f40ad1f3d5b09d3c184ef9b153161e28877862448a7830,4,24,0x350035555e10d9afaf1566aaebfced5ba6c27777,0x116e7d070f1888b81e1e0324f56d6746b2d7d8f1,0xfb78fcae443eb423b59b8c186518c5df94416344,2101607779216982177490,2101.60777921698217749,false
2026-05-07T02:38:04Z,72924803,1778117046,2026-05-07T01:24:06Z,0x7f3b6e68b16344fa40f40ad1f3d5b09d3c184ef9b153161e28877862448a7830,4,27,0x350035555e10d9afaf1566aaebfced5ba6c27777,0x031cc397ab68cb6969fdec7b572e4f449ee8255f,0xfb78fcae443eb423b59b8c186518c5df94416344,82297246539122005594,82.297246539122005594,false
2026-05-07T02:38:04Z,72924803,1778117046,2026-05-07T01:24:06Z,0x7f3b6e68b16344fa40f40ad1f3d5b09d3c184ef9b153161e28877862448a7830,4,30,0x350035555e10d9afaf1566aaebfced5ba6c27777,0xfb78fcae443eb423b59b8c186518c5df94416344,0x44ed9b74f4fe2b0975c2b5121b0e906da6ce4a48,3246176021818714208146,3246.176021818714208146,false
2026-05-07T02:38:04Z,72924803,1778117046,2026-05-07T01:24:06Z,0x7f3b6e68b16344fa40f40ad1f3d5b09d3c184ef9b153161e28877862448a7830,4,32,0x350035555e10d9afaf1566aaebfced5ba6c27777,0x44ed9b74f4fe2b0975c2b5121b0e906da6ce4a48,0x0e3e8f9484a753b526079ecd9d73e1f3ad8e4da9,3246176021818714208146,3246.176021818714208146,false
2026-05-07T02:38:04Z,72924804,1778117046,2026-05-07T01:24:06Z,0xb2189528491b3983f54e95b837f70ab3762c61b7fe247309e583c3946d1d2e5f,1,1,0x350035555e10d9afaf1566aaebfced5ba6c27777,0xd23e066e0422bef5b3b20c9df85fb9716d0cb305,0xbb0b4f16bf79a932ad7112bb485a9320269c86e9,179754144297599239891,179.754144297599239891,false
2026-05-07T02:38:04Z,72924804,1778117046,2026-05-07T01:24:06Z,0xb2189528491b3983f54e95b837f70ab3762c61b7fe247309e583c3946d1d2e5f,1,3,0x350035555e10d9afaf1566aaebfced5ba6c27777,0xbb0b4f16bf79a932ad7112bb485a9320269c86e9,0xde4c4a5d91ed23964a7b636d2b15edf51f4a7a6d,179754144297599239891,179.754144297599239891,false
2026-05-07T02:38:04Z,72925864,1778117472,2026-05-07T01:31:12Z,0x2b4f03b74c4ecddafe48086272b037c1fc16359ce2145d65e2b152298ecc4b65,1,4,0x350035555e10d9afaf1566aaebfced5ba6c27777,0xef5616e565fe7250db748e561a6c1f751a5aa7a0,0x5670035caf2da294af4bcdc48fb68e9e6157a02e,11918141487696591794644,11918.141487696591794644,false
2026-05-07T02:38:04Z,72925864,1778117472,2026-05-07T01:31:12Z,0x2b4f03b74c4ecddafe48086272b037c1fc16359ce2145d65e2b152298ecc4b65,1,5,0x350035555e10d9afaf1566aaebfced5ba6c27777,0x5670035caf2da294af4bcdc48fb68e9e6157a02e,0x188d586ddcf52439676ca21a244753fa19f9ea8e,11918141487696591794644,11918.141487696591794644,false
2026-05-07T02:38:04Z,72925880,1778117478,2026-05-07T01:31:18Z,0xcf00ea3b89ddf3eb9df32fce5024c514fb795347a0f3049ef56eae8e3500c6a4,5,97,0x350035555e10d9afaf1566aaebfced5ba6c27777,0x116e7d070f1888b81e1e0324f56d6746b2d7d8f1,0xcd68f7c0668b72ab943e09ff4dbf53da64b8a8c2,60401698202614347,0.060401698202614347,false
2026-05-07T02:38:04Z,72925880,1778117478,2026-05-07T01:31:18Z,0xcf00ea3b89ddf3eb9df32fce5024c514fb795347a0f3049ef56eae8e3500c6a4,5,100,0x350035555e10d9afaf1566aaebfced5ba6c27777,0xcd68f7c0668b72ab943e09ff4dbf53da64b8a8c2,0xaebe5522749b65eae7b2a35c593145cc3128b515,60401698202614347,0.060401698202614347,false
2026-05-07T02:38:04Z,72925880,1778117478,2026-05-07T01:31:18Z,0xcf00ea3b89ddf3eb9df32fce5024c514fb795347a0f3049ef56eae8e3500c6a4,5,102,0x350035555e10d9afaf1566aaebfced5ba6c27777,0xaebe5522749b65eae7b2a35c593145cc3128b515,0xb0baace23ac7cbd25211134a0b47ad70a9d42fa4,60401698202614347,0.060401698202614347,false
2026-05-07T02:38:04Z,72925883,1778117479,2026-05-07T01:31:19Z,0x0a4ea49cc7c038be3b06ef6bb74ad69c798812b6365e2d8c643de86a2ce777c1,7,102,0x350035555e10d9afaf1566aaebfced5ba6c27777,0xb0baace23ac7cbd25211134a0b47ad70a9d42fa4,0x1d91a6339f6c484ad9a29dac34d2403e8688a423,60401698202614347,0.060401698202614347,false
2026-05-07T02:38:04Z,72925883,1778117479,2026-05-07T01:31:19Z,0x0a4ea49cc7c038be3b06ef6bb74ad69c798812b6365e2d8c643de86a2ce777c1,7,106,0x350035555e10d9afaf1566aaebfced5ba6c27777,0x1d91a6339f6c484ad9a29dac34d2403e8688a423,0x0b79d71ae99528d1db24a4148b5f4f865cc2b137,60401698202614347,0.060401698202614347,false
2026-05-07T02:38:04Z,72925883,1778117479,2026-05-07T01:31:19Z,0x0a4ea49cc7c038be3b06ef6bb74ad69c798812b6365e2d8c643de86a2ce777c1,7,108,0x350035555e10d9afaf1566aaebfced5ba6c27777,0x0b79d71ae99528d1db24a4148b5f4f865cc2b137,0x116e7d070f1888b81e1e0324f56d6746b2d7d8f1,60401698202614347,0.060401698202614347,false
2026-05-07T02:38:04Z,72926034,1778117540,2026-05-07T01:32:20Z,0xfdff4ae4792c4687231452f0b306721a987b902d4f4d29d162579e3fcd5c6b7e,6,71,0x350035555e10d9afaf1566aaebfced5ba6c27777,0x900079e270f4b542e4c7a30dca1e733ca8a291df,0xde4c4a5d91ed23964a7b636d2b15edf51f4a7a6d,90000,0.00000000000009,false
2026-05-07T02:38:04Z,72927323,1778118056,2026-05-07T01:40:56Z,0xcfd2ed61d212f1f0f00e10f4fa8746517595b13af54785de93bd31f1920ca681,7,25,0x350035555e10d9afaf1566aaebfced5ba6c27777,0x3b49d45a49c063bdaaeb7f4f96d62ab13874358d,0xde4c4a5d91ed23964a7b636d2b15edf51f4a7a6d,15000000000000000,0.015,false
2026-05-07T02:38:04Z,72927418,1778118094,2026-05-07T01:41:34Z,0xc86c5072cf808ed28406990acc1564f548966c8caf91d075ef85c1147c3339e9,1,3,0x350035555e10d9afaf1566aaebfced5ba6c27777,0x116e7d070f1888b81e1e0324f56d6746b2d7d8f1,0x2723e2a6cc83e49c457aae4592c9cee25a81250c,5696818702905358036934,5696.818702905358036934,false
2026-05-07T02:38:04Z,72927578,1778118158,2026-05-07T01:42:38Z,0xec62ceb923505b8c97ad561d37effe21e5eed68454e3bd698600e242ce281b1e,2,75,0x350035555e10d9afaf1566aaebfced5ba6c27777,0x188d586ddcf52439676ca21a244753fa19f9ea8e,0x44ed9b74f4fe2b0975c2b5121b0e906da6ce4a48,7067032476893205905148,7067.032476893205905148,false
2026-05-07T02:38:04Z,72927578,1778118158,2026-05-07T01:42:38Z,0xec62ceb923505b8c97ad561d37effe21e5eed68454e3bd698600e242ce281b1e,2,77,0x350035555e10d9afaf1566aaebfced5ba6c27777,0x44ed9b74f4fe2b0975c2b5121b0e906da6ce4a48,0x0e3e8f9484a753b526079ecd9d73e1f3ad8e4da9,7067032476893205905148,7067.032476893205905148,false
2026-05-07T02:38:04Z,72927643,1778118184,2026-05-07T01:43:04Z,0xce7a32ecc8295cca9f7aea270a1eb09ac1ef79a192f702f4eadb08f170843e74,3,6,0x350035555e10d9afaf1566aaebfced5ba6c27777,0x116e7d070f1888b81e1e0324f56d6746b2d7d8f1,0x72330d6d66b1b0680d36d2d8168647578b8b9e7b,563037228987563007216862,563037.228987563007216862,false
2026-05-07T02:38:04Z,72927644,1778118184,2026-05-07T01:43:04Z,0xd91f039d401b29cb65ab076e2440966bb4b11337b27666a764c160cae14d7a9c,1,2,0x350035555e10d9afaf1566aaebfced5ba6c27777,0x188d586ddcf52439676ca21a244753fa19f9ea8e,0x9e4fe49647e0c7013afb181da699ed741d1559e3,9376918616093581501728,9376.918616093581501728,false
2026-05-07T02:38:04Z,72927644,1778118184,2026-05-07T01:43:04Z,0xd91f039d401b29cb65ab076e2440966bb4b11337b27666a764c160cae14d7a9c,1,4,0x350035555e10d9afaf1566aaebfced5ba6c27777,0x9e4fe49647e0c7013afb181da699ed741d1559e3,0x116e7d070f1888b81e1e0324f56d6746b2d7d8f1,9376918616093581501728,9376.918616093581501728,false
2026-05-07T02:38:04Z,72927644,1778118184,2026-05-07T01:43:04Z,0x86a092c6f473b7f78f934797441cf981f4884c8398e94ad6cccc94eca19b0b4d,3,11,0x350035555e10d9afaf1566aaebfced5ba6c27777,0x188d586ddcf52439676ca21a244753fa19f9ea8e,0x8a00dcaa5d9981c8667638041e22b17b4a3f5a7f,11041986235136494272576,11041.986235136494272576,false
2026-05-07T02:38:04Z,72927644,1778118184,2026-05-07T01:43:04Z,0x86a092c6f473b7f78f934797441cf981f4884c8398e94ad6cccc94eca19b0b4d,3,13,0x350035555e10d9afaf1566aaebfced5ba6c27777,0x8a00dcaa5d9981c8667638041e22b17b4a3f5a7f,0x116e7d070f1888b81e1e0324f56d6746b2d7d8f1,11041986235136494272576,11041.986235136494272576,false
2026-05-07T02:38:04Z,72927645,1778118185,2026-05-07T01:43:05Z,0x3672cd337b17ea72c68980cbab11f6aaf51838e8984a6f6167a0a39b99eaef02,3,78,0x350035555e10d9afaf1566aaebfced5ba6c27777,0xd215a9694fe9ddefe0ae8a50b309d1d9f015b772,0x456c799340a7b1f4257e2343b028ecb10d5e4e3b,442113004266900824632,442.113004266900824632,false
2026-05-07T02:38:04Z,72927645,1778118185,2026-05-07T01:43:05Z,0x3672cd337b17ea72c68980cbab11f6aaf51838e8984a6f6167a0a39b99eaef02,3,82,0x350035555e10d9afaf1566aaebfced5ba6c27777,0x456c799340a7b1f4257e2343b028ecb10d5e4e3b,0x116e7d070f1888b81e1e0324f56d6746b2d7d8f1,442113004266900824632,442.113004266900824632,false
2026-05-07T02:38:04Z,72927823,1778118256,2026-05-07T01:44:16Z,0x2cffb0154d8b5e721d8498837426338000ae15c21d0b7c791f25788e0c186279,6,17,0x350035555e10d9afaf1566aaebfced5ba6c27777,0xde4c4a5d91ed23964a7b636d2b15edf51f4a7a6d,0xfb78fcae443eb423b59b8c186518c5df94416344,657854562946634731816,657.854562946634731816,false
2026-05-07T02:38:04Z,72927823,1778118256,2026-05-07T01:44:16Z,0x2cffb0154d8b5e721d8498837426338000ae15c21d0b7c791f25788e0c186279,6,22,0x350035555e10d9afaf1566aaebfced5ba6c27777,0x188d586ddcf52439676ca21a244753fa19f9ea8e,0xfb78fcae443eb423b59b8c186518c5df94416344,7544770558666880733601,7544.770558666880733601,false
2026-05-07T02:38:04Z,72927823,1778118256,2026-05-07T01:44:16Z,0x2cffb0154d8b5e721d8498837426338000ae15c21d0b7c791f25788e0c186279,6,23,0x350035555e10d9afaf1566aaebfced5ba6c27777,0xbfca90ba028b6376cc408935f1e026ffec5c4959,0xfb78fcae443eb423b59b8c186518c5df94416344,4921883167615086224485,4921.883167615086224485,false
2026-05-07T02:38:04Z,72927823,1778118256,2026-05-07T01:44:16Z,0x2cffb0154d8b5e721d8498837426338000ae15c21d0b7c791f25788e0c186279,6,27,0x350035555e10d9afaf1566aaebfced5ba6c27777,0xfb78fcae443eb423b59b8c186518c5df94416344,0xf89d6e32ffbbc77bc512ef12d3c0905df1a87756,13124508289228601689902,13124.508289228601689902,false
2026-05-07T02:38:04Z,72927900,1778118286,2026-05-07T01:44:46Z,0x8dc48300435fc28d729d251d907586b5bb0ef1cb8fcf711f51f18d6af4ff9816,3,7,0x350035555e10d9afaf1566aaebfced5ba6c27777,0x4db6a0c8d566fa2ad87e3aa70c4708f65c7e052c,0xde4c4a5d91ed23964a7b636d2b15edf51f4a7a6d,109000000000000000000,109,false
2026-05-07T02:38:04Z,72928026,1778118337,2026-05-07T01:45:37Z,0xb9f81db30842b2e12afdbcf1d3ab353f2660d114a02b14b5efded69dc288d703,3,7,0x350035555e10d9afaf1566aaebfced5ba6c27777,0xcb7db076b6b12dd5aafc2dee4f2af23bf66742d7,0x646462f4d0168a94fe1884c8ae82148a3618a18d,97884731324898180000000,97884.73132489818,false
2026-05-07T02:38:04Z,72928026,1778118337,2026-05-07T01:45:37Z,0xb9f81db30842b2e12afdbcf1d3ab353f2660d114a02b14b5efded69dc288d703,3,11,0x350035555e10d9afaf1566aaebfced5ba6c27777,0x646462f4d0168a94fe1884c8ae82148a3618a18d,0x116e7d070f1888b81e1e0324f56d6746b2d7d8f1,97884731324898180000000,97884.73132489818,false
2026-05-07T02:38:04Z,72928805,1778118648,2026-05-07T01:50:48Z,0x9abbd3127774b8646090e6d3d7c3ff9d37e3c862dbf820288f628be451fb692a,3,5,0x350035555e10d9afaf1566aaebfced5ba6c27777,0x116e7d070f1888b81e1e0324f56d6746b2d7d8f1,0x94078efc81fb0efaa86367db7464356e87a214ff,110535653695481664609109,110535.653695481664609109,false
2026-05-07T02:38:04Z,72928882,1778118679,2026-05-07T01:51:19Z,0xf30997876611606e7cd4d83c44c206d0cceac0ab95e813b2c1e4dc27d6a8915d,9,79,0x350035555e10d9afaf1566aaebfced5ba6c27777,0x116e7d070f1888b81e1e0324f56d6746b2d7d8f1,0xcd68f7c0668b72ab943e09ff4dbf53da64b8a8c2,686705740449243044641,686.705740449243044641,false
2026-05-07T02:38:04Z,72928882,1778118679,2026-05-07T01:51:19Z,0xf30997876611606e7cd4d83c44c206d0cceac0ab95e813b2c1e4dc27d6a8915d,9,82,0x350035555e10d9afaf1566aaebfced5ba6c27777,0xcd68f7c0668b72ab943e09ff4dbf53da64b8a8c2,0xaebe5522749b65eae7b2a35c593145cc3128b515,686705740449243044641,686.705740449243044641,false
2026-05-07T02:38:04Z,72928882,1778118679,2026-05-07T01:51:19Z,0xf30997876611606e7cd4d83c44c206d0cceac0ab95e813b2c1e4dc27d6a8915d,9,84,0x350035555e10d9afaf1566aaebfced5ba6c27777,0xaebe5522749b65eae7b2a35c593145cc3128b515,0xb0baace23ac7cbd25211134a0b47ad70a9d42fa4,686705740449243044641,686.705740449243044641,false
2026-05-07T02:38:04Z,72928888,1778118682,2026-05-07T01:51:22Z,0x8dd77692b72476f507129ef4a9a4111501b5d7fa033b7dd0d0b6851200c0afab,1,6,0x350035555e10d9afaf1566aaebfced5ba6c27777,0x188d586ddcf52439676ca21a244753fa19f9ea8e,0x8f10b468b06c6fd214b65f87778827f7d113f996,28748953285944886665811,28748.953285944886665811,false
2026-05-07T02:38:04Z,72928888,1778118682,2026-05-07T01:51:22Z,0x8dd77692b72476f507129ef4a9a4111501b5d7fa033b7dd0d0b6851200c0afab,1,9,0x350035555e10d9afaf1566aaebfced5ba6c27777,0x8f10b468b06c6fd214b65f87778827f7d113f996,0x116e7d070f1888b81e1e0324f56d6746b2d7d8f1,28748953285944886665811,28748.953285944886665811,false
2026-05-07T02:38:04Z,72928910,1778118690,2026-05-07T01:51:30Z,0xcc740cb46a61132e82cfacce2462775bb3a7d606c88c270b4056d43e67aa1dc5,21,219,0x350035555e10d9afaf1566aaebfced5ba6c27777,0xb0baace23ac7cbd25211134a0b47ad70a9d42fa4,0x1d91a6339f6c484ad9a29dac34d2403e8688a423,686705740449243044641,686.705740449243044641,false
2026-05-07T02:38:04Z,72928910,1778118690,2026-05-07T01:51:30Z,0xcc740cb46a61132e82cfacce2462775bb3a7d606c88c270b4056d43e67aa1dc5,21,223,0x350035555e10d9afaf1566aaebfced5ba6c27777,0x1d91a6339f6c484ad9a29dac34d2403e8688a423,0x0b79d71ae99528d1db24a4148b5f4f865cc2b137,686705740449243044641,686.705740449243044641,false
2026-05-07T02:38:04Z,72928910,1778118690,2026-05-07T01:51:30Z,0xcc740cb46a61132e82cfacce2462775bb3a7d606c88c270b4056d43e67aa1dc5,21,225,0x350035555e10d9afaf1566aaebfced5ba6c27777,0x0b79d71ae99528d1db24a4148b5f4f865cc2b137,0x116e7d070f1888b81e1e0324f56d6746b2d7d8f1,686705740449243044641,686.705740449243044641,false
2026-05-07T02:38:04Z,72929488,1778118921,2026-05-07T01:55:21Z,0x880e8930e5d894391924e65f42463d4f595266a7427b2b3925c5ef6c5b56c103,2,9,0x350035555e10d9afaf1566aaebfced5ba6c27777,0xde4c4a5d91ed23964a7b636d2b15edf51f4a7a6d,0xfb78fcae443eb423b59b8c186518c5df94416344,338668772387551228154,338.668772387551228154,false
2026-05-07T02:38:04Z,72929488,1778118921,2026-05-07T01:55:21Z,0x880e8930e5d894391924e65f42463d4f595266a7427b2b3925c5ef6c5b56c103,2,14,0x350035555e10d9afaf1566aaebfced5ba6c27777,0x188d586ddcf52439676ca21a244753fa19f9ea8e,0xfb78fcae443eb423b59b8c186518c5df94416344,8469629668197697146115,8469.629668197697146115,false
2026-05-07T02:38:04Z,72929488,1778118921,2026-05-07T01:55:21Z,0x880e8930e5d894391924e65f42463d4f595266a7427b2b3925c5ef6c5b56c103,2,15,0x350035555e10d9afaf1566aaebfced5ba6c27777,0xbfca90ba028b6376cc408935f1e026ffec5c4959,0xfb78fcae443eb423b59b8c186518c5df94416344,4758008174448116382040,4758.00817444811638204,false
2026-05-07T02:38:04Z,72929488,1778118921,2026-05-07T01:55:21Z,0x880e8930e5d894391924e65f42463d4f595266a7427b2b3925c5ef6c5b56c103,2,19,0x350035555e10d9afaf1566aaebfced5ba6c27777,0xfb78fcae443eb423b59b8c186518c5df94416344,0x44ed9b74f4fe2b0975c2b5121b0e906da6ce4a48,13566306615033364756309,13566.306615033364756309,false
2026-05-07T02:38:04Z,72929488,1778118921,2026-05-07T01:55:21Z,0x880e8930e5d894391924e65f42463d4f595266a7427b2b3925c5ef6c5b56c103,2,20,0x350035555e10d9afaf1566aaebfced5ba6c27777,0x44ed9b74f4fe2b0975c2b5121b0e906da6ce4a48,0x4acb6c4321253548a7d4bb9c84032cc4ee04bfd7,118705182881541941617,118.705182881541941617,false
2026-05-07T02:38:04Z,72929488,1778118921,2026-05-07T01:55:21Z,0x880e8930e5d894391924e65f42463d4f595266a7427b2b3925c5ef6c5b56c103,2,21,0x350035555e10d9afaf1566aaebfced5ba6c27777,0x44ed9b74f4fe2b0975c2b5121b0e906da6ce4a48,0x3496a0da043108ec81022ebecced3d0cf821a58d,13447601432151822814692,13447.601432151822814692,false
2026-05-07T02:38:04Z,72929716,1778119012,2026-05-07T01:56:52Z,0x9560a0e7f829a620b7ddcfad2196abd00f6eb9544367ba1226e72daee8502b6d,5,8,0x350035555e10d9afaf1566aaebfced5ba6c27777,0xae6ce3048695ce902e1791d29d6f20fe5eb4d2dd,0xde4c4a5d91ed23964a7b636d2b15edf51f4a7a6d,2000000000000000000,2,false
2026-05-07T02:38:04Z,72929956,1778119108,2026-05-07T01:58:28Z,0x26e048d441c3260537f18dac1cad2b857cf614d9e97447a0a7a6f3ee2b90b076,3,5,0x350035555e10d9afaf1566aaebfced5ba6c27777,0x116e7d070f1888b81e1e0324f56d6746b2d7d8f1,0x8694650ac7a089cded87014ab2677b054ae0ab4d,129675491606526721046940,129675.49160652672104694,false
2026-05-07T02:38:04Z,72930033,1778119139,2026-05-07T01:58:59Z,0x44e1f300e6675320a5af0e9525233a22cc521a04c74e0054724fda7eae40b47b,2,8,0x350035555e10d9afaf1566aaebfced5ba6c27777,0x22d7b2692e3a0cb2ffea3aeb02a5e829c9b020ce,0x116e7d070f1888b81e1e0324f56d6746b2d7d8f1,386466013493875069724,386.466013493875069724,false
2026-05-07T02:38:04Z,72930152,1778119186,2026-05-07T01:59:46Z,0x6441fd4bf7bbf938e5d3e75bb2f8f0ce977fee8a0093c983e1dc8345a23d4e64,4,8,0x350035555e10d9afaf1566aaebfced5ba6c27777,0x07895704bb924aeef8434ad1db9a433ec32ac3bb,0xde4c4a5d91ed23964a7b636d2b15edf51f4a7a6d,50000000000000000000,50,false
2026-05-07T02:38:04Z,72930410,1778119289,2026-05-07T02:01:29Z,0x7d1de85812b292bd088f4205ab1a4eafa074708b6e9f0fa69bf279f9f4b65e28,7,50,0x350035555e10d9afaf1566aaebfced5ba6c27777,0x116e7d070f1888b81e1e0324f56d6746b2d7d8f1,0xcd68f7c0668b72ab943e09ff4dbf53da64b8a8c2,172716812875549370316,172.716812875549370316,false
2026-05-07T02:38:04Z,72930410,1778119289,2026-05-07T02:01:29Z,0x7d1de85812b292bd088f4205ab1a4eafa074708b6e9f0fa69bf279f9f4b65e28,7,53,0x350035555e10d9afaf1566aaebfced5ba6c27777,0xcd68f7c0668b72ab943e09ff4dbf53da64b8a8c2,0xaebe5522749b65eae7b2a35c593145cc3128b515,172716812875549370316,172.716812875549370316,false
2026-05-07T02:38:04Z,72930410,1778119289,2026-05-07T02:01:29Z,0x7d1de85812b292bd088f4205ab1a4eafa074708b6e9f0fa69bf279f9f4b65e28,7,55,0x350035555e10d9afaf1566aaebfced5ba6c27777,0xaebe5522749b65eae7b2a35c593145cc3128b515,0xb0baace23ac7cbd25211134a0b47ad70a9d42fa4,172716812875549370316,172.716812875549370316,false
2026-05-07T02:38:04Z,72930438,1778119300,2026-05-07T02:01:40Z,0xfabb5ff653f72f5bf56a49a35fdb5f8a1000b9313a224dcce4ed94d23f13749e,3,9,0x350035555e10d9afaf1566aaebfced5ba6c27777,0xb0baace23ac7cbd25211134a0b47ad70a9d42fa4,0x1d91a6339f6c484ad9a29dac34d2403e8688a423,172716812875549370316,172.716812875549370316,false
2026-05-07T02:38:04Z,72930438,1778119300,2026-05-07T02:01:40Z,0xfabb5ff653f72f5bf56a49a35fdb5f8a1000b9313a224dcce4ed94d23f13749e,3,13,0x350035555e10d9afaf1566aaebfced5ba6c27777,0x1d91a6339f6c484ad9a29dac34d2403e8688a423,0x0b79d71ae99528d1db24a4148b5f4f865cc2b137,172716812875549370316,172.716812875549370316,false
2026-05-07T02:38:04Z,72930438,1778119300,2026-05-07T02:01:40Z,0xfabb5ff653f72f5bf56a49a35fdb5f8a1000b9313a224dcce4ed94d23f13749e,3,15,0x350035555e10d9afaf1566aaebfced5ba6c27777,0x0b79d71ae99528d1db24a4148b5f4f865cc2b137,0x116e7d070f1888b81e1e0324f56d6746b2d7d8f1,172716812875549370316,172.716812875549370316,false
2026-05-07T02:38:04Z,72930528,1778119335,2026-05-07T02:02:15Z,0x290cd69b7e6c46f36653f2b9f3c7d70cec8d877f50b86b94cc28128e879ae8dc,7,25,0x350035555e10d9afaf1566aaebfced5ba6c27777,0xea6aa3b90053d66628141bbd6d6b613faf0389cb,0xde4c4a5d91ed23964a7b636d2b15edf51f4a7a6d,710000000,0.00000000071,false
2026-05-07T02:38:04Z,72930785,1778119437,2026-05-07T02:03:57Z,0xf4c6e162afc963f0d5257c0aaa65c5a42c260864da52c86ab053c7328f087be1,7,32,0x350035555e10d9afaf1566aaebfced5ba6c27777,0x116e7d070f1888b81e1e0324f56d6746b2d7d8f1,0xebc881ff829fdbeb160fbe0aa135e4b6a81a00a6,8246357142075229260783,8246.357142075229260783,false
2026-05-07T02:38:04Z,72930837,1778119458,2026-05-07T02:04:18Z,0x33137df44a57ca60523e2932b728c32467f15938bb8db411f1554c3a18e7a8c5,5,12,0x350035555e10d9afaf1566aaebfced5ba6c27777,0xc8da5a257a8606a2e26386225e51d18ba20b3a76,0xde4c4a5d91ed23964a7b636d2b15edf51f4a7a6d,8200000000000,0.0000082,false
2026-05-07T02:38:04Z,72930926,1778119494,2026-05-07T02:04:54Z,0x139f7aa987b20a806b54a54581bce8ef4401b61ff6ecf35367d03ba88d297046,3,17,0x350035555e10d9afaf1566aaebfced5ba6c27777,0xbfca90ba028b6376cc408935f1e026ffec5c4959,0x8f10b468b06c6fd214b65f87778827f7d113f996,20265062010774331604398,20265.062010774331604398,false
2026-05-07T02:38:04Z,72930926,1778119494,2026-05-07T02:04:54Z,0x139f7aa987b20a806b54a54581bce8ef4401b61ff6ecf35367d03ba88d297046,3,26,0x350035555e10d9afaf1566aaebfced5ba6c27777,0x116e7d070f1888b81e1e0324f56d6746b2d7d8f1,0x8f10b468b06c6fd214b65f87778827f7d113f996,100511290921703117611880,100511.29092170311761188,false
2026-05-07T02:38:04Z,72930926,1778119494,2026-05-07T02:04:54Z,0x139f7aa987b20a806b54a54581bce8ef4401b61ff6ecf35367d03ba88d297046,3,31,0x350035555e10d9afaf1566aaebfced5ba6c27777,0x188d586ddcf52439676ca21a244753fa19f9ea8e,0x8f10b468b06c6fd214b65f87778827f7d113f996,33767164228733173194946,33767.164228733173194946,false
2026-05-07T02:38:04Z,72930926,1778119494,2026-05-07T02:04:54Z,0x139f7aa987b20a806b54a54581bce8ef4401b61ff6ecf35367d03ba88d297046,3,35,0x350035555e10d9afaf1566aaebfced5ba6c27777,0x188d586ddcf52439676ca21a244753fa19f9ea8e,0x8f10b468b06c6fd214b65f87778827f7d113f996,13413291392684888437365,13413.291392684888437365,false
2026-05-07T02:38:04Z,72930926,1778119494,2026-05-07T02:04:54Z,0x139f7aa987b20a806b54a54581bce8ef4401b61ff6ecf35367d03ba88d297046,3,37,0x350035555e10d9afaf1566aaebfced5ba6c27777,0x8f10b468b06c6fd214b65f87778827f7d113f996,0x6131b5fae19ea4f9d964eac0408e4408b66337b5,167956808553895510848589,167956.808553895510848589,false
2026-05-07T02:38:04Z,72930926,1778119494,2026-05-07T02:04:54Z,0x139f7aa987b20a806b54a54581bce8ef4401b61ff6ecf35367d03ba88d297046,3,38,0x350035555e10d9afaf1566aaebfced5ba6c27777,0x6131b5fae19ea4f9d964eac0408e4408b66337b5,0xcf08fbd50d20f24e518683de7ffbabd7ef6d4748,167956808553895510848,167.956808553895510848,false
2026-05-07T02:38:04Z,72930926,1778119494,2026-05-07T02:04:54Z,0x139f7aa987b20a806b54a54581bce8ef4401b61ff6ecf35367d03ba88d297046,3,40,0x350035555e10d9afaf1566aaebfced5ba6c27777,0x6131b5fae19ea4f9d964eac0408e4408b66337b5,0xebc881ff829fdbeb160fbe0aa135e4b6a81a00a6,167788851745341615337741,167788.851745341615337741,false
2026-05-07T02:38:04Z,72930970,1778119512,2026-05-07T02:05:12Z,0x1478b9955e3936c1c923ce7ed39723e2a18e2b93ae632e9bb75020dbe0518fc3,2,6,0x350035555e10d9afaf1566aaebfced5ba6c27777,0xebc881ff829fdbeb160fbe0aa135e4b6a81a00a6,0x116e7d070f1888b81e1e0324f56d6746b2d7d8f1,176035208887416844598524,176035.208887416844598524,false
2026-05-07T02:38:04Z,72931063,1778119549,2026-05-07T02:05:49Z,0x15ba3449e9c668002a35173633f828b6d858e7d0ba4a047ac32e6b8e2b322953,3,6,0x350035555e10d9afaf1566aaebfced5ba6c27777,0xa581a60fdea3c390ff08f033733c6b678f5f9f49,0x026f252016a7c47cdef1f05a3fc9e20c92a49c37,200000000000000000000000,200000,false
2026-05-07T02:38:04Z,72931063,1778119549,2026-05-07T02:05:49Z,0x15ba3449e9c668002a35173633f828b6d858e7d0ba4a047ac32e6b8e2b322953,3,7,0x350035555e10d9afaf1566aaebfced5ba6c27777,0x026f252016a7c47cdef1f05a3fc9e20c92a49c37,0x8f10b468b06c6fd214b65f87778827f7d113f996,200000000000000000000000,200000,false
2026-05-07T02:38:04Z,72931063,1778119549,2026-05-07T02:05:49Z,0x15ba3449e9c668002a35173633f828b6d858e7d0ba4a047ac32e6b8e2b322953,3,9,0x350035555e10d9afaf1566aaebfced5ba6c27777,0x8f10b468b06c6fd214b65f87778827f7d113f996,0x116e7d070f1888b81e1e0324f56d6746b2d7d8f1,136000000000000000000000,136000,false
2026-05-07T02:38:04Z,72931063,1778119549,2026-05-07T02:05:49Z,0x15ba3449e9c668002a35173633f828b6d858e7d0ba4a047ac32e6b8e2b322953,3,13,0x350035555e10d9afaf1566aaebfced5ba6c27777,0x8f10b468b06c6fd214b65f87778827f7d113f996,0x188d586ddcf52439676ca21a244753fa19f9ea8e,48000000000000000000000,48000,false
2026-05-07T02:38:04Z,72931063,1778119549,2026-05-07T02:05:49Z,0x15ba3449e9c668002a35173633f828b6d858e7d0ba4a047ac32e6b8e2b322953,3,17,0x350035555e10d9afaf1566aaebfced5ba6c27777,0x8f10b468b06c6fd214b65f87778827f7d113f996,0x188d586ddcf52439676ca21a244753fa19f9ea8e,8000000000000000000000,8000,false
2026-05-07T02:38:04Z,72931063,1778119549,2026-05-07T02:05:49Z,0x15ba3449e9c668002a35173633f828b6d858e7d0ba4a047ac32e6b8e2b322953,3,20,0x350035555e10d9afaf1566aaebfced5ba6c27777,0x8f10b468b06c6fd214b65f87778827f7d113f996,0xbfca90ba028b6376cc408935f1e026ffec5c4959,8000000000000000000000,8000,false
2026-05-07T02:38:04Z,72931160,1778119588,2026-05-07T02:06:28Z,0x36e4dfcb092b99613e01ff4363e3efcad1be680231cb44082e3a6f72b70ad412,3,10,0x350035555e10d9afaf1566aaebfced5ba6c27777,0x4bd362a69b3be4c38c3232e0738ce07bba84efb3,0xb3e6778480b2e488385e8205ea05e20060b813cb,225484444870000000000000,225484.44487,false
2026-05-07T02:38:04Z,72931160,1778119588,2026-05-07T02:06:28Z,0x36e4dfcb092b99613e01ff4363e3efcad1be680231cb44082e3a6f72b70ad412,3,13,0x350035555e10d9afaf1566aaebfced5ba6c27777,0xb3e6778480b2e488385e8205ea05e20060b813cb,0x2f84fb8982073f39ba47c7fcc29119af074abbcb,225484444870000000000000,225484.44487,false
2026-05-07T02:38:04Z,72931160,1778119588,2026-05-07T02:06:28Z,0x36e4dfcb092b99613e01ff4363e3efcad1be680231cb44082e3a6f72b70ad412,3,15,0x350035555e10d9afaf1566aaebfced5ba6c27777,0x2f84fb8982073f39ba47c7fcc29119af074abbcb,0x116e7d070f1888b81e1e0324f56d6746b2d7d8f1,209591980524924391546501,209591.980524924391546501,false
2026-05-07T02:38:04Z,72931160,1778119588,2026-05-07T02:06:28Z,0x36e4dfcb092b99613e01ff4363e3efcad1be680231cb44082e3a6f72b70ad412,3,18,0x350035555e10d9afaf1566aaebfced5ba6c27777,0x2f84fb8982073f39ba47c7fcc29119af074abbcb,0xde4c4a5d91ed23964a7b636d2b15edf51f4a7a6d,443846698531013962005,443.846698531013962005,false
2026-05-07T02:38:04Z,72931160,1778119588,2026-05-07T02:06:28Z,0x36e4dfcb092b99613e01ff4363e3efcad1be680231cb44082e3a6f72b70ad412,3,21,0x350035555e10d9afaf1566aaebfced5ba6c27777,0x2f84fb8982073f39ba47c7fcc29119af074abbcb,0x188d586ddcf52439676ca21a244753fa19f9ea8e,15448617646544594491494,15448.617646544594491494,false
2026-05-07T02:38:04Z,72931184,1778119597,2026-05-07T02:06:37Z,0xbea0278dd165603b9b0a640ed313781da2aa379db111e008119766718030c06b,5,11,0x350035555e10d9afaf1566aaebfced5ba6c27777,0x116e7d070f1888b81e1e0324f56d6746b2d7d8f1,0xfb78fcae443eb423b59b8c186518c5df94416344,39537344720812470735785,39537.344720812470735785,false
2026-05-07T02:38:04Z,72931184,1778119597,2026-05-07T02:06:37Z,0xbea0278dd165603b9b0a640ed313781da2aa379db111e008119766718030c06b,5,14,0x350035555e10d9afaf1566aaebfced5ba6c27777,0xfb78fcae443eb423b59b8c186518c5df94416344,0xcf08fbd50d20f24e518683de7ffbabd7ef6d4748,59306017081218706103,59.306017081218706103,false
2026-05-07T02:38:04Z,72931184,1778119597,2026-05-07T02:06:37Z,0xbea0278dd165603b9b0a640ed313781da2aa379db111e008119766718030c06b,5,15,0x350035555e10d9afaf1566aaebfced5ba6c27777,0xfb78fcae443eb423b59b8c186518c5df94416344,0xebc881ff829fdbeb160fbe0aa135e4b6a81a00a6,39478038703731252029682,39478.038703731252029682,false
2026-05-07T02:38:04Z,72931205,1778119606,2026-05-07T02:06:46Z,0x603ff6c264ef58c6ccb66cb1838afbaed7c736f666b7f2303d97f69d8ac1f32a,3,3,0x350035555e10d9afaf1566aaebfced5ba6c27777,0xa581a60fdea3c390ff08f033733c6b678f5f9f49,0x188d586ddcf52439676ca21a244753fa19f9ea8e,204933592479518517215860,204933.59247951851721586,false
2026-05-07T02:38:04Z,72931223,1778119613,2026-05-07T02:06:53Z,0xa8318abb84275058d49259d0ef7ddd9f1ae0e6affe7a6ed05cf6bdb6881adecc,7,13,0x350035555e10d9afaf1566aaebfced5ba6c27777,0xebc881ff829fdbeb160fbe0aa135e4b6a81a00a6,0x116e7d070f1888b81e1e0324f56d6746b2d7d8f1,39478038703731251925662,39478.038703731251925662,false
2026-05-07T02:38:04Z,72931266,1778119630,2026-05-07T02:07:10Z,0x81a1b48bd954e9e4d4364b8f9771e539087bfe1c9cc1eefb2aa2f2852bff8170,4,38,0x350035555e10d9afaf1566aaebfced5ba6c27777,0x116e7d070f1888b81e1e0324f56d6746b2d7d8f1,0x415295aca2dec303ef096e9f22576fe3538b5f0a,722963600729606975,0.722963600729606975,false
2026-05-07T02:38:04Z,72931285,1778119638,2026-05-07T02:07:18Z,0x5f1b2dfd4a555a638d86a63563568ddcc9a3c153c4f5bfee26894c34861e5891,14,125,0x350035555e10d9afaf1566aaebfced5ba6c27777,0xde4c4a5d91ed23964a7b636d2b15edf51f4a7a6d,0xfb78fcae443eb423b59b8c186518c5df94416344,682504798407519376703,682.504798407519376703,false
2026-05-07T02:38:04Z,72931285,1778119638,2026-05-07T02:07:18Z,0x5f1b2dfd4a555a638d86a63563568ddcc9a3c153c4f5bfee26894c34861e5891,14,131,0x350035555e10d9afaf1566aaebfced5ba6c27777,0x2a68ba1833cdf93fa9da1eebd7f46242ad8e90c5,0xd651346d7c789536ebf06dc72ae3c8502cd695cc,2131477769769880000,2.13147776976988,false
2026-05-07T02:38:04Z,72931285,1778119638,2026-05-07T02:07:18Z,0x5f1b2dfd4a555a638d86a63563568ddcc9a3c153c4f5bfee26894c34861e5891,14,133,0x350035555e10d9afaf1566aaebfced5ba6c27777,0xd651346d7c789536ebf06dc72ae3c8502cd695cc,0xfb78fcae443eb423b59b8c186518c5df94416344,2131477769769880000,2.13147776976988,false
2026-05-07T02:38:04Z,72931285,1778119638,2026-05-07T02:07:18Z,0x5f1b2dfd4a555a638d86a63563568ddcc9a3c153c4f5bfee26894c34861e5891,14,135,0x350035555e10d9afaf1566aaebfced5ba6c27777,0xd836dff7332bf922d13500eb10c092a7ae42aad0,0xfb78fcae443eb423b59b8c186518c5df94416344,57226129788997052892,57.226129788997052892,false
2026-05-07T02:38:04Z,72931285,1778119638,2026-05-07T02:07:18Z,0x5f1b2dfd4a555a638d86a63563568ddcc9a3c153c4f5bfee26894c34861e5891,14,140,0x350035555e10d9afaf1566aaebfced5ba6c27777,0x188d586ddcf52439676ca21a244753fa19f9ea8e,0xfb78fcae443eb423b59b8c186518c5df94416344,1240210658894028504055,1240.210658894028504055,false
2026-05-07T02:38:04Z,72931285,1778119638,2026-05-07T02:07:18Z,0x5f1b2dfd4a555a638d86a63563568ddcc9a3c153c4f5bfee26894c34861e5891,14,143,0x350035555e10d9afaf1566aaebfced5ba6c27777,0x188d586ddcf52439676ca21a244753fa19f9ea8e,0xfb78fcae443eb423b59b8c186518c5df94416344,171010524956684853677,171.010524956684853677,false
2026-05-07T02:38:04Z,72931285,1778119638,2026-05-07T02:07:18Z,0x5f1b2dfd4a555a638d86a63563568ddcc9a3c153c4f5bfee26894c34861e5891,14,145,0x350035555e10d9afaf1566aaebfced5ba6c27777,0xb02105bcf6c1e20fca2b5360f5fe78b8fc6e7238,0xfb78fcae443eb423b59b8c186518c5df94416344,56793316641815389097,56.793316641815389097,false
2026-05-07T02:38:04Z,72931285,1778119638,2026-05-07T02:07:18Z,0x5f1b2dfd4a555a638d86a63563568ddcc9a3c153c4f5bfee26894c34861e5891,14,148,0x350035555e10d9afaf1566aaebfced5ba6c27777,0x031cc397ab68cb6969fdec7b572e4f449ee8255f,0xfb78fcae443eb423b59b8c186518c5df94416344,57092662620892793367,57.092662620892793367,false
2026-05-07T02:38:04Z,72931285,1778119638,2026-05-07T02:07:18Z,0x5f1b2dfd4a555a638d86a63563568ddcc9a3c153c4f5bfee26894c34861e5891,14,151,0x350035555e10d9afaf1566aaebfced5ba6c27777,0xfb78fcae443eb423b59b8c186518c5df94416344,0xcf08fbd50d20f24e518683de7ffbabd7ef6d4748,3400454353619561774,3.400454353619561774,false
2026-05-07T02:38:04Z,72931285,1778119638,2026-05-07T02:07:18Z,0x5f1b2dfd4a555a638d86a63563568ddcc9a3c153c4f5bfee26894c34861e5891,14,152,0x350035555e10d9afaf1566aaebfced5ba6c27777,0xfb78fcae443eb423b59b8c186518c5df94416344,0xebc881ff829fdbeb160fbe0aa135e4b6a81a00a6,2263569114726088288017,2263.569114726088288017,false
2026-05-07T02:38:04Z,72931337,1778119658,2026-05-07T02:07:38Z,0x0976e7b1b8784ce99a4ec76bffe70a55d0dc77a3b8e9c0946731e5b1dc349235,1,2,0x350035555e10d9afaf1566aaebfced5ba6c27777,0xebc881ff829fdbeb160fbe0aa135e4b6a81a00a6,0x116e7d070f1888b81e1e0324f56d6746b2d7d8f1,2263569114726088386067,2263.569114726088386067,false
2026-05-07T02:38:04Z,72931565,1778119749,2026-05-07T02:09:09Z,0x515f27c0df210f9603f875a9ad74a58ff954ca764297e395d61efdfe4ecdef83,8,17,0x350035555e10d9afaf1566aaebfced5ba6c27777,0xdaaa4616979ca5ac192e9f9cdbc8f682553debf0,0xde4c4a5d91ed23964a7b636d2b15edf51f4a7a6d,16800000,0.0000000000168,false
2026-05-07T02:38:04Z,72931656,1778119786,2026-05-07T02:09:46Z,0x2c488d85a68db7d73045224b786c370fae433638cb3785000f375261b7f1d893,3,41,0x350035555e10d9afaf1566aaebfced5ba6c27777,0x116e7d070f1888b81e1e0324f56d6746b2d7d8f1,0x415295aca2dec303ef096e9f22576fe3538b5f0a,2793336265397020637570,2793.33626539702063757,false
2026-05-07T02:38:04Z,72931691,1778119800,2026-05-07T02:10:00Z,0xd2537e995eba39cd6f597987f92b881c2b959945e8a8adc33c3962436ded527b,2,14,0x350035555e10d9afaf1566aaebfced5ba6c27777,0xc0bec0f8c50345585ee171f85acfefa15eb213b8,0xde4c4a5d91ed23964a7b636d2b15edf51f4a7a6d,5500000000,0.0000000055,false
2026-05-07T02:38:04Z,72931966,1778119908,2026-05-07T02:11:48Z,0xbf2b9c9291c4719215c9901f02af056ce4fbc8b348d756ef4845390b28e4eb34,3,8,0x350035555e10d9afaf1566aaebfced5ba6c27777,0x116e7d070f1888b81e1e0324f56d6746b2d7d8f1,0xcd68f7c0668b72ab943e09ff4dbf53da64b8a8c2,2040636934781510045709,2040.636934781510045709,false
2026-05-07T02:38:04Z,72931966,1778119908,2026-05-07T02:11:48Z,0xbf2b9c9291c4719215c9901f02af056ce4fbc8b348d756ef4845390b28e4eb34,3,11,0x350035555e10d9afaf1566aaebfced5ba6c27777,0xcd68f7c0668b72ab943e09ff4dbf53da64b8a8c2,0xaebe5522749b65eae7b2a35c593145cc3128b515,2040636934781510045709,2040.636934781510045709,false
2026-05-07T02:38:04Z,72931966,1778119908,2026-05-07T02:11:48Z,0xbf2b9c9291c4719215c9901f02af056ce4fbc8b348d756ef4845390b28e4eb34,3,13,0x350035555e10d9afaf1566aaebfced5ba6c27777,0xaebe5522749b65eae7b2a35c593145cc3128b515,0xb0baace23ac7cbd25211134a0b47ad70a9d42fa4,2040636934781510045709,2040.636934781510045709,false
2026-05-07T02:38:04Z,72931994,1778119919,2026-05-07T02:11:59Z,0xef9854224d7824265a2ee80224c4ba7f34a147e99b198ce2e43bd6390bdcd669,6,66,0x350035555e10d9afaf1566aaebfced5ba6c27777,0xb0baace23ac7cbd25211134a0b47ad70a9d42fa4,0x1d91a6339f6c484ad9a29dac34d2403e8688a423,2040636934781510045709,2040.636934781510045709,false
2026-05-07T02:38:04Z,72931994,1778119919,2026-05-07T02:11:59Z,0xef9854224d7824265a2ee80224c4ba7f34a147e99b198ce2e43bd6390bdcd669,6,70,0x350035555e10d9afaf1566aaebfced5ba6c27777,0x1d91a6339f6c484ad9a29dac34d2403e8688a423,0x0b79d71ae99528d1db24a4148b5f4f865cc2b137,2040636934781510045709,2040.636934781510045709,false
2026-05-07T02:38:04Z,72931994,1778119919,2026-05-07T02:11:59Z,0xef9854224d7824265a2ee80224c4ba7f34a147e99b198ce2e43bd6390bdcd669,6,72,0x350035555e10d9afaf1566aaebfced5ba6c27777,0x0b79d71ae99528d1db24a4148b5f4f865cc2b137,0x116e7d070f1888b81e1e0324f56d6746b2d7d8f1,2040636934781510045709,2040.636934781510045709,false
2026-05-07T02:38:04Z,72932356,1778120064,2026-05-07T02:14:24Z,0xefbcc92111e04f5116056ed5f4b7cb3555c41e9ddc071b3f3d0c307030ab7bdf,6,29,0x350035555e10d9afaf1566aaebfced5ba6c27777,0x116e7d070f1888b81e1e0324f56d6746b2d7d8f1,0x8f10b468b06c6fd214b65f87778827f7d113f996,7523148336053882195096,7523.148336053882195096,false
2026-05-07T02:38:04Z,72932356,1778120064,2026-05-07T02:14:24Z,0xefbcc92111e04f5116056ed5f4b7cb3555c41e9ddc071b3f3d0c307030ab7bdf,6,33,0x350035555e10d9afaf1566aaebfced5ba6c27777,0x8f10b468b06c6fd214b65f87778827f7d113f996,0x6131b5fae19ea4f9d964eac0408e4408b66337b5,7523148336053882195096,7523.148336053882195096,false
2026-05-07T02:38:04Z,72932356,1778120064,2026-05-07T02:14:24Z,0xefbcc92111e04f5116056ed5f4b7cb3555c41e9ddc071b3f3d0c307030ab7bdf,6,34,0x350035555e10d9afaf1566aaebfced5ba6c27777,0x6131b5fae19ea4f9d964eac0408e4408b66337b5,0x0da2a82ed2c387d1751ccbaf999a80b65bdb269e,22569445008161646585,22.569445008161646585,false
2026-05-07T02:38:04Z,72932356,1778120064,2026-05-07T02:14:24Z,0xefbcc92111e04f5116056ed5f4b7cb3555c41e9ddc071b3f3d0c307030ab7bdf,6,36,0x350035555e10d9afaf1566aaebfced5ba6c27777,0x6131b5fae19ea4f9d964eac0408e4408b66337b5,0xe23c19b6ed5e74577e1cceddb53e2e30c9ea6447,7500578891045720548511,7500.578891045720548511,false
2026-05-07T02:38:04Z,72932501,1778120122,2026-05-07T02:15:22Z,0x3449bf23703d9805247c044a16b771912fd49145b21793f3a2d7b5d4b789a203,8,59,0x350035555e10d9afaf1566aaebfced5ba6c27777,0x116e7d070f1888b81e1e0324f56d6746b2d7d8f1,0xfb78fcae443eb423b59b8c186518c5df94416344,15458786848373366608872,15458.786848373366608872,false
2026-05-07T02:38:04Z,72932501,1778120122,2026-05-07T02:15:22Z,0x3449bf23703d9805247c044a16b771912fd49145b21793f3a2d7b5d4b789a203,8,64,0x350035555e10d9afaf1566aaebfced5ba6c27777,0x188d586ddcf52439676ca21a244753fa19f9ea8e,0xfb78fcae443eb423b59b8c186518c5df94416344,2209006374418768376085,2209.006374418768376085,false
2026-05-07T02:38:04Z,72932501,1778120122,2026-05-07T02:15:22Z,0x3449bf23703d9805247c044a16b771912fd49145b21793f3a2d7b5d4b789a203,8,65,0x350035555e10d9afaf1566aaebfced5ba6c27777,0xfb78fcae443eb423b59b8c186518c5df94416344,0xe23c19b6ed5e74577e1cceddb53e2e30c9ea6447,17667793222792134984957,17667.793222792134984957,false
2026-05-07T02:38:04Z,72932897,1778120280,2026-05-07T02:18:00Z,0x127db5bc86746fe577f31cd4350fb91dd46d7749e4f31facbb95bdc81baf02f3,7,67,0x350035555e10d9afaf1566aaebfced5ba6c27777,0x8cd7620f85b1ec9dc32a08bc1ff12860a3ba23f4,0xde4c4a5d91ed23964a7b636d2b15edf51f4a7a6d,1800000000000,0.0000018,false
2026-05-07T02:38:04Z,72933110,1778120365,2026-05-07T02:19:25Z,0xae9f95295e7f21eb39e3223f3218d33d2c9c9e250827d22c382834d939078507,8,29,0x350035555e10d9afaf1566aaebfced5ba6c27777,0x1684325b917ab726e7cd4e262c4e9608cb5868b4,0xde4c4a5d91ed23964a7b636d2b15edf51f4a7a6d,61000000000,0.000000061,false
2026-05-07T02:38:04Z,72933472,1778120509,2026-05-07T02:21:49Z,0x17d6b10d778cb97994e0106e663d15184158d12cd350e58cadb7b7ea455fa570,5,35,0x350035555e10d9afaf1566aaebfced5ba6c27777,0x116e7d070f1888b81e1e0324f56d6746b2d7d8f1,0xcd68f7c0668b72ab943e09ff4dbf53da64b8a8c2,11836241439630430553,11.836241439630430553,false
2026-05-07T02:38:04Z,72933472,1778120509,2026-05-07T02:21:49Z,0x17d6b10d778cb97994e0106e663d15184158d12cd350e58cadb7b7ea455fa570,5,38,0x350035555e10d9afaf1566aaebfced5ba6c27777,0xcd68f7c0668b72ab943e09ff4dbf53da64b8a8c2,0xaebe5522749b65eae7b2a35c593145cc3128b515,11836241439630430553,11.836241439630430553,false
2026-05-07T02:38:04Z,72933472,1778120509,2026-05-07T02:21:49Z,0x17d6b10d778cb97994e0106e663d15184158d12cd350e58cadb7b7ea455fa570,5,40,0x350035555e10d9afaf1566aaebfced5ba6c27777,0xaebe5522749b65eae7b2a35c593145cc3128b515,0xb0baace23ac7cbd25211134a0b47ad70a9d42fa4,11836241439630430553,11.836241439630430553,false
2026-05-07T02:38:04Z,72933499,1778120520,2026-05-07T02:22:00Z,0x342db9a9bdefd5ca2be27029fb9742690c219722f1b232020f935c732485d78a,2,1,0x350035555e10d9afaf1566aaebfced5ba6c27777,0xb0baace23ac7cbd25211134a0b47ad70a9d42fa4,0x1d91a6339f6c484ad9a29dac34d2403e8688a423,11836241439630430553,11.836241439630430553,false
2026-05-07T02:38:04Z,72933499,1778120520,2026-05-07T02:22:00Z,0x342db9a9bdefd5ca2be27029fb9742690c219722f1b232020f935c732485d78a,2,5,0x350035555e10d9afaf1566aaebfced5ba6c27777,0x1d91a6339f6c484ad9a29dac34d2403e8688a423,0x0b79d71ae99528d1db24a4148b5f4f865cc2b137,11836241439630430553,11.836241439630430553,false
2026-05-07T02:38:04Z,72933499,1778120520,2026-05-07T02:22:00Z,0x342db9a9bdefd5ca2be27029fb9742690c219722f1b232020f935c732485d78a,2,7,0x350035555e10d9afaf1566aaebfced5ba6c27777,0x0b79d71ae99528d1db24a4148b5f4f865cc2b137,0x116e7d070f1888b81e1e0324f56d6746b2d7d8f1,11836241439630430553,11.836241439630430553,false
2026-05-07T02:38:04Z,72933960,1778120705,2026-05-07T02:25:05Z,0xcf1141838ae46fd88fd8ce3650894a9e5fc3a46063f5ee3f9c22b9fbcecf03fe,3,29,0x350035555e10d9afaf1566aaebfced5ba6c27777,0x5e4be30aeccb0c4f9811eb3876d0271ea826eb67,0x003989cd92c31a51d8b20bdbd0c51e444f88d081,10000000000000000000000,10000,false
2026-05-07T02:38:04Z,72933960,1778120705,2026-05-07T02:25:05Z,0xcf1141838ae46fd88fd8ce3650894a9e5fc3a46063f5ee3f9c22b9fbcecf03fe,3,31,0x350035555e10d9afaf1566aaebfced5ba6c27777,0x003989cd92c31a51d8b20bdbd0c51e444f88d081,0x116e7d070f1888b81e1e0324f56d6746b2d7d8f1,10000000000000000000000,10000,false
2026-05-07T02:38:04Z,72935073,1778121148,2026-05-07T02:32:28Z,0x1d265288abf78d557ad7e496d4942c90f44c6192b681b2fbed65069dc53ca853,3,30,0x350035555e10d9afaf1566aaebfced5ba6c27777,0xc8e883179d39109de9ae5cdf4286fead64405a84,0xde4c4a5d91ed23964a7b636d2b15edf51f4a7a6d,1300000000,0.0000000013,false
2026-05-07T02:38:04Z,72935130,1778121170,2026-05-07T02:32:50Z,0xd804cbbc1160e9f70bf79dfb4f3c15ca1baadb3f6244aca3b87ce73ea43b28dc,3,38,0x350035555e10d9afaf1566aaebfced5ba6c27777,0x2f016253a2055397d0c55f0e982f49ded9cf2e02,0xde4c4a5d91ed23964a7b636d2b15edf51f4a7a6d,121000000000000000000,121,false
2026-05-07T02:38:04Z,72935820,1778121448,2026-05-07T02:37:28Z,0xc18bbdace73fc789c788cad7e2deec348857da2988a22431644dbd54147df9f2,4,8,0x350035555e10d9afaf1566aaebfced5ba6c27777,0x62a13f8a18c01c1d7864516ccdbbcf49d8f772ff,0xde4c4a5d91ed23964a7b636d2b15edf51f4a7a6d,2700000000000000,0.0027,false
