hour_utc,fwd_1h,fwd_3h,fwd_6h,efa_factor_1,efa_factor_2,efa_factor_3,efa_factor_4,efa_factor_5,efa_factor_6,pca_1,pca_2,pca_3,pca_4,pca_5,pca_6,pca_7,pca_8
2026-04-17T06:00:00Z,0.0,-0.0955178845263217,-0.0716128838523734,0.26413213097237925,-0.743355077202761,0.1627968079651927,-0.6911698906909413,0.7154272755766979,0.7510040800448737,-0.5425425203940429,-2.8193200371250593,-1.2309199202467411,-0.35583944097321063,1.171657644899516,-0.009878285814529991,2.049643424440487,-1.5234037156583011
2026-04-17T07:00:00Z,-0.0955178845263217,-0.0955178845263217,-0.0716128838523734,-0.09405703472251864,0.36385981179990806,-0.49977246291913197,-0.36018319134772403,0.3313203936304256,-0.38953394291177995,-0.8679709187247644,2.182011703637869,2.4227620962494805,-0.9480195067253069,1.5271640595286138,0.6320169091231181,-0.39491305591221865,-1.3827931034404342
2026-04-17T08:00:00Z,0.0,0.0,0.0264294896106698,1.9548138143010987,-2.1206659874924325,-0.4974881644741739,-2.0665177893441062,-1.6661165542525158,1.4819561283181883,5.563985664889488,-5.753664411180079,2.200018103874501,-4.67519205963609,-1.6110366148344724,2.317286604000182,1.5126171869157397,-1.7833976169923638
2026-04-17T09:00:00Z,0.0,0.0264294896106698,0.0264294896106698,1.905861555436666,2.47278482490264,0.3038241936496235,-1.8914384823211963,-0.9210003992228066,-2.8010581484914185,8.740014034467961,4.554141514112683,0.8041586805184945,-3.8455368119445477,0.6249084697759459,0.12107438082233249,-3.452605728391421,-0.4226325544929111
2026-04-17T10:00:00Z,0.0,0.0264294896106698,0.1410374081587724,3.9179564125491653,-2.2708363490186207,-0.8318427262745908,3.9366123045987895,1.4736996514078118,-1.3585082868387055,16.317087620652714,-8.959075400424364,4.4066029743615,7.867855169550534,-1.34990913526466,1.6478718148384923,-0.4488413347510653,-0.10726102391654176
2026-04-17T11:00:00Z,0.0264294896106698,0.0264294896106698,0.1410374081587724,0.5476219443049213,0.0021489244286855766,-0.2986631997633628,-0.8559230586665388,-0.8732178560577992,-0.2098490648832188,3.0854372174092526,0.6601697028874192,2.685921435276169,-3.2561084199018673,-0.47058420554907643,3.6067670456391774,-1.8917561461170118,-1.1828052104588123
2026-04-17T12:00:00Z,0.0,0.0,0.111656884090084,-0.4037635268537799,-0.11756387523362914,0.2539985353223381,-0.08662843838861425,-0.4982074724540816,0.12667580928527414,-1.301225276243002,-0.5289827312655603,-0.2502693835398875,-1.4953553426108765,-0.11589869269453831,2.130023739571576,-0.6954214327172685,-0.05545389071181517
2026-04-17T13:00:00Z,0.0,0.111656884090084,0.111656884090084,3.86012450208766,0.9829807551508991,-0.04559936925694552,3.5612030926021907,0.08971092459210411,4.266954649010136,20.561892883492572,-0.04369251419833786,-2.2144074394080713,6.210391638483875,-3.0977435191463756,3.513401197992069,2.2963776701307776,-1.6038065583744723
2026-04-17T14:00:00Z,0.0,0.111656884090084,0.074598142124217,-0.42864464212282105,0.05766880277422258,-0.5673305268648665,-0.03580526590718671,-0.13685865894316887,-0.03679218044717991,-2.020494893318374,1.6414826603081718,1.046560394219455,0.5043794364796547,-0.26083289791317055,-2.597246804198504,2.433958367014136,2.051811476753772
2026-04-17T15:00:00Z,0.111656884090084,0.111656884090084,0.074598142124217,-0.3286009823028509,0.05220130606644949,-0.9228303411335507,-0.12686994193813086,0.5112877206474573,-0.010575091739696828,-1.8189364702255684,2.3588463262646413,1.8341900574743184,0.2232319787781439,1.7347082022684006,-0.1967152261998324,0.05740818743433452,-0.02720230757443793
2026-04-17T16:00:00Z,0.0,0.0,-0.0333364930278827,-0.6950219063443851,0.274852211370083,0.8281325897658414,0.23964204102476525,-0.0337344678717008,-0.2069727852835138,-1.6764016034621403,0.1110679861825478,-3.2144441385461313,-0.5361901417968385,-0.456208856712851,2.534431042801841,-3.7784856628594325,5.246849325654914
2026-04-17T17:00:00Z,0.0,-0.0333364930278827,-0.0333364930278827,-0.380429612420838,0.13053172266199506,1.1439939351135862,-0.08439469069908524,0.8481157267804412,-0.057343332889082915,-2.863748377598908,-1.6620805395568612,-3.49966219469066,1.214948749372724,1.8239543803988054,-1.422227216278783,0.07790290689488637,0.5092104032771573
2026-04-17T18:00:00Z,0.0,-0.0333364930278827,-0.0739422823432793,-0.6432271107412695,-0.01939566607336978,-0.21053997663544077,0.1702847396878038,0.20847420489456622,0.10192374462207927,-3.6714954831664284,0.9026344245072477,0.519701651581101,0.5447835055252773,-1.770486664976046,0.9142254735739727,0.4555306212769127,0.03780076625831147
2026-04-17T19:00:00Z,-0.0333364930278827,-0.0333364930278827,-0.0739422823432793,-0.3544626419973883,-0.029623024312706303,-0.9656339922073593,-0.1015357515760145,0.6165245770314524,0.055952214861496506,-1.9111385458193828,2.308809228647628,3.333358068460549,-0.5272905429173459,0.88017563545756,0.8343291759201046,-0.1511348737218097,-1.5144081539989342
2026-04-17T20:00:00Z,0.0,0.0,-0.042006126250267,-0.5443611394123027,-0.04141735603464158,-0.434438006976653,0.09736769699953476,0.8511842811295586,0.13528601431435183,-3.7944260233249003,1.273048327098618,0.4487827315387331,0.9881816351395515,-0.1797513802400817,0.9436458090326533,-0.4096261413225591,-0.25834994830548386
2026-04-17T21:00:00Z,0.0,-0.042006126250267,-0.042006126250267,-0.5827928464218687,0.1297197733957188,0.3010716929262661,0.11391835053851451,0.546687122271923,-0.04077595464324477,-3.3692749008789553,0.20655393690595275,-1.4920396971584131,0.9523808501177707,0.5478619069949843,-0.22531099244119981,0.4914978233504758,1.6279138847016361
2026-04-17T22:00:00Z,0.0,-0.042006126250267,-0.0903385107504372,-0.6270765458000124,0.2974464777353349,1.1725358501786596,0.1724579771838439,0.4388727214773326,-0.2346254859530191,-3.2933444000563616,-0.7556522524381688,-2.481562224031221,0.70972405686121,0.05412830781899949,-0.3324673866328314,-0.9957978262968029,0.5621732686991634
2026-04-17T23:00:00Z,-0.042006126250267,-0.042006126250267,-0.0903385107504372,1.7411033371879299,-1.841826576824381,-0.03748503794969336,2.829066601672773,1.724972650602324,-3.1451416963230514,7.19760855249365,-9.699407402224349,6.025278729823562,6.333052011069572,1.8567616859960556,0.47722303120217135,-2.9682575953249795,0.741848509375802
2026-04-18T00:00:00Z,0.0,0.0,-0.0504516634443494,0.15478733469137596,0.7479953585756848,-1.1268531656776537,-0.46059362433635637,0.9556629755126359,-0.7540858644279701,0.5671041577470806,4.695937142752918,1.3057513356107442,0.970695493096399,4.047012453506933,-1.5534180145659058,-0.5536851345709116,1.172275146809321
2026-04-18T01:00:00Z,0.0,-0.0504516634443494,-0.0504516634443494,-0.3620392884407583,0.10716893402559134,-0.48016465631144767,-0.09970527601496144,0.6172160064494343,-0.054860761194165886,-1.9115266921669285,1.6698627675358073,0.732148077861489,-0.08505118316779826,2.4754424940655677,1.7794777972765907,-0.6417405348792947,1.1920219650364345
2026-04-18T02:00:00Z,0.0,-0.0504516634443494,-0.0809584446549221,0.3548323063602593,-1.6540411526076435,0.7430994785227961,2.7026981950663633,0.6534489581447048,-1.911336799548737,2.6070221015787323,-9.853591354098485,1.932380106604736,6.343993773763286,1.2147504928035564,-1.9136911948107926,-1.3477772270113515,1.3803377647417079
2026-04-18T03:00:00Z,-0.0504516634443494,-0.0504516634443494,-0.0809584446549221,-0.5302711732053951,-0.33573176075785316,-1.5202979550556,0.07405312191849406,0.6428744650169255,0.4505737144390743,-4.039756394517819,2.3369636008559547,3.168363793191408,0.4822355812455399,-1.4133379694584312,3.8425222180989564,1.0767119969487546,-0.4806901660360225
2026-04-18T04:00:00Z,0.0,0.0,-0.0321276759024523,-0.7297202770073733,-0.4170631717231124,-1.5406701675547567,0.16551884369030728,-1.473702938694448,0.4146977572318856,-2.4176205427347996,2.0190443358899803,4.013531370640348,-1.2200781135831333,-2.907450012787285,1.8764007834078162,0.5614268635847675,-1.670377414091756
2026-04-18T05:00:00Z,0.0,-0.0321276759024523,-0.0321276759024523,-0.5495577197291466,-0.28374079636396415,-1.4088605649852586,0.11719156476473933,0.7702907622126975,0.400491431811991,-5.098737376525812,2.5549610248595886,2.2835528044126363,2.2219894281427424,-2.132917774207669,2.027317480798971,1.2914815204218466,-1.0513888939828329
2026-04-18T06:00:00Z,0.0,-0.0321276759024523,-0.0154019938169761,-0.5389916342980895,-0.23488135725639098,-1.2078525153403952,0.11314859986285855,0.9197960445818326,0.3558651385202049,-5.241406543822635,2.1702013541758007,1.654005544132162,2.577160778269099,-1.9237803239872562,1.4375013848395652,1.8260078385571639,-0.20877660737601011
2026-04-18T07:00:00Z,-0.0321276759024523,-0.0321276759024523,-0.0154019938169761,-0.3223871961447394,-0.06467572997288293,-1.3173914575381684,-0.12505186245448865,0.7875006203239507,0.12314755028952272,-2.905399903686126,2.8562082347045137,2.9949363846337618,0.9402041383414246,0.8801127539133767,0.24923509050186893,1.3531443128782212,-1.1663944547804965
2026-04-18T08:00:00Z,0.0,0.0,0.0172808764844798,1.8937743585991889,-1.985277197997471,0.19722313223177543,-1.9368926071425083,0.6295235337127383,1.3599853271515159,3.6996344871027036,-7.953894192488781,0.7594374823270875,-2.4979034029702394,1.1863314116724997,-0.6798236573843665,2.4532609171768884,-1.3266212483574682
2026-04-18T09:00:00Z,0.0,0.0172808764844798,0.0172808764844798,3.2123334159744115,2.862146725383369,0.523940572026605,1.45812459632483,2.847154794090731,3.6682508841103614,16.518279259222076,6.915869058042706,-5.413303743373678,5.6537566728614586,2.349524576245218,3.5387968905039946,2.4499750435723486,-2.796661924720767
2026-04-18T10:00:00Z,0.0,0.0172808764844798,0.0408354197382849,-0.5516995609659869,-0.2528677659176175,-1.273426002600133,0.10700121646939456,0.6307859962704147,0.35394830371335995,-4.335539593204687,2.1823297950897826,1.2857313257905958,2.1034120556245544,-1.436250756964576,-0.7585534753302772,1.3043944971535373,-0.3214968671347937
2026-04-18T11:00:00Z,0.0172808764844798,0.0172808764844798,0.0408354197382849,-0.6802968144561274,0.5300813564538005,1.8962687641916791,0.2222912489203312,0.47615545897207234,-0.4733996787348315,-3.540802132895034,-1.3006560117352008,-3.567733204585014,0.9545013995816876,0.3872427255319397,0.09587421931139539,-1.89679589899773,0.9990290864057679
2026-04-18T12:00:00Z,0.0,0.0,0.0231544146737576,-0.5811685131420484,0.361774142436424,1.791199389893746,0.13266183528605105,0.4753854622899601,-0.33914458808194997,-2.6926163276995116,-2.1383201803461884,-3.1141668412712127,-0.13252492477050373,1.3689541822066464,1.3498723885639663,-2.21543438709095,1.2806524733401208
2026-04-18T13:00:00Z,0.0,0.0231544146737576,0.0231544146737576,-0.5535314210359709,-0.19332871311187286,-1.1117999301997021,0.09317545772390552,0.4934059965214518,0.3030412934906763,-3.8651231286495715,1.8685969989604376,0.577923358511499,1.7092423561995713,-1.2787993888450504,-1.6894355523636762,2.55899607454257,1.3480954114421493
2026-04-18T14:00:00Z,0.0,0.0231544146737576,-0.0792474639950555,-0.5827834283867344,-0.22194727688659802,-1.1517536347208648,0.1309716042620648,0.46558142604540026,0.3116003047758866,-4.2331337250553025,2.3072742749094117,1.9238207629295094,1.3499028020821011,-1.8220981601840431,0.6481885768601379,0.25350734574667366,-1.48318299301059
2026-04-18T15:00:00Z,0.0231544146737576,0.0231544146737576,-0.0792474639950555,1.0429964995307064,-0.565031227059966,0.11265665644355416,1.8345661858339946,0.9879908419996909,-2.6656025545926316,5.434856676433572,-5.6163207967958,3.748072846833621,4.30691525948836,2.578367696265708,0.05539538692972456,-3.957600727252254,-0.8949364156331484
2026-04-18T16:00:00Z,0.0,0.0,-0.1000844810912191,-0.5498925085816913,-0.2749757228326782,-1.3043180982611753,0.10831374653356557,0.6992967912266497,0.37817616504455,-4.723092321306424,2.6806482981262794,3.272524405401097,1.4821564913092544,-1.9634781513172204,2.7491911809036993,1.3720776353963198,-1.339176616403617
2026-04-18T17:00:00Z,0.0,-0.1000844810912191,-0.1000844810912191,-0.09536392300325532,0.13508063996777026,0.47169901713718215,-0.3523787569389714,1.2550362500048124,-0.08961930967448946,-2.1127870824047297,-0.5730217970074019,-1.784764220242716,1.2355759804528281,4.025559196906039,-0.36345324333245155,1.0787013437720276,1.012360325537369
2026-04-18T18:00:00Z,0.0,-0.1000844810912191,-0.1664955547869308,-0.6509447107583457,0.16748233068322493,0.3755909282728069,0.20867548487546742,0.5589283030564605,-0.08350796687653698,-4.5402754911698695,0.615535954455148,-0.5094487264158178,1.6968027783712092,-1.9052283746618461,0.8428518735198729,-0.20133043901337105,-0.4672605141210676
2026-04-18T19:00:00Z,-0.1000844810912191,-0.1000844810912191,-0.1664955547869308,5.122742966383803,-1.8013850991139415,-0.2738722761159857,3.8193532552963454,0.8470787596526685,-1.7117420387975126,20.93123307054429,-12.620228808087804,5.584511696717294,6.2000061436184035,-2.163680137991273,-0.639090592013027,-1.3454993182620087,0.8834347320630448
2026-04-18T20:00:00Z,0.0,0.0,-0.0737970090528501,0.6559949561495564,1.8972531620732573,-0.6199300785608673,-0.8789345141485353,-0.757064915758852,-1.9813371868219847,5.229555227291309,6.5669845760351055,1.5317317643689656,-2.0663201363265524,1.89463020810245,-1.7355761496831836,-2.5938003769893454,-0.22752612689176474
2026-04-18T21:00:00Z,0.0,-0.0737970090528501,-0.0737970090528501,0.8767894394137293,-2.051398691164982,0.11155633250195963,2.7596766927184153,-0.02986176708289959,-2.2538173933814805,5.002219732049568,-9.917442127272674,5.290477546899879,3.2609901883667995,0.5120442164725401,0.23661681006826638,-2.449768540949374,1.1503533706169216
2026-04-18T22:00:00Z,0.0,-0.0737970090528501,-0.0939547730569839,-0.6239200441248962,-0.04875203302494176,-0.6523393475530244,0.13080089598264863,-0.6675270085613811,0.08960542117042837,-0.7224063212984632,1.415903546726587,1.248951488161159,-1.7494748048538122,-0.5890188334726997,2.577085015020478,-1.0331708141343279,5.259992620638094
2026-04-18T23:00:00Z,-0.0737970090528501,-0.0737970090528501,-0.0939547730569839,0.38036885985220825,-1.6227382053491184,0.6220105699058823,2.6003075833688345,0.6128016813229293,-1.9154862346456487,3.082706978910441,-9.889901607442896,3.933743518642457,5.3893473863325125,1.6191897344653028,-0.9685384461609243,-2.0788758144834576,0.5001671912482891
2026-04-19T00:00:00Z,0.0,0.0,-0.0217638727159802,0.39421279010637067,1.1308611198823815,-0.8739982007073334,-0.6721841955917733,0.5825710940803086,-1.16104852464994,1.9028665756314087,4.821739590860345,2.6649256709717535,-0.812153473054497,3.090556690589796,-0.31050866102807506,-0.7989617307290662,-0.7963843151455577
2026-04-19T01:00:00Z,0.0,-0.0217638727159802,-0.0217638727159802,-0.5871109200849908,-0.06036742920273554,-0.5795322333420214,0.103630439781574,0.12396467199038831,0.12694174036028605,-2.9421477357886783,1.4761970133111246,1.4953054744836802,0.044302524580082,-0.4472492881261718,0.4415633353026751,0.2741000289133094,-0.5502207906157057
2026-04-19T02:00:00Z,0.0,-0.0217638727159802,0.0246358149986232,0.2034030569574272,-0.39176498229874734,1.0280211856792505,-0.6722159647004716,1.3123013277206292,0.4289511285355856,-1.1291191521931894,-3.738839411611119,-1.8369115425388838,-0.07174973980049043,4.567946798537269,3.822459756186632,-0.9866253308381464,-4.468579172711325
2026-04-19T03:00:00Z,-0.0217638727159802,-0.0217638727159802,0.0246358149986232,0.9728647552714086,-0.48059569026110144,0.32144589472476026,1.537006270978315,1.559028379945054,-2.3139401978913625,4.870683581610354,-5.536390038583431,2.426368314863255,5.717935792673332,4.166206153229369,-1.8069553657865496,-1.3634408527408965,0.4475637886712795
2026-04-19T04:00:00Z,0.0,0.0,0.0474319915411709,-0.5199974715222685,-0.16206918588883243,-0.794526166095523,0.07633164183807874,0.5894247345407793,0.2477121045163327,-3.008292337511307,1.1807075390144963,1.5086650752757658,1.0220899036661129,-0.5274551051290621,0.29036811983402766,2.111438906021066,1.0152710690418187
2026-04-19T05:00:00Z,0.0,0.0474319915411709,0.0474319915411709,-0.6461956012693634,0.12924673249913526,0.10156316827631026,0.14986680577729194,-0.26595436842506104,-0.07125701139356608,-2.317454054913004,0.9042756773304855,-0.6972235076325514,-0.14184214911822532,-0.1255700830817652,-0.3469963377985608,-1.1971384264596867,0.1743198418803967
2026-04-19T06:00:00Z,0.0,0.0474319915411709,0.0417999132988664,-0.5311413318777556,-0.1835254711089198,-1.1482410901624267,0.04093354978503184,0.1704948229433546,0.26262540337169654,-2.4531227161743208,2.0396111230488208,2.4939496492352844,-0.5485109746795978,0.5619718291565894,2.3252825826946664,0.1996977328816185,-0.05448014884436095
2026-04-19T07:00:00Z,0.0474319915411709,0.0474319915411709,0.0417999132988664,-0.5266708196832169,-0.005457578947484448,-0.6078459430542692,0.04398707407782444,0.11448349842152272,0.08756106570730901,-2.5273824119465806,1.6479010204044149,0.8675436855952607,-0.06817896309173876,0.6478279515161689,1.4067816889153832,-0.04640593392851678,0.35115301153008416
2026-04-19T08:00:00Z,0.0,0.0,-0.0053770347743699,-0.20385292370793034,0.3697995548443017,-1.0186135281105586,-0.17341409527787954,0.5911957326893631,-0.39638098521488413,-0.2531707558555439,4.409061760786283,3.019529978238322,0.4118891340979504,2.430861664626071,-1.7677447800021024,-0.8035600353376517,-1.1872338349018772
2026-04-19T09:00:00Z,0.0,-0.0053770347743699,-0.0053770347743699,-0.6227604208132924,0.5316149288590728,1.8870201682603207,0.1741670876872681,0.8044855146132159,-0.46464411503553604,-3.862803025479138,-1.2401173839679267,-2.765973019558173,1.0205046618096156,1.156762616196974,2.5161853059863164,-2.0561449813833206,0.31220722468314277
2026-04-19T10:00:00Z,0.0,-0.0053770347743699,-0.0006785786588269,0.13473459017864006,-0.566378049890619,0.9272485213536117,-0.6047495112094459,0.12378632418767224,0.5295575570227918,-0.5074301504178166,-3.9654556606444977,-2.3555965286536558,-0.6570018577735232,1.3163944790499984,-0.2463407152208723,1.344054595186307,-0.507737027059312
2026-04-19T11:00:00Z,-0.0053770347743699,-0.0053770347743699,-0.0006785786588269,-0.5980427775714511,0.26020813250254926,0.9162962193359032,0.12767349149953447,0.2598626636988602,-0.2042951560541044,-3.0618787074391935,-0.42663628287699107,-1.7448641847131516,0.47423473478616635,0.6866257902621953,0.638788197007424,-0.4590725105138199,1.0814719344288348
2026-04-19T12:00:00Z,0.0,0.0,0.0047238564559759,-0.006454322815835407,0.5653337146098387,-1.182614639444872,-0.31282511035733723,0.9993096367721874,-0.5693108280990002,0.004601609392895033,4.756927336984454,3.118581370842814,0.7083722182299466,3.0322130991860616,-1.024517672100851,-0.7961762462642504,-1.632294770565886
2026-04-19T13:00:00Z,0.0,0.0047238564559759,0.0047238564559759,-0.37308762742283136,0.04623288936003967,-1.2308003922791917,-0.1223807573398427,-0.4937126489180104,-0.02249006243014115,-0.1886883531571536,2.7191803440030404,3.39328462057849,-2.6836866860806508,0.6650848311820098,2.450722881191342,-0.45477408437154315,0.42076080993395376
2026-04-19T14:00:00Z,0.0,0.0047238564559759,-0.0911065843676309,0.396032718642364,-0.14283132713281624,0.2665992978373119,-0.7420675067046473,0.27923055529183605,0.02222545920452828,1.0306292198979305,-1.034146190237819,-0.6629545184957919,-0.5080800751220481,1.8324973928953103,-1.3460186913481622,-0.04706490759292009,-1.8221888011287297
2026-04-19T15:00:00Z,0.0047238564559759,0.0047238564559759,-0.0911065843676309,-0.5895719175286067,0.13243327846904526,0.2866178704780132,0.12540830093354216,0.47255782267227,-0.04954060971226291,-3.555754779183268,0.3425317368143275,-0.29182438840002983,0.6019463060365483,0.09852993947705466,2.2650523110874983,-0.05238493386984622,1.120745574852804
2026-04-19T16:00:00Z,0.0,0.0,-0.0953798799618788,-0.5483712557125272,-0.2844901380127735,-1.4142706485229652,0.09948229115900542,0.632929444350287,0.39757252263412785,-4.619520415086907,2.741378519822044,2.6647911994057116,1.7376851390360213,-1.5607360538636126,1.505351498989187,1.782756382182473,-0.6812960267639281
2026-04-19T17:00:00Z,0.0,-0.0953798799618788,-0.0953798799618788,0.404568673349007,-1.0170570526055707,1.0388394333225233,-0.7146754931582743,0.3070647963041149,0.7906831324516768,0.09146569294638286,-5.92313021944266,-1.5493065408668782,-1.2506637303229908,0.9290720186450333,-0.17302807116636318,1.344101696187785,-0.9286320294895759
2026-04-19T18:00:00Z,0.0,-0.0953798799618788,-0.0555294259667564,0.6779785784725473,-0.6972021565615886,-0.05729331372489732,-0.9873188721056864,0.2617684841100747,0.4622602058499424,1.109283039650233,-2.8340546010410073,1.6225962634860391,-2.1550396363450592,1.4668442854901271,1.1847145958190606,1.6944792294344266,-1.1988484725560522
2026-04-19T19:00:00Z,-0.0953798799618788,-0.0953798799618788,-0.0555294259667564,-0.4028645803311339,0.10287962710712183,-0.5325065999558057,-0.04729308182621292,0.6511725936620235,-0.0613501327391723,-2.6395852039317536,2.128361754650637,1.3288187512167118,0.9381009753243506,1.1072129140117222,-0.5222589844069304,-0.4928280986395209,-1.3881521176196914
2026-04-19T20:00:00Z,0.0,0.0,0.0440521420123209,-0.3211716128974253,-0.007257753502687793,-1.3134565849691666,-0.11951008876274331,0.7261415496091369,0.06043705929700683,-2.645185987029286,2.815056913595774,1.904037778382656,1.3087818365498323,1.258524735932936,-2.0774374327869025,0.7218436535618291,-0.6279805444450977
2026-04-19T21:00:00Z,0.0,0.0440521420123209,0.0440521420123209,0.7274502220552038,-1.0992729173629971,0.45315685684456164,-0.9897821810751023,0.8003986727253712,0.828656499078828,0.7047705140759827,-4.946814498075647,1.310026287501017,-2.5290152686433465,2.348107358902428,4.942180734160792,0.7329724597229238,-1.341872530094407
2026-04-19T22:00:00Z,0.0,0.0440521420123209,-0.0221466535669736,1.2338147160623423,0.15685295446761532,0.06637896069564812,-1.2909054140688416,1.7513966111124462,-0.34002108506193857,2.5494865728116594,-0.2282167245581881,-0.04806481298130238,0.2463452201911081,4.531007195723226,0.8032367778988121,0.4471232328920846,-1.3127767121924732
2026-04-19T23:00:00Z,0.0440521420123209,0.0440521420123209,-0.0221466535669736,-0.515315573611276,-0.1577195933002137,-1.0602861574277003,0.0731943466763406,0.8784560658210359,0.2701486410891025,-4.328444163987872,2.2278933131892633,0.7251988097941965,2.1533605964098244,0.33826365156982857,1.1112777214624008,0.45346827177728266,0.4092950939639285
2026-04-20T00:00:00Z,0.0,0.0,-0.0634056412658684,-0.37253443793534874,0.10292102258190913,-1.228486004788005,-0.10285846667975072,-0.06853481866206368,-0.051049479587788146,-1.3611541784761285,3.5938360070070927,2.3714809832083046,-0.2538772123668109,1.1261494773245502,-0.11947220605450597,0.6733953319533461,0.3894103545456952
2026-04-20T01:00:00Z,0.0,-0.0634056412658684,-0.0634056412658684,1.0571668853293468,-2.302189565321784,0.39558600334058197,1.077949430298645,0.24362970990584476,-0.525156940745535,4.26053930063261,-11.607969550031864,4.855422123961896,0.8689604132012353,1.143719751570185,3.564717374787642,-0.6481278655033363,0.5978240918521336
2026-04-20T02:00:00Z,0.0,-0.0634056412658684,-0.0229768002075646,-0.20682167130225007,0.09396521450032491,-1.2725761703590297,-0.24293954133778994,0.8390568174895672,-0.04947235333891143,-1.7915866559489793,3.1893375254650578,2.138431627058542,1.0831055456258492,2.1344423834822743,-1.7050338506156695,0.7318768419352963,-1.031077964460701
2026-04-20T03:00:00Z,-0.0634056412658684,-0.0634056412658684,-0.0229768002075646,-0.5117036291784349,-0.17301824369478552,-1.2696934215025932,0.06130795637697104,0.6759991211615035,0.2791903230377791,-3.8552326053873514,2.5112710159383633,0.9514636526500142,2.050457101434186,-0.0056955145546288164,-0.9326719532529234,0.8595996722200082,-0.10666098055898894
2026-04-20T04:00:00Z,0.0,0.0,0.0431657960367666,-0.655894351970779,0.5148664226959987,1.669869023438363,0.21592388224344625,0.8472827417357176,-0.4398093144519312,-4.695120672064841,-0.6724245140564165,-1.9520626620207826,1.4793719562065888,0.018464743634981514,3.258282794333184,-2.588616826432057,-1.2424522240362708
2026-04-20T05:00:00Z,0.0,0.0431657960367666,0.0431657960367666,-0.5072930393186964,-0.2175084417899468,-1.2893716812390943,0.06497712555360755,0.8130954326267782,0.31798843345271544,-4.120327002332055,2.5156248713974496,2.276164413460611,1.706075571493044,-0.4580103700752782,0.8265932271991203,0.5414921326740563,-1.4988786267068837
2026-04-20T06:00:00Z,0.0,0.0431657960367666,0.1136855564149494,0.05957847403355745,0.9238872891376201,-0.44102406848672226,-0.3602382288773823,1.0158641335697522,-0.8949969727764879,0.5453970408795821,4.450769142176503,1.4633695297508875,0.15606995078532043,4.103918497991712,1.3596219964360114,-1.6935658357180958,-0.5151965438581295
2026-04-20T07:00:00Z,0.0431657960367666,0.0431657960367666,0.1136855564149494,-0.3704239653574761,0.05750864849584324,0.6396753805330628,-0.10047534282515894,0.09727058543686741,-0.022716285412923136,-1.7934549384300913,-0.6525110669673557,-1.8103800597597448,-0.1254292818965649,0.475654812555478,-0.7519083438402647,-1.3470566363331384,-1.545265723701568
2026-04-20T08:00:00Z,0.0,0.0,0.067601680045592,-0.6322332156565691,0.06906129718453398,-0.05780173670277704,0.1616517893107617,0.1577256119865257,0.006725642952828312,-3.3746733802425095,1.055655880482672,-0.41590240444621557,1.2192775831654712,-1.2262105151202978,-1.7133738805003285,0.9996875778281125,0.42964106757796977
2026-04-20T09:00:00Z,0.0,0.067601680045592,0.067601680045592,-0.6549483947638969,-0.027643500524988887,-0.5478714171536074,0.16502960872333752,-0.2794559285138379,0.0877533337038544,-2.747055365340339,1.7682643480324132,1.0734795295634314,0.023964835956550613,-1.7032491304744526,-1.2693317959507784,-0.4014756099777437,-1.5537852417770959
2026-04-20T10:00:00Z,0.0,0.067601680045592,0.0377722142137937,0.040287058844242885,0.7132581255390642,-0.4530288785775132,-0.45557873712659475,-0.9621326184361949,-0.7821982035593501,2.5643533520612785,3.3928114836937753,1.9254791303560765,-2.8769110745517272,1.1210900783420459,0.5005223666243105,-2.0175897138543597,-0.47223519593103147
2026-04-20T11:00:00Z,0.067601680045592,0.067601680045592,0.0377722142137937,-0.5673501572571656,0.047779166637983754,-0.14491948723819345,0.08660722924879373,0.21216340476170467,0.01969125597553686,-2.3474441517103712,0.9652330854808114,1.0904721545923843,-0.9666559895708121,0.2555694677997332,2.894189349269434,-1.2480153188240837,-0.371962919386955
2026-04-20T12:00:00Z,0.0,0.0,-0.027940632156484,0.9627689803755353,-1.5864378868426119,1.1011193684718001,-1.249362103317131,1.0799595906287527,1.3074864451205348,0.990834836764527,-8.077373305143732,-1.739928452172118,-1.5999419441915586,2.7935301261015537,2.9468939801239915,1.5899875828799692,-1.6125687821191381
2026-04-20T13:00:00Z,0.0,-0.027940632156484,-0.027940632156484,-0.3967085281690143,0.22319575592581195,-0.31595844243367155,-0.07758927510300619,-0.09421674303878298,-0.20652524032862304,-1.3022359082500121,1.9029770866127411,0.8565224619707197,-0.459792711086368,1.5049440730588692,-0.5890374505016159,-0.7331490243547598,-0.19175877950835693
2026-04-20T14:00:00Z,0.0,-0.027940632156484,0.0132486920343741,-0.4839012448200243,0.06523674064442864,0.8712402296440148,-0.03464721605603656,-0.35461330411242714,-0.030690334397824506,-0.9994006603198072,-1.3705749543150831,-1.2432049959370843,-2.088284112945271,0.011826926601702792,1.663228821511534,-0.651540918412068,0.8877723129990913
2026-04-20T15:00:00Z,-0.027940632156484,-0.027940632156484,0.0132486920343741,-0.5431112813550714,0.08042381203271277,-0.16526887105059818,0.07686235739697103,0.6568725104224558,0.01681278048329808,-3.4298769304432195,1.199814554432203,-0.6550526828016962,1.0551590782260052,1.8484174532645712,2.4943764359045155,-0.7105859335457382,1.89825048831948
2026-04-20T16:00:00Z,0.0,0.0,0.0423732598578165,-0.004048190860460736,-0.21530301277082686,0.11402620332123962,-0.4928546972932206,0.05618636964377408,0.2400104178301594,-0.6087689864659717,-0.8852198138344683,-0.5192973367535643,-0.9969249527390254,1.792921968209787,0.5842821456159877,1.655141858524453,0.6130428723365928
2026-04-20T17:00:00Z,0.0,0.0423732598578165,0.0423732598578165,-0.16138064483669926,0.5137168383107684,-0.7895916489885968,-0.2114289770339767,0.7119431690754675,-0.5177007327068336,-0.5938749204676944,4.047236526041807,1.5086407145477452,1.0787895630434885,3.5080671388186295,-0.8246937155846157,-1.0469930582280522,-0.39019760836637724
2026-04-20T18:00:00Z,0.0,0.0423732598578165,-0.0282685882433222,-0.4093849660490434,-0.052552404996667315,-0.21936922455213864,-0.09553799151360305,-0.0019513972755347037,0.11729414556846002,-1.7872050301694704,0.5914504487515186,0.3796488335019201,-0.729785385446911,0.3783511517224238,0.6887983593095985,-0.47061121767851816,-1.1603290631282326
2026-04-20T19:00:00Z,0.0423732598578165,0.0423732598578165,-0.0282685882433222,-0.08861831349582866,0.12937345369799755,0.21527591988860684,-0.35209169434600585,0.7801674555749427,-0.11417978393941916,-0.33719968346117957,0.027605696363925666,0.2789839153331853,-1.3173938002475025,3.6922208036164377,4.211874636463739,-1.4502729589115553,2.9628243382366803
2026-04-20T20:00:00Z,0.0,0.0,-0.067770203651209,0.7064534042277942,-2.904901717949344,0.8044704734780139,3.3172983613844274,0.8783082316119399,-1.7743142926280917,3.1140281687362594,-15.158751886257983,4.090687878029047,6.03950629741159,0.7614814073679076,-0.2399062481309587,-2.1718251288675905,0.7245373843015298
2026-04-20T21:00:00Z,0.0,-0.067770203651209,-0.067770203651209,0.2616922303903048,1.1443743931517065,-0.583602338888022,-0.4924885231864829,1.2938060112141168,-1.114805120528438,0.8347729394146088,5.082342607220037,1.7825614802617165,0.8864933931077498,4.589741918766692,0.09760655620783358,-1.3298974875186522,-1.2653970995060169
2026-04-20T22:00:00Z,0.0,-0.067770203651209,-0.0977456623052489,-0.5586731220763627,-0.187580919797746,-1.0047743794194541,0.11509771058118619,0.6953064193858596,0.2867953585556523,-4.390263684584168,2.1189213337546082,2.556418175169556,0.8797000123109633,-1.3141764371903106,4.309976958698529,-0.48697392955453594,-1.3633533228718973
2026-04-20T23:00:00Z,-0.067770203651209,-0.067770203651209,-0.0977456623052489,0.21389910677894283,-0.34312078841022625,1.7138378257143243,-0.6770436138576645,1.5229174399553707,0.37034256291671314,-1.6602351756744438,-5.152669459272941,-4.44764316267122,1.8010554254180886,4.696259604083086,-0.9438659834714904,1.763435125111019,-1.9221568969955483
2026-04-21T00:00:00Z,0.0,0.0,-0.032154581168123,-0.5748725658242391,-0.046952533269047296,-0.5498362432866537,0.16363428727919438,0.9663935694976413,0.14006497672391627,-5.4665604361052305,1.838598280726181,1.8389177907530976,2.247495340596274,-1.9441063511415515,3.1604144777569454,-1.1886258132293361,-2.820075495486754
2026-04-21T01:00:00Z,0.0,-0.032154581168123,-0.032154581168123,-0.28245948765922013,-0.06852816597316151,-0.029959245498516692,-0.20095161018303753,0.728406318084329,0.15936982583109144,-2.2850858064724044,-0.29422710218251413,-0.42862693630856225,0.14752739193348904,2.525665604444314,2.149727253695922,1.7643030758389304,2.0024509209121657
2026-04-21T02:00:00Z,0.0,-0.032154581168123,0.0494331502250009,0.5543062629163317,-0.37282283856812837,0.22551469419801315,-0.9128099859373224,0.7361526716990872,0.25405246158061184,0.9388577184567534,-2.325051737620207,-0.19539375552094096,-1.3330574982176633,2.2212173656176724,0.04149453256588823,1.0769492880238973,-0.9831443462560239
2026-04-21T03:00:00Z,-0.032154581168123,-0.032154581168123,0.0494331502250009,-0.6329461403509211,0.10116813659512702,0.17758734970464657,0.16083996097104167,0.2945054936415061,-0.02762372412434055,-3.5539187845110165,0.5556501339711376,0.25864481086841534,0.49903819475262284,-0.8531141954393002,1.0564048108678719,0.031124704142111242,-0.15498163378589278
2026-04-21T04:00:00Z,0.0,0.0,0.0842983081860269,-0.3235499862954285,0.1441947123267982,1.5181348769661438,-0.1395896247529999,0.6177357852518,-0.10821020948052121,-2.4465488083625657,-2.423482396879533,-3.617926918137451,0.4044691102442123,2.6025543126396804,1.3730585917460798,-0.3834643285723679,1.9720178831723931
2026-04-21T05:00:00Z,0.0,0.0842983081860269,0.0842983081860269,0.26412539479519886,0.9879933007361057,-1.1215119637830218,-0.5490638097991254,1.079241972828557,-0.9582251464295393,1.400851147841459,5.576980476419248,2.597465283480738,0.08239981373154924,3.7135890607950937,-0.5868055830883468,-0.7822195406803326,-1.2298245407692603
2026-04-21T06:00:00Z,0.0,0.0842983081860269,0.1299143146737948,-0.5550161476512896,-0.29161038354559815,-1.4756475131273363,0.04564593373762198,-0.13344956201653857,0.3712527417830811,-2.3812314730435484,2.3175247413385107,3.445151596349285,-1.2100808211887455,-0.028752398873324515,3.845903630853583,0.2717474263381982,-0.09853704792550697
2026-04-21T07:00:00Z,0.0842983081860269,0.0842983081860269,0.1299143146737948,-0.5341858782636,-0.2635703908112645,-1.417960934229296,0.0676601848167247,0.3702320348417316,0.3515874406361724,-3.1504026224232455,2.4197574914950715,2.623581592536635,0.438547877605877,-0.7451978432679517,0.5799461230853236,0.5160867617663198,-1.0467517437441238
2026-04-21T08:00:00Z,0.0,0.0,0.0420696095745838,-0.5917029348758626,0.008989538380704687,-0.36274224357709567,0.1366888648731401,0.4700648350881068,0.07051331156746553,-3.5533391858119203,1.8634030748490893,0.6019737044371686,1.4026662359819837,-0.7002105624662173,-0.22733673958881148,-0.3986375580130678,-1.2911619142343649
2026-04-21T09:00:00Z,0.0,0.0420696095745838,0.0420696095745838,-0.5109500868562717,0.1868415506255395,1.2254201510397102,0.00020127777656699092,-0.02233800466546773,-0.13273920946654322,-2.087714924955057,-1.5585015383684462,-2.6743928745372374,-0.23516016343081958,0.23540060600014986,-0.7308143743438895,-0.4347436879173295,0.1732441996832307
2026-04-21T10:00:00Z,0.0,0.0420696095745838,-0.0171221507886399,-0.45427113491466664,-0.10579395804926538,-1.3432879422185753,-0.020472580275021874,0.04225809372881624,0.13583793857804738,-1.7644587963638545,2.869508845428926,2.914015378599519,-0.38538076325319814,-0.20068460162342097,-0.702757045227093,0.11387849814619437,-0.9748658185135265
2026-04-21T11:00:00Z,0.0420696095745838,0.0420696095745838,-0.0171221507886399,0.027870396550878182,0.9784846936502132,-0.7879774882691999,-0.4151100430421157,-1.2147359802978441,-1.0471344890288696,3.7853686815799255,4.820407472166125,2.607347375206384,-3.6685194682108118,0.5346699084605196,0.8397624859376325,-2.5202372693640287,1.7160379355186177
2026-04-21T12:00:00Z,0.0,0.0,-0.0568021174587255,0.4549401976612524,-0.09395435093603036,0.7335436767546644,-0.8030099862145423,0.8825765463624192,-0.006085423475499786,0.44258381788678874,-1.9784214205172772,-2.0086992004447435,0.6067433390219465,3.3214381743792347,-1.5630886972045852,0.9778829234911132,-0.8443713973763753
2026-04-21T13:00:00Z,0.0,-0.0568021174587255,-0.0568021174587255,1.443176847605114,-1.4712852154109972,0.6049741448737347,-1.797223597778074,0.839522379401704,1.2037237280955706,2.7351504205980204,-6.962316561993026,-1.7207996688149996,-1.1565539441697008,2.3651601868419183,-2.136081313514173,3.2010623525155877,-1.4477038164143758
2026-04-21T14:00:00Z,0.0,-0.0568021174587255,-0.0251125346511612,-0.7048130388025197,-0.21057547782461378,-1.026734090313228,0.24118066295720392,-0.19615615112375628,0.28110887182801453,-4.645955788333157,2.279436736812068,1.9234070754592525,1.6758773195710557,-4.305007938389604,-0.41008537199494094,0.6359202071513472,-2.278270616641533
2026-04-21T15:00:00Z,-0.0568021174587255,-0.0568021174587255,-0.0251125346511612,-0.5527430624492687,0.28035522577600414,1.8827692404897007,0.054679280019670054,-0.1320701557919806,-0.25901116741015956,-2.172453236812712,-2.393604613456468,-2.8118795537907766,-0.6581013906661034,-0.4257733051056442,-0.2940850763230534,-1.3305878252024084,-0.9087953478297
2026-04-21T16:00:00Z,0.0,0.0,0.0335980215754752,-0.3649702429679212,0.06605495365543772,0.7637260115638094,-0.11122199911011504,0.6553593779920732,0.004726944589023182,-2.857029010654886,-1.2824969367531085,-1.683321034229383,0.6839302980805974,1.08033627065124,0.1238730871332109,0.33617233404822655,-0.45901868195310824
2026-04-21T17:00:00Z,0.0,0.0335980215754752,0.0335980215754752,0.2958373095717199,0.9784609512532065,-0.6150838953765736,-0.7538552119240238,-1.8115563656629332,-1.0979614458464457,5.5605045736171,3.3734787232590118,1.0488040318237608,-5.144709173970879,0.8421975998704311,1.784709716037262,-2.196823879171036,7.147035549602461
2026-04-21T18:00:00Z,0.0,0.0335980215754752,0.0358247708557331,0.22760050313826222,-0.28701125133984823,0.5749785975851122,-0.6868094721213932,1.0066802330415832,0.28711455310675965,-0.4438847361260497,-2.479865538629342,-1.2749451537570902,-0.3024629429630573,3.1773797980519682,0.40499550424581465,-0.5645267735087598,-3.2615547225117476
2026-04-21T19:00:00Z,0.0335980215754752,0.0335980215754752,0.0358247708557331,-0.5422754512117556,-0.2605017814810641,-1.3377784514132853,0.11664851783673666,0.8468572575935164,0.36802732970338603,-4.93958990192471,2.622711630946465,2.402227903889423,1.973731870674825,-1.792365975915316,2.2512784533361425,0.25534837719494063,-1.4987469322117444
2026-04-21T20:00:00Z,0.0,0.0,0.0021543668174439,-0.5847868834243515,-0.10838360270017033,-0.7706375299551788,0.1711422200484825,0.8156500906169029,0.201044895432852,-4.989269344580939,2.495351174153808,1.903539140234253,2.3149928099017596,-2.4621841613993514,1.1711338764862549,-0.296230193725047,-2.5115734199540776
2026-04-21T21:00:00Z,0.0,0.0021543668174439,0.0021543668174439,-0.5436280942756878,-0.158811230924026,-0.8775695459556324,0.11201617519013628,0.9177266199549726,0.2768065216801648,-4.915736632914216,1.728230746109492,1.0923313188049983,2.2562735622151857,-1.3258476452342876,1.7141092351454523,1.5286467863191209,0.48804534177975156
2026-04-21T22:00:00Z,0.0,0.0021543668174439,0.0319414168973191,-0.42224601378399795,0.1669933643383207,-0.11810948364998142,-0.032715179042676484,0.5632083310049948,-0.14577670410229185,-2.299924104094682,1.5276107972520738,1.4665271246539457,0.015395836649685092,1.0630461190429918,0.16996752590832317,-1.2218580217848483,-1.7615819166970252
2026-04-21T23:00:00Z,0.0021543668174439,0.0021543668174439,0.0319414168973191,0.3611768748210269,-0.8139958935503425,1.5381398572176435,-0.7663086804496154,1.322328970941545,0.7191752597618568,-0.9392453253966027,-6.851470838804972,-2.3143502746506517,-0.5381865250890405,4.37396669509977,3.4543267307334866,1.2189313719267534,-0.4790035292732261
2026-04-22T00:00:00Z,0.0,0.0,0.0297230158009194,-0.5420150362214095,-0.19483284028912223,-1.0234646991126508,0.10683438106452416,0.8482822473239052,0.3069303145065945,-4.606340783874546,2.2112331804001073,2.2854715222156066,1.6343264192592073,-1.373153540476341,2.8882015133328904,1.044064345417698,-0.6251628568081365
2026-04-22T01:00:00Z,0.0,0.0297230158009194,0.0297230158009194,-0.2252112362977052,-0.014393045513178554,-1.2863442076161693,-0.22536078864472325,1.2271644811470837,0.08636284517164282,-2.747982368757989,2.7762704530323186,1.9152921117751445,2.0150299350729735,3.5743463526540893,-1.0296201405658811,2.004509156203264,0.06258997124882212
2026-04-22T02:00:00Z,0.0,0.0297230158009194,0.0923792060222381,1.075494312367575,1.1549557430488842,-0.15725644043209847,-1.22633443546411,1.8703142442041691,-1.149087009931373,4.837218835817653,3.7137745773757636,-0.5010161377290885,0.8501016008415252,5.6368080731508865,-0.6128009039848611,-0.34573611704412255,-1.6668376871099781
2026-04-22T03:00:00Z,0.0297230158009194,0.0297230158009194,0.0923792060222381,0.65232282955092,-1.4851827787028966,1.115670356185215,-1.023895039964821,0.05627882866035907,1.2506547793116212,1.907014600956885,-8.27387560213617,-3.3297414208296,-2.311947959802542,1.942959243044938,3.109378497998251,1.177586876220624,6.842904408097061
2026-04-22T04:00:00Z,0.0,0.0,0.0608476155819288,-0.705682644444195,-0.2280578845943411,-1.2802003386511434,0.17954510351599665,-1.0245389461630827,0.26988398491809734,-1.9638028459020747,2.705242304028487,2.577967366277308,-0.7620828763041093,-2.6408721014486027,-1.9157559407355322,0.6645072070797052,-1.155336599009482
2026-04-22T05:00:00Z,0.0,0.0608476155819288,0.0881586355632118,-0.45139661010862436,0.20107964974400058,-0.04461588054206652,-0.01063139209901823,0.12400690805113145,-0.195500310585899,-1.8978637936360656,1.4754712246049566,1.2914941363699077,-0.4895529106063328,0.2267101865243849,-0.018711182980536915,-1.304071184895155,-1.6094360749412298
2026-04-22T06:00:00Z,0.0,0.0608476155819288,0.0804838162826517,0.7132388113393952,-1.2035204261379555,0.5333163141034357,-0.9750507295883816,0.5673074557811922,0.8815944677489306,0.5107479695828471,-5.692575198480958,0.8791487958121442,-2.073803389505067,1.1114479858706898,1.1133678041527642,1.2285307914313914,-2.0001419288180027
2026-04-22T07:00:00Z,0.0608476155819288,0.0608476155819288,0.0804838162826517,0.2191122138110552,1.2496764147888428,-0.9308737798576388,-0.444205945954936,1.2737143561477873,-1.1806718595829038,0.7772434431499927,6.415346532727274,2.083273204002315,1.1004169288326058,3.5387865708371558,-0.7163354088142933,-1.0634628672044482,-1.6161647175518417
2026-04-22T08:00:00Z,0.0,0.0257445269048386,0.0185099164218336,0.11435203430429233,3.0706989595446283,0.05730030397153307,2.2372883772816192,-0.5592811109274003,1.3248578960885775,9.426194580946726,10.859860783704322,-2.912262703151791,2.4703833224781535,0.17708118737615297,1.385558733113242,-0.6055741855365918,0.303594667914329
2026-04-22T09:00:00Z,0.0,0.0185099164218336,0.0185099164218336,-0.7485603325960414,0.4396102315775944,1.85153284040978,0.2551508789709084,-0.2865793545184756,-0.41053002962487634,-3.1989767019671427,-1.2150167732271144,-2.585539540342598,-0.12853608106608821,-0.9688133545907174,0.4726693486658506,-2.440655226975239,-0.985817194937263
2026-04-22T10:00:00Z,0.0257445269048386,0.0185099164218336,0.1535459112917467,-0.7230535098046273,-0.05543551579619316,-0.32075319332169727,0.21795921321333822,-0.48598667722457467,0.1185386637800111,-3.2382026260828938,1.1232893464339035,0.24165987313446208,0.22140220921067347,-2.4868669649357877,-0.11860219345144941,0.07403631627046005,-0.26636806597554374
2026-04-22T11:00:00Z,-0.0070530334729987,-0.0070530334729987,0.1245937765542322,-0.6927339446149734,-0.20026662296512068,-0.8475832436644614,0.17825794886419136,-0.5341868499935646,0.26293448120948776,-3.1609112280695517,1.831733248520576,2.33046861647407,-0.40665838424504486,-2.309837460526889,1.5167471772693475,0.6716275859815417,-0.819110434407313
2026-04-22T12:00:00Z,0.0,0.0,0.1325819147095921,0.20531221441587258,-0.5385207892723092,0.5912357803579864,-0.6479711437967948,-0.636033123602102,0.39607083719162905,1.9459516935618952,-3.3835054605396992,-0.35638925966141133,-4.033541993696989,1.3101715834585421,4.84265538445368,-2.567445235265785,1.3856847357821351
2026-04-22T13:00:00Z,0.0,0.1325819147095921,0.1325819147095921,-0.547615580113396,0.06859289830818195,1.285848332274458,0.02786020573344188,-0.6933181964027477,-0.06809868698460497,-1.5375042173965494,-2.0966370635109053,-1.7760177005790785,-1.4944350288903216,-0.8907217840600493,-0.10528273379782031,-0.6616720776514544,-0.4997023916443321
2026-04-22T14:00:00Z,0.0,0.1325819147095921,0.035518085605233,-0.6361253445293462,1.806211093281996,-0.10943967430102042,2.137768070739665,-2.680699063886925,1.4525829795469098,6.6014488529860005,7.516430762305621,-3.31770570977733,1.5997757096919152,-1.9676422995199248,-0.8928623519281345,-0.10267986374295904,1.4223427262089476
2026-04-22T15:00:00Z,0.1325819147095921,0.1325819147095921,0.035518085605233,0.7561346235617981,2.104071241730604,-0.4203236292588178,-0.9244162889801645,0.24843891236633112,-2.117453113000031,5.1319672746289005,7.128829302081455,0.3690255784599247,-1.0579255833220194,2.901654737294229,-2.519674627234133,-2.3294590960605444,-0.010870061595957313
2026-04-22T16:00:00Z,0.0,0.0,-0.0857013765130157,3.447913417550971,1.8407147847373257,0.4913276986002387,-3.2267413577048045,-2.6626393395272268,-2.5027178940950745,14.71435619877159,3.5596076653847843,-1.6599104554906,-4.720783370821881,-0.43969868941526635,-2.77511716823161,-2.500657764644133,-1.700354190662492
2026-04-22T17:00:00Z,0.0,-0.0857013765130157,-0.0857013765130157,0.6169722159952508,-1.2826940525916422,1.3977177607467446,-1.0155745623652703,0.45828738663653434,1.09315215906892,0.815198898953089,-7.709372533980353,-2.9179354328541005,-1.6642733802462444,2.1094147320664827,0.7875123927003251,1.5637511527802184,-0.16072760219191376
2026-04-22T18:00:00Z,0.0,-0.0857013765130157,-0.0497721057783605,-0.6290207925420915,-0.0307735184190962,-0.18998866255377125,0.15946413820719801,0.28984029536743827,0.1054155727337324,-4.052952662279152,0.9372311352911014,0.38061736123910866,1.0049500063107952,-1.467511519250385,1.3768834693041883,-0.11322941155628631,-0.5010196782267833
2026-04-22T19:00:00Z,-0.0857013765130157,-0.0857013765130157,-0.0497721057783605,-0.6255196113254863,0.5158446998860011,1.945060189263248,0.1822191841779251,0.8688211262816236,-0.4510725943978395,-4.343868887924648,-1.4317513268986215,-4.105860533632437,2.1186657754940605,0.9381939343001198,-0.718223748442445,-1.3460298576616232,0.8191723181786672
2026-04-22T20:00:00Z,0.0,0.0,0.0392970850132388,0.17426335702778442,-0.6072283588486986,1.5249513788888422,-0.6412455381729433,0.48862284148000007,0.5568194278320951,-0.7315020830977559,-5.739038769284088,-3.168455129860053,-0.6593823283023018,1.9915500511113,-0.12725028956363416,0.87480473606847,-0.8206355162866936
2026-04-22T21:00:00Z,0.0,0.0392970850132388,0.0392970850132388,-0.6486162357671439,0.49397386971595103,1.7944317083075898,0.20711602066835103,0.7793116958771337,-0.4317612272805266,-4.210198150600469,-1.0880440035148744,-2.890263066407957,1.747234236544891,0.004546200590863593,0.21236272716305074,-2.0337686204913656,-0.775851741486527
2026-04-22T22:00:00Z,0.0,0.0392970850132388,0.0064650305738254,-0.48401963824129396,-0.28166306373755556,-1.3065505847264867,0.046500198117503624,1.034980341538307,0.3969040686180018,-4.855364804044996,2.087300069014917,1.1248428787913738,2.7704326026792803,-0.10973637971408064,0.29071904487266964,1.829705002591404,0.33504949421323765
2026-04-22T23:00:00Z,0.0392970850132388,0.0392970850132388,0.0064650305738254,-0.6314851899708871,0.501475901455958,1.7795960773581458,0.19005610158146238,0.9350417671276896,-0.42765388093099604,-4.695122866648788,-0.9587571273152076,-3.052371473584976,2.0295768713372255,0.6816805978330323,1.3954934179888212,-2.3499622196910743,-1.0392591405904927
2026-04-23T00:00:00Z,0.0,0.0,-0.0315906345864475,0.07186844922906312,1.034130332299634,-0.9624681537446226,-0.39535048804784867,-0.6105886881444714,-1.0779725084197627,2.564920107899879,5.875169107005816,3.234805879659226,-1.8092258034477673,0.27332196906470196,-2.07480329368015,-1.348666944362292,-1.7988674903322721
2026-04-23T01:00:00Z,0.0,-0.0315906345864475,-0.0315906345864475,0.15615961522222044,-0.650978069059092,0.6694084484971025,-0.6527105818897015,0.20765404100232504,0.6380563236562172,-0.17378061004166648,-3.9116708427527644,-1.7563496865511719,-1.3491707919306413,1.996320704387804,1.2675805163629184,1.2888849902985464,-0.37426977761925034
2026-04-23T02:00:00Z,0.0,-0.0315906345864475,-0.0923520130930563,-0.5253446381805752,-0.17939573328853242,-0.825609696026272,0.05338254915529456,0.5853566803877965,0.2789103639978413,-3.671966269897409,1.3293236098938754,0.9837578092800209,1.0000769188168663,0.41213344248624056,2.2193324316243492,0.9410379918421046,0.8449205205979066
2026-04-23T03:00:00Z,-0.0315906345864475,-0.0315906345864475,-0.0923520130930563,-0.5898020217151895,-0.07276531807481733,-0.4345728827187981,0.12507272869909597,0.2545101653527631,0.13344172962759868,-3.32701200496505,1.235310796081615,0.6710430678389271,0.8178765921491735,-1.3269539569904727,-1.3488647815013952,-0.33552756440243103,-1.544827617080647
2026-04-23T04:00:00Z,0.0,0.0,-0.0627434850143782,-0.764471588152424,0.283964899441014,1.2351057231732976,0.2729056742986807,-0.3752388079042972,-0.26641913882117757,-3.376135139758931,-0.6513669294904897,-0.7824277444585244,-0.11015393142628817,-2.443818422412793,-0.2803751390749308,-1.7380342536788154,-2.0564482983366577
2026-04-23T05:00:00Z,0.0,-0.0627434850143782,-0.0627434850143782,-0.7729948495656963,0.2305249931761045,1.3792412306037007,0.2614798610522005,-1.083090188637867,-0.23117836181558862,-0.7462721048423642,-1.7076357275573022,-3.05159179478971,-1.7919424417252434,-0.6187642650741398,1.8350153123155986,-2.477477723999775,7.516342687527284
2026-04-23T06:00:00Z,0.0,-0.0627434850143782,0.0479674350331693,-0.6829824262029656,0.32645193594682564,1.2820426385165418,0.21534217655050739,0.32344594163803836,-0.2673330956041313,-4.112875511007346,-0.5302435415873554,-1.3543202949459672,0.6546958696119969,-0.8933053080462418,2.263192969411034,-2.1026028379867667,-1.303554296405528
2026-04-23T07:00:00Z,-0.0627434850143782,-0.0627434850143782,0.0479674350331693,-0.6798790692205635,-0.05706975399714191,-0.20330075520577587,0.18298767499265411,-0.17335050473716143,0.12713297896725093,-3.6464513967698324,0.8410391362699648,0.6877688098367842,0.111852773428066,-1.7536631531676254,2.07290787982043,-0.3658060360855583,-0.5242637501466617
2026-04-23T08:00:00Z,0.0,0.0,0.1181223264681665,1.0239199956583993,-1.5638210686008571,-0.11123502718804057,2.252304093603246,0.715463785641267,-2.2600410591775897,5.401404000886094,-8.852921371745165,6.1314609348752365,3.506822913392452,1.4765625242950802,0.6879062895936865,-2.4923250650546773,1.136309153526878
2026-04-23T09:00:00Z,0.0,0.1181223264681665,0.1181223264681665,0.158840302288828,-0.8719040952987769,1.1480846355610355,-0.6213719629939162,-0.37974736793472724,0.7544282751497613,-0.22625933022363381,-5.505191702552608,-2.045155838385943,-1.7622149112485361,0.17210438703995257,-0.1110507126277572,1.1928025034331562,-1.2541965280993819
2026-04-23T10:00:00Z,0.0,0.1181223264681665,0.0853318512229093,-0.6150761176204003,0.07109978747920544,0.33486253576139174,0.11526829631628382,-0.3193946294963329,-0.02380195551479362,-2.4226433260416114,-0.08480782251938114,-1.0424736834244301,-0.15649691203317323,-0.08472536469100693,-0.2524461924240394,0.13159004766671586,1.2095209775397497
2026-04-23T11:00:00Z,0.1181223264681665,0.1181223264681665,0.0853318512229093,-0.8162621990524359,0.3546765541574056,1.2815079203086452,0.3135847472140073,-0.552406462036466,-0.303318251531408,-3.40868972441335,-0.45046006260217936,-2.389868451428505,0.27136248281748737,-2.2777389354085993,-0.2115269013021447,-1.4222923696973262,0.1913741666986675
2026-04-23T12:00:00Z,0.0,0.0,-0.0293263755396362,4.510194649537426,4.094299665411643,0.4006146552154569,-3.6464863013724576,1.3693655056786713,-4.498332338080144,16.25854679007254,9.809091147966258,-2.5935215913795626,-1.1566972229357908,2.132398274956661,-2.748516607389125,-3.0685209964638074,-2.516375538713569
2026-04-23T13:00:00Z,0.0,-0.0293263755396362,-0.0293263755396362,0.6922959979076441,-0.6473139837331388,-0.01761801906354909,1.4729517826963758,0.39811453942241354,-1.907065232318103,4.995324680813581,-5.384478408067452,3.485229118638395,2.9972786419801887,1.7531147327832228,-0.4332023083128334,-1.483312848210799,1.5211606830967725
2026-04-23T14:00:00Z,0.0,-0.0293263755396362,-0.0530172100638036,0.8361924816148885,0.3121295500868412,0.20381926126065023,-1.0764219119207104,0.44325852968838914,-0.3995625442561357,3.1298788907912245,0.50398065128577,-1.1767372248452812,-1.4282127611570168,2.9423601550368517,1.2361280314015537,-1.4032545269535552,-0.31421903545761337
2026-04-23T15:00:00Z,-0.0293263755396362,-0.0293263755396362,-0.0530172100638036,-0.29740833816411977,0.051990743863365114,-0.5684360590520862,-0.15213883295286254,0.8079189129369406,0.005496036067334183,-2.371325976325603,1.471295567991874,0.875154362116168,0.6996743862187212,2.332208020672387,0.9501106036351515,0.5401831957154908,0.6371014591537854
2026-04-23T16:00:00Z,0.0,0.0,-0.0244065913888801,-0.3659858064036909,0.09291792783944518,0.9754458675881423,-0.11683302994456797,0.7928277010731236,-0.00847709789071831,-2.979821725589267,-1.415097669874464,-2.89433023812429,1.1252859982504402,1.9835236328483556,0.14763106933106335,-0.23141713702722516,-0.05094980328756516
2026-04-23T17:00:00Z,0.0,-0.0244065913888801,-0.0244065913888801,3.5946053436436562,-1.792147293954595,-0.5332002742654232,-3.338331403226986,1.4127769682504143,1.0229187318590824,8.05848690986956,-6.2033770324769915,1.4303363941929679,-2.5145020352474057,2.1098258241244126,-0.4593777789340238,3.1566324146996907,-2.5063826498277866
2026-04-23T18:00:00Z,0.0,-0.0244065913888801,0.0505713450874221,-0.32151800986009726,-0.0607752618586814,0.34282136081548215,-0.14932071063447316,0.2018128238325737,0.10609281868225993,-1.7146185851435998,-0.5716536858175504,-2.0592181224706505,-0.28410227783172104,1.5432029428553915,-0.2426591443462166,-1.3578186505402425,-0.20954444248381734
2026-04-23T19:00:00Z,-0.0244065913888801,-0.0244065913888801,0.0505713450874221,-0.6075825968737071,0.24346830567463823,1.1337673431024495,0.15530332220897508,0.38296176605082116,-0.20513756219644275,-3.3832840455617017,-0.8654815029844688,-1.6901166363844102,0.7725067718597931,-0.13643088355164726,-0.3030092382221167,-0.8884410949719552,-0.06842130299132951
2026-04-23T20:00:00Z,0.0,0.0,0.0768536726616908,0.3006936918005437,1.1027844518244945,-1.034283610166987,-0.5316323396665179,1.3329295590220667,-1.0344267364785573,1.2329941373793232,5.674413257928772,0.7430784502912112,1.2902791783301975,5.231316925153416,-0.517016936783843,-0.6152365901855114,1.3964004078970411
2026-04-23T21:00:00Z,0.0,0.0768536726616908,0.0768536726616908,-0.3329766765579365,-0.15275736540663043,-1.56611957311872,-0.12237351550471902,0.4952934886757212,0.19255101261525207,-1.7825739147891269,2.956421524739235,3.30082963798071,-0.04789452194162386,1.0940921241704553,-0.40289399708851303,0.43576540926052776,-0.7776402791805315
2026-04-23T22:00:00Z,0.0,0.0768536726616908,0.0225902030873015,-0.42658031838343513,-0.3240789635474824,-1.5976195886959026,-0.022904787038188837,0.946328392837346,0.44029403159259334,-3.4633668092190337,2.4237971093062556,2.977418376924529,0.6725129036600981,0.8301079760422685,3.0184488326051575,0.8652786346523746,-0.011579468044029994
2026-04-23T23:00:00Z,0.0768536726616908,0.0768536726616908,0.0225902030873015,1.607770911787105,2.514034357401391,0.05774216208971976,1.1943417010789807,1.3190731333693324,1.744947587575116,11.288738915129864,7.37457558535342,-3.859472949705478,3.5480509871178083,1.5800196962525053,1.2138149516391128,0.7950003638022259,-0.1558721988023143
2026-04-24T00:00:00Z,0.0,0.0,-0.0503907549855541,0.26317767243743223,-0.9410533165070881,0.4098473562744256,-0.6626159205530933,-1.2472450081787982,0.6870271594484253,0.5637882378615193,-3.9952724909194948,-0.11335954113645125,-2.0578806409472876,-1.596715876274165,-1.7306375693840903,1.137654893586896,-2.3422766247753373
2026-04-24T01:00:00Z,0.0,-0.0503907549855541,-0.0503907549855541,-0.4656787938214894,0.03196082519565253,1.0686408675246193,-0.02478893678160592,-0.0679060193688565,0.000696949396755217,-1.9479206908237232,-1.9888578947921292,-2.77015201901372,-0.34956295085197897,0.23953379201775457,-0.9119820645761907,-0.17376912180021012,0.9314712201516391
2026-04-24T02:00:00Z,0.0,-0.0503907549855541,-0.0130942512538422,0.026153359564925815,0.46416148348697694,-1.3587044175943486,-0.3508574601274834,1.2288920929889628,-0.4561167097005962,-0.4241127020136179,4.613333524755502,2.25651599123029,1.6767223064218248,3.894942281818672,-1.4565049619370642,-0.17609721159014996,-0.6200850491722633
2026-04-24T03:00:00Z,-0.0503907549855541,-0.0503907549855541,-0.0130942512538422,-0.5802691437945467,0.15580471949830366,0.34354815220970775,0.129435551415279,0.6912256049684642,-0.07631044631601556,-3.8381681937304912,0.6132330204041649,-1.1804908555782767,1.4904709473500963,0.6331233308603424,0.739184965084093,-1.4170881485650828,-0.33849718120033884
2026-04-24T04:00:00Z,0.0,0.0,0.0392756325062362,-0.6148885816991315,-0.39028138462450856,-1.5618597199526079,0.10794578535641283,-0.40525102667082036,0.4539106953930658,-2.797033626476028,2.076385176614918,3.202177818868186,-0.7447978543224628,-2.0765787355360352,1.056434262206358,0.5902620739161668,-1.1184714997892167
2026-04-24T05:00:00Z,0.0,0.0392756325062362,0.0392756325062362,-0.6537355176418306,0.3172960057004165,1.3615613932593607,0.18463358023757118,0.34679351657806023,-0.2665594353543004,-3.7651555634550014,-0.9478805416096697,-1.4653340482006754,0.4297574134634466,-0.3303114336078816,1.799700465369799,-1.3757380838528896,-0.4604833588553943
2026-04-24T06:00:00Z,0.0,0.0392756325062362,0.2418066795474562,-0.6556632162516609,0.41341077131558074,1.5060418458146159,0.205724486179263,0.7000029404664648,-0.33643692498941646,-4.586299080034273,-0.6781612131838967,-2.5922809593257985,1.5056655072013512,-0.10524550960670301,2.4060244927981094,-2.109576160334684,-0.31230345466888537
2026-04-24T07:00:00Z,0.0392756325062362,0.0392756325062362,0.2208872449356422,-0.5476310433222016,-0.22611025060439988,-1.32577708452416,0.02457388578427689,-0.6079449817721467,0.2887920889333621,-1.4364036500072628,2.0597445356526816,2.9235730449689004,-1.7883274174005195,-0.5178719110059763,2.3012197967136325,0.27425480186122564,-0.19295531265705135
2026-04-24T08:00:00Z,0.0,0.0,0.2140757508293336,-0.5866742914049502,-0.2424062359708813,-1.137287557513659,0.09311692970510209,-0.09368719942427724,0.320374267144802,-3.0303404901738795,2.2380428328303807,2.1637922975730186,0.07321428236860754,-1.0372243774240826,0.44113339583633077,0.7709731144398874,-0.7242989181044404
2026-04-24T09:00:00Z,0.0,0.1948771247073424,0.2911588867237276,-0.4988724368957194,-0.26469650901232844,-1.4732801595488598,-0.00044926109308520936,-0.08183436334096467,0.3402907527254961,-1.9521653947013409,2.2194745984584174,3.072393298356959,-1.0487389958674735,-0.048561542338506895,1.5389602137920624,0.7532616900643294,-0.35161884955894607
2026-04-24T10:00:00Z,0.0,0.1747482638378092,0.2442765828953423,-0.6160617374351169,-0.31654229550927077,-1.3821855194056105,0.0764879436824106,-0.8854761313176022,0.3532420258184494,-1.393159484249829,1.8906718483226619,3.625137979955547,-2.548649951505947,-1.270962989148152,2.216444312332737,-0.07118228194902941,-0.591653075357772
2026-04-24T11:00:00Z,0.1948771247073424,0.2140757508293336,0.3692102211549219,6.11553237121546,2.3066171835349367,0.1397993931562884,-4.955194887120661,-1.0138317465642286,-3.23682863285015,21.424193200067954,4.526826528231912,-1.1355086333602198,-5.554537734993507,-3.0217206262836167,-1.3475702720283333,-1.8138290551713823,-3.9474632733236836
2026-04-24T12:00:00Z,-0.0168459672156359,0.0805787976232008,0.1474819125746422,2.7332813780631264,-1.4670389395735979,-0.5263944741118739,-2.7239527369527567,-2.350412578552871,0.6889607043842765,9.995890690573514,-4.035771338300393,2.3085038470930406,-6.1469537130895215,-1.560170680477716,1.2164902383883893,1.1319893693540477,-2.28682574969975
2026-04-24T13:00:00Z,0.0334773740061078,0.0591857176535759,0.1482779976679105,0.6702156446925427,-1.1242403404355097,-0.16011252270200646,-1.117028322281942,-1.794676343265353,0.8200872832459326,3.2217321118758258,-4.164763922802647,1.383086196838338,-3.8157033861297562,-1.398380032849984,-1.2428090863412071,1.9157638534191608,-1.2011611952977481
2026-04-24T14:00:00Z,0.0634912078935259,0.127779893651295,0.2803333910879015,1.3941412798108874,0.9416627829221871,0.0003788696376077215,-1.571693217014891,-2.0910970884977624,-1.2173389150942129,8.377506096492173,2.628445616615311,-0.06930391823528384,-3.7912204379467136,-0.24126065252483014,-1.246221701455631,-1.4826804027089757,-0.8157781512130675
2026-04-24T15:00:00Z,-0.0363102514419021,0.0619141473982265,0.1279678202632863,-0.31439077798112997,0.9035389872907823,-0.9553662326317707,-0.1901557592302174,-3.9369134990310624,-1.0108565104332843,4.486390723352812,5.463024675932747,3.038893395819673,-4.77014445656195,-1.779790661300619,-0.5219843630836977,-1.7073061563038983,0.19145436636368524
2026-04-24T16:00:00Z,0.1004066458993127,0.0841139363280893,0.1737946326157529,0.6125852194840908,-1.3128425283275498,0.7818498851960347,-1.0577647573225708,-0.3677211803319557,1.1284103766818847,1.811657595484579,-6.458931418468684,-1.5195058920028586,-2.7514085448193732,0.8295431945646067,0.6172640326782715,1.2587793334006205,-0.3792230970314695
2026-04-24T17:00:00Z,0.0013801147309246,0.1352688572436771,-0.0160405270700146,1.848749348717482,2.840783482603625,0.21071235492168974,0.5042280101452692,-2.0967231377277185,0.879817233760488,14.827862673557059,8.196065105450412,-3.6768261961781548,-0.9340875157556683,-2.1384529076750867,0.25234350776774955,0.5370713777781589,-1.0851466714363085
2026-04-24T18:00:00Z,-0.0161638873838674,0.0622024605537994,-0.036098364819574,-0.2808550132254675,-0.013427860719655706,-0.16011409572699148,-0.2219527760783381,-0.5058211740741663,-0.0033049453587727937,-0.5996528170219189,0.5380103695861365,0.7238403199537737,-1.6785500348464093,0.5178272279348979,-0.608300847852303,-0.4420433810097816,-0.6271029448367326
2026-04-24T19:00:00Z,0.1523303534172013,0.0827225748904341,-0.0326599243657429,0.46107147937395404,-1.2130617647238577,0.3552287595386209,-0.832135642063048,-1.1734151896880463,0.9562068481560831,1.2117868734705144,-5.122846527082728,-1.4866085734818186,-2.242842230003179,-0.1993577351647337,-1.0487564706389514,2.0751087710159997,0.8249245882826708
2026-04-24T20:00:00Z,-0.0630691443440825,-0.1332806615351507,-0.1763545162164508,1.0470586875294996,4.088228373642439,0.26360716727586736,3.1903966234008094,-0.3132471145542231,2.9366217994032535,14.018468963568806,12.032055089806013,-4.0141110435093665,2.4626452530866336,-0.9681600154416322,3.3733101794384557,0.7134040824461019,0.8958530997207408
2026-04-24T21:00:00Z,0.0028423098987744,-0.0925443397317329,-0.1098560155171383,0.6535151895186864,-1.5688879780541491,0.8173645417323193,-1.0769135644162717,-1.262199731074818,1.3084197522134418,2.3961307657380613,-7.342052378926261,-2.450873673061351,-3.33298161346203,-0.266826498249672,0.14423630853386865,1.7637377256362858,1.3825979443215273
2026-04-24T22:00:00Z,-0.077559640143468,-0.1065670024178198,-0.1218243617933239,0.6415964987349093,-0.5215241777820541,0.1307388412072843,-0.9924027484796337,1.2843946667788801,0.40729105729154813,0.14328038698454534,-2.9852935089161514,-0.24643889710542072,-0.07995290366609492,2.967604915401996,-1.3457754732936844,2.5011613972805518,-1.3074513191183388
2026-04-24T23:00:00Z,-0.0190328396838526,-0.0496975811773087,-0.07908599449663,2.3680519068363464,-2.4306023128924945,-0.2934270180560787,2.957780700375866,0.617663328252339,-3.252513648721737,9.449346898193507,-11.571718696092365,7.059095146133319,3.9147207782876845,-0.9705309621391576,-0.8710179234388833,-3.229199530020774,1.904237984344685
2026-04-25T00:00:00Z,-0.0126543364441328,-0.0190771588556597,-0.036761936206702,-0.6582550934157635,0.01048686680863237,0.7209547111745683,0.14040135110608315,-1.1335674863561354,-0.03978102083309195,-1.6524485104652125,-1.030160668548623,0.06502938478109345,-2.173056076865268,-1.0855217032564994,1.9658095108341147,-1.1783804987203652,0.19364718030357117
2026-04-25T01:00:00Z,-0.0188438220173253,-0.0170772284175688,-0.04109968683417,-0.10208824547972042,-0.5019161833001121,1.0182308042998365,-0.4014087134407881,-0.28864753730417436,0.48287930839767873,-1.039565763155035,-4.000919629331544,-1.6392406757932232,-1.2790836898672697,-0.5765684428653133,0.41155388180211033,1.1332139269779573,-1.6432744158208208
2026-04-25T02:00:00Z,0.0125756547675894,-0.0309253272823717,-0.0082191716268446,-0.7816981666550391,0.3205065974447714,1.779508247792575,0.28147966729698276,-0.9512243717898307,-0.32681106797229387,-1.6094838930261894,-1.9868939911441543,-3.7543446276372756,-1.1454118126310204,-1.0050815337877967,-0.6961678702257292,-2.2082513451628585,4.164267297684574
2026-04-25T03:00:00Z,-0.0106413109923461,-0.0180287139918277,-0.0204004674529858,-0.743917688183137,0.4274030341465345,1.7000567915561826,0.2715118750648836,-0.004010298507687522,-0.38354188904323555,-3.443102972346815,-1.3360946416882171,-3.382976940431104,0.45670241820565,-1.3504510943837467,0.2544711206909437,-2.2593018565122693,0.3760655826286023
2026-04-25T04:00:00Z,-0.0326670318842022,-0.0244398228539632,0.0120283332376476,0.33650843009980536,-0.25209483393860876,-0.21173332510086065,-0.7976159271805865,1.054401747294549,0.2784791370854802,-0.7738935410595418,-1.0105042528783124,-0.8962566789476163,1.0063490904300758,2.888449674343591,-2.1893982848804403,2.4178902119036545,-1.4206941978228376
2026-04-25T05:00:00Z,0.0260511866482604,0.023430759563503,0.0552465504383399,0.2360775567460142,-0.7245220960422329,1.3676174019314418,-0.6166485892138848,0.7391503915345343,0.6418031717217726,-1.15329007439905,-5.6292987807140085,-3.30785635762025,0.13468353026319413,1.113893083977982,-1.1066096774112129,1.45242418568727,-1.4430675961636241
2026-04-25T06:00:00Z,-0.0171006508419994,-0.0024152981812732,0.0533008689316494,-0.38666851949336783,-0.03756083683242017,-0.9408734046231166,-0.06289588757304082,0.3792533354833628,0.08529767362782735,-2.755693498490482,2.4170368886848776,1.8846576512291981,0.7820469331262739,-0.14473642579154278,-0.9489634715040657,1.2885337278745932,-0.40383099275283524
2026-04-25T07:00:00Z,0.014799842697321,0.0373817596760635,0.0752423642813515,-0.36475413820655306,0.11177569650022506,-0.3760347118428157,-0.08594128514684618,0.3370625451854669,-0.0866436377815603,-2.372088198847763,1.6072442802999736,0.79650629995722,0.20595239238189667,1.2503855202724388,0.11401134820604354,-0.5014361280568882,-0.2230095534126418
2026-04-25T08:00:00Z,0.0001389517741416,0.0310873897208312,0.0581400283652306,-0.7327486187887001,0.3714561168811986,1.5984262342071907,0.25513415820690505,-0.13732288550202246,-0.3369929959205416,-3.2182632245069014,-1.3518655546601304,-2.844830052859008,0.022626010475722595,-1.2703961907288586,0.3526226240848981,-2.0226231672964525,0.2366100292189661
2026-04-25T09:00:00Z,0.0221105581862315,0.0558510640864329,0.1313899102354414,-0.7244173729471877,0.357976084771152,1.408384666064558,0.2610104976329427,0.08044811422498613,-0.31287632997991316,-4.120287193320379,-0.6724293040384595,-2.3191796434443193,0.8981888566436994,-1.7084306654883794,0.3429627617079047,-2.2644984357300952,-1.3449084122874673
2026-04-25T10:00:00Z,0.0086424897451706,0.0364963083764944,0.1109947728921079,-0.13127866837429522,0.3553382250628365,-1.243302948763227,-0.2874701270787049,-0.6584518805523738,-0.4118898427365921,1.0681891223268007,3.9204391979953437,3.531779650311031,-2.2190532977005146,0.3414987349445773,0.12549676538496735,-0.19898013696715133,0.35525815109985287
2026-04-25T11:00:00Z,0.024159336049033,0.0262369988364652,0.0789541402490798,-0.6851995985926598,0.041892384367604334,-0.11072074850513192,0.23723560278236952,0.10767803743906047,0.024364192877565142,-3.8004709073709653,1.5300747011908744,0.02495039596719662,0.8782100641464039,-2.4316336640204295,-0.018419844205892256,-1.4332462693727648,-1.2259289027099263
2026-04-25T12:00:00Z,0.0033742980875024,0.0715430885267591,0.1256293048344894,-0.7065361058179792,-0.16510658814663542,-0.8751207598919479,0.1559677172286057,-1.9262759860479672,0.17175239931588376,-0.5742792770752684,1.7402536830590756,1.9696025669273007,-2.4731756542923287,-2.6001223428749016,-0.37009701983972265,0.26369729363542205,0.4934130598471559
2026-04-25T13:00:00Z,-0.0013411208416627,0.0718752820570132,0.1244014109577089,-0.6565451039435092,0.41060251448444995,1.4392764583741875,0.22594374585077037,0.8389777774024001,-0.33622455249016486,-5.127704550696533,-0.5348794927458325,-2.1899813023829697,1.9795176671027304,-0.8818666799860851,2.2979161332129667,-2.511446580832664,-1.7989278471892618
2026-04-25T14:00:00Z,0.0693737015306885,0.0513693634826892,0.1106460283342785,1.2304474879320677,0.8073146454696732,0.010619781417666271,1.1057815556323363,0.8557196033633857,3.083427143211357,8.879276255142829,2.6973906502015152,-4.418527155916252,2.980806211999604,0.9393253198285646,1.8477426082956114,2.7465748002635,0.5841591094151213
2026-04-25T15:00:00Z,0.0036853583274654,0.0504750736455146,0.0741822781128307,0.33410801646739824,1.9914212697191207,-0.5435914000970836,1.6142515204713148,-0.4148579038846452,1.6224995754103726,7.993158291544891,7.967270548579206,-1.7035784070063544,1.8718197166413766,-0.47829303337032225,-0.036794630358976343,1.3545522143036013,0.2623087203773392
2026-04-25T16:00:00Z,-0.0204463451176127,0.0490039557586343,0.0892718696707308,-0.19099941235522927,-0.3529709028944939,-0.5475527248219207,-0.3238363240006796,-1.2215108896752407,0.3366712926459783,0.7086253296918192,-0.00026833577751415524,1.1575922899378384,-3.343826361483217,-0.2710041533923751,1.4841126200833334,0.4314587188388614,0.6985906123779956
2026-04-25T17:00:00Z,0.0684640972882244,0.0563804376563092,0.0819388407012482,-0.675883199137521,-0.07942760825549224,-0.4407139677393607,0.17925130293370883,-0.30529668434206847,0.14785078922522749,-3.031267535503199,1.2462057974770262,0.024300932403165203,0.016925072407610955,-1.2975765871284362,0.1343756230612035,-0.5060620519723411,0.4054174024179389
2026-04-25T18:00:00Z,0.0022797662096905,0.0225680790169002,-0.0049292837148394,0.2614257430661726,0.9688043333045181,-1.2438638796937869,-0.5272156288586491,0.5905211681786886,-0.9570561598389964,2.086701864483386,5.953842194625579,3.3431854981461364,-1.2064394962524436,2.530550100398815,0.28775655742773804,-0.6506669342515282,0.08803811729811045
2026-04-25T19:00:00Z,-0.0135582301935698,0.0383868084491396,0.0054193173683287,-0.01654386933001773,-0.4089018026722447,0.5831941934992632,-0.4930860360403664,0.8445230374347289,0.49050518408579424,-1.4066754239568438,-3.085638984176412,-1.7635934815994,-0.48420283068790904,1.8940258699395047,1.9093483550349963,-0.5880669147812778,-3.1137792892750094
2026-04-25T20:00:00Z,0.034264967918701,0.0241943168709588,-0.0021689336599187,-0.17223011147197997,-0.05551206383526913,1.5403026223491347,-0.27941718525075215,0.7274833821220638,0.07213024410598955,-2.0416002698304494,-3.1446181633473405,-4.067066604075308,0.4310606512717075,1.9261991496952133,-1.2576823661880259,0.0015173051582928344,0.9705745402685094
2026-04-25T21:00:00Z,0.0177846433542243,-0.026890495895565,-0.0281917716124789,-0.001659146820629388,0.7148431658996246,-0.800943542981944,-0.2900059039070859,0.388425715127453,-0.7330401781172023,1.0858477187558582,4.474713089022193,1.5980472953096194,-0.2923334049896285,1.922904892058257,-2.0605836464291634,-0.884469229828007,0.47889768110835623
2026-04-25T22:00:00Z,-0.0270407459540049,-0.0317487576041617,-0.0632080588400769,-0.3983524370706175,-0.09178593506088627,-1.04829789272178,-0.06502240317846962,0.4343120475183346,0.14351998809404531,-2.442089327539336,2.4563371246688965,2.2542702459300763,0.07925165567221316,0.7393085733753443,0.8465766170126199,0.5448556755090656,0.16751454821743045
2026-04-25T23:00:00Z,-0.0173221492589453,-0.025740477267459,-0.0235182560774014,-0.6235295732161558,0.40043851301890754,1.6844456575035507,0.17336689962749655,0.7225287784966313,-0.3222832481061632,-3.95975745859711,-1.552307510037041,-4.190245384112382,1.246730640518771,0.7461753195920152,1.066894615510251,-1.1904147648676253,2.737882189830548
2026-04-26T00:00:00Z,0.0127033404386227,-0.001337234618946,-0.0075847329594496,-0.44476898624235056,0.10382837667020856,1.5057654069202226,-0.03371208788983973,0.29611801504025453,-0.06067347926727316,-2.6518010778904006,-2.3631583835399206,-2.69009768298661,-0.12355357070560401,-0.5235287481815919,-0.002554987937004702,-0.5715668913117766,-0.8704603997139658
2026-04-26T01:00:00Z,-0.0210032510368461,-0.0324908452046727,-0.0341465812584089,-0.10844294379150872,0.3717830814857025,-1.2856054607386838,-0.23733896337946106,0.8188001642720119,-0.3455044684031784,0.06662486928367391,4.321110705110946,1.0778558392056563,1.2937732703108216,2.8118767940841156,-2.796541535646711,2.715630385362468,5.697425309645262
2026-04-26T02:00:00Z,0.007291955584181,0.0022809335071469,-0.0234800947632519,0.26957270229880476,-0.6518502350641799,0.627122545256441,-0.7326152049728858,0.028396656420276785,0.5683103026323636,-0.013993767069061488,-3.7651598167120133,-0.6786474333753563,-1.850304427547659,-0.025269494045736047,-0.1688726117094175,0.9628711974983192,-1.9759927737070915
2026-04-26T03:00:00Z,-0.0188882704640339,-0.0062558638982797,-0.019422471115063,-0.6825390108270563,-0.3168165880753349,-1.0179929203455507,0.20041159302986145,-0.3295379457192746,0.3738907895194166,-3.6138298715631767,1.551327088618333,2.4888374866821117,-0.044181204402127736,-4.037174500615294,0.5200614081148897,1.5100212173320504,-0.36892196575876224
2026-04-26T04:00:00Z,0.0141813858689812,-0.0017113389010634,0.0084483496579541,-0.21649755358450568,-0.18285710603704183,0.6813399465331587,-0.2677833955479262,0.41166327811020675,0.2296465812683562,-1.745102673770164,-2.028820517703837,-1.946532433912589,-0.5631393021489195,0.7644596210020244,0.27572404598484873,0.6667396380409207,0.794631513148694
2026-04-26T05:00:00Z,-0.0012875225496077,-0.0257024027986412,-0.0177278822234699,-0.5236853931087887,-0.33145096644665883,-1.5144512969687234,0.052963068219319474,0.30327862043513415,0.4308695511624288,-3.3495838705356604,2.5481377387334483,2.7031273801403266,0.30955564756786924,-1.2816884934526716,0.7947297260238195,1.3902798890419152,-0.42542880474789535
2026-04-26T06:00:00Z,-0.0144015151535282,-0.0132494942495293,-0.0062094547182306,-0.7125058916048869,0.37945984473956507,1.492416680444708,0.24755919246400251,0.2994237608366915,-0.3026022394382792,-4.176751471259829,-0.9843401891413769,-3.3795922006435677,1.2929169280228885,-1.3171062853124602,0.32192400244242914,-1.1155494539621258,0.9773747702056251
2026-04-26T07:00:00Z,-0.0101916150277057,0.0101771050347636,0.0266413981868842,-0.5061696667965258,0.03460371302363014,1.4041068484285109,-0.0011983756004751447,-0.31738646911950413,-0.014160960284640317,-2.214387722804144,-2.4929624648103985,-2.60532551427594,-0.9267572256284391,-0.5437253629457479,-0.1786754425903106,-0.4862738479584243,0.03317488733246556
2026-04-26T08:00:00Z,0.0114774428821773,0.0081848919653275,0.0078178100689636,-0.7270745041728565,-0.11604238931199147,-0.3346324216712249,0.24554229415296988,-0.35825055459304916,0.16277625729990353,-3.879254910916646,1.144933453813099,1.0281689736364663,0.22838786843297978,-3.6263050248294184,0.7469538525183886,-0.9882121308972067,-1.8506194085269378
2026-04-26T09:00:00Z,0.0089977338209066,0.0071345689617299,-0.0053384139867705,-0.6242401374699491,-0.3424292055913176,-1.3281676412074115,0.12048030994487853,-0.3441458511186631,0.415017593220175,-2.673228419804703,2.097231537983169,2.411997974910795,-0.7587828535674433,-1.9511211647355464,0.8947303937470912,0.7524408270439796,0.07526137132928036
2026-04-26T10:00:00Z,-0.0121436580812963,0.0162984223955007,-0.1285931838297752,-0.8069355382107576,-0.23402251986541098,-0.6665375541965122,0.2515887572254677,-1.6093938765266096,0.2334801050346592,-1.9471697945655624,1.3264120879887895,1.5986350148126458,-1.5188612671421593,-3.484744180110921,0.18463344405829743,-0.6712327142180252,0.024100305965529232
2026-04-26T11:00:00Z,0.010423689712153,-0.0003641017627712,-0.09254186074135,-0.7266402454940288,0.27402108029064104,1.069800356682827,0.2597608235559057,0.14483494531995572,-0.20596331834510012,-4.527256076846165,-0.27931489497160167,-2.1082835303366965,1.2866780211885998,-2.0925192631144056,0.7510063644116205,-1.502722531541077,-0.6040945465475372
2026-04-26T12:00:00Z,0.0181785400733158,-0.0123846239945464,-0.1134591088590117,-0.15406567318035438,0.128724842916047,-1.406198810962858,-0.2886687432770621,0.12820779844458147,-0.11768629808456595,-0.428416051211534,3.377039588970421,3.4530082995714304,-1.2618459307168757,0.4739730834272821,-1.4240530271516503,0.9857266921138661,-0.5116107988969365
2026-04-26T13:00:00Z,-0.0283398656118801,-0.1425679731783448,-0.1179540841566614,-0.5528537097776645,-0.24391717883025868,-1.1065245198761684,0.11458305509014088,0.6263344944396615,0.3409853216861601,-4.200113940419233,2.3417491562912796,1.8342697865636663,1.5220910200079072,-2.039083094958442,0.09063540007996279,0.7368973354515131,-1.3152761088044749
2026-04-26T14:00:00Z,-0.0017265546389304,-0.0922113332875762,-0.0131234440157421,0.5197561540838631,-1.19220098668882,0.8954034983342551,-0.817547572524544,1.0824520050525785,1.0033264702524094,-1.103377562012853,-6.533974133859844,-2.513433826778549,0.41802448547531895,1.1159945898318753,-2.7722221281694517,2.713479625261745,-1.5985694308087264
2026-04-26T15:00:00Z,-0.1160335182179703,-0.1023419514520673,-0.0426225156450805,1.0142989250020642,-1.6532302446731861,0.4451814684620071,-1.3019902365069929,0.5762571777774074,1.3335482424928442,1.3535220763529896,-7.393886307722637,-0.2211363801881903,-1.8939350148928924,0.9494829862722998,-0.6900971035524669,2.897303475384181,-1.3970712151249798
2026-04-26T16:00:00Z,0.0287253453354776,0.0287065192945061,0.1098246051240092,-0.44101003236364483,-1.1735198526186212,0.47554133456883474,-0.06972892412301492,-7.242049208909513,0.6590908625640736,5.167285722854792,-5.382729588806997,1.3980253539577063,-8.785575733863567,-5.470061964588066,1.4316938117587035,-1.597334388687825,3.010422751259516
2026-04-26T17:00:00Z,-0.012866952695814,0.0871214768061079,0.1060406611751803,0.1670206550297122,0.9225025315754847,-0.34363286570556245,-0.5243852971375511,-0.7604770982502537,-1.01082215600844,2.9369147828466136,3.7903453613774944,1.5439430007970218,-2.695121323064119,1.4780937563579792,-0.3597029820400288,-1.867675514481938,0.36925349235456667
2026-04-26T18:00:00Z,0.0130161302713989,0.0665280458450632,0.160226665030617,-0.6119339299335003,-0.02664864856143181,-0.19158922127480282,0.1673647358161934,0.5819173504424697,0.1236536287362339,-4.766305450629534,0.9849506279079501,0.35421950329532165,1.792060887495902,-2.0055486830977505,0.48791166217121124,1.259057378308394,0.08095642185844197
2026-04-26T19:00:00Z,0.0871413718812139,0.0788544490659342,0.152340083475186,-0.5779970609810484,-0.2729861332832077,-1.3391520173558817,0.08190991649045826,-0.08603920701727254,0.36388763996212486,-3.1555139696788608,2.376938038965483,2.6681350165460187,-0.08420321989924241,-1.3182645463644405,1.294218156353111,1.7205192662127666,0.06894134906133899
2026-04-26T20:00:00Z,-0.0315662946670057,0.0174030085622589,0.055820108989772,0.8365850538722331,2.3723654135246197,0.0874765862916388,2.5014585282356014,0.273196305367354,3.2940423561456296,11.432861845842595,7.936318344131298,-4.2442321467280095,3.168494649702331,-0.7449213816449921,3.3235998921832692,2.256493670766069,0.1970399846043964
2026-04-26T21:00:00Z,0.024724069260549,0.0878538727139723,0.080682869271649,0.2574333254584685,-0.5953287964875043,1.3824932960150693,-0.7197489154546789,1.0516643879127106,0.5849949686741402,-1.0628392540819143,-5.35566162846631,-3.323037193000393,0.3696389407506314,3.1522541519275973,-0.5213790708082001,1.5398683935577209,-1.3936291336459583
2026-04-26T22:00:00Z,0.0252179090905817,0.0681145028162744,0.0810523031819678,-0.5406988521970536,-0.31776426266430635,-1.3777381611448,0.09986351551538715,0.702792805477599,0.4206827910690151,-4.36502367094028,2.659182304959585,3.3042917829806897,0.7522218422041709,-1.7065115167204847,3.805656472882874,0.5256985095757856,-1.0019155842874519
2026-04-26T23:00:00Z,0.0354936519226647,0.0377599634601064,0.0165898603207377,0.0913571904338031,0.9234352433357422,-0.6397475201105459,-0.3681455311074462,0.9091817926580793,-0.8889385127450687,0.9639329068479603,4.976560150694549,1.3690429670046051,0.39317705381040013,3.3927670154846465,-0.046396687147266115,-1.0496604936168825,0.2979713572893027
2026-04-27T00:00:00Z,0.0061302048146334,-0.0065918811544358,-0.0262775158337049,-0.581506969640662,-0.18411373469563913,-1.0611540844864726,0.06886195876940691,-0.49979366125745955,0.2343995030246588,-1.5425012468325339,2.1820190064415144,3.172212670577349,-1.97874139316366,-0.7810088210557651,2.2998249898059826,-0.03718078720593552,-0.3373756136482502
2026-04-27T01:00:00Z,-0.0039175602697583,0.0121127466498962,-0.0305967580825137,-0.6265360154309297,-0.2799192823999807,-1.3744206915334778,0.11312402515898641,-0.5453588855123216,0.34767426242610294,-2.1908897683323705,2.4672470636267896,2.8155352152910433,-1.1812048480547583,-1.6910728569204583,0.7298909037072906,0.740300126344211,-0.08710044401208979
2026-04-27T02:00:00Z,-0.0087613349398963,-0.0203998071661803,-0.0209829027217794,-1.0826943844640697,-0.23392970424692866,-0.5938604977456422,0.44299510140254833,-3.583263444685525,0.19303079216031602,-0.7186933131727905,1.1434908498791692,1.1144160437304818,-3.0725055266905255,-5.724415621019994,0.4626949373555738,-1.07661998344139,2.089456259802969
2026-04-27T03:00:00Z,0.0250743735271097,-0.0198162611174808,-0.0370498008915181,-0.689491114144245,0.5201168463547431,1.7752463808434178,0.24993069213626648,0.6766670362420015,-0.4526177258056481,-4.510282729562091,-0.5898465972342815,-3.308811298166808,1.575760110509355,-0.6260766618036036,0.6356313781396112,-2.963327407321849,-0.9600693562769161
2026-04-27T04:00:00Z,-0.0359151653134391,-0.0421983666086401,-0.1012684403420233,-0.457039202172356,-0.06029891204187434,-1.1525493919297634,-0.031932769250932656,-0.30381544214789985,0.07953524841628438,-1.289426739074958,2.8067638623311857,2.8261232793516613,-1.0642995008508533,-0.22161722073228768,-0.8940185934172121,0.34092655714942915,-0.420711204650448
2026-04-27T05:00:00Z,-0.0081708558745128,-0.0005952383021815,-0.0916989834058762,-0.7176345659486921,0.0895386966137722,0.1932576899511617,0.23702567580434536,-0.12796807431184803,-0.025242628517262524,-3.978275285235992,0.8043695332360933,-0.7117699430808099,0.7856248575778596,-2.0774025225347286,-0.13744540266524724,-1.2342039084630239,-0.974387986699992
2026-04-27T06:00:00Z,0.0016672082636612,-0.017581948251544,-0.0744945479495117,-0.7611598378512501,0.3248874492942472,1.363144306715925,0.2634173540130539,-0.370757317613881,-0.29102803601482696,-3.0627906598827948,-0.8653577340635089,-1.409635683800423,-0.7288129608941935,-1.7165448969796062,1.2087574876774294,-1.6255161483214353,0.11850132157420347
2026-04-27T07:00:00Z,0.0059608804955026,-0.0616725548109886,-0.0606428985475158,-0.7684884410028985,0.3410355435809486,1.1528529485062289,0.2840751615369394,-0.16177004808541687,-0.2757981419250541,-4.217977397170892,-0.2355952305816168,-3.1047569923406297,1.3900557237218651,-1.8860432036155772,-0.9758510149993085,-1.5112304657866786,-0.2913324549341392
2026-04-27T08:00:00Z,-0.0250288043617326,-0.0911580058403213,-0.0627916121607168,-0.644701100788348,-0.04556338961717465,-0.3533976089622742,0.18316784837587058,0.2771630652552582,0.14765521836488651,-4.224093780013906,1.1253002152419935,-1.0635762405844422,1.8992318746947348,-1.9239062438515488,-1.3933330878302914,1.4992800252123308,1.640960341560024
2026-04-27T09:00:00Z,-0.0432872942563702,-0.0579311420394583,-0.105610553568446,0.34333082964098316,-0.822696304680889,0.8073841279144135,-0.733770515465615,-0.622658162306819,0.6463962721188887,1.0773368572620032,-4.00541297931202,-2.2149051206423436,-2.4158255398589947,-0.04899082261501804,-1.4209057989829537,0.7290666027339133,0.82886803707534
2026-04-27T10:00:00Z,-0.025649843917764,0.0010973315005886,-0.0858760862662857,0.37603581899694627,-0.9610113347575404,0.6639794163272793,-0.792738686250018,-0.6740207368169917,0.7536510081881583,1.2851903426488915,-5.086506010036189,-1.0179987613162778,-2.9332625653134725,-0.07661126583860148,-0.7055479188708489,1.3043488054000187,-0.15605227173736683
2026-04-27T11:00:00Z,0.0106157139763423,0.0312115789784033,-0.160059666240382,-0.4263705903789336,0.06662322005895696,1.1086202887814687,-0.05077329296012142,0.178268191776191,-0.024019326412422104,-2.4784622635055826,-1.7060488519817387,-2.6849564704996927,0.13944501505987708,-0.1928959542664158,-1.6802552602986718,-0.045259542303364285,-0.2784332772639907
2026-04-27T12:00:00Z,0.0166587385194845,-0.0506113869767519,-0.1462046373993686,-0.8354369687949069,0.4408287131753523,1.671015206379706,0.3324987214221108,-0.7060781299865377,-0.41027069693293283,-2.6369000768637822,-1.2282651496547885,-3.6332960096332756,-0.2803749990978369,-2.219022773423403,-2.231395931453816,-2.0201743509694943,0.5298807293857212
2026-04-27T13:00:00Z,0.0036598154001026,-0.0868780837089099,-0.1726058119049092,-0.6195897560336925,-0.2832034899914115,-1.3286654810397958,0.10588777781868151,-0.5396118995464766,0.3592652441509985,-2.3839620167934226,2.1923935255301923,2.5650655774740243,-0.5471709009262625,-2.001560853914646,-0.5713129844117503,3.253498170140897,1.7629180804759519
2026-04-27T14:00:00Z,-0.0695730434466027,-0.1854820573371308,-0.1635971719146286,-0.24623251490726342,0.37217761284950784,-1.0725499301018486,-0.13483542233682844,0.3460113325772223,-0.3885981661606874,0.07884130013195322,4.350523344007733,1.822516842066891,0.18205275811404145,2.097937058021209,-2.3979814597093956,-0.6498968372295197,0.6944751782351483
2026-04-27T15:00:00Z,-0.0221776806709377,-0.1006892742458833,-0.1203371635898694,1.4004622947854586,-2.0366105736403473,0.1665669105380356,-1.542951213692479,0.8771833019367672,1.5676880362667114,2.0492459027944543,-8.2377398256905,1.0154067420395836,-2.4068170238750346,1.1689774452759603,0.3579295378323322,2.8151591356167045,-1.4769462475438817
2026-04-27T16:00:00Z,-0.1047209431862109,-0.0938842083039768,-0.09481741807511,0.4743515741154675,-0.22067685635948936,0.12790834784852714,-0.8726259089575518,0.5474063883124038,0.1666953847681052,1.6520269193381159,-1.4230200622928866,-0.8718465817821109,-1.1635204371722196,2.503688234900813,-0.321360446790241,1.0155687096894694,0.2808036313650648
2026-04-27T17:00:00Z,0.0272860765027487,0.0268685123754977,0.0156906379580779,5.004892265089614,-3.250092083181636,-0.87676265630188,1.551783232194556,0.1742413238092238,-3.33520568577809,16.609044165741036,-14.719793846645205,9.259061968110608,1.8817814386432765,-2.3735560079559046,-1.0058684609697441,-1.9951214908797366,-1.8043361826124467
2026-04-27T18:00:00Z,-0.0147785190998106,-0.0218477204611458,0.0479284321272652,-0.2234234416257846,0.4404757105904492,-1.2396291390351826,-0.16712106047863995,-0.3823113956416425,-0.48712985101015555,1.012800508782538,4.786218751860439,3.748175393450873,-1.4133278765418311,0.9918537843371595,-1.0250518904425707,-0.9960890056631945,-0.7776020840390468
2026-04-27T19:00:00Z,0.0145876295904192,-0.0010299012330271,0.0731445007302784,0.07573620374619844,-0.29111098097812677,0.24597877797261838,-0.5740100784143217,0.3917214528952803,0.317802554138344,-0.38674928977084494,-1.700073178317526,-0.6463736462020678,-1.2903821149375632,1.99204687687157,1.7953791910950239,-0.44696514703015616,-2.0417634416307266
2026-04-27T20:00:00Z,-0.0214499662228944,-0.0108853999150889,0.0321023484284404,-0.6446951088894052,-0.030217117212213967,-0.3161346294780664,0.15269344223209247,-0.1354890100943367,0.08857238116275266,-3.2937624558134644,1.3258294230764327,1.5173401745763,0.0877040802852663,-1.4527879679357656,1.3043095116932808,-0.11496124488311193,-1.511528577342562
2026-04-27T21:00:00Z,0.0061897525262688,0.071334652127281,0.0766044579849121,-0.5585903171620297,-0.053050532806044465,-0.5120305762693864,0.08569721107692724,0.2875068399319757,0.1344339405088551,-3.1010046735434487,1.0314330611512372,0.10160049682244242,1.041790636551076,-0.15353768121400177,-1.7635361658491113,1.7252857887147666,1.3816945522158968
2026-04-27T22:00:00Z,0.0045780536695716,0.0742508730289916,0.0688441604125278,-0.7125007771816813,0.43141345532034436,1.444525488525615,0.24340798060442212,0.23777273358820974,-0.36517502195559426,-3.775826286907743,-0.7324213496032608,-2.575547457718587,0.49064220626544436,-0.6575277604380149,1.705412197424349,-2.209390849924569,0.5680359910680524
2026-04-27T23:00:00Z,0.0598919073034995,0.0434608369342026,0.057677504942992,-0.48142510078330875,-0.29048331470070043,-1.5307041997319424,0.04829175364921513,1.0400839800368864,0.418943856424476,-4.66818394532258,2.810860442939563,1.6800020890478937,2.727940462322627,-0.36605806821325765,-0.38275678723138734,2.531299070661448,0.46309033144194406
2026-04-28T00:00:00Z,0.008928646093818,0.0049189166495895,-0.0637770186902214,-0.2288738845669967,1.7043496568573524,-0.8656569231242507,1.8759399992807833,0.5840596141997043,1.43150228080123,5.878985165475982,8.523227351848785,0.07527785307557405,4.033424398489406,2.31244959013559,2.9092409391246643,1.0946222833448278,0.9121344184940748
2026-04-28T01:00:00Z,-0.0242150293142057,-0.005033007421459,-0.1130529283593214,-0.5662093918358279,-0.254610935469844,-1.3246154131940187,0.09700980190188724,0.2720714577288574,0.34774654006400557,-3.2142044453460725,2.533817451067412,1.949815593657842,0.6007635100697636,-1.088612853365301,-0.1667461558953182,0.9855538065549427,0.03139680738189808
2026-04-28T02:00:00Z,0.0207430787555873,0.0136245343433869,-0.0868326167293377,-0.6338073022375921,0.07907468797293116,-0.035903590223321555,0.15724430461555944,0.1570940247221079,0.0059310323381183295,-3.4055388696214592,1.014641392270491,-1.069316888444824,0.8867064725866566,-0.5360464260534527,-0.529022984188368,-0.6649281104529755,0.2967808617128194
2026-04-28T03:00:00Z,-0.0010629871739759,-0.0683596797728158,-0.1053895909008496,-0.5806728193153939,-0.2622628744851545,-1.3948924816830235,0.10216959241691724,0.12221954227190152,0.3666678268587668,-3.589099448234503,2.602682371367574,1.604286269264328,1.2651820300855117,-1.4731061161513648,-0.9527157713615108,2.128312038302172,0.3656280443838258
2026-04-28T04:00:00Z,-0.0059171872954493,-0.1085663361132409,-0.1044376195769647,-0.20733124822150864,0.052309202662802874,-1.3713252565287435,-0.2655895136423374,0.48823237852039564,-0.002578959070511396,-1.1086445110072307,3.035932045296339,2.9663028249058856,-0.930937367102767,2.2197489436789173,2.103469570253646,0.4966933534411911,0.47069223130202364
2026-04-28T05:00:00Z,-0.0618168991168307,-0.0991068661709136,-0.0991068661709136,-0.7037381492208885,0.3963540045433159,1.1996241584997918,0.2565258613892249,0.45475768643995396,-0.31925910764288434,-4.88088537334742,0.06727522166777536,-2.9699853595473513,2.518658949876811,-1.535524276489834,-1.8094202206999457,-1.242245708200137,-0.9432395801163803
2026-04-28T06:00:00Z,-0.0441739564057849,-0.0397470035635683,-0.0350239152253811,0.48899061015825723,-1.1716483980881447,0.9579109716508476,-0.8433810608982879,0.2960077273830311,0.9620652623123782,0.2153042986171082,-6.470362112641035,-1.300998623620024,-1.9038700338892964,1.1445874510159546,0.9081514157479539,1.587749488167069,-0.6479544673676276
2026-04-28T07:00:00Z,0.0046315465788835,0.0046315465788835,0.0095729146969008,1.111756392471243,-0.902884837249711,0.13123566073129558,-1.4139198400081125,-5.828758894973051,0.24821301798075854,8.770363512510558,-4.611780283009564,1.9601674976209182,-9.1391792004429,-4.595987321152259,1.5829285014783427,-0.8998569622730209,1.3633066274575718
2026-04-28T08:00:00Z,0.0,0.0,0.004918587451135,0.3968269463417592,-0.32644892883954624,0.24982529100992046,-0.8554398355024583,-0.4351901754002033,0.239895071856822,1.5044919438946889,-2.0620873208493324,-1.194822253157532,-1.9721045241266493,1.038264329431277,-1.0858458091433647,1.0786961297557847,0.12424929817773406
2026-04-28T09:00:00Z,0.0,0.004918587451135,0.004918587451135,0.5122037950769522,0.40433160197577755,-0.20418108822611863,-0.9084115429467181,-1.5545237179526152,-0.5790829757497139,3.3191016936850444,1.1060846964098412,0.6461886100158803,-3.597778021757714,-0.14476153442502646,-0.855491817380946,-0.30162935158476,0.47612689213836956
2026-04-28T10:00:00Z,0.0,0.004918587451135,-0.0127298036706265,-0.6095780319109607,0.22325400240377516,1.4992254000968863,0.08306617660351279,-0.8039489802365373,-0.19050731891375017,-1.3317372705549653,-1.7298547908010145,-4.257763005295238,-0.998887924462873,-0.5560547339565033,-1.2228349032556516,-3.141700555677598,-0.7837065877040695
2026-04-28T11:00:00Z,0.004918587451135,0.004918587451135,-0.0127298036706265,-0.6352618756016202,0.049562650068529175,-0.19743714003095456,0.14432144281710227,-0.26063836103793586,0.018734368603874285,-2.4908281270648476,1.2139416636489277,-0.23926726402099688,-0.12216426506898194,-0.889171324985729,-1.2043758853815485,-0.5212025570969928,-0.1915741241481163
2026-04-28T12:00:00Z,0.0,0.0,-0.0175620108356487,-0.17823831024612,0.605527992548993,-0.33662815117007605,-0.1755119609696325,0.350789195819672,-0.6224397776081557,-0.7844974462655446,3.437771938789302,1.1270202755424987,0.7116396182558541,1.5033357252648039,-1.4478302927505813,-0.5714223374710546,-0.623719279040629
2026-04-28T13:00:00Z,0.0,-0.0175620108356487,-0.0175620108356487,-0.3926771030951767,0.246953079857873,0.08840916906947176,-0.05451361585353914,0.3869683533503358,-0.21742676523557225,-2.1894089474834852,1.1653043691017255,-0.7240597578171866,0.6054210764122464,1.101201265851226,-1.548245615712149,-0.5685833575547874,0.2552013835274991
2026-04-28T14:00:00Z,0.0,-0.0175620108356487,-0.0706180786452631,1.7746424385855704,-2.7192726457136165,-0.12796123979623514,3.204164851317506,0.7532629788056371,-2.6903191529624184,7.915777507228612,-12.981679352013607,6.267151342498321,6.3463602386614975,0.8227896522813282,-1.6757726711107417,-1.7386293714060974,0.6761067218094367
2026-04-28T15:00:00Z,-0.0175620108356487,-0.0175620108356487,-0.0706180786452631,1.3740591795832504,-0.027439936156110453,0.20336548379930727,-1.5567378988033915,-0.7121028192488473,-0.3494751214118926,6.0326380115907625,-1.7081969358088702,-0.22643664552383067,-2.8540569011765466,0.9529314080722305,-1.419954682487622,0.3169607113955619,0.23570934343995267
2026-04-28T16:00:00Z,0.0,0.0,-0.054004495341984,1.6671323316803501,3.3475799435736575,0.3749308106283891,-1.628990795210919,-0.1298533240948328,-3.428200826611414,10.182765798371724,8.668883358296743,-2.0388574575531564,-1.5479196213337727,3.1689412227156715,-2.610977970905985,-3.8844279406817743,-0.06622819189005033
2026-04-28T17:00:00Z,0.0,-0.054004495341984,-0.054004495341984,1.4211619637932986,-0.3555650748586733,0.2754869369466249,-1.5736974739605902,1.0202137502830957,0.17468225749867142,3.9674599834602753,-2.41765542359004,-1.3442659994390498,-1.130097126776038,2.1492042000562686,-1.410209815144474,1.2418817354217602,-1.5936688961506127
2026-04-28T18:00:00Z,0.0,-0.054004495341984,-0.0432673524934342,0.03628145650141406,0.009466053484912777,-0.0018562458512725417,-0.49143248853698085,0.5334881238266729,0.0159771990677222,-0.5181312188609272,0.1487874249783023,-0.5581228682166575,-0.8402622699674891,2.3051473623731487,0.41485580803958105,-0.20056413773361104,-0.3566797172572199
2026-04-28T19:00:00Z,-0.054004495341984,-0.054004495341984,-0.0432673524934342,0.5089378913060092,-1.1180489982932547,1.3215724914988924,-0.8007231068872573,0.9364383836283868,0.9005467007134623,-0.805015312760222,-6.951849258665963,-2.8517782329755494,-0.04839050046238438,2.172885990796018,-0.06077162361343826,1.6692020459127235,-0.9713778656770694
2026-04-28T20:00:00Z,0.0,0.0,0.0113500992295214,-0.0017294036461155007,-0.439401800425703,1.1019348249082648,-0.4933905342176599,0.4979739630238116,0.46313207716201354,-1.1941059106025957,-4.311243273504499,-1.7957863575976662,-0.8324191397474427,1.0424975575446085,0.8980449495442827,1.2296341673918247,-1.9405902131965367
2026-04-28T21:00:00Z,0.0,0.0113500992295214,0.0113500992295214,-0.512004612043095,-0.32231641428209845,-1.531343802884692,0.08697888250253638,1.0091356902168853,0.45265744036801714,-5.359485151670588,2.6014892446581324,2.5252509020914573,2.1795174136840214,-1.5741040548679828,3.745605337284665,1.3153643092216631,-0.3692563315130681
2026-04-28T22:00:00Z,0.0,0.0113500992295214,0.175492942076358,-0.5225464725040512,-0.30601649225429023,-1.4859753359780568,0.10425457269367155,1.000787550687632,0.42983205116594236,-5.483908862329465,2.6482728257190797,2.43925890026907,2.601258789203255,-2.141874988388929,2.4483375076235236,1.3166676412358262,-1.1753674880616123
2026-04-28T23:00:00Z,0.0113500992295214,0.0113500992295214,0.1696226339652671,-0.3946720020038245,0.27820444245882753,1.714920042754436,-0.09032853540134188,0.9122622456202706,-0.19994091929087887,-2.65458495932522,-2.4236158739394065,-3.141185053033026,0.37601844296323617,2.5678622912184847,2.346020387318548,-0.8557945346107996,0.15675982876840447
2026-04-29T00:00:00Z,0.0,0.0,0.1674189701380568,-0.6038090796414025,-0.07725368851113175,-0.5664839409830432,0.13558245775293165,0.31480173429495406,0.16198486367177883,-3.904576705985944,1.7136199606843872,1.6067979862763329,0.8903570724418486,-1.332300224511503,1.3463339247174144,0.4655020191023236,-1.1507627187454856
2026-04-29T01:00:00Z,0.0,0.162300713641978,0.1237199828340478,3.95619798937636,3.3244742152006213,0.509181845963845,3.9433338826663684,1.1142565877908739,2.2671644713127965,22.25519928417262,6.410673960080088,-4.601771412749441,7.324054872686742,-3.8121047101847902,2.215943926399351,1.2023486718806442,-1.99800790712114
2026-04-29T02:00:00Z,0.0,0.1564962863565473,0.1201551342632656,0.2884307266190601,0.758973685658639,-1.1006052931256933,-0.6799270705709348,-0.10337554802093232,-0.7801660313522051,1.7432767353765308,3.866290845174211,1.7491380121757056,-1.789282870969997,1.9166880638026491,-0.9593181603359219,0.12312248490985504,1.1063831571233587
2026-04-29T03:00:00Z,0.162300713641978,0.1674189701380568,0.1660241014800443,-0.6853447421128984,0.16052286308521532,0.3267519454050737,0.23687206822104606,0.3907629689717111,-0.06556437391691577,-5.005604049173173,0.9117904980454551,-1.3766135771294736,2.1708265830859026,-2.2231759498181725,0.23104749704800026,-0.5203484270355403,-0.5747161640056135
2026-04-29T04:00:00Z,-0.0049939118313393,-0.0331934157443992,-0.0002631954706728,-0.5156742128286308,-0.25878810302699357,-1.5758946881404152,0.04736658451045902,0.25152857599248596,0.3610496915695689,-2.3589660501049328,3.4074157692003233,2.9471427666363508,-0.005956875965103426,-0.6134808594351285,0.680026432441888,1.1694021445185945,-0.1760406707718469
2026-04-29T05:00:00Z,0.0094446336839704,-0.0314234922515588,-0.0221734520136729,-0.7939913117396675,0.5209398803753714,1.7741639881323563,0.31708355584629994,-0.10680273820843998,-0.461323360821289,-4.157573346455163,-0.615456481335223,-3.7018552637202062,1.4350633227580085,-1.790113339321209,-1.1957192104884844,-2.1862165551163857,-0.6472891141513739
2026-04-29T06:00:00Z,-0.0374321374089383,-0.0011948312419898,-0.0868493691893784,-0.1015324816244863,-0.28838409224677647,1.387465568445912,-0.4243603317926738,0.42268879857685754,0.3619488070607023,-1.4535974643224516,-4.526046982760266,-3.9986741821177234,-0.342369982946798,1.5456347292776063,0.9319510522285621,0.9470689247050105,0.29008362415095384
2026-04-29T07:00:00Z,-0.0031723637785558,0.0340608150689016,-0.0513389587383664,-0.7988148712212328,0.5464327019613063,1.8034833074633163,0.3409155116069145,0.09863419346530933,-0.47475513199081804,-4.932309201992114,-0.5390803358268574,-4.088215136694744,2.1544479119901356,-2.2791453264532353,-1.0357624031985622,-2.253578252641639,-0.5662922996231348
2026-04-29T08:00:00Z,0.0409487630898082,0.0095501389553505,-0.0483198832070808,-0.6478546446687076,-0.14204764111296828,-0.8238890437199934,0.16140609799947137,-0.07252354572386004,0.24032406732693332,-3.8723033919752683,1.7036089156863663,-0.35724217445394285,1.5716524955923508,-1.7096115925827342,-1.934937927729398,1.2703504067655054,0.6770342036308032
2026-04-29T09:00:00Z,-0.0034555890537273,-0.0857570030939046,-0.0857570030939046,0.27176577447430944,0.8499916106492815,-0.1215721836633674,1.1642745874475662,-0.12209643954844021,1.9800562943262994,6.104872692783119,3.666851018292704,-2.192454294870447,2.117567750567807,0.6634600966562096,2.0675276115982912,1.7621773484675805,-0.3800429776992082
2026-04-29T10:00:00Z,-0.0268004898775343,-0.0825868000825248,-0.0746372213484127,-0.6363483763898553,-0.061492558273932345,-0.46825011755156914,0.1538202648919417,-0.06084941389901543,0.1467714743868479,-3.3152953686137026,1.0948078448694591,-0.6048324224563634,1.2376447796974304,-1.7019909324430835,-3.149269607468379,1.877574728952992,1.210699731085195
2026-04-29T11:00:00Z,-0.0573225835244927,-0.0573225835244927,-0.0491540850291414,-0.7466187260309511,-0.17466189269080645,-0.7217858314464397,0.21640737660352988,-0.9958538086319884,0.22624237064646588,-2.5615995241582725,1.143928245438228,0.35918401571717007,-0.19219656638641824,-2.7806130318238074,-2.568477717121188,1.596163086475764,1.2731436051196727
2026-04-29T12:00:00Z,0.0,0.0,0.0086652107630751,0.3849029755606547,-0.739143892710355,1.4078270589363926,-0.8390120427787451,0.10653051137042989,0.6400523549391273,0.7755153940096675,-5.226535065996525,-3.2460333287448138,-1.121149725548396,1.4156689994421183,-0.8411278371304874,0.8709763043083713,-0.5401235543733598
2026-04-29T13:00:00Z,0.0,0.0086652107630751,0.0086652107630751,-0.23107485959144802,-0.04593596826523833,-1.419598863769595,-0.2020077350831299,1.0111429109782704,0.11963228161602778,-2.5094713216173115,2.7495287326060733,1.6675003704790214,1.8231360851663272,1.8166848444070596,-2.623723462784569,3.9144630111352408,2.560451335183644
2026-04-29T14:00:00Z,0.0,0.0086652107630751,-0.1220099291289938,-0.4933794238813086,0.10534014487864135,-0.34563992543689764,0.015929141695601574,-0.2639282267699047,-0.08824503527543644,-1.609658069636775,1.5767630425750092,0.22775364811840623,-0.19570803839496384,-0.29635383778871655,-2.5362571460085435,-0.2901925046119732,0.04204581123796841
2026-04-29T15:00:00Z,0.0086652107630751,0.0086652107630751,-0.1220099291289938,-0.05184089508497609,0.7473433280439461,-1.082744718895725,-0.2761539534523365,-0.06099611815233541,-0.7565198524940236,1.6346784376531318,4.9986016711341685,1.8405619408392249,-0.9929702118384346,1.5374070787559664,-1.800665852443207,-1.1746611781839054,0.5426215912191436
2026-04-29T16:00:00Z,0.0,0.0,-0.1295525398295541,-0.48764250867052195,0.16110684676274403,1.345337420273946,-0.012270789787067549,0.1307469447720271,-0.09404185784457916,-2.4114751552893314,-2.0914144291036014,-4.151388718419445,0.3507731526012142,0.43209267955295055,-0.972824276265246,-0.2665948621361229,1.218254263014788
2026-04-29T17:00:00Z,0.0,-0.1295525398295541,-0.1295525398295541,-0.5753392670273414,-0.2627096374319037,-1.3114342243753385,0.09337723961969711,0.053748840420009034,0.3621599688196915,-3.076202178107393,2.0594453652875733,1.4911033311067234,0.44615660818358277,-1.6900728628071309,-0.7716777321394815,2.246946155683568,1.2395224238389686
2026-04-29T18:00:00Z,0.0,-0.1295525398295541,0.048936108241345,1.051493486252394,-1.4010004190150915,0.44219570262524455,-1.332032970766868,-2.402325849846679,0.9163755517539992,5.503465792968904,-5.953652052680948,-0.41956611070817734,-4.665889675318726,-2.388608552678222,-1.1614003778031432,0.7105376177696404,0.43079587208576153
2026-04-29T19:00:00Z,-0.1295525398295541,-0.1295525398295541,0.0589561334790069,-0.11801810682805057,-0.4514160740376467,1.1180933288866512,-0.40153438974182515,-0.228330732479457,0.44252498143043273,-0.8199544049945717,-4.163321950756574,-1.9545038702260042,-1.2597727740722389,0.4718380952779221,0.19063568335283446,0.8331930467252637,-1.2262734395972128
2026-04-29T20:00:00Z,0.0,0.0,0.1910765982834577,-0.4061498611098032,0.09735160401977871,-0.36118191767059216,-0.07301035103917962,-0.11767478758202049,-0.09385109114505727,-1.2209128655404646,1.0197429197282448,0.8406003062248254,-1.0704840178419461,1.2132426268206031,-0.48067263098842034,-0.3617324109630837,1.1800919067692024
2026-04-29T21:00:00Z,0.0,0.2050539018586472,0.1158471788685204,-0.5799420081802953,-0.08116451395897945,-0.6239882521066921,0.06442110444530133,-0.5639190570334305,0.12478750187131371,-1.5107165054342997,1.3439010355474237,1.862875059475311,-1.8599500326697673,-0.1477810966732302,2.3226669267801343,-0.7310875805482817,0.3133344995693928
2026-04-29T22:00:00Z,0.0,0.2165652517058851,0.0765175642883255,-0.5815759606752209,-0.011523826900601794,-0.22934366307401813,0.09854037512651083,0.12668658601266472,0.08373834558078658,-2.6904083283166744,0.8161472482368965,0.1695866586986739,-0.08382387230085331,-0.07237737179740097,0.8422689704499791,-0.401083370851078,0.44173106841845683
2026-04-29T23:00:00Z,0.2050539018586472,0.1910765982834577,0.0765175642883255,-0.46870429660339746,-0.12296688109316546,-0.8655493196148101,-0.004414776457920081,0.642462007665321,0.23682584398692436,-3.069922752947845,1.463166531579729,0.02453824924065333,0.5092546786682047,2.0289767924699764,2.2283601968710043,1.0257812938656279,3.7442421929154226
2026-04-30T00:00:00Z,0.0095525601215706,-0.074027164139742,-0.1066643885157919,0.9368296515840571,2.118035851777289,-0.7434251303578212,-1.1272199446975928,-8.081258423929232e-05,-2.185149145328303,5.946114504109508,8.037295260982102,1.7863070150173375,-1.8603635241000325,2.7157223602338356,-2.478345275719087,-1.3789415496016812,-0.41149471875910837
2026-04-30T01:00:00Z,-0.0209513245480971,-0.1151172838622366,-0.1151172838622366,-0.12282807148024738,0.9296851221338964,-0.43936390304817013,-0.20900460237252047,-0.599468806253735,-0.9358832017577188,2.137978696287909,4.555986209680297,0.7740578314975818,-1.5673791446958059,1.0294616584450498,-1.3665740337894008,-1.546186912104907,1.7751410149134292
2026-04-30T02:00:00Z,-0.0631608576000531,-0.0961810803438092,-0.0581087579213071,1.3630495875542659,-0.7637625789251564,0.07025147525626967,-1.5771704909705282,1.066121176113024,0.5051974362270484,3.267650195967371,-3.612761635722429,-0.546376301654185,-1.4792715830187755,3.5097019199447685,0.640371029623673,0.28185113069345585,-2.6015227937616365
2026-04-30T03:00:00Z,-0.0352464166464763,-0.0352464166464763,0.0053927077233386,0.334235150887314,-1.8141725871185845,0.6353734008269859,2.433709281493398,0.13266123180973174,-1.5670224767208099,2.7304068797658227,-10.722611945128998,2.422952530736506,4.323625669328497,0.6168802939728978,-2.2774184567626805,-1.1997419879858082,2.031805453699098
2026-04-30T04:00:00Z,0.0,0.0,0.0421238387408229,0.47724078078218696,-1.2360128013513743,0.20640398065697826,-0.7822273932799005,-0.1938541567060775,0.9961823338112491,0.7139522498861788,-5.09942500966757,-0.45807768315008685,-2.219788164866853,-0.06987881138601541,-0.4510216079904263,2.2599576088594806,0.17968254620446888
2026-04-30T05:00:00Z,0.0,0.0421238387408229,0.0421238387408229,0.06852011020315166,1.8810030920005438,-0.5895443446491322,1.3096973596202024,0.10033199992211851,0.8882182109658787,6.265002220582376,7.673030267538997,-2.4502077617508062,3.0694593378348283,1.5168889149521048,0.1550014740242877,0.8443170867869082,2.013319629912688
2026-04-30T06:00:00Z,0.0,0.0421238387408229,0.0427230469081809,0.4978276972281898,-2.5162066141548185,-0.054029961324013054,2.8866401939698143,-0.8986575505954217,-1.6201120358959635,4.033561650087249,-11.596865557614542,5.870991890919621,2.079605811768387,-0.4162029491154689,1.6461674310063288,-1.318988671609655,1.9401381150430708
2026-04-30T07:00:00Z,0.0421238387408229,0.0421238387408229,0.0427230469081809,-0.6712964178668537,-0.21950150447805827,-1.1765112879258863,0.17011315977154842,-0.5111816293824308,0.2914292301752663,-2.7871673649738034,2.184581620698686,1.2001865895430888,0.12429932563065488,-2.3103301539587773,-1.702437439688101,0.5212656995313053,-0.41202560815279116
2026-04-30T08:00:00Z,0.0,0.0,0.0005749874871705,-0.9439360911509075,0.32719997244916865,1.3399437529207696,0.39308502667337997,-1.7742448173275343,-0.36284285877694,-2.2224657650002446,-0.3315707958828178,-1.2928410863049644,-1.5034289603699085,-3.7813526624260523,-0.7707407058123443,-3.848633555019659,-3.120899485342858
2026-04-30T09:00:00Z,0.0,0.0005749874871705,0.0005749874871705,-0.24207512910199785,-0.46168228433803005,0.6125140518768069,-0.31160449039683785,-1.0202426652461727,0.46720752299089424,-0.8735090332199875,-3.0568040911554117,-1.7309632973194233,-1.0621070945463598,-1.6309951220289025,-2.2147276727071916,1.9741165867133807,-1.518922688465185
2026-04-30T10:00:00Z,0.0,0.0005749874871705,0.0334374562394106,-0.039035857186457336,-0.5493384170300798,1.2178654274759084,-0.4478028542599186,-0.5183963728225144,0.487758253928754,-0.375183721732729,-4.290163033942666,-2.223970766597457,-2.1847246060051067,-0.008671755826897115,1.2336038141026986,-1.8094719108764847,-3.8841794966148036
2026-04-30T11:00:00Z,0.0005749874871705,0.0005749874871705,0.0334374562394106,-0.7120024923843584,-0.2802887925200333,-1.3804395130324094,0.17077796049697241,-1.1023286102058714,0.3485824015376425,-2.5566519425565586,2.26496910842586,2.0253751059224134,-0.5695597280294623,-2.5615515136342957,-0.040284606191152136,1.4140554193654749,0.10706185544157706
2026-04-30T12:00:00Z,0.0,0.0,0.0328435841023473,-0.6288984136591046,-0.14311055205233117,-1.0316909621378225,0.11518964229014635,-0.6749756509779367,0.21937336273942998,-2.2419007055745843,2.082700248462737,1.2314522608233187,-0.09543358874048416,-1.5801087349473868,-2.3717013755905576,3.414416919840263,2.9050977040974866
2026-04-30T13:00:00Z,0.0,0.0328435841023473,0.0328435841023473,0.20819390338341445,0.939202598699464,-1.123580461125959,-0.5136165940137613,0.8171997561294363,-0.9507802643361747,1.8455115164409441,5.551967403484176,2.809780264883694,-0.10065522525530517,3.5654289412439755,-1.1301999536489453,-1.0769424671141041,-1.243363539365529
2026-04-30T14:00:00Z,0.0,0.0328435841023473,0.0830335374928419,-0.6119928700222349,0.02240221402200768,1.5066163652609847,0.08419082185014229,-1.5915106831969208,-0.06463025932802462,-0.020938070804953433,-2.5893316676097817,-3.2660103462026755,-2.579049606440361,-1.2148658110704207,0.4346008772097696,-1.808644294156457,3.763321972535703
2026-04-30T15:00:00Z,0.0328435841023473,0.0328435841023473,0.0799128391860135,-0.22599816617906962,0.4596733732100738,-0.8497460522799102,-0.18213344140991794,-0.528009846522317,-0.5007796241657686,0.5335940855191366,3.661823191757933,3.0675534529183186,-1.7370605233383754,0.9495241083484484,1.3789396717051827,-1.2212412320853179,-0.45559065909510155
2026-04-30T16:00:00Z,0.0,0.0,0.0672407897463212,-0.28185079987703104,1.7506531989276557,-0.5151779523783848,1.9865754802138889,0.12097798912247454,1.5549531992028824,5.574532194234084,7.850538899473394,-2.342197339552733,4.394679127952497,1.1610518294686685,0.3771825069289726,1.2955271771684371,2.0203607457145845
2026-04-30T17:00:00Z,0.0,0.0485939537825712,0.0802325723342594,-0.6994237718007453,0.5036334409404394,1.8660546959148863,0.2443172920250664,0.38792526519174975,-0.4398060266528721,-4.197383427765526,-0.9934141495387137,-4.186326112189902,1.7356826485038608,-0.5233802902511508,-0.6841869356345941,-2.0097836674250433,0.17526051065455153
2026-04-30T18:00:00Z,0.0,0.0455724911382149,0.0763254303225065,-0.3941374373988452,0.11301980442978117,1.2976866452587486,-0.08767141597321505,0.34728648173341103,-0.07666610414268928,-2.1180427925922407,-1.7436673797638071,-1.899917420517022,-1.095418084749384,1.2226692128439436,2.9387880245190336,-3.0388745310380876,-2.3077609131573107
2026-04-30T19:00:00Z,0.0485939537825712,0.0672407897463212,0.0780774746063215,-0.10289198411671706,0.3413990953699214,-1.2243136150369487,-0.2673290474174079,1.0985357581512907,-0.3197020291650049,-1.3316055953432295,4.0104122491850775,1.2454532192423864,2.544466996155018,3.1749950149321964,-2.990773680477208,1.095303316071348,-0.09129808794232964
2026-04-30T20:00:00Z,-0.0028814419856771,0.0301724213052714,0.0526279732816949,-0.28212469816874497,-0.03098667778403588,-1.3006853114310422,-0.15752278573331613,0.8953177373930896,0.10607216243361485,-2.269077406742098,3.218810421622032,2.2049539236443074,0.7464078053512644,1.7623973602108585,0.4571676160860517,1.171084576211404,0.6008193703359995
2026-04-30T21:00:00Z,0.0207238606521849,0.0294125366198318,0.097074392055072,-0.6932775536396161,0.4585105942543491,1.6509233783768573,0.2513695056310075,0.5298282272917313,-0.4054924457880065,-4.256721217198067,-0.5239730089851397,-1.9584547192883164,0.9659567067472541,-1.2274587011533966,1.578162059599172,-3.331940819571597,-2.301509127230864
2026-04-30T22:00:00Z,0.0121732440446042,0.0101539268027568,0.0962346822390729,-0.12058533672435512,0.46679981518793884,-1.176802419812169,-0.22938421333097408,0.5400969487125121,-0.47798335285864674,0.29600001182907726,4.697721990840832,3.0067037015527944,0.0942011216298836,2.0265942163696575,-1.726234201575481,-0.39289273959130905,-0.6082300941948549
2026-04-30T23:00:00Z,-0.0036169451947833,0.0217978578265289,0.1356413646859233,-0.5206144174226753,-0.28384697454997115,-1.3437375530174405,0.06421572645930063,0.5853312729036222,0.38946454862691826,-3.7493286024896997,2.487464862966019,2.705788000989356,0.49721603279426596,-1.0197802526368087,2.469769856961058,0.9571790070467795,-0.2236971850640027
2026-05-01T00:00:00Z,0.0016278016243564,0.0657286102784544,0.1149957351158086,-0.07020720729565658,-0.4382390059412862,0.5450838408373859,-0.44980134524964543,0.2410530643026667,0.4879236996510045,-0.8964655148950038,-2.9911723371934165,-0.9835910828942599,-1.264843883587116,1.1236272158014227,2.157937838262081,0.8911997236806188,-0.7292129497125217
2026-05-01T01:00:00Z,0.0238404515117536,0.0852154836528438,0.0979304639545972,0.5805273042609349,-0.6059367065805279,0.22012109583558118,-0.9874723129787437,0.4563023411479542,0.4946925337572702,1.0223111511242668,-3.139596379072557,-0.5983127848082446,-1.7781468383418035,2.066855045706888,0.6499567265146264,1.880496559810915,0.22962342329470897
2026-05-01T02:00:00Z,0.0392211337781442,0.111414900694303,0.1671109972776485,-0.6690726727792131,-0.05176731808305161,-0.4902176272862117,0.16669079770348832,-0.4336339441864906,0.13065735661516126,-3.214430087738131,1.552964057014355,-0.029053970845879303,0.5876253590749679,-1.7215896015758472,-1.1280587066457572,0.845862180128022,0.34808330210386124
2026-05-01T03:00:00Z,0.0199425901645853,0.0462285842401113,0.0561367031192867,-0.6121434048568111,-0.09080783269507,-0.7096534466852176,0.11099491767416908,-0.4529747971885361,0.15377518195003415,-1.8738076863158803,1.7663024893678423,1.0649652166153054,-0.6353526496211982,-0.8274532711699643,0.22404845232108975,0.2712496238304766,1.0187228904580838
2026-05-01T04:00:00Z,0.0485581443360234,0.0117165489188884,0.009806886284613,-0.47445263994595344,-0.02071963770331903,0.8054057904864742,-0.04239375159274616,-0.2840688669679768,0.05617455067381525,-1.8821093995754732,-1.4834603814945668,-0.7699120302641256,-1.8285000702710688,-0.3196610769918752,2.6162312569175548,-0.8383118718610643,-0.6018671105696624
2026-05-01T05:00:00Z,-0.0217308992115401,0.0501127855569976,-0.0465964945254071,1.2303892998717278,0.8060965406749556,-0.5559804086966647,-1.5683647017327889,-0.6563377488310357,-0.9921035992560756,5.458454764514886,2.608118763448533,0.7051246053316328,-3.0938825308855944,1.274669194075647,-3.688637989378623,0.8962227733493449,-0.6237214047451487
2026-05-01T06:00:00Z,-0.0137023467331637,0.0094703194200833,0.0005384761567601,-0.6098022844152813,-0.17279360876610728,0.270896371269503,0.04981920939128494,-1.5882823936684567,0.16768112722972428,0.1252941249066765,-1.2196435058732455,0.28288805353167534,-4.100838138320045,-1.9051402423288109,3.1796567428744598,-0.9003010842679525,3.5794905966804356
2026-05-01T07:00:00Z,0.0883525775512998,-0.0018875470963837,0.0252222342509669,-0.012000233214742863,-0.48395127095685386,1.0215325808315423,-0.4812881502010313,0.4864195129731947,0.5063122604299317,-1.3647392752577698,-4.405192901437941,-3.000300463103686,0.13800218783305584,1.2597361877517586,-1.8953822846672412,2.143593714575215,-0.569130484606544
2026-05-01T08:00:00Z,-0.059592802569374,-0.0920941839891118,-0.0599238460542288,0.35486288628559287,2.7695437540926298,0.10856065248603844,1.4135835012437656,-1.837012050281069,0.537573727244245,10.348827074083077,9.716769408233205,-3.8082512799144292,0.600673246392539,-1.6216569898648179,-0.7128282997930281,-0.34359137957436764,0.7163823563221905
2026-05-01T09:00:00Z,-0.0247994903299609,-0.0088480494091734,-0.023317897945377,1.6661645436863806,-2.9412036884765342,0.33027592821497065,-1.9278567508242983,-0.9941690688010184,2.349808799681682,4.025144697678916,-10.981563261907436,0.23379349073893538,-3.733745387367763,-1.0434601000252026,-1.4773451565451912,3.5074088361549065,-2.2739271579878153
2026-05-01T10:00:00Z,-0.0100097116765605,0.0271610491067266,-8.355717998065337e-05,0.054602877122761496,-0.5068205473846986,0.04882589877847353,-0.553219443900149,-0.5457621881835077,0.4448283963949252,0.16225803893141985,-2.331202549663009,0.58032448432678,-2.0955595555863704,0.2852196316734684,0.7599876700033557,1.5212739295191053,-0.49471333510498866
2026-05-01T11:00:00Z,0.0266333926335804,0.0354335630057216,0.0412765622072277,-0.11010943053379535,-0.48126593731202905,1.3440089049962078,-0.39337706583153226,-0.23139672317678064,0.45946111836388936,-0.8263370290529526,-4.719303915838,-2.2821208236500965,-1.4679904201249185,-0.8068425693435642,-0.5745674956760805,0.9423878914280784,-1.7923494755054112
2026-05-01T12:00:00Z,0.0106300835154335,-0.0145990213988663,0.0415942028497153,-0.46336931385993674,-0.007441889288718739,-0.7214814691030192,-0.019549926626207456,-0.38239842599444834,0.02895529889635246,-1.6967676037894073,1.8835596628099107,2.2494855998012384,-0.9893433898995143,-1.1123407405098338,-0.2938920171543769,2.2121780770752033,1.621116596559068
2026-05-01T13:00:00Z,-0.0020365623567455,-0.0265241816854335,-0.0130565017735793,0.6758140531059988,-0.2551999694606592,-0.2035749412436001,1.4932817245121488,-0.5353593686311383,-2.2828208301546042,5.610859061113747,-3.0885647789892356,3.9945063608758313,1.7967793205180425,0.6681586942335203,-0.27765692144129983,-2.247550211294412,0.543806991365207
2026-05-01T14:00:00Z,-0.0229739638446104,0.0056430459763585,-0.0351945119855304,-0.4598923420326574,-0.035311147296473944,-1.0668420196422386,-0.022079710903191243,-0.09849369224875922,0.08913833655202837,-1.9317976626717426,2.4723368570629725,0.9299436122819048,-0.17174858751655625,-0.014862436000894305,-0.4613306868466793,0.2836880860975439,1.108772588123729
2026-05-01T15:00:00Z,-0.0016003952420131,0.0570257443100503,0.0255316912637895,-0.05849304357975969,-1.4657591607758154,0.4334890911858734,2.328018851764305,-0.3729085365784712,-1.3712268658925488,1.695407525601764,-8.93510167794123,1.7212167323404883,4.609170910204014,-0.2877936910017878,-2.8701672776865763,-0.3727852993899443,2.0494865483876716
2026-05-01T16:00:00Z,0.0309398264686027,0.0138346322101474,0.0087467312999849,-0.6527371317587631,0.1757937736004706,0.6464046678882187,0.19505371825212392,0.27560998677167897,-0.1073075477907316,-3.7138373582775968,-0.036042947357241936,-0.8386091496418807,0.5652288406432524,-1.177674784787655,1.3477860199895968,-0.39213530179492584,0.22301358414416242
2026-05-01T17:00:00Z,0.0269465663880574,-0.0406084028774251,-0.0048005718207516,-0.6681633011503623,-0.34742258027200973,-1.511522114560363,0.15787307624454597,-0.862444675792283,0.38165963058214625,-1.8879999686899143,2.752556432816645,3.9738479167294853,-1.7366623227975024,-2.7197574312994854,2.9171258255973607,-0.029438371968386313,1.1218449756399431
2026-05-01T18:00:00Z,-0.0423959855875897,-0.0297949725593653,0.0035672145992442,-0.40921373616756446,0.0858808379241591,-0.727042228746072,-0.06915597286860277,-0.3223734315086534,-0.07259871705819823,-0.7558191884841388,2.327231436845918,2.260806433611852,-1.4790879146358549,0.2679329137370882,0.4670628625294577,-0.2637826638717675,-0.08290576866819958
2026-05-01T19:00:00Z,-0.0244217594966044,-0.005018472193114,-0.0380452004818412,-0.4459574163681669,0.16044688834907755,1.7404389959710458,-0.031820889713355775,0.2286297456905827,-0.13322581862393418,-2.437748271536595,-2.702104806152964,-3.438714601225295,-0.2929880488950998,1.1449466123640966,1.7111329551239063,-1.373147021484048,1.2740737414837802
2026-05-01T20:00:00Z,0.0385214177514774,0.0373234778833471,-0.0089159047742873,-0.462343821398696,0.2645611484530972,1.7191635776180696,-0.021225354399241784,0.5734979047586561,-0.20091456853968634,-2.8773706996620065,-2.290992721719639,-3.3349098989092165,0.40023986465124367,0.9224285127305882,0.5065752291708835,-0.9770982878329313,-0.15734021378542176
2026-05-01T21:00:00Z,-0.0179412821560878,0.0343867391066998,-0.050243585246029,-0.1348033292195769,0.3337057874454796,-0.6759238169741181,-0.309530591269497,-0.32898609010865193,-0.34763157600329925,1.478413499549514,2.419394511704516,0.9432742171405982,-2.248299340698825,1.5873729468314834,2.3381715282151267,-0.9732493961587576,7.038950091651341
2026-05-01T22:00:00Z,0.0170944737204348,-0.0331933079818316,-0.0845390737655926,-0.5298810684781735,-0.3230438511946135,-1.4983604827300245,0.0976501061641191,0.7842595897181337,0.4315685523180843,-4.560129411422136,2.589830172808716,2.7079145045103554,1.3655310955791606,-1.5304994748609906,3.015818121443529,0.4799676011210532,-0.7881816981378341
2026-05-01T23:00:00Z,0.0355812875192835,-0.0445756638536569,-0.0919866825074269,-0.5713969087308303,0.05848348841410746,-0.04725856670851516,0.10576590684908213,0.4871398954836355,0.028766314220131085,-3.3275225096377516,1.0828288732424565,0.011470806232882304,0.2532167421445308,0.6366505137793161,2.7857360156194546,-0.8515022250799387,0.7926528013306593
2026-05-02T00:00:00Z,-0.0821025594486696,-0.0818169076933603,-0.1277916910216459,-0.19155774668500702,0.13816524577244793,-1.3701461389817189,-0.26084969270109165,0.2348740653381805,-0.11046999439921613,-0.5173598859904178,3.663904989354957,3.0499356606139103,-1.0050869992122817,1.4294412163441497,-0.3157392128274272,0.7393131957661869,0.3050660766429887
2026-05-02T01:00:00Z,0.0051200724769073,-0.0531086164459401,-0.0194026777526548,0.666623242928175,-3.062062207809574,0.41672980738674453,2.594712129044435,-2.278049908919739,-1.0474296541607866,6.7820176395095215,-14.262983958474702,3.525827989508266,1.0705759820098866,-3.230679399060173,-0.7538402546816951,-1.7000955676146983,3.2251386430245943
2026-05-02T02:00:00Z,-0.0047843738787659,-0.0496229966728709,-0.0203856809947263,-0.1849573952660554,0.5523674312836416,-1.1264407252257749,-0.17665784722897362,-0.13056584212603853,-0.5870132701718154,0.9417885207436409,5.000384822103218,3.3620255624699915,-1.1521478057621328,1.1933663657380693,-1.0678657913952108,-1.067542814005758,-0.3823250128272644
2026-05-02T03:00:00Z,-0.0534031995068412,-0.0500714767169025,-0.0002184584401603,-0.7117824863696535,0.48715417080446155,1.76466631850671,0.26090424401289547,0.3076409325178789,-0.42675385353358075,-4.248889556351963,-0.9124336187119241,-3.965413985602351,1.8926296059528371,-1.0875947841703137,-2.128399893567644,-1.217424867011555,0.1277866976681793
2026-05-02T04:00:00Z,0.0088200389775889,0.0355964150468595,0.0720354237870279,1.7614473804156119,-2.781907754358307,-0.23343817597155833,-1.9448726723998353,-0.328322221498485,2.225767895458655,4.1633532472471915,-9.497380250016112,1.0644503031499413,-2.9489523913167788,0.31105296773320784,-0.240461553513316,4.149240032357272,-1.2909420605731299
2026-05-02T05:00:00Z,-0.0052540131337788,0.030763913242628,0.0333521744669851,-0.1618229310019139,0.5624374355631917,-0.6677493816924915,-0.19046436015451232,0.43527889652684126,-0.5737170686620441,-0.03395529626178034,4.065467640665331,1.6099928474632839,0.32828457060647687,1.7824509793508474,-2.037827491801398,-1.0168710330737796,-0.41328653918936237
2026-05-02T06:00:00Z,0.0319642257898555,0.0524808099291962,0.0390932933547718,0.8039263215878651,-1.164521409975672,0.5336235491140019,-1.1613673969050076,0.447655225551644,0.9618971561846115,1.243841800274077,-5.290301299707301,-0.9106788737087474,-1.4656083267533944,1.4463295647085797,-0.9222345796002717,1.982469581633072,-1.7260221219072813
2026-05-02T07:00:00Z,0.0041124863174308,0.0351864956374146,0.0191636834892445,0.2737341535551485,0.8253708953598167,-1.1335058183115954,-0.6929758519660011,-0.2466320421349688,-0.8430388558109612,2.0828706313873093,4.641162781344706,1.8808563203325976,-1.8345418244725709,1.9152322186712614,-1.5833419992300095,0.7628437984376151,1.232846830849762
2026-05-02T08:00:00Z,0.0157040312337164,0.0025110126490701,0.0298660981011267,-1.0253727863832596,0.48640903262820656,1.6478407120476992,0.49247522778720093,-1.7648878334908187,-0.4931503353229,-3.0635981511122474,-0.21910907355196776,-2.744660522244284,-0.4531856591012224,-4.663737717044427,-1.4868462593323633,-4.015809699751311,-2.220930236921231
2026-05-02T09:00:00Z,0.0150070390266257,-0.0127199626331667,0.016656203788159,-0.8441270776131761,-0.17267789507749146,-0.9242713952253028,0.31653527758686106,-1.4929840943603325,0.22411295858031713,-2.4490762425135117,2.430411174749794,1.1292240275813539,0.09915148614281556,-4.652429175173617,-2.6482172783146325,0.5524434213064786,-1.3961528732753785
2026-05-02T10:00:00Z,-0.0275821509323014,-0.0154781889212184,0.0314833631493818,0.025793414291948945,0.6200236455621408,-1.0510387059821305,-0.4662098972271891,-0.560111216976227,-0.6415920263369602,1.2221859306871474,4.145303715622271,1.742581047347961,-1.3584818790321191,0.43970945565926994,-3.7526536909482022,0.669919596041731,0.11541737789391252
2026-05-02T11:00:00Z,0.0002726167169719,0.0272865685333196,0.0548789365013491,0.07012126509986691,-0.5983240669245133,1.289936058286593,-0.5622005428982092,-0.08454868881762342,0.5710386406926813,-0.4014482600975521,-4.868071964722577,-2.83740331527703,-1.5889282332532062,0.43120570621402854,0.2392991497704511,1.0850552183597644,-0.5287019931641491
2026-05-02T12:00:00Z,0.0121713500714761,0.0297546443860796,0.0369406641734588,-0.7005048379726909,0.07590771216633485,-0.018842647134918917,0.21834693249670994,-0.18043191951561938,0.013309532163350644,-3.3074101733450787,0.8860962466492163,-1.4971340796982715,0.8897276331948044,-1.9478998423526688,-2.012597480206596,0.8807175949958,1.8625516890414804
2026-05-02T13:00:00Z,0.0146568456972167,0.0476998595075741,0.0193282761614421,-0.17086689044217893,-0.0869066477487814,0.770760028758074,-0.28476760703956594,0.6012952022720927,0.1311153041204189,-2.2527999961212477,-1.3725182953617066,-2.8051061102342234,0.862287556074557,0.7375513207588312,-1.8243758569212438,0.21587793724525517,-1.2435167940886234
2026-05-02T14:00:00Z,0.0026757910279346,0.026859465326626,0.0125132548230539,0.12812470829597217,-0.4490064112371899,-0.32352588104225405,-0.5948889612945363,-0.3292591695626895,0.403866448490479,0.24401567425748688,-0.721011792438356,0.8643215486341672,-1.6118238922088215,-0.03249953237146631,-1.1738997874195762,0.9532493800842626,-2.384347293020707
2026-05-02T15:00:00Z,0.029810146571078,0.0069783805555576,-2.3693249990741627e-05,-0.0884581997873482,0.454721227165297,-0.009291342422702815,-0.315956297825909,-0.7009518734652458,-0.5001407648257798,1.2034303391242671,1.8986030381233638,0.1576636786048823,-1.6013499559284827,0.9122056648942849,-1.5038584151258185,0.24472520968619965,1.8616571536238904
2026-05-02T16:00:00Z,-0.0055262710903201,-0.0270798770169414,-0.0455028992730566,0.23924620123127166,1.1258147896457686,-0.16618890212303386,-0.5616976130838411,-0.18977522558326734,-1.1883348581811741,2.622238169917259,4.247015953392765,0.2979565301200028,-0.730575111595817,2.4795777437031363,-2.13921356519091,-1.146709651354514,0.19983075888641574
2026-05-02T17:00:00Z,-0.0167370722434611,-0.0139709580405034,-0.0392906690334862,0.9177212466403688,0.47936493719555506,0.12766613653177936,-1.097797522435796,0.3287006036885154,-0.5523355596497749,3.698042019362871,0.8741251985661392,-1.3358398823413606,-1.1298563313549244,1.350688056185992,-2.5181932699502987,0.9112680349917901,0.750375656143017
2026-05-02T18:00:00Z,-0.0050203323150134,-0.0069535492923744,-0.0081817813850811,-0.6873685574310101,0.4082249519130104,1.7165288853055316,0.22217406414711524,0.11201328200092477,-0.35954325717055974,-3.185836812448397,-1.4050603220453877,-3.634600872296186,0.5475002026076358,-0.379507219531687,-0.7270026467753883,-1.4053624223107253,1.2797507299802406
2026-05-02T19:00:00Z,0.0078730565918971,-0.0189358014300583,-0.015398978075055,-0.6100181476044573,0.3733309428333316,1.6422969484176972,0.14754582853376064,0.4563977193198795,-0.31198043343972504,-3.3805744050633533,-1.5173644388658312,-3.8776927360424835,0.868240419617279,1.4971838433997464,1.3119808904375259,-1.0744778046356362,2.612603727460429
2026-05-02T20:00:00Z,-0.0097393494814239,-0.0256784637323318,0.0003198622059501,-0.5716775669168168,-0.07884825713481328,-0.5811058160572385,0.14352591409104817,0.8961602491532292,0.2013572767120067,-5.0458407329760195,1.7531114232954896,0.7683008232093642,1.917688002292876,-1.5517849672060011,3.4732292008891488,0.4752735511895175,0.1919906571700556
2026-05-02T21:00:00Z,-0.0170259109478909,-0.001236832468241,0.016902128678534,-0.598832792724682,0.24631124134308813,0.7661263928563167,0.15018748431257492,0.6761651877827473,-0.1624618450817056,-3.9557486034347047,-0.1158505220012763,-2.124135261152313,1.6911877932279473,0.04485509379316119,-0.5752508891773555,0.07438687543776885,1.027037433607584
2026-05-02T22:00:00Z,0.0009461422532992,0.0036050885968101,-0.0030287708350092,-0.14933134244690463,0.05204870032917254,0.8644897525094078,-0.28711428019098256,0.6335249627392263,-0.05005390463870036,-1.4109754227703868,-1.5641138190702277,-2.550955065313179,-0.02065122493894565,2.32403327984054,-0.5422053306079456,0.2525905947016407,1.861628916837543
2026-05-02T23:00:00Z,0.0151021271506439,0.0266835176792599,-0.0277955154684201,-0.5106541251078717,-0.14057426111603177,-0.9559684946763647,0.04526281751059964,0.4672932749439795,0.23911452136818728,-3.4286626072221607,1.9021230166515706,0.9940596656398409,1.594017007425067,-0.005580040680288428,-1.7269626074281608,3.0948335580019957,1.8680865610259982
2026-05-03T00:00:00Z,-0.0122605340268105,0.0181614237853822,-0.0407688383602781,-0.2129743499656605,0.42834958298657055,-0.9143464355312928,-0.15296875465098267,0.4479851206716371,-0.44914622712616536,-0.09394838683509923,4.230154492746166,2.7363842896997266,-0.1529843490111111,1.6932404680076638,-1.1433401684944726,-0.9934432916755936,-0.6453083797431289
2026-05-03T01:00:00Z,0.0239634274602145,-0.0066100296891625,-0.0326511253716489,-0.5325223976825626,-0.20037755846964111,-1.2168835387008967,0.06037637589988947,0.3078210037603434,0.2974258458410926,-3.141644321490372,2.2245422113928006,1.574952057906356,0.7236435083464834,-0.1506646921875935,0.7835383708862489,0.6117336286694477,0.4061203948719754
2026-05-03T02:00:00Z,0.0066761657998595,-0.0530631223834446,-0.0514579201701941,-0.7565393473209324,0.38084865889073866,1.3018591711848972,0.2814851166081994,-0.08145157184553133,-0.3100755182876372,-3.8326751985257763,-0.568988239399093,-3.5232845203882115,1.240713663913917,-1.8771490622000404,-1.3477027223913833,-1.0369037436063535,0.6715125627396347
2026-05-03T03:00:00Z,-0.0362918336368066,-0.0578790953663967,-0.0368534541402075,-0.5916636524589786,-0.2552829784698647,-1.4742439753340655,0.1079709899365153,-0.09333215882405273,0.3519531441124107,-3.229171974682514,2.9507087043951756,2.260825594650685,0.5291827880732298,-1.8048347399967242,-1.0129704758036786,1.4725004965994084,-0.5607719247745522
2026-05-03T04:00:00Z,-0.0239193471126758,-0.0262143734694019,-0.0211755250950504,0.04125650777116262,-0.7302504260553022,1.0412889124202893,-0.5122168111121783,-0.12218859923548411,0.6736269415398817,-0.3304395122054278,-5.245668217687039,-1.7110261214152969,-2.2368946892562165,-0.3770236364523863,0.9809703764505668,0.7918524781025912,-1.240486709548122
2026-05-03T05:00:00Z,0.0015563681325887,0.0016951522864869,0.0046172011764706,0.15852256115284954,-0.8048878596739657,0.6428375303976541,-0.591601332793998,0.259977366731367,0.7418447579696531,-0.4999253832551782,-4.831636476864315,-1.8168263273764382,-0.9695568529681725,1.006827530359439,-0.1664146041923568,2.2840943361904387,0.22401646289078955
2026-05-03T06:00:00Z,-0.0039015629956715,0.0223173492094055,-0.0119510595744971,-0.6773635900860201,0.0872419612927868,0.21110037786688954,0.20186881918769034,-0.09403098635831782,-0.01748531114383518,-3.1553619641989594,0.2789516691541384,-1.6343824534280686,0.7596326273781768,-1.5019756490208451,-2.336021251247506,0.420924077746013,1.4721802264630508
2026-05-03T07:00:00Z,0.0040559560540398,0.0051744945058429,-0.0046837991387309,-0.8093092224431374,0.3443984866694601,1.0491060279076854,0.34807809411185786,-0.196476869152886,-0.28731855893833763,-4.64929608376135,0.5048314704812377,-2.054788787408024,1.4650632475592498,-3.4688553552985066,-0.795086683109737,-2.4136720767534516,-1.9926942670326273
2026-05-03T08:00:00Z,0.0221757078647293,0.0029171039545452,-0.0159481906412061,-0.7624410282607752,-0.16925769945674576,-1.0361727559983545,0.20279299603005205,-1.8340686231782886,0.21615151376700484,-0.35293027912375496,1.8287791442768908,0.7266920966730928,-1.9592043423664451,-2.4195175369912874,-1.889622041421046,2.4190479826305844,6.5185212931885355
2026-05-03T09:00:00Z,-0.0206047626324735,-0.0335203240074167,-0.1151601817117941,-0.3060875271323401,0.5788624996684252,-0.5746301690826431,-0.07687025728254213,-0.3137189390278297,-0.606796398843353,0.4075498542691314,4.249231405376095,1.1823081092997225,-0.10579559444092342,0.6266415343250797,-3.0761642234168907,-1.446029745797285,-0.15357719565711112
2026-05-03T10:00:00Z,0.0018010774826482,-0.0098075445591367,-0.1238987097392663,-0.7498603666241276,0.43200675309926645,1.7630135307494552,0.2815171798852097,-0.0792849987399747,-0.38692749027535633,-3.927130012360349,-1.208038796535054,-3.9004013916996803,1.3969117333665428,-1.8200206538529609,-3.242159396420879,-1.158011802024323,-0.17555524457947178
2026-05-03T11:00:00Z,-0.0149614130128866,-0.0188104226374887,-0.1254737991875355,-0.04694115113547482,-0.5121950486511059,1.2770649581547366,-0.4469069506512648,0.23913147464489115,0.5257029145390855,-1.9532271909940278,-4.958075523562683,-3.990647573590804,0.511639408812262,-0.27123470539669414,-3.108017054866734,1.7485101114375134,-2.0770545080006606
2026-05-03T12:00:00Z,0.0034249027948314,-0.084471365236452,-0.1121909208782037,-0.5725460358662896,-0.236944374951227,-1.1995452617130489,0.11100029575338287,0.4047195747213205,0.35426542859135507,-4.175356846377036,1.8842774141557481,0.40227630329806496,1.88949046566533,-1.6240041261210985,-1.1864407807285713,2.495441910361495,1.574391836384221
2026-05-03T13:00:00Z,-0.0073073467532468,-0.1152212022554067,-0.1152212022554067,-0.3763539093413491,-0.13848148427544163,-1.5025731651536294,-0.08156162794247035,0.5958139030160019,0.21790030237647154,-2.9181110544354376,3.192296926280157,2.9387243005616313,1.0942625622965187,0.019599434625496372,-1.607857845552149,3.879574933020877,1.3827615064938008
2026-05-03T14:00:00Z,-0.0808799303006304,-0.1087082241912551,-0.1018178866853295,0.19013765065542387,-0.8585968297669295,0.14677851846239579,-0.6285983056376183,0.1522622064947794,0.7992160383117224,-0.22919365007050416,-3.8673205087581333,-0.9643700334028777,-1.3681206278460951,0.8292347241405013,0.33196704349164535,2.510048853028561,0.8173320401730813
2026-05-03T15:00:00Z,-0.0302771039476125,-0.0302771039476125,-0.0227804365011282,3.5099287077725765,-3.4364646917184536,-0.8059944321666204,2.0125526797748416,-0.6196896740438801,-2.6064412963036556,13.217936022380801,-14.377938509974289,7.374194534769903,2.194723719909686,-2.5713031580210437,-2.6720348018285747,-1.0316609680326285,0.8222465821322157
2026-05-03T16:00:00Z,0.0,0.0,0.0077307316110635,-0.08980894651343564,-0.7112038533844219,-0.1696817065664672,-0.4493152457392756,-1.871514971817569,0.6276808437243568,1.8898410678754076,-2.4917411097719806,0.9036777037232794,-4.820022711083118,-1.0102849166330956,2.637651922611028,0.5858922126231664,1.0888284266928756
2026-05-03T17:00:00Z,0.0,0.0077307316110635,0.0077307316110635,-0.5800455040300344,-0.2814142630099085,-1.5161195032242292,0.12348016111859153,0.2607255062865429,0.3713544777554289,-3.5840147420657105,2.8297389184530313,2.7104800318621316,0.8497722285650737,-2.0657423225988096,0.24254526228813236,0.49764304931290376,-1.576055894009806
2026-05-03T18:00:00Z,0.0,0.0077307316110635,0.0294578685723785,-0.33331032859480725,-0.005765821996392136,0.33484244109819383,-0.13708127047037838,0.6831914334313283,0.0863057027655393,-2.3410796815142585,-0.6117834519152839,-1.4967473360918797,0.5813246770906028,1.3330718993007464,-0.838365647812358,1.0382644643628618,0.5311593221976945
2026-05-03T19:00:00Z,0.0077307316110635,0.0077307316110635,0.0169290094424159,0.3666851094257403,-1.065683975245085,0.8319770444249935,-0.7104924978221557,0.3416893378893686,0.8674360915511538,0.06752484824892906,-5.831809628590928,-0.8583906155146701,-1.6017415365314933,1.2442330218088449,0.8288383373112819,1.3844913709084865,-0.5199072207408741
2026-05-03T20:00:00Z,0.0,0.0,0.0091277139247774,-0.08293683178552183,0.4849720220777329,-1.3349142021855878,-0.2657179388635605,0.9269226912902497,-0.4730374828246141,-0.4482797061968479,5.220728819635122,3.3148505694208494,1.1694186802593443,3.2091834091790057,-1.0726198046025457,0.05100885150149875,-1.1434550967206827
2026-05-03T21:00:00Z,0.0,0.021560458840607,0.0091277139247774,-0.5555900326983728,-0.022809070171954347,-0.5467941485624647,0.11403517849514046,0.7792920933344182,0.12966396075984654,-4.324252410714301,1.6613457691298725,-0.24998181419632357,2.5849846619119523,-0.46579933539176854,-1.1593241664255167,0.9420306874002367,-0.022127636375277846
2026-05-03T22:00:00Z,0.0,0.0091277139247774,0.0931484352591538,-0.511360474045119,-0.045475351511049124,-0.8746888314195074,0.024827306718639038,0.05883940553541202,0.12505404790215846,-1.7025481476352686,1.982509155079076,2.216526337845027,-1.344214129083182,0.6925759706069585,2.747132200446199,-0.49970235269264934,0.22934389554391418
2026-05-03T23:00:00Z,0.021560458840607,0.0091277139247774,0.0915278031731725,-0.5266918693744329,-0.07876977977898698,-0.7888873539650982,0.08886058955808902,0.8026001284529792,0.1956815307598463,-3.8197280806620157,1.823454907364988,-0.014720664714317292,2.6237779472155625,-0.38684092695309474,-1.2122194041495211,1.5081478508094,0.1670607373957214
2026-05-04T00:00:00Z,-0.0121703466576416,-0.0121703466576416,0.0817861555070629,-0.5536454472668708,-0.06939364708135418,-0.724482763220543,0.09739197562031376,0.5696216513224917,0.16801359341313063,-3.30138631809656,2.0774643181613235,1.6382426758566644,0.32531188938492517,-0.19658874329499806,2.1608751877473455,-0.08473075298454182,-0.17457300284209856
2026-05-04T01:00:00Z,0.0,0.0832607411083741,0.0892430584622909,-0.8379324974639921,0.5110330923407828,1.703953463996084,0.354350561144498,-0.4222737879559446,-0.46652131803400354,-3.8193655091329144,-0.5410329422133259,-2.798249656462139,0.8464741306129699,-2.7725272574997817,-1.407024861166974,-1.7547428824816202,-0.8666607115307352
2026-05-04T02:00:00Z,0.0,0.0816547678865327,0.0904409234279999,-0.14197577928083174,0.5399702365959866,-1.2232027503267517,-0.2228621442803889,0.39068348445353474,-0.5233321862637075,0.4283973836623466,4.662888698761605,2.3143235207282635,-0.40193308961293994,2.0260249970799418,-0.9634891795003543,-0.6847509862150806,0.2263258034753932
2026-05-04T03:00:00Z,0.0832607411083741,0.0951140734101261,0.0757731579083229,-0.7870426620101829,0.3438367308161346,1.1511288075936006,0.27926126930410355,-0.8015374376005435,-0.32292656505045364,-2.171924208103557,-0.16742118887076546,-2.0579629562338155,-0.7562796979133363,-1.3637934439816435,-1.1798847480049626,-3.2372075001547382,-1.433023553879196
2026-05-04T04:00:00Z,-0.0014825361622523,0.0055225091493629,-0.0411065197546121,-0.6046621055173805,-0.24508140214962307,-1.3773884528153892,0.1727445135995493,0.5173477687908834,0.361670330259326,-4.934998692647482,3.297421686489764,1.960015882989184,2.277752692188701,-2.9852788315097127,0.5375022707447832,1.1390633999227349,-1.2081611951294233
2026-05-04T05:00:00Z,0.0124432544682364,0.008122883384164,-0.1130191963585222,0.8155542014958013,0.0514663899585825,0.013170881991726911,0.5443330646137082,0.056112411647138684,2.3975085740506934,7.213262986646909,0.38601041762599686,-2.5620229930673686,1.2722569081809196,0.4140048271259821,1.173445907670192,2.614806961560746,-0.7458382495511575
2026-05-04T06:00:00Z,-0.0053610989853806,-0.0176610966577905,-0.0881720353284266,-0.6368285302820765,-0.23858246249559462,-1.3254503903127235,0.13035411264011199,-0.41223184274139574,0.3381202638310452,-2.338015390719386,2.311841871786224,1.425001328746489,-0.6143715901172737,-1.3721123045011157,-0.6183694419024915,2.6886220592178254,3.9914451630723953
2026-05-04T07:00:00Z,0.0010997223772992,-0.0463729339519427,-0.0832572868993678,-0.7580730504699986,0.5123342416835555,1.850911799419779,0.29590678199079706,-0.009976221052605575,-0.4647060989121765,-3.7602969335611025,-1.015082519504916,-3.987391507443272,1.3445328905893374,-1.721297061405868,-3.4322213294092263,-1.3976820532063998,-0.21417125745105767
2026-05-04T08:00:00Z,-0.013451224366714,-0.1201659854560831,-0.0842643418942775,-0.8407971675502536,-0.07110135249307149,-0.551747188552292,0.29241332557605343,-1.4857014043302543,0.11864451930290781,-2.4293087378761187,1.8589832429076492,0.502669879807148,-0.6913457149256764,-3.4558676360198035,-1.6049451736080627,-0.24112290145992832,-0.5517215076659207
2026-05-04T09:00:00Z,-0.0344324410600999,-0.0717786279569473,-0.0717786279569473,-0.5462478411475977,0.09927072505964714,1.58729977092881,0.04327601567083871,-0.7641755132312016,-0.11080276059601397,-1.4999759749087935,-2.429828027739948,-3.2560924554304096,-1.0763076767513462,-1.2673740362313022,-1.9028688888870555,-0.8443754298907659,0.06788965362418996
2026-05-04T10:00:00Z,-0.0763668324262594,-0.0386779635987872,-0.0062459670175606,-0.9104871392481895,0.4977435177469388,1.7630519154715787,0.39065545745266794,-1.1134149332348564,-0.4721664293753351,-2.5409566671087216,-0.9197523128205617,-3.3621646512325984,-0.5660922583921204,-2.886730819664135,-2.0767186606162045,-2.1610756645601934,0.5035021717680274
2026-05-04T11:00:00Z,0.0408050188653095,0.0408050188653095,0.0927036940079977,1.1242030275724568,-3.136080626818137,-0.17980286802282916,3.332928448699535,-0.9101169718228488,-2.1507215316504076,6.607970412708464,-13.837100741642123,6.7506736864463965,2.369000345312645,-1.6675860833112985,-0.8536918770603442,-2.5060156923672983,2.4535963812036092
2026-05-04T12:00:00Z,0.0,0.0,0.0732340383400855,1.0722190046522322,0.9727064133426626,-0.29668431619116115,-1.298344372973651,-0.3636965623427526,-1.1629190255012516,5.921015325146315,3.6413584039060183,1.116376262156475,-2.3171462639931537,1.981402409086769,-1.0372730421192595,-1.3157755446719581,-1.7953506456014663
2026-05-04T13:00:00Z,0.0,0.0337368700114673,0.0522824357939983,0.5304914569561939,1.7783951884736153,-0.5842633061386132,-0.8315429515078017,-1.57896637094644,-1.8510163768956052,5.8055442625698985,6.243929306252705,0.3882848336379746,-3.4661503297909118,0.6561319528815496,-2.1812503703122794,-2.1941381909867888,1.9920738639158322
2026-05-04T14:00:00Z,0.0,0.0498639747137925,0.0359994433088926,0.6450429237551195,0.09542815459439785,0.17876128402268227,-0.9301426670837978,-0.23393973285090702,-0.21637751137606887,3.23380452880633,-0.11026583018374723,-1.2010665453815985,-1.788804114389721,0.818956398359682,-2.3681893296686836,-0.8770528096768678,-1.321394220447631
2026-05-04T15:00:00Z,0.0337368700114673,0.0732340383400855,0.0455732765202678,-0.4811395839902195,-0.016015305173178316,0.5826639150830956,-0.01786546389092289,-0.4235707364494789,0.06172273583020292,-1.3008145608973474,-1.1037979934283357,-2.2044639732817983,-0.31003691588443033,-0.8348813838849457,-2.1520243165522968,0.8469593390813914,0.8298759314149724
2026-05-04T16:00:00Z,0.0156007831104509,0.0179403156843245,0.0990993440381147,0.08162230455934502,-0.6351783493371188,1.0270048507133993,-0.5280275359234861,0.3393027725902243,0.5934182029078446,-0.31339790489817465,-4.812063616477599,-2.3323919244992584,-1.6685950976251522,1.2331767469894526,1.8706631695187297,0.43954195007691826,0.29940973849018615
2026-05-04T17:00:00Z,0.0222600872009768,-0.0132060264365959,0.0660074515142603,-0.4758339951678348,-0.13622310791314315,-1.2552805798929272,0.018203866043525408,0.5017605846686646,0.2383557996970091,-2.6847052236723186,2.631650714316773,1.9188596676683876,0.5926338755590308,-0.013019898039126409,-0.6501686590318999,0.9996908964350322,-0.2207715065945556
2026-05-04T18:00:00Z,-0.0195219325865697,-0.0257732804138406,0.0033426027728624,0.39130696595555664,1.0915133217876543,-0.3304388381741868,-0.6250963135448496,1.1181906235897514,-1.0410486900692366,2.0991766983286855,4.65307186909128,0.49487890456525563,-0.19467751360628,3.6437046301795637,-0.5599383997670575,-1.2289086725962914,-0.5545969967255243
2026-05-04T19:00:00Z,-0.0154739753617759,0.0797286708300082,0.0390759370589048,-0.025480221147498917,-0.2615783200027154,1.5301180826836203,-0.5046652182347773,0.9757715721099691,0.35347626340956184,-1.4370684360011299,-4.93838935917683,-4.037495655561971,0.0788585882748203,3.477865906638963,1.2511420789374854,1.382829116789204,0.5813707256847954
2026-05-04T20:00:00Z,0.0092411567141363,0.0802735728764223,0.048708095808142,-0.3178278584956181,0.13765606920085052,1.6023421599862353,-0.14869749945947167,0.8966312479705171,-0.08415027239136753,-2.6583017441418635,-2.6462353876377542,-2.6275365006166846,-0.10804178131305382,2.6677639475472126,3.0853953889852597,-1.036983090739654,-0.0030575542977102645
2026-05-04T21:00:00Z,0.086656995977262,0.0298861472400093,0.0615541813585998,-0.6740316630491434,0.34468215212950204,1.3986356206434205,0.1968253728015144,0.05452019037136233,-0.30054578030041024,-2.65532461953365,-1.290659953475645,-2.7384969955042977,0.011635210876448391,-0.0880246882265678,0.07397395376406694,-1.7698947754531502,0.7268331980520321
2026-05-04T22:00:00Z,-0.0149771188272905,-0.0376508792156577,0.0026594395328298,3.7978857114967557,3.5289789919034162,0.5275732316342967,2.2585594690736186,0.4600076087438981,3.7405176576783394,21.98428778220564,8.573113458601728,-8.708989404222342,2.185801336511185,-2.5998169017269444,4.704369628471394,2.852487999370466,4.265125032294836
2026-05-04T23:00:00Z,-0.0378330891157746,-0.0292198919429562,0.0086913362953964,-0.4203351350253361,-0.014475926485245592,0.8557722533499692,-0.08065705475293444,0.041521580018403295,0.05851524412654185,-1.9925235713327873,-1.6572292657160141,-1.4485034893666093,-1.1188213715406687,0.74559361353301,2.0433680368380203,-0.4826938686067265,0.6179086880582906
2026-05-05T00:00:00Z,0.0153970975096218,0.0307490630915443,0.0683058863950356,0.3835254352129852,-1.1926774199440568,0.9630371431521719,-0.7068241800344525,0.12761744091559357,0.9680454348963011,0.39737425183756997,-6.496978890068024,-1.599192013195647,-2.25931950203596,0.15250116278801057,0.6018143574754664,1.114863573430201,-0.07243242808368959
2026-05-05T01:00:00Z,-0.0063474903534593,0.0418874168198271,0.0407939996243256,-0.4124488039484721,0.07258660438609851,-0.6125890396117366,-0.04461123938118724,-0.05268086240851357,-0.06224582957832342,-1.5912457720983415,1.9748268892436167,1.6813470223079383,-0.43364477456548944,-0.38027044281827527,-1.4016366292735893,0.11163595429152588,-0.44934822246610606
2026-05-05T02:00:00Z,0.0216037944128586,0.0390523331944137,0.0439697316050509,-0.6941964098781397,0.40321244166758635,1.5848622285954181,0.23878816908845985,0.24711938451507046,-0.3525867414772671,-3.7968025275524457,-0.9724704474149959,-3.0765924329339343,1.3451336557193614,-1.2921424477872887,-2.088571411004,-1.1758010755383284,-0.4491603182312219
2026-05-05T03:00:00Z,0.0263695567159507,0.0364364370032475,-0.0019096765116607,-0.6750101622725213,-0.3567946254553347,-1.532997532334135,0.17483682238829482,-0.5929699147774242,0.4242476814327566,-3.0078295571160187,2.628221565961372,2.5294251254320472,0.25256812713360083,-3.3533503156352107,-1.7421173816282105,2.200508318674656,-0.033802914589307224
2026-05-05T04:00:00Z,-0.0090513217981738,-0.0010494581063651,0.0272385780730075,-0.2525749890503451,0.40726640304383965,-1.3038976578702277,-0.12351484110273447,-0.20529351572753418,-0.4293546667243253,0.6837914250684862,4.795210118451509,2.4190151181420934,-0.49965941971929306,0.7326890676815404,-2.5084505410693776,-0.18994470584079437,1.1428697684486147
2026-05-05T05:00:00Z,0.0190318262941115,0.0047325801151125,0.0331429666366878,-0.6339593205749248,-0.02959313298837172,-0.3424320189992307,0.17374238171413528,0.21885196528763518,0.12715104840362265,-3.797874789202723,1.0162188031459511,-1.001181659084832,1.7878834394745409,-2.007990199418914,-2.4771804578004097,1.4666071866673427,1.2742977739402346
2026-05-05T06:00:00Z,-0.0107522388646817,-0.0369980368750659,0.1119303954053929,-0.6509788863030238,-0.3382578017442257,-1.5099935578647021,0.18881166675958003,-0.016024477863099212,0.442754976814015,-4.504414861040255,2.64709965936417,1.1669552597146542,2.3130035879510293,-3.7320912900101426,-3.4161132521668396,3.1193050490148657,0.35104431381906764
2026-05-05T07:00:00Z,-0.0033155992647794,0.0283177544763619,0.2023888103466946,0.2692439387738243,0.4856551568577794,-0.7956070294593514,-0.6951537203396816,-0.503226101132434,-0.5468494091468582,1.8051315443916822,2.8011653201409104,1.2224036867352033,-1.9580503138477114,0.859017374404368,-2.2339135619347648,0.025401504708396618,-0.17954998679737086
2026-05-05T08:00:00Z,-0.023292696355497,0.0282765654103902,0.1151694236420812,0.742026875815414,-1.6054034920670135,0.6658014523744733,-1.0738298866460785,0.12978589765769863,1.3460537308660898,0.9620888064731852,-7.2126028613947755,-1.918107412808024,-1.3792924508089752,0.4411668864059559,-1.345660596402231,2.6145160346095695,-0.15724346156296423
2026-05-05T09:00:00Z,0.0563436787298279,0.1546501855481035,0.1651573920535602,-0.4415870005492508,0.027644218115075767,1.1055654518001505,-0.04065919981954127,-0.047046738404164866,0.004420663200867914,-2.2427179073687222,-1.8613413802428354,-2.4170884842805607,-0.2797040212144114,-0.32391148293275623,-0.7814376411114815,-0.13764857216190615,0.02416739997262381
2026-05-05T10:00:00Z,-0.0033555212629712,0.1692774972644255,0.0841356084569775,1.163017106502609,1.4405798818578899,-0.4057007796107731,-1.344729062530713,-1.2659178443745502,-1.5757605124472327,7.51787790104094,4.911942418102702,0.4346635044211901,-3.3843199038415603,0.7001759074084148,-1.5266050255082482,-1.3018738727992076,0.5200704127337996
2026-05-05T11:00:00Z,0.0967431402360321,0.0845033925255425,0.1079645349498676,-0.33490766437230657,-0.260096654638657,0.5238068470027805,-0.18754434098762296,-1.0138176870817996,0.260495018611704,-0.17478401708077018,-1.870246250520474,-2.0822197974434125,-1.9504817464506434,-0.9569256319109003,-0.874905499554243,0.7066905539381995,1.4624107268406314
2026-05-05T12:00:00Z,0.0697256263203123,0.009099904574535,0.0296548448886304,0.6501607503772397,2.1088923183399086,-0.26306327699962423,-0.9168653820336766,-3.9903667472433875,-2.2770589008602986,8.323089789627927,7.151529404223647,-0.1881276432367334,-3.7673777366142844,-2.0161189965885447,-5.063941223224136,-2.2722451512489896,-0.042924588846096096
2026-05-05T13:00:00Z,-0.0756135127368082,-0.072815810623775,-0.064240253209671,1.603947306637556,1.3854286838324967,0.12634973880681297,2.8648046583221967,-2.8478618677186125,-0.964119516712705,15.509644134413225,2.016161397463611,-0.4795771776158122,2.2666358882341164,-3.926696568295007,-1.6109883776468856,-1.5506441412845464,0.3288618740357041
2026-05-05T14:00:00Z,0.0204886455704562,0.0216330742587074,0.0382256937050167,0.1317055888229291,-1.0218301384864426,1.0291228342320156,-0.5926958458687019,-1.3187109696592574,0.8415191930424183,0.6172033287020332,-5.900321784586674,-2.906647955125869,-2.2636560422663274,-0.7514992278127604,-2.4603520739961198,1.2600385911527747,0.7550724188821865
2026-05-05T15:00:00Z,-0.0171115038278019,0.0203695790881697,0.0139638734062377,0.7117494495332833,0.4296341370099928,-0.04158798716631595,0.8998069743580069,-0.47828530772685957,2.6221708794552834,8.666352737971648,1.4310575082010077,-3.108020449712262,0.30731030160668543,-0.30103325383769647,3.289631739170808,2.7388559243181603,1.4857734917876795
2026-05-05T16:00:00Z,0.0185503803955591,0.0092490332690782,-0.0280309855674741,-0.7139964435015502,0.13366170968975352,0.8177972953254465,0.20772244856242755,-0.6181419727737354,-0.10261806906253174,-2.4331942028418463,-0.7418862089891199,-1.3253235094366405,-0.9529984763178306,-1.4748883903998307,0.09866500753098044,-0.7090944542430349,0.8726608455171089
2026-05-05T17:00:00Z,0.0192265657614187,0.0162412708284223,-0.0531285107075171,-0.5965665877281323,-0.008150080296315861,0.13869575387532163,0.11360267417608953,-0.03140799616944888,0.04801930269402406,-2.7895304323608863,0.055953601236927865,0.5909241597908834,-0.4881436242802519,-0.6643737333682335,1.2776858569581013,-0.013121064974367195,-0.03892114515072498
2026-05-05T18:00:00Z,-0.0278235603029748,-0.0062778289486601,-0.0712479795914154,-0.5812794854826231,-0.20005836514319658,-0.9789747201797787,0.08237741353901096,-0.2253837047954035,0.2599442371279003,-2.432821296899043,1.9454912017476247,2.5380771469715864,-0.8604099922841345,-0.8755082019347156,1.380469651285773,0.15266608648322733,-0.757564276851019
2026-05-05T19:00:00Z,0.0256070591647397,-0.0369383745811456,-0.031056726082602,-0.44671853141111484,0.12170839140072047,1.443609604090717,-0.03581681968298352,0.2984579778934374,-0.07427664467304855,-2.6862878577088822,-2.2772582623280924,-2.99226780664319,0.029600043354895758,0.03872288914567604,-0.46378468194566813,-0.42877524218781077,-0.2440469689106752
2026-05-05T20:00:00Z,-0.0033586857813809,-0.0682611339720442,-0.0643614378213326,-0.5580671387631078,0.09100545845181668,1.5700460854227982,0.04180259213474679,-0.6364999675116538,-0.10238632679108897,-1.654645059317954,-2.617219137226008,-2.7095144505588302,-1.4770841291804335,-1.1573445326152358,-0.19244431960193792,-1.7201456651090246,-0.6690729428126676
2026-05-05T21:00:00Z,-0.0578193286983022,-0.0653805988589528,-0.0567188183125401,-0.5393461296481038,-0.10933970986998374,-0.5892548725864477,0.06472012710037406,0.4362591816697944,0.22333706653623567,-3.362804342442282,0.9119117175979483,-0.3327537560898066,0.7266970925883341,0.0053201708290008705,1.1039614932291872,1.8158908439033958,3.195010439143611
2026-05-05T22:00:00Z,-0.0077499372059259,0.0061072400179849,-0.006649110714517,0.6158649802984565,-0.32883380889628033,0.6649835940936187,-0.9412602873032705,0.4413207373615777,0.14852927061438861,1.9378961584842598,-2.3354071327906167,-0.9662022771381014,-1.6333337916861994,2.139516871492442,-0.8424894290194995,-0.22936178542810212,-0.36774635677610035
2026-05-05T23:00:00Z,-0.000277500263165,0.0041853960298299,0.0008352227680212,-0.21382455370470366,-0.10247812698514508,1.0526915395823973,-0.2661773105249067,0.41671880170323766,0.1383016941818331,-1.4319402737300448,-2.394650291094091,-3.0128510367407753,-0.4696389044188106,1.3949621763861317,-0.3404767357465601,0.13445065607711687,1.131278009157202
2026-05-06T00:00:00Z,0.014246862032117,0.0092677089046491,0.0459849683182767,-0.4512440132337555,-0.18329409601276683,-1.3330363135251746,-0.010451458492258443,0.31262918865920936,0.2815352513512548,-2.724682071968662,2.0697508356682732,1.226035306589288,1.1328578935219453,-0.32102671645864106,-3.2627397065463057,4.038187616058973,2.693505214679775
2026-05-06T01:00:00Z,-0.0096453115180054,-0.0126789175399174,0.1879195031976954,-0.38598394070826636,-0.016218873801286848,-1.3583983270177802,-0.0921964330221279,-0.3022197869568236,0.055610278309619225,-0.7729748790847046,3.134320366212942,3.081529025850226,-1.4366276061973513,-0.13990651554961397,-0.12411174665177929,0.5862857608683647,0.36230283425609644
2026-05-06T02:00:00Z,0.0047822253131548,-0.0033362099021295,0.085415015011341,-0.7458168685161406,0.2936673921056542,1.0019298237383654,0.2839609609827967,0.06236201118807202,-0.22931274016707845,-4.448116347125742,0.027879828221543237,-1.7615097932041344,1.1878581521276554,-2.5123936852204856,0.35666745759821755,-1.7935317626963063,-1.18632690645999
2026-05-06T03:00:00Z,-0.0078080365911141,0.0363800992439127,0.0719637708420559,-0.723400489181137,0.5099194897269604,1.7204669581023941,0.30227192621261617,0.7165286421099686,-0.4250831646030291,-5.763932907099233,-0.7802167489231989,-4.274795625306604,3.12641915911351,-2.42988329630583,-0.7143317195929338,-1.7300679906621168,-0.5519992374099402
2026-05-06T04:00:00Z,-0.0002738978243513,0.2031744528717922,0.1011154967676652,-0.7972693077554385,0.45288868574429786,1.6673680094353933,0.3230620132152014,-0.18541254739933222,-0.39833739928832007,-4.1004021044424945,-0.838198686042859,-3.61860951142012,1.4625648277116297,-2.611658154113731,-3.032939968310351,-1.157740608534688,-0.46175071901501136
2026-05-06T05:00:00Z,0.0448220480512386,0.0890483087629332,0.1610823449427811,-0.9516284788694849,0.37556638864114417,1.5971368286848593,0.41197076400257426,-1.5747620577476606,-0.37486960499558947,-2.6736469822951885,-0.9088566692144753,-2.752476663975558,-0.5825378909004189,-4.0637346047402705,-3.399755204211937,-1.622190343412253,-0.7523086960255775
2026-05-06T06:00:00Z,0.1518747065764705,0.0343345763046811,0.2360917497050558,-0.4906569669382777,0.059673853981211,-0.9092269077118011,-0.029351127072134914,-1.4312394337276153,-0.0854428948623298,-0.4320729182317126,2.631405492634296,2.0925603726146274,-1.689287012647254,-2.123676673839515,-3.1047635910564515,0.5631681513156939,-0.3911953464398291
2026-05-06T07:00:00Z,-0.095102112414479,-0.0848247366460681,0.0319142884950001,3.8536705155660913,3.106321936347306,0.4232083663360326,4.670941390609648,-2.9415783133239737,1.400819522269099,28.851956395519494,6.812100192122286,-4.229823214765293,4.874061930572567,-6.918660249590005,0.9169847700033393,-0.7988417758647176,-0.7884304794185559
2026-05-06T08:00:00Z,-0.0076697592851083,0.0661440228135263,0.1046462254794187,1.9527552222767708,-3.984664769998623,-0.20283230503095612,0.6887801932333917,-1.914032583867718,0.5076742338881538,7.254867955923153,-15.228043163817576,4.3835105412019715,-0.6012436435599281,-3.3856553107616834,-1.1722461564428877,0.902919176113706,0.3005930356465415
2026-05-06T09:00:00Z,0.0191743195011699,0.1950598752302983,0.1002871040692379,-0.6714205570457352,0.09462379539833646,0.40008509067494663,0.19074890058281935,-0.161471109304285,-0.03587199734544125,-2.878924577474979,-0.07266436363360064,-1.2301658382644345,0.13544826503825666,-1.4407479158459422,-1.5589758373053462,0.030128482316082995,0.8404928078971962
2026-05-06T10:00:00Z,0.0541712748771978,0.1275592007516062,0.0650510391809433,-0.12753539852593862,0.5316425345638939,-1.3238259385804234,-0.21067934587026538,-0.21780090302319707,-0.56074786471537,1.2470203733757999,5.027603750296133,2.775231830816462,-1.0251794080497285,0.9674823540652537,-1.5194645990737923,-0.8091698850691383,1.5204194440543166
2026-05-06T11:00:00Z,0.1123206886499692,0.0361135098467146,0.033286528313364,0.10492638371172873,1.1463048844267207,-0.40654823142215823,-0.420620280637842,-1.133180596705074,-1.1899097049525698,3.771198305060686,4.959877650718234,-0.20532582686516168,-1.4072882440670418,0.45816459831905043,-3.4655929151817313,-1.7332309747929013,1.2913129711906293
2026-05-06T12:00:00Z,-0.0383917953049468,-0.0793037847938765,-0.0822440410446244,2.3512515849409135,2.39412114968136,0.09361324091853859,2.304909691485026,-4.332633245445293,4.645259914418416,20.3695956324013,6.999235182663477,-5.708902829223785,-1.963430889472296,-7.09605915557959,2.602181699550192,2.6937602696428864,0.4818266473140254
2026-05-06T13:00:00Z,-0.0313226136024297,-0.0554367003781233,-0.0397960031844613,4.079541446578577,-1.8269130576512054,-0.47433208444851815,-1.609033677785171,-2.1021693267734665,3.654698335254198,16.338902169827694,-5.4971384333452935,-0.7559068178390671,-2.4784211152158266,-5.012770636062684,0.260428440641296,3.8222306110592594,-2.767158351077854
2026-05-06T14:00:00Z,-0.011585662764879,-0.0027284477101054,-0.0133824657796017,0.011786503592143038,-1.7360359205890585,0.22383151473894214,2.0807127941832957,-1.9294997249360661,-1.0327345225006541,4.160104785861319,-8.961429324847638,3.146821410032717,1.1900016814738623,-3.030946915219305,-1.4402940101386514,-0.6893965562225948,0.6150405277410435
2026-05-06T15:00:00Z,-0.0134641548766654,-0.0031935139975454,0.180110594444766,-0.6760871122057253,0.028280017874196352,0.09663172447984884,0.1743493379659296,-0.5121682504342139,0.02025438665241992,-2.658806262536167,0.5188136632469925,-0.4767379564908593,-0.4062178010179794,-1.3179432826778092,-0.7071487384620464,-0.8230923531023229,-0.2881297881603877
2026-05-06T16:00:00Z,0.0227312464792368,0.0165586543537348,0.1053778762947148,-0.7115804341889288,0.20397726667633329,1.1715797030063848,0.20762579000498982,-0.6119844643956486,-0.1872896942544525,-2.6582394610011963,-1.0657736535310214,-2.252875065106804,-0.294785573705176,-0.7829795134540818,-0.9655870721063432,-1.0914033147970603,0.7345112168933888
2026-05-06T17:00:00Z,-0.0120465985904471,-0.0106831665307537,0.0900778065176826,-0.2877280046237518,0.1286360168576302,-1.3858190495020202,-0.17691089337796914,-0.40477051725571866,-0.07611352477290892,-0.582037454236929,3.499304040997841,2.1768464515571884,-0.7499050013999499,0.2678107853317239,-2.250066940126469,1.2672588522664063,0.4179300618660936
2026-05-06T18:00:00Z,0.0060844961113466,0.1838913681003675,0.1043550055605224,-0.6643556660360439,0.42850201842987196,1.5943397018253944,0.2204828256250443,0.6230514527127147,-0.35656967156458275,-4.324187766029299,-0.9923687286355395,-3.787490264551624,2.153170765928814,-0.7651730745347657,-2.319421047441183,-0.8510517453508254,0.19369860299520744
2026-05-06T19:00:00Z,-0.0046759880273342,0.0873724517130256,0.1438767732744579,0.12258107204190974,-0.6823003207155782,1.2020214394148583,-0.5483246804908914,0.3012031079100603,0.6344128741774706,-1.1265508201201566,-5.243023773252044,-3.8466675003968147,-0.2445842729634054,0.5168801049379322,-1.3718334617546453,1.3904877105540636,-0.7531288251032034
2026-05-06T20:00:00Z,0.1822597821494829,0.1018490433394294,,-0.4699531200097546,0.09348698372754512,1.0656080617861197,-0.023655963205706815,0.28285470719484307,-0.027346080744628257,-2.6638785635250986,-1.5611115869826866,-2.4018894562320803,0.2049434165162379,0.10249581074962427,-0.6390204860461878,-0.09836692714823908,-0.2245047753566248
2026-05-06T21:00:00Z,-0.0759383887371049,-0.0671821458310543,,4.604201334319604,3.607958728682529,0.0980829130962108,1.7566915367081786,3.541066446497707,3.592204249684139,21.16636790392543,9.792769052885792,-6.897697150585704,5.7885847439953695,0.1927577641705462,3.431311217223041,3.846738501872674,-1.4093121079499351
2026-05-06T22:00:00Z,0.008575128675671,0.0519640914871593,,0.18055875089222176,-1.6084958877542286,0.46463663299404184,2.273585967006919,-0.31959011031377504,-1.4422315212187888,3.1116452054380352,-9.47388483738843,2.2432687948823644,3.2140019021877078,0.5479972006324368,-0.9825826551180006,-1.452799826887593,3.4391606131966825
2026-05-06T23:00:00Z,0.0008930349592299,,,-0.5904251227394895,-0.2169875196682443,-0.9204458930427489,0.07441811474290426,-0.5130290760218353,0.2656671881208865,-2.123377445771229,1.6204700590290861,2.51784976082985,-1.5124475325924238,-0.6567805813408853,2.1417109899406714,0.20693760246066795,-0.09579734839766849
2026-05-07T00:00:00Z,0.042089437960388,,,0.023197954043396894,0.678777406419399,-0.5309981344805929,-0.31150194136001674,0.7475635228348817,-0.6790642340682127,0.5132504020373576,3.81706604364448,1.1192686250246047,0.48934864912140946,1.9489965468503676,-2.0107175651660163,-1.0647921367921755,-0.13599736683971536
2026-05-07T01:00:00Z,,,,0.339446069507209,1.4417053868373204,-0.7790099931346111,-0.5845282431660875,-1.0929945304930917,-1.4625143346957032,4.748105658318517,6.289451589526435,1.5274655813933486,-2.4410373326643744,0.004369019439889306,-1.9841942166819162,-1.5243609455136056,0.3531149336360469
