hour_utc,target,model,actual_return,predicted_return
2026-04-17T06:00:00Z,fwd_1h,ridge,0.0,
2026-04-17T07:00:00Z,fwd_1h,ridge,-0.0955178845263217,
2026-04-17T08:00:00Z,fwd_1h,ridge,0.0,
2026-04-17T09:00:00Z,fwd_1h,ridge,0.0,
2026-04-17T10:00:00Z,fwd_1h,ridge,0.0,
2026-04-17T11:00:00Z,fwd_1h,ridge,0.0264294896106698,
2026-04-17T12:00:00Z,fwd_1h,ridge,0.0,
2026-04-17T13:00:00Z,fwd_1h,ridge,0.0,
2026-04-17T14:00:00Z,fwd_1h,ridge,0.0,
2026-04-17T15:00:00Z,fwd_1h,ridge,0.111656884090084,
2026-04-17T16:00:00Z,fwd_1h,ridge,0.0,
2026-04-17T17:00:00Z,fwd_1h,ridge,0.0,
2026-04-17T18:00:00Z,fwd_1h,ridge,0.0,
2026-04-17T19:00:00Z,fwd_1h,ridge,-0.0333364930278827,
2026-04-17T20:00:00Z,fwd_1h,ridge,0.0,
2026-04-17T21:00:00Z,fwd_1h,ridge,0.0,
2026-04-17T22:00:00Z,fwd_1h,ridge,0.0,
2026-04-17T23:00:00Z,fwd_1h,ridge,-0.042006126250267,
2026-04-18T00:00:00Z,fwd_1h,ridge,0.0,
2026-04-18T01:00:00Z,fwd_1h,ridge,0.0,
2026-04-18T02:00:00Z,fwd_1h,ridge,0.0,
2026-04-18T03:00:00Z,fwd_1h,ridge,-0.0504516634443494,
2026-04-18T04:00:00Z,fwd_1h,ridge,0.0,
2026-04-18T05:00:00Z,fwd_1h,ridge,0.0,
2026-04-18T06:00:00Z,fwd_1h,ridge,0.0,
2026-04-18T07:00:00Z,fwd_1h,ridge,-0.0321276759024523,
2026-04-18T08:00:00Z,fwd_1h,ridge,0.0,
2026-04-18T09:00:00Z,fwd_1h,ridge,0.0,
2026-04-18T10:00:00Z,fwd_1h,ridge,0.0,
2026-04-18T11:00:00Z,fwd_1h,ridge,0.0172808764844798,
2026-04-18T12:00:00Z,fwd_1h,ridge,0.0,
2026-04-18T13:00:00Z,fwd_1h,ridge,0.0,
2026-04-18T14:00:00Z,fwd_1h,ridge,0.0,
2026-04-18T15:00:00Z,fwd_1h,ridge,0.0231544146737576,
2026-04-18T16:00:00Z,fwd_1h,ridge,0.0,
2026-04-18T17:00:00Z,fwd_1h,ridge,0.0,
2026-04-18T18:00:00Z,fwd_1h,ridge,0.0,
2026-04-18T19:00:00Z,fwd_1h,ridge,-0.1000844810912191,
2026-04-18T20:00:00Z,fwd_1h,ridge,0.0,
2026-04-18T21:00:00Z,fwd_1h,ridge,0.0,
2026-04-18T22:00:00Z,fwd_1h,ridge,0.0,
2026-04-18T23:00:00Z,fwd_1h,ridge,-0.0737970090528501,
2026-04-19T00:00:00Z,fwd_1h,ridge,0.0,
2026-04-19T01:00:00Z,fwd_1h,ridge,0.0,
2026-04-19T02:00:00Z,fwd_1h,ridge,0.0,
2026-04-19T03:00:00Z,fwd_1h,ridge,-0.0217638727159802,
2026-04-19T04:00:00Z,fwd_1h,ridge,0.0,
2026-04-19T05:00:00Z,fwd_1h,ridge,0.0,
2026-04-19T06:00:00Z,fwd_1h,ridge,0.0,
2026-04-19T07:00:00Z,fwd_1h,ridge,0.0474319915411709,
2026-04-19T08:00:00Z,fwd_1h,ridge,0.0,
2026-04-19T09:00:00Z,fwd_1h,ridge,0.0,
2026-04-19T10:00:00Z,fwd_1h,ridge,0.0,
2026-04-19T11:00:00Z,fwd_1h,ridge,-0.0053770347743699,
2026-04-19T12:00:00Z,fwd_1h,ridge,0.0,
2026-04-19T13:00:00Z,fwd_1h,ridge,0.0,
2026-04-19T14:00:00Z,fwd_1h,ridge,0.0,
2026-04-19T15:00:00Z,fwd_1h,ridge,0.0047238564559759,
2026-04-19T16:00:00Z,fwd_1h,ridge,0.0,
2026-04-19T17:00:00Z,fwd_1h,ridge,0.0,
2026-04-19T18:00:00Z,fwd_1h,ridge,0.0,
2026-04-19T19:00:00Z,fwd_1h,ridge,-0.0953798799618788,
2026-04-19T20:00:00Z,fwd_1h,ridge,0.0,
2026-04-19T21:00:00Z,fwd_1h,ridge,0.0,
2026-04-19T22:00:00Z,fwd_1h,ridge,0.0,
2026-04-19T23:00:00Z,fwd_1h,ridge,0.0440521420123209,
2026-04-20T00:00:00Z,fwd_1h,ridge,0.0,
2026-04-20T01:00:00Z,fwd_1h,ridge,0.0,
2026-04-20T02:00:00Z,fwd_1h,ridge,0.0,
2026-04-20T03:00:00Z,fwd_1h,ridge,-0.0634056412658684,
2026-04-20T04:00:00Z,fwd_1h,ridge,0.0,
2026-04-20T05:00:00Z,fwd_1h,ridge,0.0,
2026-04-20T06:00:00Z,fwd_1h,ridge,0.0,
2026-04-20T07:00:00Z,fwd_1h,ridge,0.0431657960367666,
2026-04-20T08:00:00Z,fwd_1h,ridge,0.0,
2026-04-20T09:00:00Z,fwd_1h,ridge,0.0,
2026-04-20T10:00:00Z,fwd_1h,ridge,0.0,
2026-04-20T11:00:00Z,fwd_1h,ridge,0.067601680045592,
2026-04-20T12:00:00Z,fwd_1h,ridge,0.0,
2026-04-20T13:00:00Z,fwd_1h,ridge,0.0,
2026-04-20T14:00:00Z,fwd_1h,ridge,0.0,0.008104010812779125
2026-04-20T15:00:00Z,fwd_1h,ridge,-0.027940632156484,0.025261267965897734
2026-04-20T16:00:00Z,fwd_1h,ridge,0.0,0.004570621955032374
2026-04-20T17:00:00Z,fwd_1h,ridge,0.0,0.003409350649782753
2026-04-20T18:00:00Z,fwd_1h,ridge,0.0,0.0011952782813066556
2026-04-20T19:00:00Z,fwd_1h,ridge,0.0423732598578165,-0.0008173379722700288
2026-04-20T20:00:00Z,fwd_1h,ridge,0.0,-0.041695194529238276
2026-04-20T21:00:00Z,fwd_1h,ridge,0.0,-0.004188286348227383
2026-04-20T22:00:00Z,fwd_1h,ridge,0.0,0.005275992884678222
2026-04-20T23:00:00Z,fwd_1h,ridge,-0.067770203651209,0.0009553920704100565
2026-04-21T00:00:00Z,fwd_1h,ridge,0.0,-0.006372673510968759
2026-04-21T01:00:00Z,fwd_1h,ridge,0.0,0.007174617611644697
2026-04-21T02:00:00Z,fwd_1h,ridge,0.0,-0.005042789485698251
2026-04-21T03:00:00Z,fwd_1h,ridge,-0.032154581168123,-0.002148222139003492
2026-04-21T04:00:00Z,fwd_1h,ridge,0.0,0.009857673943849019
2026-04-21T05:00:00Z,fwd_1h,ridge,0.0,-0.0031965469134596497
2026-04-21T06:00:00Z,fwd_1h,ridge,0.0,0.008686963371591314
2026-04-21T07:00:00Z,fwd_1h,ridge,0.0842983081860269,-0.005265646823631101
2026-04-21T08:00:00Z,fwd_1h,ridge,0.0,0.005949882149824735
2026-04-21T09:00:00Z,fwd_1h,ridge,0.0,0.002932254550187548
2026-04-21T10:00:00Z,fwd_1h,ridge,0.0,-0.016152123250792863
2026-04-21T11:00:00Z,fwd_1h,ridge,0.0420696095745838,0.007361558317110772
2026-04-21T12:00:00Z,fwd_1h,ridge,0.0,0.007150606968189641
2026-04-21T13:00:00Z,fwd_1h,ridge,0.0,-0.00774106741645884
2026-04-21T14:00:00Z,fwd_1h,ridge,0.0,-0.0079148601978266
2026-04-21T15:00:00Z,fwd_1h,ridge,-0.0568021174587255,-0.009925936703205412
2026-04-21T16:00:00Z,fwd_1h,ridge,0.0,-0.006795647212435137
2026-04-21T17:00:00Z,fwd_1h,ridge,0.0,0.003563212672187301
2026-04-21T18:00:00Z,fwd_1h,ridge,0.0,0.0003618159504051371
2026-04-21T19:00:00Z,fwd_1h,ridge,0.0335980215754752,-0.003134388228834416
2026-04-21T20:00:00Z,fwd_1h,ridge,0.0,-0.006376272797758936
2026-04-21T21:00:00Z,fwd_1h,ridge,0.0,0.0007296313404354343
2026-04-21T22:00:00Z,fwd_1h,ridge,0.0,-0.017716597211934977
2026-04-21T23:00:00Z,fwd_1h,ridge,0.0021543668174439,-0.008009312172719609
2026-04-22T00:00:00Z,fwd_1h,ridge,0.0,0.0018052905307403755
2026-04-22T01:00:00Z,fwd_1h,ridge,0.0,-0.01966431183764878
2026-04-22T02:00:00Z,fwd_1h,ridge,0.0,0.020525250847992442
2026-04-22T03:00:00Z,fwd_1h,ridge,0.0297230158009194,0.010814118125761874
2026-04-22T04:00:00Z,fwd_1h,ridge,0.0,-0.001497904739734184
2026-04-22T05:00:00Z,fwd_1h,ridge,0.0,-0.013249991515264436
2026-04-22T06:00:00Z,fwd_1h,ridge,0.0,-0.009548487218784782
2026-04-22T07:00:00Z,fwd_1h,ridge,0.0608476155819288,-0.0022715736564180664
2026-04-22T08:00:00Z,fwd_1h,ridge,0.0,-0.0017179173127448355
2026-04-22T09:00:00Z,fwd_1h,ridge,0.0,0.0014995168231574309
2026-04-22T10:00:00Z,fwd_1h,ridge,0.0257445269048386,0.005730382754142781
2026-04-22T11:00:00Z,fwd_1h,ridge,-0.0070530334729987,-0.003241460448826947
2026-04-22T12:00:00Z,fwd_1h,ridge,0.0,0.015695328175444792
2026-04-22T13:00:00Z,fwd_1h,ridge,0.0,-0.010822899029856533
2026-04-22T14:00:00Z,fwd_1h,ridge,0.0,-0.0031140103967811873
2026-04-22T15:00:00Z,fwd_1h,ridge,0.1325819147095921,0.009772200491307795
2026-04-22T16:00:00Z,fwd_1h,ridge,0.0,0.011409517380584827
2026-04-22T17:00:00Z,fwd_1h,ridge,0.0,0.006744617811702185
2026-04-22T18:00:00Z,fwd_1h,ridge,0.0,0.007748302516029747
2026-04-22T19:00:00Z,fwd_1h,ridge,-0.0857013765130157,0.004553025010220624
2026-04-22T20:00:00Z,fwd_1h,ridge,0.0,0.000793498518007113
2026-04-22T21:00:00Z,fwd_1h,ridge,0.0,0.003260034644354326
2026-04-22T22:00:00Z,fwd_1h,ridge,0.0,0.006570367823642619
2026-04-22T23:00:00Z,fwd_1h,ridge,0.0392970850132388,0.0042782681460100044
2026-04-23T00:00:00Z,fwd_1h,ridge,0.0,-0.0005347725759403512
2026-04-23T01:00:00Z,fwd_1h,ridge,0.0,0.011219932805320772
2026-04-23T02:00:00Z,fwd_1h,ridge,0.0,0.011696680959355206
2026-04-23T03:00:00Z,fwd_1h,ridge,-0.0315906345864475,0.004611527712361264
2026-04-23T04:00:00Z,fwd_1h,ridge,0.0,-0.005453472482640831
2026-04-23T05:00:00Z,fwd_1h,ridge,0.0,0.008964068577796925
2026-04-23T06:00:00Z,fwd_1h,ridge,0.0,0.002775329606614695
2026-04-23T07:00:00Z,fwd_1h,ridge,-0.0627434850143782,0.0034811754226281473
2026-04-23T08:00:00Z,fwd_1h,ridge,0.0,-0.027037389730046164
2026-04-23T09:00:00Z,fwd_1h,ridge,0.0,-0.005336934133952839
2026-04-23T10:00:00Z,fwd_1h,ridge,0.0,0.00899091310474784
2026-04-23T11:00:00Z,fwd_1h,ridge,0.1181223264681665,0.008005427797544104
2026-04-23T12:00:00Z,fwd_1h,ridge,0.0,0.029104982145373312
2026-04-23T13:00:00Z,fwd_1h,ridge,0.0,-0.015884414882208354
2026-04-23T14:00:00Z,fwd_1h,ridge,0.0,0.01031364771019354
2026-04-23T15:00:00Z,fwd_1h,ridge,-0.0293263755396362,-0.0038772422186739413
2026-04-23T16:00:00Z,fwd_1h,ridge,0.0,0.004552212391019767
2026-04-23T17:00:00Z,fwd_1h,ridge,0.0,-0.012871523717895536
2026-04-23T18:00:00Z,fwd_1h,ridge,0.0,0.014535474452062238
2026-04-23T19:00:00Z,fwd_1h,ridge,-0.0244065913888801,0.001803639821156425
2026-04-23T20:00:00Z,fwd_1h,ridge,0.0,0.01806746206390323
2026-04-23T21:00:00Z,fwd_1h,ridge,0.0,-0.0030957576241111137
2026-04-23T22:00:00Z,fwd_1h,ridge,0.0,0.005079980742765216
2026-04-23T23:00:00Z,fwd_1h,ridge,0.0768536726616908,0.0029011798993848403
2026-04-24T00:00:00Z,fwd_1h,ridge,0.0,-0.002990978038764239
2026-04-24T01:00:00Z,fwd_1h,ridge,0.0,-0.003877635377657485
2026-04-24T02:00:00Z,fwd_1h,ridge,0.0,4.888360410203012e-05
2026-04-24T03:00:00Z,fwd_1h,ridge,-0.0503907549855541,0.006014262437104762
2026-04-24T04:00:00Z,fwd_1h,ridge,0.0,0.0023764294055040954
2026-04-24T05:00:00Z,fwd_1h,ridge,0.0,0.000146575011344058
2026-04-24T06:00:00Z,fwd_1h,ridge,0.0,0.00804884442459389
2026-04-24T07:00:00Z,fwd_1h,ridge,0.0392756325062362,0.009127978374586683
2026-04-24T08:00:00Z,fwd_1h,ridge,0.0,0.0031643966162256997
2026-04-24T09:00:00Z,fwd_1h,ridge,0.0,0.005966939960351837
2026-04-24T10:00:00Z,fwd_1h,ridge,0.0,0.0053732728638338206
2026-04-24T11:00:00Z,fwd_1h,ridge,0.1948771247073424,0.037965208113173714
2026-04-24T12:00:00Z,fwd_1h,ridge,-0.0168459672156359,0.009061703488375292
2026-04-24T13:00:00Z,fwd_1h,ridge,0.0334773740061078,-0.0011261034568383092
2026-04-24T14:00:00Z,fwd_1h,ridge,0.0634912078935259,0.009662892250092429
2026-04-24T15:00:00Z,fwd_1h,ridge,-0.0363102514419021,0.020100552383543028
2026-04-24T16:00:00Z,fwd_1h,ridge,0.1004066458993127,-0.004024931607964295
2026-04-24T17:00:00Z,fwd_1h,ridge,0.0013801147309246,-7.956288720443756e-05
2026-04-24T18:00:00Z,fwd_1h,ridge,-0.0161638873838674,-0.0009087553914634246
2026-04-24T19:00:00Z,fwd_1h,ridge,0.1523303534172013,-0.004247070953872989
2026-04-24T20:00:00Z,fwd_1h,ridge,-0.0630691443440825,0.00841479490710743
2026-04-24T21:00:00Z,fwd_1h,ridge,0.0028423098987744,-0.002530464822362673
2026-04-24T22:00:00Z,fwd_1h,ridge,-0.077559640143468,-0.02051238520979868
2026-04-24T23:00:00Z,fwd_1h,ridge,-0.0190328396838526,-0.021276336190776866
2026-04-25T00:00:00Z,fwd_1h,ridge,-0.0126543364441328,0.0010437050152155508
2026-04-25T01:00:00Z,fwd_1h,ridge,-0.0188438220173253,-0.006500834828622465
2026-04-25T02:00:00Z,fwd_1h,ridge,0.0125756547675894,0.006297031298488849
2026-04-25T03:00:00Z,fwd_1h,ridge,-0.0106413109923461,0.0018570730139106013
2026-04-25T04:00:00Z,fwd_1h,ridge,-0.0326670318842022,-0.015604864938759795
2026-04-25T05:00:00Z,fwd_1h,ridge,0.0260511866482604,-0.011195107179464772
2026-04-25T06:00:00Z,fwd_1h,ridge,-0.0171006508419994,-0.005813401105514046
2026-04-25T07:00:00Z,fwd_1h,ridge,0.014799842697321,0.0003771697902071562
2026-04-25T08:00:00Z,fwd_1h,ridge,0.0001389517741416,0.0010876797768983853
2026-04-25T09:00:00Z,fwd_1h,ridge,0.0221105581862315,0.0020715095542962704
2026-04-25T10:00:00Z,fwd_1h,ridge,0.0086424897451706,0.004557889361052471
2026-04-25T11:00:00Z,fwd_1h,ridge,0.024159336049033,0.005242435023746896
2026-04-25T12:00:00Z,fwd_1h,ridge,0.0033742980875024,0.008092788778580565
2026-04-25T13:00:00Z,fwd_1h,ridge,-0.0013411208416627,0.0011184384265343471
2026-04-25T14:00:00Z,fwd_1h,ridge,0.0693737015306885,-0.017317944795428097
2026-04-25T15:00:00Z,fwd_1h,ridge,0.0036853583274654,-0.01190374790682638
2026-04-25T16:00:00Z,fwd_1h,ridge,-0.0204463451176127,0.004519799020541684
2026-04-25T17:00:00Z,fwd_1h,ridge,0.0684640972882244,0.006357214912659134
2026-04-25T18:00:00Z,fwd_1h,ridge,0.0022797662096905,0.007513196627803719
2026-04-25T19:00:00Z,fwd_1h,ridge,-0.0135582301935698,-0.00282137558526819
2026-04-25T20:00:00Z,fwd_1h,ridge,0.034264967918701,-0.01522494102032771
2026-04-25T21:00:00Z,fwd_1h,ridge,0.0177846433542243,0.0030058343816696284
2026-04-25T22:00:00Z,fwd_1h,ridge,-0.0270407459540049,-0.00038919375226699167
2026-04-25T23:00:00Z,fwd_1h,ridge,-0.0173221492589453,0.009868297584003104
2026-04-26T00:00:00Z,fwd_1h,ridge,0.0127033404386227,-0.00610004302574224
2026-04-26T01:00:00Z,fwd_1h,ridge,-0.0210032510368461,0.002301386440999926
2026-04-26T02:00:00Z,fwd_1h,ridge,0.007291955584181,-0.008414763557334153
2026-04-26T03:00:00Z,fwd_1h,ridge,-0.0188882704640339,-0.006753381080025187
2026-04-26T04:00:00Z,fwd_1h,ridge,0.0141813858689812,-0.00698673749633919
2026-04-26T05:00:00Z,fwd_1h,ridge,-0.0012875225496077,0.002047838488113396
2026-04-26T06:00:00Z,fwd_1h,ridge,-0.0144015151535282,0.004150072635895268
2026-04-26T07:00:00Z,fwd_1h,ridge,-0.0101916150277057,-0.0032639941720399163
2026-04-26T08:00:00Z,fwd_1h,ridge,0.0114774428821773,0.0013034523387701336
2026-04-26T09:00:00Z,fwd_1h,ridge,0.0089977338209066,0.004049231421339318
2026-04-26T10:00:00Z,fwd_1h,ridge,-0.0121436580812963,0.0031551493588681105
2026-04-26T11:00:00Z,fwd_1h,ridge,0.010423689712153,0.0031572474046400317
2026-04-26T12:00:00Z,fwd_1h,ridge,0.0181785400733158,0.000407817084398035
2026-04-26T13:00:00Z,fwd_1h,ridge,-0.0283398656118801,-0.0011377500639833506
2026-04-26T14:00:00Z,fwd_1h,ridge,-0.0017265546389304,-0.0138115660546691
2026-04-26T15:00:00Z,fwd_1h,ridge,-0.1160335182179703,-0.009104215748882129
2026-04-26T16:00:00Z,fwd_1h,ridge,0.0287253453354776,-0.0028953601937509307
2026-04-26T17:00:00Z,fwd_1h,ridge,-0.012866952695814,0.009420591274976135
2026-04-26T18:00:00Z,fwd_1h,ridge,0.0130161302713989,-0.006729698732453602
2026-04-26T19:00:00Z,fwd_1h,ridge,0.0871413718812139,0.0012556598473708646
2026-04-26T20:00:00Z,fwd_1h,ridge,-0.0315662946670057,-0.0025900799714637006
2026-04-26T21:00:00Z,fwd_1h,ridge,0.024724069260549,-0.019899246739573776
2026-04-26T22:00:00Z,fwd_1h,ridge,0.0252179090905817,0.004203027671241849
2026-04-26T23:00:00Z,fwd_1h,ridge,0.0354936519226647,0.006598670440073375
2026-04-27T00:00:00Z,fwd_1h,ridge,0.0061302048146334,0.005832046009217084
2026-04-27T01:00:00Z,fwd_1h,ridge,-0.0039175602697583,0.004994594824030622
2026-04-27T02:00:00Z,fwd_1h,ridge,-0.0087613349398963,0.013988286494890659
2026-04-27T03:00:00Z,fwd_1h,ridge,0.0250743735271097,0.00579614660830153
2026-04-27T04:00:00Z,fwd_1h,ridge,-0.0359151653134391,-0.0007308198398826744
2026-04-27T05:00:00Z,fwd_1h,ridge,-0.0081708558745128,0.015396315286512339
2026-04-27T06:00:00Z,fwd_1h,ridge,0.0016672082636612,-0.0036123565228996807
2026-04-27T07:00:00Z,fwd_1h,ridge,0.0059608804955026,0.008693773293612657
2026-04-27T08:00:00Z,fwd_1h,ridge,-0.0250288043617326,0.0008798795465093994
2026-04-27T09:00:00Z,fwd_1h,ridge,-0.0432872942563702,0.011665965695779618
2026-04-27T10:00:00Z,fwd_1h,ridge,-0.025649843917764,0.019793023712031118
2026-04-27T11:00:00Z,fwd_1h,ridge,0.0106157139763423,0.002980379221068953
2026-04-27T12:00:00Z,fwd_1h,ridge,0.0166587385194845,0.006284559974148977
2026-04-27T13:00:00Z,fwd_1h,ridge,0.0036598154001026,-0.006793147143217285
2026-04-27T14:00:00Z,fwd_1h,ridge,-0.0695730434466027,0.014287393768695419
2026-04-27T15:00:00Z,fwd_1h,ridge,-0.0221776806709377,-0.001750824315524457
2026-04-27T16:00:00Z,fwd_1h,ridge,-0.1047209431862109,0.01404170598658076
2026-04-27T17:00:00Z,fwd_1h,ridge,0.0272860765027487,-0.05121861626512486
2026-04-27T18:00:00Z,fwd_1h,ridge,-0.0147785190998106,-0.002715451770127348
2026-04-27T19:00:00Z,fwd_1h,ridge,0.0145876295904192,0.014117602536239556
2026-04-27T20:00:00Z,fwd_1h,ridge,-0.0214499662228944,-0.007750549361952401
2026-04-27T21:00:00Z,fwd_1h,ridge,0.0061897525262688,-0.002042140002841035
2026-04-27T22:00:00Z,fwd_1h,ridge,0.0045780536695716,0.001432776435355155
2026-04-27T23:00:00Z,fwd_1h,ridge,0.0598919073034995,-0.008112110613193127
2026-04-28T00:00:00Z,fwd_1h,ridge,0.008928646093818,0.0116152363737057
2026-04-28T01:00:00Z,fwd_1h,ridge,-0.0242150293142057,0.00441071415212733
2026-04-28T02:00:00Z,fwd_1h,ridge,0.0207430787555873,0.017275765148800446
2026-04-28T03:00:00Z,fwd_1h,ridge,-0.0010629871739759,-0.003048837702929244
2026-04-28T04:00:00Z,fwd_1h,ridge,-0.0059171872954493,0.007625783101712659
2026-04-28T05:00:00Z,fwd_1h,ridge,-0.0618168991168307,0.0009688009136520912
2026-04-28T06:00:00Z,fwd_1h,ridge,-0.0441739564057849,0.004523930760810915
2026-04-28T07:00:00Z,fwd_1h,ridge,0.0046315465788835,0.04560297695892415
2026-04-28T08:00:00Z,fwd_1h,ridge,0.0,0.019254096365739336
2026-04-28T09:00:00Z,fwd_1h,ridge,0.0,0.027600347352861255
2026-04-28T10:00:00Z,fwd_1h,ridge,0.0,0.027638432916487626
2026-04-28T11:00:00Z,fwd_1h,ridge,0.004918587451135,0.009907344117116076
2026-04-28T12:00:00Z,fwd_1h,ridge,0.0,0.0006876387441879352
2026-04-28T13:00:00Z,fwd_1h,ridge,0.0,0.008207275788078856
2026-04-28T14:00:00Z,fwd_1h,ridge,0.0,-0.03162765403869562
2026-04-28T15:00:00Z,fwd_1h,ridge,-0.0175620108356487,0.019906979457975187
2026-04-28T16:00:00Z,fwd_1h,ridge,0.0,0.06632639802981978
2026-04-28T17:00:00Z,fwd_1h,ridge,0.0,0.019825595254570418
2026-04-28T18:00:00Z,fwd_1h,ridge,0.0,0.010967196868507764
2026-04-28T19:00:00Z,fwd_1h,ridge,-0.054004495341984,0.0006274370846457394
2026-04-28T20:00:00Z,fwd_1h,ridge,0.0,0.003119741956208876
2026-04-28T21:00:00Z,fwd_1h,ridge,0.0,-0.007867175549905198
2026-04-28T22:00:00Z,fwd_1h,ridge,0.0,-0.00807827825232343
2026-04-28T23:00:00Z,fwd_1h,ridge,0.0113500992295214,-0.00485716470284743
2026-04-29T00:00:00Z,fwd_1h,ridge,0.0,-0.007671562661988238
2026-04-29T01:00:00Z,fwd_1h,ridge,0.0,0.020303073961573107
2026-04-29T02:00:00Z,fwd_1h,ridge,0.0,0.021379459645480013
2026-04-29T03:00:00Z,fwd_1h,ridge,0.162300713641978,0.002202257522559742
2026-04-29T04:00:00Z,fwd_1h,ridge,-0.0049939118313393,-0.03119270614452441
2026-04-29T05:00:00Z,fwd_1h,ridge,0.0094446336839704,0.008593687615861167
2026-04-29T06:00:00Z,fwd_1h,ridge,-0.0374321374089383,0.005042847985170168
2026-04-29T07:00:00Z,fwd_1h,ridge,-0.0031723637785558,0.018325629863678247
2026-04-29T08:00:00Z,fwd_1h,ridge,0.0409487630898082,0.00779873630279125
2026-04-29T09:00:00Z,fwd_1h,ridge,-0.0034555890537273,-0.0006850834450134527
2026-04-29T10:00:00Z,fwd_1h,ridge,-0.0268004898775343,-0.0005198138676369137
2026-04-29T11:00:00Z,fwd_1h,ridge,-0.0573225835244927,0.01258396198474912
2026-04-29T12:00:00Z,fwd_1h,ridge,0.0,0.007942947036747859
2026-04-29T13:00:00Z,fwd_1h,ridge,0.0,-0.006866182603994617
2026-04-29T14:00:00Z,fwd_1h,ridge,0.0,0.01044198830697047
2026-04-29T15:00:00Z,fwd_1h,ridge,0.0086652107630751,0.027446929159596272
2026-04-29T16:00:00Z,fwd_1h,ridge,0.0,0.005936939381484267
2026-04-29T17:00:00Z,fwd_1h,ridge,0.0,0.0027990815829470796
2026-04-29T18:00:00Z,fwd_1h,ridge,0.0,0.020150802965612776
2026-04-29T19:00:00Z,fwd_1h,ridge,-0.1295525398295541,-0.0049696385170610174
2026-04-29T20:00:00Z,fwd_1h,ridge,0.0,0.030290747151991555
2026-04-29T21:00:00Z,fwd_1h,ridge,0.0,0.003645133976359213
2026-04-29T22:00:00Z,fwd_1h,ridge,0.0,0.0030856928339286598
2026-04-29T23:00:00Z,fwd_1h,ridge,0.2050539018586472,0.007627939731198185
2026-04-30T00:00:00Z,fwd_1h,ridge,0.0095525601215706,-0.007417560747382736
2026-04-30T01:00:00Z,fwd_1h,ridge,-0.0209513245480971,0.022469200976827735
2026-04-30T02:00:00Z,fwd_1h,ridge,-0.0631608576000531,0.01703400812359884
2026-04-30T03:00:00Z,fwd_1h,ridge,-0.0352464166464763,0.006054007824993976
2026-04-30T04:00:00Z,fwd_1h,ridge,0.0,0.010640266514540767
2026-04-30T05:00:00Z,fwd_1h,ridge,0.0,0.03224306737884823
2026-04-30T06:00:00Z,fwd_1h,ridge,0.0,-0.056407634683176736
2026-04-30T07:00:00Z,fwd_1h,ridge,0.0421238387408229,0.009970777348649082
2026-04-30T08:00:00Z,fwd_1h,ridge,0.0,0.001301696569091064
2026-04-30T09:00:00Z,fwd_1h,ridge,0.0,0.0032952724297838553
2026-04-30T10:00:00Z,fwd_1h,ridge,0.0,0.008426068534040944
2026-04-30T11:00:00Z,fwd_1h,ridge,0.0005749874871705,0.007344411220668121
2026-04-30T12:00:00Z,fwd_1h,ridge,0.0,0.0041138687548506105
2026-04-30T13:00:00Z,fwd_1h,ridge,0.0,0.009359091696807723
2026-04-30T14:00:00Z,fwd_1h,ridge,0.0,0.017719662991964397
2026-04-30T15:00:00Z,fwd_1h,ridge,0.0328435841023473,0.00963840127041893
2026-04-30T16:00:00Z,fwd_1h,ridge,0.0,-0.005914580583265595
2026-04-30T17:00:00Z,fwd_1h,ridge,0.0,0.004448722888567767
2026-04-30T18:00:00Z,fwd_1h,ridge,0.0,0.008771584063662791
2026-04-30T19:00:00Z,fwd_1h,ridge,0.0485939537825712,-0.018275723030932004
2026-04-30T20:00:00Z,fwd_1h,ridge,-0.0028814419856771,-0.008052785631837188
2026-04-30T21:00:00Z,fwd_1h,ridge,0.0207238606521849,0.005001154934358766
2026-04-30T22:00:00Z,fwd_1h,ridge,0.0121732440446042,-0.008178149625195991
2026-04-30T23:00:00Z,fwd_1h,ridge,-0.0036169451947833,0.012454789916900072
2026-05-01T00:00:00Z,fwd_1h,ridge,0.0016278016243564,-0.0013649785560794158
2026-05-01T01:00:00Z,fwd_1h,ridge,0.0238404515117536,-0.009066483588791186
2026-05-01T02:00:00Z,fwd_1h,ridge,0.0392211337781442,-0.0007090637132015683
2026-05-01T03:00:00Z,fwd_1h,ridge,0.0199425901645853,0.01212990200013897
2026-05-01T04:00:00Z,fwd_1h,ridge,0.0485581443360234,-0.001891822745792009
2026-05-01T05:00:00Z,fwd_1h,ridge,-0.0217308992115401,0.0013722206393455994
2026-05-01T06:00:00Z,fwd_1h,ridge,-0.0137023467331637,0.025774333756675184
2026-05-01T07:00:00Z,fwd_1h,ridge,0.0883525775512998,-0.018285758861103563
2026-05-01T08:00:00Z,fwd_1h,ridge,-0.059592802569374,-0.0017607846189928978
2026-05-01T09:00:00Z,fwd_1h,ridge,-0.0247994903299609,0.0005758565276390627
2026-05-01T10:00:00Z,fwd_1h,ridge,-0.0100097116765605,0.004587592883010377
2026-05-01T11:00:00Z,fwd_1h,ridge,0.0266333926335804,-0.01977062621312994
2026-05-01T12:00:00Z,fwd_1h,ridge,0.0106300835154335,-0.011426403002734542
2026-05-01T13:00:00Z,fwd_1h,ridge,-0.0020365623567455,0.011342881950830686
2026-05-01T14:00:00Z,fwd_1h,ridge,-0.0229739638446104,0.00222957086028734
2026-05-01T15:00:00Z,fwd_1h,ridge,-0.0016003952420131,-0.014717113706631287
2026-05-01T16:00:00Z,fwd_1h,ridge,0.0309398264686027,0.005460471208467569
2026-05-01T17:00:00Z,fwd_1h,ridge,0.0269465663880574,0.01612350675938485
2026-05-01T18:00:00Z,fwd_1h,ridge,-0.0423959855875897,0.002271518356232728
2026-05-01T19:00:00Z,fwd_1h,ridge,-0.0244217594966044,0.0066643487142711635
2026-05-01T20:00:00Z,fwd_1h,ridge,0.0385214177514774,-0.007427069272567522
2026-05-01T21:00:00Z,fwd_1h,ridge,-0.0179412821560878,0.01473684709271692
2026-05-01T22:00:00Z,fwd_1h,ridge,0.0170944737204348,0.013348638359820413
2026-05-01T23:00:00Z,fwd_1h,ridge,0.0355812875192835,0.024698804134223307
2026-05-02T00:00:00Z,fwd_1h,ridge,-0.0821025594486696,-0.004719022622800389
2026-05-02T01:00:00Z,fwd_1h,ridge,0.0051200724769073,0.0015435698060973558
2026-05-02T02:00:00Z,fwd_1h,ridge,-0.0047843738787659,0.010331639351325085
2026-05-02T03:00:00Z,fwd_1h,ridge,-0.0534031995068412,-0.003565602627830925
2026-05-02T04:00:00Z,fwd_1h,ridge,0.0088200389775889,0.01589693331301451
2026-05-02T05:00:00Z,fwd_1h,ridge,-0.0052540131337788,0.0039667297285963955
2026-05-02T06:00:00Z,fwd_1h,ridge,0.0319642257898555,-0.006438745773773237
2026-05-02T07:00:00Z,fwd_1h,ridge,0.0041124863174308,-0.000590981171843107
2026-05-02T08:00:00Z,fwd_1h,ridge,0.0157040312337164,0.006897246571770257
2026-05-02T09:00:00Z,fwd_1h,ridge,0.0150070390266257,0.003029753194240594
2026-05-02T10:00:00Z,fwd_1h,ridge,-0.0275821509323014,-0.006310567579504911
2026-05-02T11:00:00Z,fwd_1h,ridge,0.0002726167169719,-0.0015219648161290708
2026-05-02T12:00:00Z,fwd_1h,ridge,0.0121713500714761,0.008058887338306564
2026-05-02T13:00:00Z,fwd_1h,ridge,0.0146568456972167,-0.012044850209735156
2026-05-02T14:00:00Z,fwd_1h,ridge,0.0026757910279346,0.007602869650279594
2026-05-02T15:00:00Z,fwd_1h,ridge,0.029810146571078,0.0007942513181005868
2026-05-02T16:00:00Z,fwd_1h,ridge,-0.0055262710903201,-0.0013588942800720405
2026-05-02T17:00:00Z,fwd_1h,ridge,-0.0167370722434611,0.013815544690687976
2026-05-02T18:00:00Z,fwd_1h,ridge,-0.0050203323150134,0.004992675174244147
2026-05-02T19:00:00Z,fwd_1h,ridge,0.0078730565918971,0.007055709557564984
2026-05-02T20:00:00Z,fwd_1h,ridge,-0.0097393494814239,0.006073146905295637
2026-05-02T21:00:00Z,fwd_1h,ridge,-0.0170259109478909,0.0006308997964654928
2026-05-02T22:00:00Z,fwd_1h,ridge,0.0009461422532992,-0.0059281090051006135
2026-05-02T23:00:00Z,fwd_1h,ridge,0.0151021271506439,-0.00896814803524442
2026-05-03T00:00:00Z,fwd_1h,ridge,-0.0122605340268105,-0.001175814152338897
2026-05-03T01:00:00Z,fwd_1h,ridge,0.0239634274602145,0.015377023275060691
2026-05-03T02:00:00Z,fwd_1h,ridge,0.0066761657998595,-7.661971412515744e-05
2026-05-03T03:00:00Z,fwd_1h,ridge,-0.0362918336368066,0.011643521233694146
2026-05-03T04:00:00Z,fwd_1h,ridge,-0.0239193471126758,-0.01067690932124186
2026-05-03T05:00:00Z,fwd_1h,ridge,0.0015563681325887,-0.013346065996948455
2026-05-03T06:00:00Z,fwd_1h,ridge,-0.0039015629956715,0.0010564039830131006
2026-05-03T07:00:00Z,fwd_1h,ridge,0.0040559560540398,0.00812962513370656
2026-05-03T08:00:00Z,fwd_1h,ridge,0.0221757078647293,0.025256985258361443
2026-05-03T09:00:00Z,fwd_1h,ridge,-0.0206047626324735,-0.005935962874616587
2026-05-03T10:00:00Z,fwd_1h,ridge,0.0018010774826482,-0.004901821630725538
2026-05-03T11:00:00Z,fwd_1h,ridge,-0.0149614130128866,-0.0318945330264507
2026-05-03T12:00:00Z,fwd_1h,ridge,0.0034249027948314,-0.0007653052650114975
2026-05-03T13:00:00Z,fwd_1h,ridge,-0.0073073467532468,-0.014963745099053396
2026-05-03T14:00:00Z,fwd_1h,ridge,-0.0808799303006304,-0.006104054884422021
2026-05-03T15:00:00Z,fwd_1h,ridge,-0.0302771039476125,-0.005764681834541235
2026-05-03T16:00:00Z,fwd_1h,ridge,0.0,0.030483638254031636
2026-05-03T17:00:00Z,fwd_1h,ridge,0.0,0.004514045665706524
2026-05-03T18:00:00Z,fwd_1h,ridge,0.0,0.0037107740785741164
2026-05-03T19:00:00Z,fwd_1h,ridge,0.0077307316110635,-0.01080140905971931
2026-05-03T20:00:00Z,fwd_1h,ridge,0.0,-0.011077038793726105
2026-05-03T21:00:00Z,fwd_1h,ridge,0.0,0.002888467935775073
2026-05-03T22:00:00Z,fwd_1h,ridge,0.0,0.012602049464311628
2026-05-03T23:00:00Z,fwd_1h,ridge,0.021560458840607,0.0010843736480989764
2026-05-04T00:00:00Z,fwd_1h,ridge,-0.0121703466576416,0.007690212144245041
2026-05-04T01:00:00Z,fwd_1h,ridge,0.0,0.007348730403467764
2026-05-04T02:00:00Z,fwd_1h,ridge,0.0,0.0003218772024567028
2026-05-04T03:00:00Z,fwd_1h,ridge,0.0832607411083741,0.007050971484902465
2026-05-04T04:00:00Z,fwd_1h,ridge,-0.0014825361622523,0.0025826069976975876
2026-05-04T05:00:00Z,fwd_1h,ridge,0.0124432544682364,0.006724856746425671
2026-05-04T06:00:00Z,fwd_1h,ridge,-0.0053610989853806,0.021597792862915764
2026-05-04T07:00:00Z,fwd_1h,ridge,0.0010997223772992,0.0020536998445172725
2026-05-04T08:00:00Z,fwd_1h,ridge,-0.013451224366714,0.0009479703992322868
2026-05-04T09:00:00Z,fwd_1h,ridge,-0.0344324410600999,0.002857452293821195
2026-05-04T10:00:00Z,fwd_1h,ridge,-0.0763668324262594,0.00616585948807581
2026-05-04T11:00:00Z,fwd_1h,ridge,0.0408050188653095,-0.024601812244351526
2026-05-04T12:00:00Z,fwd_1h,ridge,0.0,0.010979026676976502
2026-05-04T13:00:00Z,fwd_1h,ridge,0.0,0.001576106583852569
2026-05-04T14:00:00Z,fwd_1h,ridge,0.0,0.01304385908610016
2026-05-04T15:00:00Z,fwd_1h,ridge,0.0337368700114673,0.0033723347326564492
2026-05-04T16:00:00Z,fwd_1h,ridge,0.0156007831104509,0.0023239435838808323
2026-05-04T17:00:00Z,fwd_1h,ridge,0.0222600872009768,-0.0024088543719261372
2026-05-04T18:00:00Z,fwd_1h,ridge,-0.0195219325865697,0.016700683544741364
2026-05-04T19:00:00Z,fwd_1h,ridge,-0.0154739753617759,-0.0070705185424715395
2026-05-04T20:00:00Z,fwd_1h,ridge,0.0092411567141363,0.009902181360401463
2026-05-04T21:00:00Z,fwd_1h,ridge,0.086656995977262,0.007715530290068233
2026-05-04T22:00:00Z,fwd_1h,ridge,-0.0149771188272905,0.05542430477925753
2026-05-04T23:00:00Z,fwd_1h,ridge,-0.0378330891157746,0.010808494813168349
2026-05-05T00:00:00Z,fwd_1h,ridge,0.0153970975096218,-0.003433841889328581
2026-05-05T01:00:00Z,fwd_1h,ridge,-0.0063474903534593,-0.008989028883336768
2026-05-05T02:00:00Z,fwd_1h,ridge,0.0216037944128586,0.0022566771059688855
2026-05-05T03:00:00Z,fwd_1h,ridge,0.0263695567159507,-0.003966949734661699
2026-05-05T04:00:00Z,fwd_1h,ridge,-0.0090513217981738,-0.0033576450132113476
2026-05-05T05:00:00Z,fwd_1h,ridge,0.0190318262941115,8.455774614435493e-05
2026-05-05T06:00:00Z,fwd_1h,ridge,-0.0107522388646817,-0.0036403025765543453
2026-05-05T07:00:00Z,fwd_1h,ridge,-0.0033155992647794,-0.013216018169060954
2026-05-05T08:00:00Z,fwd_1h,ridge,-0.023292696355497,-0.001367921983088822
2026-05-05T09:00:00Z,fwd_1h,ridge,0.0563436787298279,-0.0008496597562727983
2026-05-05T10:00:00Z,fwd_1h,ridge,-0.0033555212629712,0.021831776238353803
2026-05-05T11:00:00Z,fwd_1h,ridge,0.0967431402360321,0.0011323133331284448
2026-05-05T12:00:00Z,fwd_1h,ridge,0.0697256263203123,0.01791490911117188
2026-05-05T13:00:00Z,fwd_1h,ridge,-0.0756135127368082,-0.00566315839250991
2026-05-05T14:00:00Z,fwd_1h,ridge,0.0204886455704562,0.005716850466511308
2026-05-05T15:00:00Z,fwd_1h,ridge,-0.0171115038278019,0.008284556188273399
2026-05-05T16:00:00Z,fwd_1h,ridge,0.0185503803955591,0.0027697681848714403
2026-05-05T17:00:00Z,fwd_1h,ridge,0.0192265657614187,0.00255841511438337
2026-05-05T18:00:00Z,fwd_1h,ridge,-0.0278235603029748,0.00029081689101160104
2026-05-05T19:00:00Z,fwd_1h,ridge,0.0256070591647397,0.00018574990071884958
2026-05-05T20:00:00Z,fwd_1h,ridge,-0.0033586857813809,0.008390848255502993
2026-05-05T21:00:00Z,fwd_1h,ridge,-0.0578193286983022,0.007849766601439323
2026-05-05T22:00:00Z,fwd_1h,ridge,-0.0077499372059259,-0.006182171458375666
2026-05-05T23:00:00Z,fwd_1h,ridge,-0.000277500263165,0.004399574035415349
2026-05-06T00:00:00Z,fwd_1h,ridge,0.014246862032117,0.0006745215502707087
2026-05-06T01:00:00Z,fwd_1h,ridge,-0.0096453115180054,-0.010029791885157572
2026-05-06T02:00:00Z,fwd_1h,ridge,0.0047822253131548,0.009241121084593837
2026-05-06T03:00:00Z,fwd_1h,ridge,-0.0078080365911141,0.010716209458054028
2026-05-06T04:00:00Z,fwd_1h,ridge,-0.0002738978243513,0.0007812393771676278
2026-05-06T05:00:00Z,fwd_1h,ridge,0.0448220480512386,0.00024411067062461494
2026-05-06T06:00:00Z,fwd_1h,ridge,0.1518747065764705,-0.013772427012963665
2026-05-06T07:00:00Z,fwd_1h,ridge,-0.095102112414479,0.02218381816419309
2026-05-06T08:00:00Z,fwd_1h,ridge,-0.0076697592851083,0.016983877249428053
2026-05-06T09:00:00Z,fwd_1h,ridge,0.0191743195011699,0.003074653689319897
2026-05-06T10:00:00Z,fwd_1h,ridge,0.0541712748771978,0.004694082792283585
2026-05-06T11:00:00Z,fwd_1h,ridge,0.1123206886499692,0.00808810238428666
2026-05-06T12:00:00Z,fwd_1h,ridge,-0.0383917953049468,0.004071313205507068
2026-05-06T13:00:00Z,fwd_1h,ridge,-0.0313226136024297,0.028393475200610422
2026-05-06T14:00:00Z,fwd_1h,ridge,-0.011585662764879,-0.011059322633401873
2026-05-06T15:00:00Z,fwd_1h,ridge,-0.0134641548766654,0.004356019975276074
2026-05-06T16:00:00Z,fwd_1h,ridge,0.0227312464792368,0.006809212571175062
2026-05-06T17:00:00Z,fwd_1h,ridge,-0.0120465985904471,-0.008376506798202659
2026-05-06T18:00:00Z,fwd_1h,ridge,0.0060844961113466,0.0015303733674986784
2026-05-06T19:00:00Z,fwd_1h,ridge,-0.0046759880273342,0.0002521715224446659
2026-05-06T20:00:00Z,fwd_1h,ridge,0.1822597821494829,0.00185515210752359
2026-05-06T21:00:00Z,fwd_1h,ridge,-0.0759383887371049,0.02532035672997521
2026-05-06T22:00:00Z,fwd_1h,ridge,0.008575128675671,-0.002886238422039913
2026-05-06T23:00:00Z,fwd_1h,ridge,0.0008930349592299,0.00020321956175947719
2026-05-07T00:00:00Z,fwd_1h,ridge,0.042089437960388,0.0005339708875972625
2026-04-17T06:00:00Z,fwd_1h,elastic_net,0.0,
2026-04-17T07:00:00Z,fwd_1h,elastic_net,-0.0955178845263217,
2026-04-17T08:00:00Z,fwd_1h,elastic_net,0.0,
2026-04-17T09:00:00Z,fwd_1h,elastic_net,0.0,
2026-04-17T10:00:00Z,fwd_1h,elastic_net,0.0,
2026-04-17T11:00:00Z,fwd_1h,elastic_net,0.0264294896106698,
2026-04-17T12:00:00Z,fwd_1h,elastic_net,0.0,
2026-04-17T13:00:00Z,fwd_1h,elastic_net,0.0,
2026-04-17T14:00:00Z,fwd_1h,elastic_net,0.0,
2026-04-17T15:00:00Z,fwd_1h,elastic_net,0.111656884090084,
2026-04-17T16:00:00Z,fwd_1h,elastic_net,0.0,
2026-04-17T17:00:00Z,fwd_1h,elastic_net,0.0,
2026-04-17T18:00:00Z,fwd_1h,elastic_net,0.0,
2026-04-17T19:00:00Z,fwd_1h,elastic_net,-0.0333364930278827,
2026-04-17T20:00:00Z,fwd_1h,elastic_net,0.0,
2026-04-17T21:00:00Z,fwd_1h,elastic_net,0.0,
2026-04-17T22:00:00Z,fwd_1h,elastic_net,0.0,
2026-04-17T23:00:00Z,fwd_1h,elastic_net,-0.042006126250267,
2026-04-18T00:00:00Z,fwd_1h,elastic_net,0.0,
2026-04-18T01:00:00Z,fwd_1h,elastic_net,0.0,
2026-04-18T02:00:00Z,fwd_1h,elastic_net,0.0,
2026-04-18T03:00:00Z,fwd_1h,elastic_net,-0.0504516634443494,
2026-04-18T04:00:00Z,fwd_1h,elastic_net,0.0,
2026-04-18T05:00:00Z,fwd_1h,elastic_net,0.0,
2026-04-18T06:00:00Z,fwd_1h,elastic_net,0.0,
2026-04-18T07:00:00Z,fwd_1h,elastic_net,-0.0321276759024523,
2026-04-18T08:00:00Z,fwd_1h,elastic_net,0.0,
2026-04-18T09:00:00Z,fwd_1h,elastic_net,0.0,
2026-04-18T10:00:00Z,fwd_1h,elastic_net,0.0,
2026-04-18T11:00:00Z,fwd_1h,elastic_net,0.0172808764844798,
2026-04-18T12:00:00Z,fwd_1h,elastic_net,0.0,
2026-04-18T13:00:00Z,fwd_1h,elastic_net,0.0,
2026-04-18T14:00:00Z,fwd_1h,elastic_net,0.0,
2026-04-18T15:00:00Z,fwd_1h,elastic_net,0.0231544146737576,
2026-04-18T16:00:00Z,fwd_1h,elastic_net,0.0,
2026-04-18T17:00:00Z,fwd_1h,elastic_net,0.0,
2026-04-18T18:00:00Z,fwd_1h,elastic_net,0.0,
2026-04-18T19:00:00Z,fwd_1h,elastic_net,-0.1000844810912191,
2026-04-18T20:00:00Z,fwd_1h,elastic_net,0.0,
2026-04-18T21:00:00Z,fwd_1h,elastic_net,0.0,
2026-04-18T22:00:00Z,fwd_1h,elastic_net,0.0,
2026-04-18T23:00:00Z,fwd_1h,elastic_net,-0.0737970090528501,
2026-04-19T00:00:00Z,fwd_1h,elastic_net,0.0,
2026-04-19T01:00:00Z,fwd_1h,elastic_net,0.0,
2026-04-19T02:00:00Z,fwd_1h,elastic_net,0.0,
2026-04-19T03:00:00Z,fwd_1h,elastic_net,-0.0217638727159802,
2026-04-19T04:00:00Z,fwd_1h,elastic_net,0.0,
2026-04-19T05:00:00Z,fwd_1h,elastic_net,0.0,
2026-04-19T06:00:00Z,fwd_1h,elastic_net,0.0,
2026-04-19T07:00:00Z,fwd_1h,elastic_net,0.0474319915411709,
2026-04-19T08:00:00Z,fwd_1h,elastic_net,0.0,
2026-04-19T09:00:00Z,fwd_1h,elastic_net,0.0,
2026-04-19T10:00:00Z,fwd_1h,elastic_net,0.0,
2026-04-19T11:00:00Z,fwd_1h,elastic_net,-0.0053770347743699,
2026-04-19T12:00:00Z,fwd_1h,elastic_net,0.0,
2026-04-19T13:00:00Z,fwd_1h,elastic_net,0.0,
2026-04-19T14:00:00Z,fwd_1h,elastic_net,0.0,
2026-04-19T15:00:00Z,fwd_1h,elastic_net,0.0047238564559759,
2026-04-19T16:00:00Z,fwd_1h,elastic_net,0.0,
2026-04-19T17:00:00Z,fwd_1h,elastic_net,0.0,
2026-04-19T18:00:00Z,fwd_1h,elastic_net,0.0,
2026-04-19T19:00:00Z,fwd_1h,elastic_net,-0.0953798799618788,
2026-04-19T20:00:00Z,fwd_1h,elastic_net,0.0,
2026-04-19T21:00:00Z,fwd_1h,elastic_net,0.0,
2026-04-19T22:00:00Z,fwd_1h,elastic_net,0.0,
2026-04-19T23:00:00Z,fwd_1h,elastic_net,0.0440521420123209,
2026-04-20T00:00:00Z,fwd_1h,elastic_net,0.0,
2026-04-20T01:00:00Z,fwd_1h,elastic_net,0.0,
2026-04-20T02:00:00Z,fwd_1h,elastic_net,0.0,
2026-04-20T03:00:00Z,fwd_1h,elastic_net,-0.0634056412658684,
2026-04-20T04:00:00Z,fwd_1h,elastic_net,0.0,
2026-04-20T05:00:00Z,fwd_1h,elastic_net,0.0,
2026-04-20T06:00:00Z,fwd_1h,elastic_net,0.0,
2026-04-20T07:00:00Z,fwd_1h,elastic_net,0.0431657960367666,
2026-04-20T08:00:00Z,fwd_1h,elastic_net,0.0,
2026-04-20T09:00:00Z,fwd_1h,elastic_net,0.0,
2026-04-20T10:00:00Z,fwd_1h,elastic_net,0.0,
2026-04-20T11:00:00Z,fwd_1h,elastic_net,0.067601680045592,
2026-04-20T12:00:00Z,fwd_1h,elastic_net,0.0,
2026-04-20T13:00:00Z,fwd_1h,elastic_net,0.0,
2026-04-20T14:00:00Z,fwd_1h,elastic_net,0.0,0.005973436259447177
2026-04-20T15:00:00Z,fwd_1h,elastic_net,-0.027940632156484,0.026514066155810836
2026-04-20T16:00:00Z,fwd_1h,elastic_net,0.0,0.007280918545940584
2026-04-20T17:00:00Z,fwd_1h,elastic_net,0.0,0.0035750675044317675
2026-04-20T18:00:00Z,fwd_1h,elastic_net,0.0,-0.0016382107361785432
2026-04-20T19:00:00Z,fwd_1h,elastic_net,0.0423732598578165,-0.000893369630396961
2026-04-20T20:00:00Z,fwd_1h,elastic_net,0.0,-0.03973322148610671
2026-04-20T21:00:00Z,fwd_1h,elastic_net,0.0,-0.009059123393387257
2026-04-20T22:00:00Z,fwd_1h,elastic_net,0.0,0.004574510604643248
2026-04-20T23:00:00Z,fwd_1h,elastic_net,-0.067770203651209,0.0020322617836605788
2026-04-21T00:00:00Z,fwd_1h,elastic_net,0.0,-0.009524891358133305
2026-04-21T01:00:00Z,fwd_1h,elastic_net,0.0,0.006638898739180468
2026-04-21T02:00:00Z,fwd_1h,elastic_net,0.0,-0.006619013905338239
2026-04-21T03:00:00Z,fwd_1h,elastic_net,-0.032154581168123,-0.0020671981559739973
2026-04-21T04:00:00Z,fwd_1h,elastic_net,0.0,0.005483473075582634
2026-04-21T05:00:00Z,fwd_1h,elastic_net,0.0,-0.005400108013352031
2026-04-21T06:00:00Z,fwd_1h,elastic_net,0.0,0.010865128787222483
2026-04-21T07:00:00Z,fwd_1h,elastic_net,0.0842983081860269,-0.006917166679423955
2026-04-21T08:00:00Z,fwd_1h,elastic_net,0.0,0.005930950373810925
2026-04-21T09:00:00Z,fwd_1h,elastic_net,0.0,-0.0020229131239611546
2026-04-21T10:00:00Z,fwd_1h,elastic_net,0.0,-0.022434152932557544
2026-04-21T11:00:00Z,fwd_1h,elastic_net,0.0420696095745838,0.009105532040561562
2026-04-21T12:00:00Z,fwd_1h,elastic_net,0.0,0.008866230203935394
2026-04-21T13:00:00Z,fwd_1h,elastic_net,0.0,-4.5758904968935636e-05
2026-04-21T14:00:00Z,fwd_1h,elastic_net,0.0,-0.008559251863098541
2026-04-21T15:00:00Z,fwd_1h,elastic_net,-0.0568021174587255,-0.01956188232344675
2026-04-21T16:00:00Z,fwd_1h,elastic_net,0.0,-0.009926210574884837
2026-04-21T17:00:00Z,fwd_1h,elastic_net,0.0,0.010618492898928137
2026-04-21T18:00:00Z,fwd_1h,elastic_net,0.0,-0.0023036865669099856
2026-04-21T19:00:00Z,fwd_1h,elastic_net,0.0335980215754752,-0.004455350062258266
2026-04-21T20:00:00Z,fwd_1h,elastic_net,0.0,-0.00894070710088469
2026-04-21T21:00:00Z,fwd_1h,elastic_net,0.0,0.0028633849694488173
2026-04-21T22:00:00Z,fwd_1h,elastic_net,0.0,-0.02047781311614577
2026-04-21T23:00:00Z,fwd_1h,elastic_net,0.0021543668174439,-0.017904824987728284
2026-04-22T00:00:00Z,fwd_1h,elastic_net,0.0,0.00272419445575513
2026-04-22T01:00:00Z,fwd_1h,elastic_net,0.0,-0.016823389836273586
2026-04-22T02:00:00Z,fwd_1h,elastic_net,0.0,0.025768121544177833
2026-04-22T03:00:00Z,fwd_1h,elastic_net,0.0297230158009194,0.009627940657036087
2026-04-22T04:00:00Z,fwd_1h,elastic_net,0.0,-0.0009673472741180537
2026-04-22T05:00:00Z,fwd_1h,elastic_net,0.0,-0.0172075736817225
2026-04-22T06:00:00Z,fwd_1h,elastic_net,0.0,-0.0021077078756825485
2026-04-22T07:00:00Z,fwd_1h,elastic_net,0.0608476155819288,-0.006264687648356024
2026-04-22T08:00:00Z,fwd_1h,elastic_net,0.0,-0.026345441170415408
2026-04-22T09:00:00Z,fwd_1h,elastic_net,0.0,-0.0005780596053179079
2026-04-22T10:00:00Z,fwd_1h,elastic_net,0.0257445269048386,0.006606897303665412
2026-04-22T11:00:00Z,fwd_1h,elastic_net,-0.0070530334729987,-0.002980094906941813
2026-04-22T12:00:00Z,fwd_1h,elastic_net,0.0,0.018659372381597487
2026-04-22T13:00:00Z,fwd_1h,elastic_net,0.0,-0.021750444678400944
2026-04-22T14:00:00Z,fwd_1h,elastic_net,0.0,-0.019164684690410466
2026-04-22T15:00:00Z,fwd_1h,elastic_net,0.1325819147095921,0.0013402465472005856
2026-04-22T16:00:00Z,fwd_1h,elastic_net,0.0,-0.000807405575085621
2026-04-22T17:00:00Z,fwd_1h,elastic_net,0.0,0.0007970666440781187
2026-04-22T18:00:00Z,fwd_1h,elastic_net,0.0,0.008920206318272063
2026-04-22T19:00:00Z,fwd_1h,elastic_net,-0.0857013765130157,0.002891283637214143
2026-04-22T20:00:00Z,fwd_1h,elastic_net,0.0,-0.005868432423346925
2026-04-22T21:00:00Z,fwd_1h,elastic_net,0.0,0.0029197802822073437
2026-04-22T22:00:00Z,fwd_1h,elastic_net,0.0,0.008193697171396683
2026-04-22T23:00:00Z,fwd_1h,elastic_net,0.0392970850132388,0.0029267548337991124
2026-04-23T00:00:00Z,fwd_1h,elastic_net,0.0,-0.00723090572782524
2026-04-23T01:00:00Z,fwd_1h,elastic_net,0.0,0.009922043372727287
2026-04-23T02:00:00Z,fwd_1h,elastic_net,0.0,0.013557371392747914
2026-04-23T03:00:00Z,fwd_1h,elastic_net,-0.0315906345864475,0.004010805360645952
2026-04-23T04:00:00Z,fwd_1h,elastic_net,0.0,-0.0067017166427448
2026-04-23T05:00:00Z,fwd_1h,elastic_net,0.0,0.005333904665814485
2026-04-23T06:00:00Z,fwd_1h,elastic_net,0.0,0.0012902144794385555
2026-04-23T07:00:00Z,fwd_1h,elastic_net,-0.0627434850143782,0.003686115906601878
2026-04-23T08:00:00Z,fwd_1h,elastic_net,0.0,-0.020123638093399804
2026-04-23T09:00:00Z,fwd_1h,elastic_net,0.0,-0.014494592821359925
2026-04-23T10:00:00Z,fwd_1h,elastic_net,0.0,0.010948910610548342
2026-04-23T11:00:00Z,fwd_1h,elastic_net,0.1181223264681665,0.008964119983038418
2026-04-23T12:00:00Z,fwd_1h,elastic_net,0.0,0.007772905773884482
2026-04-23T13:00:00Z,fwd_1h,elastic_net,0.0,-0.03204969225587919
2026-04-23T14:00:00Z,fwd_1h,elastic_net,0.0,0.004711655450276522
2026-04-23T15:00:00Z,fwd_1h,elastic_net,-0.0293263755396362,-0.0006249515812342108
2026-04-23T16:00:00Z,fwd_1h,elastic_net,0.0,0.0033460744142697557
2026-04-23T17:00:00Z,fwd_1h,elastic_net,0.0,-0.0028261067668573364
2026-04-23T18:00:00Z,fwd_1h,elastic_net,0.0,0.014322752866200562
2026-04-23T19:00:00Z,fwd_1h,elastic_net,-0.0244065913888801,-6.84918870382167e-05
2026-04-23T20:00:00Z,fwd_1h,elastic_net,0.0,0.011219285645406236
2026-04-23T21:00:00Z,fwd_1h,elastic_net,0.0,-0.0028611259805838745
2026-04-23T22:00:00Z,fwd_1h,elastic_net,0.0,0.0046864335397176285
2026-04-23T23:00:00Z,fwd_1h,elastic_net,0.0768536726616908,0.0027241457622773817
2026-04-24T00:00:00Z,fwd_1h,elastic_net,0.0,-0.006437422736917299
2026-04-24T01:00:00Z,fwd_1h,elastic_net,0.0,-0.003710329593405973
2026-04-24T02:00:00Z,fwd_1h,elastic_net,0.0,-0.0003744131725283591
2026-04-24T03:00:00Z,fwd_1h,elastic_net,-0.0503907549855541,0.0047813350437762815
2026-04-24T04:00:00Z,fwd_1h,elastic_net,0.0,0.0027361114732120835
2026-04-24T05:00:00Z,fwd_1h,elastic_net,0.0,0.0001335511004325518
2026-04-24T06:00:00Z,fwd_1h,elastic_net,0.0,0.007399041184502687
2026-04-24T07:00:00Z,fwd_1h,elastic_net,0.0392756325062362,0.010577070305996557
2026-04-24T08:00:00Z,fwd_1h,elastic_net,0.0,0.0030929373835235086
2026-04-24T09:00:00Z,fwd_1h,elastic_net,0.0,0.0066874458931389736
2026-04-24T10:00:00Z,fwd_1h,elastic_net,0.0,0.0068543530775648604
2026-04-24T11:00:00Z,fwd_1h,elastic_net,0.1948771247073424,0.037649785509373555
2026-04-24T12:00:00Z,fwd_1h,elastic_net,-0.0168459672156359,0.0060258796363387495
2026-04-24T13:00:00Z,fwd_1h,elastic_net,0.0334773740061078,-0.0036340239396688567
2026-04-24T14:00:00Z,fwd_1h,elastic_net,0.0634912078935259,0.00822875721210367
2026-04-24T15:00:00Z,fwd_1h,elastic_net,-0.0363102514419021,0.022852004408854248
2026-04-24T16:00:00Z,fwd_1h,elastic_net,0.1004066458993127,-0.006763416170877448
2026-04-24T17:00:00Z,fwd_1h,elastic_net,0.0013801147309246,0.012386522461381682
2026-04-24T18:00:00Z,fwd_1h,elastic_net,-0.0161638873838674,-0.00022992767448196528
2026-04-24T19:00:00Z,fwd_1h,elastic_net,0.1523303534172013,-0.004932719397737765
2026-04-24T20:00:00Z,fwd_1h,elastic_net,-0.0630691443440825,0.015511858494414157
2026-04-24T21:00:00Z,fwd_1h,elastic_net,0.0028423098987744,-0.005718648111384629
2026-04-24T22:00:00Z,fwd_1h,elastic_net,-0.077559640143468,-0.017557934373543978
2026-04-24T23:00:00Z,fwd_1h,elastic_net,-0.0190328396838526,-0.02116806035431019
2026-04-25T00:00:00Z,fwd_1h,elastic_net,-0.0126543364441328,0.0016969258137936429
2026-04-25T01:00:00Z,fwd_1h,elastic_net,-0.0188438220173253,-0.005221154886996822
2026-04-25T02:00:00Z,fwd_1h,elastic_net,0.0125756547675894,0.002460741907190169
2026-04-25T03:00:00Z,fwd_1h,elastic_net,-0.0106413109923461,0.002033193896175426
2026-04-25T04:00:00Z,fwd_1h,elastic_net,-0.0326670318842022,-0.012719910461868
2026-04-25T05:00:00Z,fwd_1h,elastic_net,0.0260511866482604,-0.010721642475507909
2026-04-25T06:00:00Z,fwd_1h,elastic_net,-0.0171006508419994,-0.004178409335944363
2026-04-25T07:00:00Z,fwd_1h,elastic_net,0.014799842697321,0.0008754954694925172
2026-04-25T08:00:00Z,fwd_1h,elastic_net,0.0001389517741416,0.0007938620179116513
2026-04-25T09:00:00Z,fwd_1h,elastic_net,0.0221105581862315,0.0012190118741584402
2026-04-25T10:00:00Z,fwd_1h,elastic_net,0.0086424897451706,0.007077840787378012
2026-04-25T11:00:00Z,fwd_1h,elastic_net,0.024159336049033,0.00389267818933466
2026-04-25T12:00:00Z,fwd_1h,elastic_net,0.0033742980875024,0.005818839629881711
2026-04-25T13:00:00Z,fwd_1h,elastic_net,-0.0013411208416627,0.001253717527695381
2026-04-25T14:00:00Z,fwd_1h,elastic_net,0.0693737015306885,-0.016849846438666913
2026-04-25T15:00:00Z,fwd_1h,elastic_net,0.0036853583274654,-0.0063458330292598146
2026-04-25T16:00:00Z,fwd_1h,elastic_net,-0.0204463451176127,0.005664651667184266
2026-04-25T17:00:00Z,fwd_1h,elastic_net,0.0684640972882244,0.00526120060989801
2026-04-25T18:00:00Z,fwd_1h,elastic_net,0.0022797662096905,0.0080277988172433
2026-04-25T19:00:00Z,fwd_1h,elastic_net,-0.0135582301935698,-0.0012920957613016502
2026-04-25T20:00:00Z,fwd_1h,elastic_net,0.034264967918701,-0.014728588018662047
2026-04-25T21:00:00Z,fwd_1h,elastic_net,0.0177846433542243,0.002454901248407469
2026-04-25T22:00:00Z,fwd_1h,elastic_net,-0.0270407459540049,8.036546581984038e-05
2026-04-25T23:00:00Z,fwd_1h,elastic_net,-0.0173221492589453,0.00863623140347602
2026-04-26T00:00:00Z,fwd_1h,elastic_net,0.0127033404386227,-0.005883964782931966
2026-04-26T01:00:00Z,fwd_1h,elastic_net,-0.0210032510368461,0.00034588137900788316
2026-04-26T02:00:00Z,fwd_1h,elastic_net,0.007291955584181,-0.008296914491589293
2026-04-26T03:00:00Z,fwd_1h,elastic_net,-0.0188882704640339,-0.005387044826006793
2026-04-26T04:00:00Z,fwd_1h,elastic_net,0.0141813858689812,-0.007184546791624923
2026-04-26T05:00:00Z,fwd_1h,elastic_net,-0.0012875225496077,0.002207505047724001
2026-04-26T06:00:00Z,fwd_1h,elastic_net,-0.0144015151535282,0.003866626004357291
2026-04-26T07:00:00Z,fwd_1h,elastic_net,-0.0101916150277057,-0.0032454673193639764
2026-04-26T08:00:00Z,fwd_1h,elastic_net,0.0114774428821773,0.0011803199279387837
2026-04-26T09:00:00Z,fwd_1h,elastic_net,0.0089977338209066,0.0041580561825906035
2026-04-26T10:00:00Z,fwd_1h,elastic_net,-0.0121436580812963,0.0023140802787025147
2026-04-26T11:00:00Z,fwd_1h,elastic_net,0.010423689712153,0.0028164525656417215
2026-04-26T12:00:00Z,fwd_1h,elastic_net,0.0181785400733158,0.00047866290512887564
2026-04-26T13:00:00Z,fwd_1h,elastic_net,-0.0283398656118801,-0.001708305416180911
2026-04-26T14:00:00Z,fwd_1h,elastic_net,-0.0017265546389304,-0.01490176065765487
2026-04-26T15:00:00Z,fwd_1h,elastic_net,-0.1160335182179703,-0.012012813584051355
2026-04-26T16:00:00Z,fwd_1h,elastic_net,0.0287253453354776,-0.007677911567930725
2026-04-26T17:00:00Z,fwd_1h,elastic_net,-0.012866952695814,0.009156955393963091
2026-04-26T18:00:00Z,fwd_1h,elastic_net,0.0130161302713989,-0.0059460945435981846
2026-04-26T19:00:00Z,fwd_1h,elastic_net,0.0871413718812139,0.0014346759758727008
2026-04-26T20:00:00Z,fwd_1h,elastic_net,-0.0315662946670057,0.0013853294880626463
2026-04-26T21:00:00Z,fwd_1h,elastic_net,0.024724069260549,-0.018850085670509206
2026-04-26T22:00:00Z,fwd_1h,elastic_net,0.0252179090905817,0.004338114419301767
2026-04-26T23:00:00Z,fwd_1h,elastic_net,0.0354936519226647,0.005950081103412108
2026-04-27T00:00:00Z,fwd_1h,elastic_net,0.0061302048146334,0.005565818188526354
2026-04-27T01:00:00Z,fwd_1h,elastic_net,-0.0039175602697583,0.0047556705260624575
2026-04-27T02:00:00Z,fwd_1h,elastic_net,-0.0087613349398963,0.006682846658063708
2026-04-27T03:00:00Z,fwd_1h,elastic_net,0.0250743735271097,0.005035967583685497
2026-04-27T04:00:00Z,fwd_1h,elastic_net,-0.0359151653134391,-0.0005675995931953347
2026-04-27T05:00:00Z,fwd_1h,elastic_net,-0.0081708558745128,0.013732796150580144
2026-04-27T06:00:00Z,fwd_1h,elastic_net,0.0016672082636612,-0.0022672578702548356
2026-04-27T07:00:00Z,fwd_1h,elastic_net,0.0059608804955026,0.007788265849720116
2026-04-27T08:00:00Z,fwd_1h,elastic_net,-0.0250288043617326,0.0013273067146094314
2026-04-27T09:00:00Z,fwd_1h,elastic_net,-0.0432872942563702,0.012438464126872039
2026-04-27T10:00:00Z,fwd_1h,elastic_net,-0.025649843917764,0.019364606605627385
2026-04-27T11:00:00Z,fwd_1h,elastic_net,0.0106157139763423,0.0038889136345700553
2026-04-27T12:00:00Z,fwd_1h,elastic_net,0.0166587385194845,0.008325045861696781
2026-04-27T13:00:00Z,fwd_1h,elastic_net,0.0036598154001026,-0.005211095821723983
2026-04-27T14:00:00Z,fwd_1h,elastic_net,-0.0695730434466027,0.012319384144164718
2026-04-27T15:00:00Z,fwd_1h,elastic_net,-0.0221776806709377,-0.002314762217911492
2026-04-27T16:00:00Z,fwd_1h,elastic_net,-0.1047209431862109,0.012849042233515412
2026-04-27T17:00:00Z,fwd_1h,elastic_net,0.0272860765027487,-0.04953429556000422
2026-04-27T18:00:00Z,fwd_1h,elastic_net,-0.0147785190998106,0.0004987550497237325
2026-04-27T19:00:00Z,fwd_1h,elastic_net,0.0145876295904192,0.01191315575148355
2026-04-27T20:00:00Z,fwd_1h,elastic_net,-0.0214499662228944,-0.006491472389993893
2026-04-27T21:00:00Z,fwd_1h,elastic_net,0.0061897525262688,-0.001533652272558542
2026-04-27T22:00:00Z,fwd_1h,elastic_net,0.0045780536695716,0.00029685915076634083
2026-04-27T23:00:00Z,fwd_1h,elastic_net,0.0598919073034995,-0.007103055764268201
2026-04-28T00:00:00Z,fwd_1h,elastic_net,0.008928646093818,0.008458870584728688
2026-04-28T01:00:00Z,fwd_1h,elastic_net,-0.0242150293142057,0.0031280950794348597
2026-04-28T02:00:00Z,fwd_1h,elastic_net,0.0207430787555873,0.01457368201716136
2026-04-28T03:00:00Z,fwd_1h,elastic_net,-0.0010629871739759,-0.003253254436881663
2026-04-28T04:00:00Z,fwd_1h,elastic_net,-0.0059171872954493,0.005422753391633185
2026-04-28T05:00:00Z,fwd_1h,elastic_net,-0.0618168991168307,0.00048554380221098184
2026-04-28T06:00:00Z,fwd_1h,elastic_net,-0.0441739564057849,0.004776079546869369
2026-04-28T07:00:00Z,fwd_1h,elastic_net,0.0046315465788835,0.0413355368582397
2026-04-28T08:00:00Z,fwd_1h,elastic_net,0.0,0.01638372505954329
2026-04-28T09:00:00Z,fwd_1h,elastic_net,0.0,0.02234628119587831
2026-04-28T10:00:00Z,fwd_1h,elastic_net,0.0,0.023233849314976233
2026-04-28T11:00:00Z,fwd_1h,elastic_net,0.004918587451135,0.007227866469868567
2026-04-28T12:00:00Z,fwd_1h,elastic_net,0.0,-0.0006948109404034228
2026-04-28T13:00:00Z,fwd_1h,elastic_net,0.0,0.006390641180264847
2026-04-28T14:00:00Z,fwd_1h,elastic_net,0.0,-0.030741824791326228
2026-04-28T15:00:00Z,fwd_1h,elastic_net,-0.0175620108356487,0.0196223778180631
2026-04-28T16:00:00Z,fwd_1h,elastic_net,0.0,0.06426525202057294
2026-04-28T17:00:00Z,fwd_1h,elastic_net,0.0,0.015102443974348623
2026-04-28T18:00:00Z,fwd_1h,elastic_net,0.0,0.00889636471744885
2026-04-28T19:00:00Z,fwd_1h,elastic_net,-0.054004495341984,-0.0015428398270114258
2026-04-28T20:00:00Z,fwd_1h,elastic_net,0.0,0.0074004121541687284
2026-04-28T21:00:00Z,fwd_1h,elastic_net,0.0,-0.006922109320155835
2026-04-28T22:00:00Z,fwd_1h,elastic_net,0.0,-0.006915937982916303
2026-04-28T23:00:00Z,fwd_1h,elastic_net,0.0113500992295214,-0.0050130783133139085
2026-04-29T00:00:00Z,fwd_1h,elastic_net,0.0,-0.0065442438505840285
2026-04-29T01:00:00Z,fwd_1h,elastic_net,0.0,0.012756567197958691
2026-04-29T02:00:00Z,fwd_1h,elastic_net,0.0,0.017309889808879448
2026-04-29T03:00:00Z,fwd_1h,elastic_net,0.162300713641978,0.0017362555469211027
2026-04-29T04:00:00Z,fwd_1h,elastic_net,-0.0049939118313393,-0.026030844024901093
2026-04-29T05:00:00Z,fwd_1h,elastic_net,0.0094446336839704,0.007175496303686519
2026-04-29T06:00:00Z,fwd_1h,elastic_net,-0.0374321374089383,0.0029911672331308127
2026-04-29T07:00:00Z,fwd_1h,elastic_net,-0.0031723637785558,0.015963067906520106
2026-04-29T08:00:00Z,fwd_1h,elastic_net,0.0409487630898082,0.006722998492941319
2026-04-29T09:00:00Z,fwd_1h,elastic_net,-0.0034555890537273,0.002151969010793947
2026-04-29T10:00:00Z,fwd_1h,elastic_net,-0.0268004898775343,4.328625231422292e-05
2026-04-29T11:00:00Z,fwd_1h,elastic_net,-0.0573225835244927,0.012109509900436554
2026-04-29T12:00:00Z,fwd_1h,elastic_net,0.0,0.00810100117242336
2026-04-29T13:00:00Z,fwd_1h,elastic_net,0.0,-0.005385739051894356
2026-04-29T14:00:00Z,fwd_1h,elastic_net,0.0,0.009207858040796013
2026-04-29T15:00:00Z,fwd_1h,elastic_net,0.0086652107630751,0.024115935336965467
2026-04-29T16:00:00Z,fwd_1h,elastic_net,0.0,0.005624068048482273
2026-04-29T17:00:00Z,fwd_1h,elastic_net,0.0,0.002318060418457602
2026-04-29T18:00:00Z,fwd_1h,elastic_net,0.0,0.020118472947434282
2026-04-29T19:00:00Z,fwd_1h,elastic_net,-0.1295525398295541,-0.0008971859694020955
2026-04-29T20:00:00Z,fwd_1h,elastic_net,0.0,0.02783286848259031
2026-04-29T21:00:00Z,fwd_1h,elastic_net,0.0,0.003176538272306772
2026-04-29T22:00:00Z,fwd_1h,elastic_net,0.0,0.002571576338896985
2026-04-29T23:00:00Z,fwd_1h,elastic_net,0.2050539018586472,0.005911512402801649
2026-04-30T00:00:00Z,fwd_1h,elastic_net,0.0095525601215706,-0.00547190682859207
2026-04-30T01:00:00Z,fwd_1h,elastic_net,-0.0209513245480971,0.0193859376775433
2026-04-30T02:00:00Z,fwd_1h,elastic_net,-0.0631608576000531,0.014804056497171342
2026-04-30T03:00:00Z,fwd_1h,elastic_net,-0.0352464166464763,0.008475037998528702
2026-04-30T04:00:00Z,fwd_1h,elastic_net,0.0,0.011116688849743176
2026-04-30T05:00:00Z,fwd_1h,elastic_net,0.0,0.03193427053898535
2026-04-30T06:00:00Z,fwd_1h,elastic_net,0.0,-0.04346140956814326
2026-04-30T07:00:00Z,fwd_1h,elastic_net,0.0421238387408229,0.00782495508233111
2026-04-30T08:00:00Z,fwd_1h,elastic_net,0.0,0.0011923202568809997
2026-04-30T09:00:00Z,fwd_1h,elastic_net,0.0,0.0025781191846450755
2026-04-30T10:00:00Z,fwd_1h,elastic_net,0.0,0.0076274455379255895
2026-04-30T11:00:00Z,fwd_1h,elastic_net,0.0005749874871705,0.005486457414472656
2026-04-30T12:00:00Z,fwd_1h,elastic_net,0.0,0.002881531099517583
2026-04-30T13:00:00Z,fwd_1h,elastic_net,0.0,0.006767657055227922
2026-04-30T14:00:00Z,fwd_1h,elastic_net,0.0,0.01628180521569802
2026-04-30T15:00:00Z,fwd_1h,elastic_net,0.0328435841023473,0.01122471590228597
2026-04-30T16:00:00Z,fwd_1h,elastic_net,0.0,-0.0019335457863792545
2026-04-30T17:00:00Z,fwd_1h,elastic_net,0.0,0.004261461514433952
2026-04-30T18:00:00Z,fwd_1h,elastic_net,0.0,0.006654391554371925
2026-04-30T19:00:00Z,fwd_1h,elastic_net,0.0485939537825712,-0.016494593421085158
2026-04-30T20:00:00Z,fwd_1h,elastic_net,-0.0028814419856771,-0.007019351447069748
2026-04-30T21:00:00Z,fwd_1h,elastic_net,0.0207238606521849,0.004891019902948683
2026-04-30T22:00:00Z,fwd_1h,elastic_net,0.0121732440446042,-0.007154643302824211
2026-04-30T23:00:00Z,fwd_1h,elastic_net,-0.0036169451947833,0.012098967308137669
2026-05-01T00:00:00Z,fwd_1h,elastic_net,0.0016278016243564,-0.0020635638543092354
2026-05-01T01:00:00Z,fwd_1h,elastic_net,0.0238404515117536,-0.011001849147834556
2026-05-01T02:00:00Z,fwd_1h,elastic_net,0.0392211337781442,-0.001211673149174265
2026-05-01T03:00:00Z,fwd_1h,elastic_net,0.0199425901645853,0.010643756275470801
2026-05-01T04:00:00Z,fwd_1h,elastic_net,0.0485581443360234,-0.0021431012396631874
2026-05-01T05:00:00Z,fwd_1h,elastic_net,-0.0217308992115401,0.0012156600867128827
2026-05-01T06:00:00Z,fwd_1h,elastic_net,-0.0137023467331637,0.022794854723191246
2026-05-01T07:00:00Z,fwd_1h,elastic_net,0.0883525775512998,-0.015588218973121489
2026-05-01T08:00:00Z,fwd_1h,elastic_net,-0.059592802569374,0.0010209922250244063
2026-05-01T09:00:00Z,fwd_1h,elastic_net,-0.0247994903299609,-0.0006989223433542613
2026-05-01T10:00:00Z,fwd_1h,elastic_net,-0.0100097116765605,0.001686596665497167
2026-05-01T11:00:00Z,fwd_1h,elastic_net,0.0266333926335804,-0.01682255885415584
2026-05-01T12:00:00Z,fwd_1h,elastic_net,0.0106300835154335,-0.00908919900340483
2026-05-01T13:00:00Z,fwd_1h,elastic_net,-0.0020365623567455,0.005163626357408924
2026-05-01T14:00:00Z,fwd_1h,elastic_net,-0.0229739638446104,0.0019041300511616688
2026-05-01T15:00:00Z,fwd_1h,elastic_net,-0.0016003952420131,-0.016836473486385842
2026-05-01T16:00:00Z,fwd_1h,elastic_net,0.0309398264686027,0.005276286921114345
2026-05-01T17:00:00Z,fwd_1h,elastic_net,0.0269465663880574,0.014264125936314959
2026-05-01T18:00:00Z,fwd_1h,elastic_net,-0.0423959855875897,0.002043098922625214
2026-05-01T19:00:00Z,fwd_1h,elastic_net,-0.0244217594966044,0.0056704031176593745
2026-05-01T20:00:00Z,fwd_1h,elastic_net,0.0385214177514774,-0.008102681185318476
2026-05-01T21:00:00Z,fwd_1h,elastic_net,-0.0179412821560878,0.014681016656101248
2026-05-01T22:00:00Z,fwd_1h,elastic_net,0.0170944737204348,0.011836143753983107
2026-05-01T23:00:00Z,fwd_1h,elastic_net,0.0355812875192835,0.021870121737147783
2026-05-02T00:00:00Z,fwd_1h,elastic_net,-0.0821025594486696,-0.004385879279148872
2026-05-02T01:00:00Z,fwd_1h,elastic_net,0.0051200724769073,-0.00513377192374345
2026-05-02T02:00:00Z,fwd_1h,elastic_net,-0.0047843738787659,0.007647627875933054
2026-05-02T03:00:00Z,fwd_1h,elastic_net,-0.0534031995068412,-0.003373695865329927
2026-05-02T04:00:00Z,fwd_1h,elastic_net,0.0088200389775889,0.012004111672676466
2026-05-02T05:00:00Z,fwd_1h,elastic_net,-0.0052540131337788,0.004402416830462656
2026-05-02T06:00:00Z,fwd_1h,elastic_net,0.0319642257898555,-0.0051751141360240486
2026-05-02T07:00:00Z,fwd_1h,elastic_net,0.0041124863174308,0.0015830716110742944
2026-05-02T08:00:00Z,fwd_1h,elastic_net,0.0157040312337164,0.0036801037100944655
2026-05-02T09:00:00Z,fwd_1h,elastic_net,0.0150070390266257,0.0005282208959233
2026-05-02T10:00:00Z,fwd_1h,elastic_net,-0.0275821509323014,-0.004134976236225963
2026-05-02T11:00:00Z,fwd_1h,elastic_net,0.0002726167169719,-0.0031673507606604905
2026-05-02T12:00:00Z,fwd_1h,elastic_net,0.0121713500714761,0.006744101535204647
2026-05-02T13:00:00Z,fwd_1h,elastic_net,0.0146568456972167,-0.013953854632042665
2026-05-02T14:00:00Z,fwd_1h,elastic_net,0.0026757910279346,0.00262192059444193
2026-05-02T15:00:00Z,fwd_1h,elastic_net,0.029810146571078,0.003397462595268563
2026-05-02T16:00:00Z,fwd_1h,elastic_net,-0.0055262710903201,0.002060800741369934
2026-05-02T17:00:00Z,fwd_1h,elastic_net,-0.0167370722434611,0.008432176427057052
2026-05-02T18:00:00Z,fwd_1h,elastic_net,-0.0050203323150134,0.005203042682114139
2026-05-02T19:00:00Z,fwd_1h,elastic_net,0.0078730565918971,0.007790930010959769
2026-05-02T20:00:00Z,fwd_1h,elastic_net,-0.0097393494814239,0.0064103564970191635
2026-05-02T21:00:00Z,fwd_1h,elastic_net,-0.0170259109478909,0.0014107502134377452
2026-05-02T22:00:00Z,fwd_1h,elastic_net,0.0009461422532992,-0.005290073223427949
2026-05-02T23:00:00Z,fwd_1h,elastic_net,0.0151021271506439,-0.007595719424814868
2026-05-03T00:00:00Z,fwd_1h,elastic_net,-0.0122605340268105,-0.001407529478693881
2026-05-03T01:00:00Z,fwd_1h,elastic_net,0.0239634274602145,0.014344573235691308
2026-05-03T02:00:00Z,fwd_1h,elastic_net,0.0066761657998595,-0.00010023384202120333
2026-05-03T03:00:00Z,fwd_1h,elastic_net,-0.0362918336368066,0.01013208851276426
2026-05-03T04:00:00Z,fwd_1h,elastic_net,-0.0239193471126758,-0.007420194518235697
2026-05-03T05:00:00Z,fwd_1h,elastic_net,0.0015563681325887,-0.011453340432509162
2026-05-03T06:00:00Z,fwd_1h,elastic_net,-0.0039015629956715,0.0008958784673054512
2026-05-03T07:00:00Z,fwd_1h,elastic_net,0.0040559560540398,0.006521823800384678
2026-05-03T08:00:00Z,fwd_1h,elastic_net,0.0221757078647293,0.02202728395085269
2026-05-03T09:00:00Z,fwd_1h,elastic_net,-0.0206047626324735,-0.005464608199483443
2026-05-03T10:00:00Z,fwd_1h,elastic_net,0.0018010774826482,-0.00475545087032659
2026-05-03T11:00:00Z,fwd_1h,elastic_net,-0.0149614130128866,-0.026937855903877327
2026-05-03T12:00:00Z,fwd_1h,elastic_net,0.0034249027948314,2.733802850273014e-06
2026-05-03T13:00:00Z,fwd_1h,elastic_net,-0.0073073467532468,-0.012692243718936574
2026-05-03T14:00:00Z,fwd_1h,elastic_net,-0.0808799303006304,-0.006833358198858634
2026-05-03T15:00:00Z,fwd_1h,elastic_net,-0.0302771039476125,-0.00911401567150156
2026-05-03T16:00:00Z,fwd_1h,elastic_net,0.0,0.023112894907973965
2026-05-03T17:00:00Z,fwd_1h,elastic_net,0.0,0.003907385201186302
2026-05-03T18:00:00Z,fwd_1h,elastic_net,0.0,0.002724646887486353
2026-05-03T19:00:00Z,fwd_1h,elastic_net,0.0077307316110635,-0.009910384566939441
2026-05-03T20:00:00Z,fwd_1h,elastic_net,0.0,-0.007809537776026266
2026-05-03T21:00:00Z,fwd_1h,elastic_net,0.0,0.0035755882402666384
2026-05-03T22:00:00Z,fwd_1h,elastic_net,0.0,0.011234368395433552
2026-05-03T23:00:00Z,fwd_1h,elastic_net,0.021560458840607,0.0022074012965201213
2026-05-04T00:00:00Z,fwd_1h,elastic_net,-0.0121703466576416,0.007717170816189766
2026-05-04T01:00:00Z,fwd_1h,elastic_net,0.0,0.0073812468576212875
2026-05-04T02:00:00Z,fwd_1h,elastic_net,0.0,0.0013274400984368971
2026-05-04T03:00:00Z,fwd_1h,elastic_net,0.0832607411083741,0.006511048197257492
2026-05-04T04:00:00Z,fwd_1h,elastic_net,-0.0014825361622523,0.001613416143978856
2026-05-04T05:00:00Z,fwd_1h,elastic_net,0.0124432544682364,0.007835773128373769
2026-05-04T06:00:00Z,fwd_1h,elastic_net,-0.0053610989853806,0.021357585139262985
2026-05-04T07:00:00Z,fwd_1h,elastic_net,0.0010997223772992,0.0029494988681679855
2026-05-04T08:00:00Z,fwd_1h,elastic_net,-0.013451224366714,0.001957566723752537
2026-05-04T09:00:00Z,fwd_1h,elastic_net,-0.0344324410600999,0.0014547265739145716
2026-05-04T10:00:00Z,fwd_1h,elastic_net,-0.0763668324262594,0.006927532725590518
2026-05-04T11:00:00Z,fwd_1h,elastic_net,0.0408050188653095,-0.02314371459166814
2026-05-04T12:00:00Z,fwd_1h,elastic_net,0.0,0.010947949344162634
2026-05-04T13:00:00Z,fwd_1h,elastic_net,0.0,0.0030648572415356073
2026-05-04T14:00:00Z,fwd_1h,elastic_net,0.0,0.010023988484594988
2026-05-04T15:00:00Z,fwd_1h,elastic_net,0.0337368700114673,0.002875614236587469
2026-05-04T16:00:00Z,fwd_1h,elastic_net,0.0156007831104509,0.003520621855336784
2026-05-04T17:00:00Z,fwd_1h,elastic_net,0.0222600872009768,-0.0021685180037494802
2026-05-04T18:00:00Z,fwd_1h,elastic_net,-0.0195219325865697,0.012914383457973973
2026-05-04T19:00:00Z,fwd_1h,elastic_net,-0.0154739753617759,0.0006107887954742851
2026-05-04T20:00:00Z,fwd_1h,elastic_net,0.0092411567141363,0.007098200673943169
2026-05-04T21:00:00Z,fwd_1h,elastic_net,0.086656995977262,0.00808110132362825
2026-05-04T22:00:00Z,fwd_1h,elastic_net,-0.0149771188272905,0.041117587483472384
2026-05-04T23:00:00Z,fwd_1h,elastic_net,-0.0378330891157746,0.008721565764703029
2026-05-05T00:00:00Z,fwd_1h,elastic_net,0.0153970975096218,-0.004132764128952962
2026-05-05T01:00:00Z,fwd_1h,elastic_net,-0.0063474903534593,-0.008685390609038213
2026-05-05T02:00:00Z,fwd_1h,elastic_net,0.0216037944128586,0.002393860800916626
2026-05-05T03:00:00Z,fwd_1h,elastic_net,0.0263695567159507,-0.002713277402908769
2026-05-05T04:00:00Z,fwd_1h,elastic_net,-0.0090513217981738,-0.003176011263929987
2026-05-05T05:00:00Z,fwd_1h,elastic_net,0.0190318262941115,0.0008683548900923002
2026-05-05T06:00:00Z,fwd_1h,elastic_net,-0.0107522388646817,-0.003297673540742694
2026-05-05T07:00:00Z,fwd_1h,elastic_net,-0.0033155992647794,-0.009377725848024685
2026-05-05T08:00:00Z,fwd_1h,elastic_net,-0.023292696355497,-0.0028701826799432807
2026-05-05T09:00:00Z,fwd_1h,elastic_net,0.0563436787298279,-0.0028577038582070133
2026-05-05T10:00:00Z,fwd_1h,elastic_net,-0.0033555212629712,0.01832859132854606
2026-05-05T11:00:00Z,fwd_1h,elastic_net,0.0967431402360321,-0.0002468090380723805
2026-05-05T12:00:00Z,fwd_1h,elastic_net,0.0697256263203123,0.01512723391155168
2026-05-05T13:00:00Z,fwd_1h,elastic_net,-0.0756135127368082,0.00538467164867734
2026-05-05T14:00:00Z,fwd_1h,elastic_net,0.0204886455704562,0.003009013058390936
2026-05-05T15:00:00Z,fwd_1h,elastic_net,-0.0171115038278019,0.010101681611497548
2026-05-05T16:00:00Z,fwd_1h,elastic_net,0.0185503803955591,0.0022721827514615538
2026-05-05T17:00:00Z,fwd_1h,elastic_net,0.0192265657614187,0.0023839853691144178
2026-05-05T18:00:00Z,fwd_1h,elastic_net,-0.0278235603029748,-0.00015028174963768737
2026-05-05T19:00:00Z,fwd_1h,elastic_net,0.0256070591647397,-0.0017040067458469628
2026-05-05T20:00:00Z,fwd_1h,elastic_net,-0.0033586857813809,0.006686162164019712
2026-05-05T21:00:00Z,fwd_1h,elastic_net,-0.0578193286983022,0.0077166514475989385
2026-05-05T22:00:00Z,fwd_1h,elastic_net,-0.0077499372059259,-0.0053420981009479895
2026-05-05T23:00:00Z,fwd_1h,elastic_net,-0.000277500263165,0.0024428747608945035
2026-05-06T00:00:00Z,fwd_1h,elastic_net,0.014246862032117,0.00034308622807062775
2026-05-06T01:00:00Z,fwd_1h,elastic_net,-0.0096453115180054,-0.009605244312201791
2026-05-06T02:00:00Z,fwd_1h,elastic_net,0.0047822253131548,0.00779643299432603
2026-05-06T03:00:00Z,fwd_1h,elastic_net,-0.0078080365911141,0.009177907892490886
2026-05-06T04:00:00Z,fwd_1h,elastic_net,-0.0002738978243513,0.0020476151765166347
2026-05-06T05:00:00Z,fwd_1h,elastic_net,0.0448220480512386,0.0014894803006832748
2026-05-06T06:00:00Z,fwd_1h,elastic_net,0.1518747065764705,-0.011539466142887408
2026-05-06T07:00:00Z,fwd_1h,elastic_net,-0.095102112414479,0.028408632253619684
2026-05-06T08:00:00Z,fwd_1h,elastic_net,-0.0076697592851083,0.00895306735277279
2026-05-06T09:00:00Z,fwd_1h,elastic_net,0.0191743195011699,0.0036647082196514264
2026-05-06T10:00:00Z,fwd_1h,elastic_net,0.0541712748771978,0.0025029655081841543
2026-05-06T11:00:00Z,fwd_1h,elastic_net,0.1123206886499692,0.004610628375951591
2026-05-06T12:00:00Z,fwd_1h,elastic_net,-0.0383917953049468,0.004859999830880186
2026-05-06T13:00:00Z,fwd_1h,elastic_net,-0.0313226136024297,0.0209457333693089
2026-05-06T14:00:00Z,fwd_1h,elastic_net,-0.011585662764879,-0.00630126317636184
2026-05-06T15:00:00Z,fwd_1h,elastic_net,-0.0134641548766654,0.0038083518212895188
2026-05-06T16:00:00Z,fwd_1h,elastic_net,0.0227312464792368,0.006122037519406483
2026-05-06T17:00:00Z,fwd_1h,elastic_net,-0.0120465985904471,-0.008966121582726395
2026-05-06T18:00:00Z,fwd_1h,elastic_net,0.0060844961113466,0.002566795519437967
2026-05-06T19:00:00Z,fwd_1h,elastic_net,-0.0046759880273342,0.00130969549167334
2026-05-06T20:00:00Z,fwd_1h,elastic_net,0.1822597821494829,0.001087742715872146
2026-05-06T21:00:00Z,fwd_1h,elastic_net,-0.0759383887371049,0.008110300805949381
2026-05-06T22:00:00Z,fwd_1h,elastic_net,0.008575128675671,-0.0020212122748820864
2026-05-06T23:00:00Z,fwd_1h,elastic_net,0.0008930349592299,-0.00035658918694987315
2026-05-07T00:00:00Z,fwd_1h,elastic_net,0.042089437960388,-0.0015122810814396969
2026-04-17T06:00:00Z,fwd_1h,random_forest,0.0,
2026-04-17T07:00:00Z,fwd_1h,random_forest,-0.0955178845263217,
2026-04-17T08:00:00Z,fwd_1h,random_forest,0.0,
2026-04-17T09:00:00Z,fwd_1h,random_forest,0.0,
2026-04-17T10:00:00Z,fwd_1h,random_forest,0.0,
2026-04-17T11:00:00Z,fwd_1h,random_forest,0.0264294896106698,
2026-04-17T12:00:00Z,fwd_1h,random_forest,0.0,
2026-04-17T13:00:00Z,fwd_1h,random_forest,0.0,
2026-04-17T14:00:00Z,fwd_1h,random_forest,0.0,
2026-04-17T15:00:00Z,fwd_1h,random_forest,0.111656884090084,
2026-04-17T16:00:00Z,fwd_1h,random_forest,0.0,
2026-04-17T17:00:00Z,fwd_1h,random_forest,0.0,
2026-04-17T18:00:00Z,fwd_1h,random_forest,0.0,
2026-04-17T19:00:00Z,fwd_1h,random_forest,-0.0333364930278827,
2026-04-17T20:00:00Z,fwd_1h,random_forest,0.0,
2026-04-17T21:00:00Z,fwd_1h,random_forest,0.0,
2026-04-17T22:00:00Z,fwd_1h,random_forest,0.0,
2026-04-17T23:00:00Z,fwd_1h,random_forest,-0.042006126250267,
2026-04-18T00:00:00Z,fwd_1h,random_forest,0.0,
2026-04-18T01:00:00Z,fwd_1h,random_forest,0.0,
2026-04-18T02:00:00Z,fwd_1h,random_forest,0.0,
2026-04-18T03:00:00Z,fwd_1h,random_forest,-0.0504516634443494,
2026-04-18T04:00:00Z,fwd_1h,random_forest,0.0,
2026-04-18T05:00:00Z,fwd_1h,random_forest,0.0,
2026-04-18T06:00:00Z,fwd_1h,random_forest,0.0,
2026-04-18T07:00:00Z,fwd_1h,random_forest,-0.0321276759024523,
2026-04-18T08:00:00Z,fwd_1h,random_forest,0.0,
2026-04-18T09:00:00Z,fwd_1h,random_forest,0.0,
2026-04-18T10:00:00Z,fwd_1h,random_forest,0.0,
2026-04-18T11:00:00Z,fwd_1h,random_forest,0.0172808764844798,
2026-04-18T12:00:00Z,fwd_1h,random_forest,0.0,
2026-04-18T13:00:00Z,fwd_1h,random_forest,0.0,
2026-04-18T14:00:00Z,fwd_1h,random_forest,0.0,
2026-04-18T15:00:00Z,fwd_1h,random_forest,0.0231544146737576,
2026-04-18T16:00:00Z,fwd_1h,random_forest,0.0,
2026-04-18T17:00:00Z,fwd_1h,random_forest,0.0,
2026-04-18T18:00:00Z,fwd_1h,random_forest,0.0,
2026-04-18T19:00:00Z,fwd_1h,random_forest,-0.1000844810912191,
2026-04-18T20:00:00Z,fwd_1h,random_forest,0.0,
2026-04-18T21:00:00Z,fwd_1h,random_forest,0.0,
2026-04-18T22:00:00Z,fwd_1h,random_forest,0.0,
2026-04-18T23:00:00Z,fwd_1h,random_forest,-0.0737970090528501,
2026-04-19T00:00:00Z,fwd_1h,random_forest,0.0,
2026-04-19T01:00:00Z,fwd_1h,random_forest,0.0,
2026-04-19T02:00:00Z,fwd_1h,random_forest,0.0,
2026-04-19T03:00:00Z,fwd_1h,random_forest,-0.0217638727159802,
2026-04-19T04:00:00Z,fwd_1h,random_forest,0.0,
2026-04-19T05:00:00Z,fwd_1h,random_forest,0.0,
2026-04-19T06:00:00Z,fwd_1h,random_forest,0.0,
2026-04-19T07:00:00Z,fwd_1h,random_forest,0.0474319915411709,
2026-04-19T08:00:00Z,fwd_1h,random_forest,0.0,
2026-04-19T09:00:00Z,fwd_1h,random_forest,0.0,
2026-04-19T10:00:00Z,fwd_1h,random_forest,0.0,
2026-04-19T11:00:00Z,fwd_1h,random_forest,-0.0053770347743699,
2026-04-19T12:00:00Z,fwd_1h,random_forest,0.0,
2026-04-19T13:00:00Z,fwd_1h,random_forest,0.0,
2026-04-19T14:00:00Z,fwd_1h,random_forest,0.0,
2026-04-19T15:00:00Z,fwd_1h,random_forest,0.0047238564559759,
2026-04-19T16:00:00Z,fwd_1h,random_forest,0.0,
2026-04-19T17:00:00Z,fwd_1h,random_forest,0.0,
2026-04-19T18:00:00Z,fwd_1h,random_forest,0.0,
2026-04-19T19:00:00Z,fwd_1h,random_forest,-0.0953798799618788,
2026-04-19T20:00:00Z,fwd_1h,random_forest,0.0,
2026-04-19T21:00:00Z,fwd_1h,random_forest,0.0,
2026-04-19T22:00:00Z,fwd_1h,random_forest,0.0,
2026-04-19T23:00:00Z,fwd_1h,random_forest,0.0440521420123209,
2026-04-20T00:00:00Z,fwd_1h,random_forest,0.0,
2026-04-20T01:00:00Z,fwd_1h,random_forest,0.0,
2026-04-20T02:00:00Z,fwd_1h,random_forest,0.0,
2026-04-20T03:00:00Z,fwd_1h,random_forest,-0.0634056412658684,
2026-04-20T04:00:00Z,fwd_1h,random_forest,0.0,
2026-04-20T05:00:00Z,fwd_1h,random_forest,0.0,
2026-04-20T06:00:00Z,fwd_1h,random_forest,0.0,
2026-04-20T07:00:00Z,fwd_1h,random_forest,0.0431657960367666,
2026-04-20T08:00:00Z,fwd_1h,random_forest,0.0,
2026-04-20T09:00:00Z,fwd_1h,random_forest,0.0,
2026-04-20T10:00:00Z,fwd_1h,random_forest,0.0,
2026-04-20T11:00:00Z,fwd_1h,random_forest,0.067601680045592,
2026-04-20T12:00:00Z,fwd_1h,random_forest,0.0,
2026-04-20T13:00:00Z,fwd_1h,random_forest,0.0,
2026-04-20T14:00:00Z,fwd_1h,random_forest,0.0,-0.0040427650465815115
2026-04-20T15:00:00Z,fwd_1h,random_forest,-0.027940632156484,0.010333986579720298
2026-04-20T16:00:00Z,fwd_1h,random_forest,0.0,-0.008161427994246372
2026-04-20T17:00:00Z,fwd_1h,random_forest,0.0,0.009744621822883714
2026-04-20T18:00:00Z,fwd_1h,random_forest,0.0,0.0041378710811448725
2026-04-20T19:00:00Z,fwd_1h,random_forest,0.0423732598578165,-0.0014879921176121304
2026-04-20T20:00:00Z,fwd_1h,random_forest,0.0,-0.009355879173899854
2026-04-20T21:00:00Z,fwd_1h,random_forest,0.0,0.0021152456331542243
2026-04-20T22:00:00Z,fwd_1h,random_forest,0.0,0.004451839925128045
2026-04-20T23:00:00Z,fwd_1h,random_forest,-0.067770203651209,-0.01283294646008337
2026-04-21T00:00:00Z,fwd_1h,random_forest,0.0,0.003355796713622714
2026-04-21T01:00:00Z,fwd_1h,random_forest,0.0,-0.007022839276893168
2026-04-21T02:00:00Z,fwd_1h,random_forest,0.0,-0.011542702760792289
2026-04-21T03:00:00Z,fwd_1h,random_forest,-0.032154581168123,-0.003779305047316869
2026-04-21T04:00:00Z,fwd_1h,random_forest,0.0,-0.0027426310047281893
2026-04-21T05:00:00Z,fwd_1h,random_forest,0.0,-0.011486650922260314
2026-04-21T06:00:00Z,fwd_1h,random_forest,0.0,0.0031731264482971174
2026-04-21T07:00:00Z,fwd_1h,random_forest,0.0842983081860269,-0.0046285450857197815
2026-04-21T08:00:00Z,fwd_1h,random_forest,0.0,0.00651867819256824
2026-04-21T09:00:00Z,fwd_1h,random_forest,0.0,-0.001695559264399534
2026-04-21T10:00:00Z,fwd_1h,random_forest,0.0,-0.011039672467534505
2026-04-21T11:00:00Z,fwd_1h,random_forest,0.0420696095745838,0.010292940087264047
2026-04-21T12:00:00Z,fwd_1h,random_forest,0.0,-0.011695711022407287
2026-04-21T13:00:00Z,fwd_1h,random_forest,0.0,-0.01315588491577249
2026-04-21T14:00:00Z,fwd_1h,random_forest,0.0,-0.007954350067637372
2026-04-21T15:00:00Z,fwd_1h,random_forest,-0.0568021174587255,-0.005261869425047118
2026-04-21T16:00:00Z,fwd_1h,random_forest,0.0,-0.010048797732492412
2026-04-21T17:00:00Z,fwd_1h,random_forest,0.0,-0.0021632043692250275
2026-04-21T18:00:00Z,fwd_1h,random_forest,0.0,-0.007800530794980099
2026-04-21T19:00:00Z,fwd_1h,random_forest,0.0335980215754752,-0.006095745470566861
2026-04-21T20:00:00Z,fwd_1h,random_forest,0.0,0.0017298094323864453
2026-04-21T21:00:00Z,fwd_1h,random_forest,0.0,-0.0015608953730429967
2026-04-21T22:00:00Z,fwd_1h,random_forest,0.0,-0.004976628017504333
2026-04-21T23:00:00Z,fwd_1h,random_forest,0.0021543668174439,-0.014169643934461537
2026-04-22T00:00:00Z,fwd_1h,random_forest,0.0,-0.006267485657635439
2026-04-22T01:00:00Z,fwd_1h,random_forest,0.0,-0.01532887771701355
2026-04-22T02:00:00Z,fwd_1h,random_forest,0.0,-0.001277515451821667
2026-04-22T03:00:00Z,fwd_1h,random_forest,0.0297230158009194,-0.0007921790255335833
2026-04-22T04:00:00Z,fwd_1h,random_forest,0.0,-0.00019587521830831612
2026-04-22T05:00:00Z,fwd_1h,random_forest,0.0,-0.0004934390833784223
2026-04-22T06:00:00Z,fwd_1h,random_forest,0.0,-0.01032213915245288
2026-04-22T07:00:00Z,fwd_1h,random_forest,0.0608476155819288,-0.00427241046457918
2026-04-22T08:00:00Z,fwd_1h,random_forest,0.0,0.008648791682563503
2026-04-22T09:00:00Z,fwd_1h,random_forest,0.0,0.004078180098305289
2026-04-22T10:00:00Z,fwd_1h,random_forest,0.0257445269048386,-0.0038994182367305796
2026-04-22T11:00:00Z,fwd_1h,random_forest,-0.0070530334729987,-0.007468658850918657
2026-04-22T12:00:00Z,fwd_1h,random_forest,0.0,0.012197103897201583
2026-04-22T13:00:00Z,fwd_1h,random_forest,0.0,-0.005010952010761499
2026-04-22T14:00:00Z,fwd_1h,random_forest,0.0,0.010120179190628296
2026-04-22T15:00:00Z,fwd_1h,random_forest,0.1325819147095921,-0.003305142464950023
2026-04-22T16:00:00Z,fwd_1h,random_forest,0.0,-0.0016399031437593545
2026-04-22T17:00:00Z,fwd_1h,random_forest,0.0,-0.005146168178251964
2026-04-22T18:00:00Z,fwd_1h,random_forest,0.0,-0.005643603463003592
2026-04-22T19:00:00Z,fwd_1h,random_forest,-0.0857013765130157,-0.002716273741810615
2026-04-22T20:00:00Z,fwd_1h,random_forest,0.0,-0.014309308321324375
2026-04-22T21:00:00Z,fwd_1h,random_forest,0.0,0.002443296109386944
2026-04-22T22:00:00Z,fwd_1h,random_forest,0.0,-0.0037716713187723096
2026-04-22T23:00:00Z,fwd_1h,random_forest,0.0392970850132388,0.002612667745180936
2026-04-23T00:00:00Z,fwd_1h,random_forest,0.0,-0.0012677354246076833
2026-04-23T01:00:00Z,fwd_1h,random_forest,0.0,0.0064616589240138805
2026-04-23T02:00:00Z,fwd_1h,random_forest,0.0,-0.0016724841087550181
2026-04-23T03:00:00Z,fwd_1h,random_forest,-0.0315906345864475,0.0021581079583361607
2026-04-23T04:00:00Z,fwd_1h,random_forest,0.0,0.0012665534974644888
2026-04-23T05:00:00Z,fwd_1h,random_forest,0.0,-0.00490760697733814
2026-04-23T06:00:00Z,fwd_1h,random_forest,0.0,0.004354532946746807
2026-04-23T07:00:00Z,fwd_1h,random_forest,-0.0627434850143782,-0.003939800626576241
2026-04-23T08:00:00Z,fwd_1h,random_forest,0.0,-0.01692134529342525
2026-04-23T09:00:00Z,fwd_1h,random_forest,0.0,-0.00428503964680321
2026-04-23T10:00:00Z,fwd_1h,random_forest,0.0,-0.001410147287686019
2026-04-23T11:00:00Z,fwd_1h,random_forest,0.1181223264681665,-0.0028634166779241063
2026-04-23T12:00:00Z,fwd_1h,random_forest,0.0,-0.0024028965978559556
2026-04-23T13:00:00Z,fwd_1h,random_forest,0.0,-0.014582308723444893
2026-04-23T14:00:00Z,fwd_1h,random_forest,0.0,0.0006743051835919698
2026-04-23T15:00:00Z,fwd_1h,random_forest,-0.0293263755396362,-0.010586251114077306
2026-04-23T16:00:00Z,fwd_1h,random_forest,0.0,-0.0029495056260504223
2026-04-23T17:00:00Z,fwd_1h,random_forest,0.0,-0.0144714582610605
2026-04-23T18:00:00Z,fwd_1h,random_forest,0.0,0.012819430116122599
2026-04-23T19:00:00Z,fwd_1h,random_forest,-0.0244065913888801,-0.006249649232326274
2026-04-23T20:00:00Z,fwd_1h,random_forest,0.0,0.0046318650485311155
2026-04-23T21:00:00Z,fwd_1h,random_forest,0.0,0.00016674482554185135
2026-04-23T22:00:00Z,fwd_1h,random_forest,0.0,0.010044217436040103
2026-04-23T23:00:00Z,fwd_1h,random_forest,0.0768536726616908,0.011084810412449334
2026-04-24T00:00:00Z,fwd_1h,random_forest,0.0,-0.009533383244972833
2026-04-24T01:00:00Z,fwd_1h,random_forest,0.0,-0.0037728977658611712
2026-04-24T02:00:00Z,fwd_1h,random_forest,0.0,-0.004532886546524928
2026-04-24T03:00:00Z,fwd_1h,random_forest,-0.0503907549855541,0.012733716106808795
2026-04-24T04:00:00Z,fwd_1h,random_forest,0.0,0.004346018704311016
2026-04-24T05:00:00Z,fwd_1h,random_forest,0.0,-0.002923530534668128
2026-04-24T06:00:00Z,fwd_1h,random_forest,0.0,-0.000361789375729584
2026-04-24T07:00:00Z,fwd_1h,random_forest,0.0392756325062362,0.01490427118216336
2026-04-24T08:00:00Z,fwd_1h,random_forest,0.0,0.0030236481515129323
2026-04-24T09:00:00Z,fwd_1h,random_forest,0.0,0.01233246515149457
2026-04-24T10:00:00Z,fwd_1h,random_forest,0.0,0.013254101940698485
2026-04-24T11:00:00Z,fwd_1h,random_forest,0.1948771247073424,0.010486016684904719
2026-04-24T12:00:00Z,fwd_1h,random_forest,-0.0168459672156359,0.011565584399607419
2026-04-24T13:00:00Z,fwd_1h,random_forest,0.0334773740061078,-0.003528494648352809
2026-04-24T14:00:00Z,fwd_1h,random_forest,0.0634912078935259,0.012499567045371786
2026-04-24T15:00:00Z,fwd_1h,random_forest,-0.0363102514419021,0.016092163709502547
2026-04-24T16:00:00Z,fwd_1h,random_forest,0.1004066458993127,-0.0005098131659784417
2026-04-24T17:00:00Z,fwd_1h,random_forest,0.0013801147309246,0.012480451397184232
2026-04-24T18:00:00Z,fwd_1h,random_forest,-0.0161638873838674,0.007398281891496699
2026-04-24T19:00:00Z,fwd_1h,random_forest,0.1523303534172013,-0.0006380256058729575
2026-04-24T20:00:00Z,fwd_1h,random_forest,-0.0630691443440825,0.011389702512787018
2026-04-24T21:00:00Z,fwd_1h,random_forest,0.0028423098987744,-0.00017684105698790206
2026-04-24T22:00:00Z,fwd_1h,random_forest,-0.077559640143468,-0.018751578550985984
2026-04-24T23:00:00Z,fwd_1h,random_forest,-0.0190328396838526,-0.00449974109667381
2026-04-25T00:00:00Z,fwd_1h,random_forest,-0.0126543364441328,-0.004227168347791769
2026-04-25T01:00:00Z,fwd_1h,random_forest,-0.0188438220173253,-0.003328810726967957
2026-04-25T02:00:00Z,fwd_1h,random_forest,0.0125756547675894,-0.0012935796852563495
2026-04-25T03:00:00Z,fwd_1h,random_forest,-0.0106413109923461,0.0016075294896337922
2026-04-25T04:00:00Z,fwd_1h,random_forest,-0.0326670318842022,-0.014096929815741155
2026-04-25T05:00:00Z,fwd_1h,random_forest,0.0260511866482604,-0.006630966850945265
2026-04-25T06:00:00Z,fwd_1h,random_forest,-0.0171006508419994,-0.007781800174573024
2026-04-25T07:00:00Z,fwd_1h,random_forest,0.014799842697321,0.005131331063320082
2026-04-25T08:00:00Z,fwd_1h,random_forest,0.0001389517741416,-0.003385207086338007
2026-04-25T09:00:00Z,fwd_1h,random_forest,0.0221105581862315,-0.001456029432744448
2026-04-25T10:00:00Z,fwd_1h,random_forest,0.0086424897451706,0.0028784645112036097
2026-04-25T11:00:00Z,fwd_1h,random_forest,0.024159336049033,0.011168345124958378
2026-04-25T12:00:00Z,fwd_1h,random_forest,0.0033742980875024,0.005938718156996559
2026-04-25T13:00:00Z,fwd_1h,random_forest,-0.0013411208416627,5.673800912532691e-05
2026-04-25T14:00:00Z,fwd_1h,random_forest,0.0693737015306885,0.00821945789599276
2026-04-25T15:00:00Z,fwd_1h,random_forest,0.0036853583274654,0.013338029051176394
2026-04-25T16:00:00Z,fwd_1h,random_forest,-0.0204463451176127,0.00037038708292767413
2026-04-25T17:00:00Z,fwd_1h,random_forest,0.0684640972882244,0.010560250618481114
2026-04-25T18:00:00Z,fwd_1h,random_forest,0.0022797662096905,0.009719229261778912
2026-04-25T19:00:00Z,fwd_1h,random_forest,-0.0135582301935698,0.00011414406322148506
2026-04-25T20:00:00Z,fwd_1h,random_forest,0.034264967918701,-0.016872431510874062
2026-04-25T21:00:00Z,fwd_1h,random_forest,0.0177846433542243,0.011709741802883865
2026-04-25T22:00:00Z,fwd_1h,random_forest,-0.0270407459540049,0.0019225512719068928
2026-04-25T23:00:00Z,fwd_1h,random_forest,-0.0173221492589453,-0.00513456897431375
2026-04-26T00:00:00Z,fwd_1h,random_forest,0.0127033404386227,-0.007472185987271328
2026-04-26T01:00:00Z,fwd_1h,random_forest,-0.0210032510368461,-0.0022916324752446002
2026-04-26T02:00:00Z,fwd_1h,random_forest,0.007291955584181,-0.005656247835837545
2026-04-26T03:00:00Z,fwd_1h,random_forest,-0.0188882704640339,-0.005227126728141338
2026-04-26T04:00:00Z,fwd_1h,random_forest,0.0141813858689812,-0.007038329135069337
2026-04-26T05:00:00Z,fwd_1h,random_forest,-0.0012875225496077,0.002662498336458112
2026-04-26T06:00:00Z,fwd_1h,random_forest,-0.0144015151535282,-0.005174761943054505
2026-04-26T07:00:00Z,fwd_1h,random_forest,-0.0101916150277057,-0.0027265208757281997
2026-04-26T08:00:00Z,fwd_1h,random_forest,0.0114774428821773,-0.0020528543920561976
2026-04-26T09:00:00Z,fwd_1h,random_forest,0.0089977338209066,0.00829590046769087
2026-04-26T10:00:00Z,fwd_1h,random_forest,-0.0121436580812963,0.005916038723995111
2026-04-26T11:00:00Z,fwd_1h,random_forest,0.010423689712153,-0.0016000710436204692
2026-04-26T12:00:00Z,fwd_1h,random_forest,0.0181785400733158,-0.005568491182831689
2026-04-26T13:00:00Z,fwd_1h,random_forest,-0.0283398656118801,0.008067295853774133
2026-04-26T14:00:00Z,fwd_1h,random_forest,-0.0017265546389304,-0.013806737752261163
2026-04-26T15:00:00Z,fwd_1h,random_forest,-0.1160335182179703,-0.0035868896328950027
2026-04-26T16:00:00Z,fwd_1h,random_forest,0.0287253453354776,0.000787666152149803
2026-04-26T17:00:00Z,fwd_1h,random_forest,-0.012866952695814,0.011519992729445868
2026-04-26T18:00:00Z,fwd_1h,random_forest,0.0130161302713989,-0.0014801310245006261
2026-04-26T19:00:00Z,fwd_1h,random_forest,0.0871413718812139,-0.006853241570467767
2026-04-26T20:00:00Z,fwd_1h,random_forest,-0.0315662946670057,0.011459241980541247
2026-04-26T21:00:00Z,fwd_1h,random_forest,0.024724069260549,-0.020913722464703972
2026-04-26T22:00:00Z,fwd_1h,random_forest,0.0252179090905817,0.0005464482553615315
2026-04-26T23:00:00Z,fwd_1h,random_forest,0.0354936519226647,0.005624652090110254
2026-04-27T00:00:00Z,fwd_1h,random_forest,0.0061302048146334,0.01115989036641974
2026-04-27T01:00:00Z,fwd_1h,random_forest,-0.0039175602697583,0.008182634498116336
2026-04-27T02:00:00Z,fwd_1h,random_forest,-0.0087613349398963,0.0033117046772587954
2026-04-27T03:00:00Z,fwd_1h,random_forest,0.0250743735271097,0.0014170815261361279
2026-04-27T04:00:00Z,fwd_1h,random_forest,-0.0359151653134391,0.006154139208466451
2026-04-27T05:00:00Z,fwd_1h,random_forest,-0.0081708558745128,0.005293281548270373
2026-04-27T06:00:00Z,fwd_1h,random_forest,0.0016672082636612,-0.0011342699935857421
2026-04-27T07:00:00Z,fwd_1h,random_forest,0.0059608804955026,0.008408183429683434
2026-04-27T08:00:00Z,fwd_1h,random_forest,-0.0250288043617326,0.006269159361116863
2026-04-27T09:00:00Z,fwd_1h,random_forest,-0.0432872942563702,0.010511580056922829
2026-04-27T10:00:00Z,fwd_1h,random_forest,-0.025649843917764,0.009825703535278634
2026-04-27T11:00:00Z,fwd_1h,random_forest,0.0106157139763423,-0.005782568602893946
2026-04-27T12:00:00Z,fwd_1h,random_forest,0.0166587385194845,0.011048870238292674
2026-04-27T13:00:00Z,fwd_1h,random_forest,0.0036598154001026,6.100023613334456e-05
2026-04-27T14:00:00Z,fwd_1h,random_forest,-0.0695730434466027,0.011925161604372632
2026-04-27T15:00:00Z,fwd_1h,random_forest,-0.0221776806709377,-0.007049288016399925
2026-04-27T16:00:00Z,fwd_1h,random_forest,-0.1047209431862109,0.010578266988613225
2026-04-27T17:00:00Z,fwd_1h,random_forest,0.0272860765027487,-0.005516950971203733
2026-04-27T18:00:00Z,fwd_1h,random_forest,-0.0147785190998106,0.004714581140735143
2026-04-27T19:00:00Z,fwd_1h,random_forest,0.0145876295904192,0.004371321072611799
2026-04-27T20:00:00Z,fwd_1h,random_forest,-0.0214499662228944,-0.0018437450230171816
2026-04-27T21:00:00Z,fwd_1h,random_forest,0.0061897525262688,-0.0043259035626087156
2026-04-27T22:00:00Z,fwd_1h,random_forest,0.0045780536695716,0.0020416229743036
2026-04-27T23:00:00Z,fwd_1h,random_forest,0.0598919073034995,-0.008761950503558078
2026-04-28T00:00:00Z,fwd_1h,random_forest,0.008928646093818,0.011545334128109158
2026-04-28T01:00:00Z,fwd_1h,random_forest,-0.0242150293142057,0.0053654469241788795
2026-04-28T02:00:00Z,fwd_1h,random_forest,0.0207430787555873,0.013739772780766617
2026-04-28T03:00:00Z,fwd_1h,random_forest,-0.0010629871739759,0.0017950964773428143
2026-04-28T04:00:00Z,fwd_1h,random_forest,-0.0059171872954493,0.008795955528819597
2026-04-28T05:00:00Z,fwd_1h,random_forest,-0.0618168991168307,-0.007607517896054921
2026-04-28T06:00:00Z,fwd_1h,random_forest,-0.0441739564057849,0.0008998574982936379
2026-04-28T07:00:00Z,fwd_1h,random_forest,0.0046315465788835,0.0038283007089638913
2026-04-28T08:00:00Z,fwd_1h,random_forest,0.0,0.010868982796928753
2026-04-28T09:00:00Z,fwd_1h,random_forest,0.0,0.0060053570370315855
2026-04-28T10:00:00Z,fwd_1h,random_forest,0.0,0.016881389564677083
2026-04-28T11:00:00Z,fwd_1h,random_forest,0.004918587451135,0.007259881150008149
2026-04-28T12:00:00Z,fwd_1h,random_forest,0.0,-0.0025204167641165913
2026-04-28T13:00:00Z,fwd_1h,random_forest,0.0,0.005665512072819725
2026-04-28T14:00:00Z,fwd_1h,random_forest,0.0,-0.01251784233724142
2026-04-28T15:00:00Z,fwd_1h,random_forest,-0.0175620108356487,0.009136423437082201
2026-04-28T16:00:00Z,fwd_1h,random_forest,0.0,0.029992493686701798
2026-04-28T17:00:00Z,fwd_1h,random_forest,0.0,0.008474145496109172
2026-04-28T18:00:00Z,fwd_1h,random_forest,0.0,0.007287005141809669
2026-04-28T19:00:00Z,fwd_1h,random_forest,-0.054004495341984,-0.002845588976935126
2026-04-28T20:00:00Z,fwd_1h,random_forest,0.0,-0.0024550390950123
2026-04-28T21:00:00Z,fwd_1h,random_forest,0.0,-0.003924280269625272
2026-04-28T22:00:00Z,fwd_1h,random_forest,0.0,-0.01063544273241402
2026-04-28T23:00:00Z,fwd_1h,random_forest,0.0113500992295214,-0.0027650884216161987
2026-04-29T00:00:00Z,fwd_1h,random_forest,0.0,-0.002028014809222804
2026-04-29T01:00:00Z,fwd_1h,random_forest,0.0,0.02312971170939259
2026-04-29T02:00:00Z,fwd_1h,random_forest,0.0,0.013032393036646123
2026-04-29T03:00:00Z,fwd_1h,random_forest,0.162300713641978,0.0025037920389939365
2026-04-29T04:00:00Z,fwd_1h,random_forest,-0.0049939118313393,0.004889995949890233
2026-04-29T05:00:00Z,fwd_1h,random_forest,0.0094446336839704,0.005735230116596361
2026-04-29T06:00:00Z,fwd_1h,random_forest,-0.0374321374089383,-0.0006591073265518651
2026-04-29T07:00:00Z,fwd_1h,random_forest,-0.0031723637785558,0.012697442680417014
2026-04-29T08:00:00Z,fwd_1h,random_forest,0.0409487630898082,0.003922640292962191
2026-04-29T09:00:00Z,fwd_1h,random_forest,-0.0034555890537273,0.01205404585219222
2026-04-29T10:00:00Z,fwd_1h,random_forest,-0.0268004898775343,0.0010621020475246427
2026-04-29T11:00:00Z,fwd_1h,random_forest,-0.0573225835244927,0.014487411444097327
2026-04-29T12:00:00Z,fwd_1h,random_forest,0.0,0.0031885473798535877
2026-04-29T13:00:00Z,fwd_1h,random_forest,0.0,0.001016104974110096
2026-04-29T14:00:00Z,fwd_1h,random_forest,0.0,0.008677929220736395
2026-04-29T15:00:00Z,fwd_1h,random_forest,0.0086652107630751,0.018181913702229553
2026-04-29T16:00:00Z,fwd_1h,random_forest,0.0,0.00511615182740044
2026-04-29T17:00:00Z,fwd_1h,random_forest,0.0,-0.0030750079071598098
2026-04-29T18:00:00Z,fwd_1h,random_forest,0.0,0.010721572970624102
2026-04-29T19:00:00Z,fwd_1h,random_forest,-0.1295525398295541,-0.005297152031694566
2026-04-29T20:00:00Z,fwd_1h,random_forest,0.0,0.011696569704949063
2026-04-29T21:00:00Z,fwd_1h,random_forest,0.0,0.0060374123904192055
2026-04-29T22:00:00Z,fwd_1h,random_forest,0.0,0.0021448715813071175
2026-04-29T23:00:00Z,fwd_1h,random_forest,0.2050539018586472,-0.0009840374915768908
2026-04-30T00:00:00Z,fwd_1h,random_forest,0.0095525601215706,0.013938236717413744
2026-04-30T01:00:00Z,fwd_1h,random_forest,-0.0209513245480971,0.014163183230588261
2026-04-30T02:00:00Z,fwd_1h,random_forest,-0.0631608576000531,0.008075661203364094
2026-04-30T03:00:00Z,fwd_1h,random_forest,-0.0352464166464763,0.0008714642659800475
2026-04-30T04:00:00Z,fwd_1h,random_forest,0.0,0.0036287808732169413
2026-04-30T05:00:00Z,fwd_1h,random_forest,0.0,0.028364955026349104
2026-04-30T06:00:00Z,fwd_1h,random_forest,0.0,-0.012871627994834961
2026-04-30T07:00:00Z,fwd_1h,random_forest,0.0421238387408229,0.00520872292831461
2026-04-30T08:00:00Z,fwd_1h,random_forest,0.0,-0.0008966085562257136
2026-04-30T09:00:00Z,fwd_1h,random_forest,0.0,0.002039829938792367
2026-04-30T10:00:00Z,fwd_1h,random_forest,0.0,0.0042058722411300814
2026-04-30T11:00:00Z,fwd_1h,random_forest,0.0005749874871705,0.007559879273809032
2026-04-30T12:00:00Z,fwd_1h,random_forest,0.0,0.003433619110044997
2026-04-30T13:00:00Z,fwd_1h,random_forest,0.0,0.0008603868276279137
2026-04-30T14:00:00Z,fwd_1h,random_forest,0.0,0.015737348003748628
2026-04-30T15:00:00Z,fwd_1h,random_forest,0.0328435841023473,0.006569090723589975
2026-04-30T16:00:00Z,fwd_1h,random_forest,0.0,0.015544193373872693
2026-04-30T17:00:00Z,fwd_1h,random_forest,0.0,0.0025034347030580585
2026-04-30T18:00:00Z,fwd_1h,random_forest,0.0,0.0026650853862832695
2026-04-30T19:00:00Z,fwd_1h,random_forest,0.0485939537825712,-0.0053842514668702495
2026-04-30T20:00:00Z,fwd_1h,random_forest,-0.0028814419856771,0.00020718299761528884
2026-04-30T21:00:00Z,fwd_1h,random_forest,0.0207238606521849,-0.0015419863001337
2026-04-30T22:00:00Z,fwd_1h,random_forest,0.0121732440446042,-0.0014366946878792935
2026-04-30T23:00:00Z,fwd_1h,random_forest,-0.0036169451947833,0.00425908491813557
2026-05-01T00:00:00Z,fwd_1h,random_forest,0.0016278016243564,-0.0012796309598923233
2026-05-01T01:00:00Z,fwd_1h,random_forest,0.0238404515117536,-0.00893881293953246
2026-05-01T02:00:00Z,fwd_1h,random_forest,0.0392211337781442,0.0021812274198631182
2026-05-01T03:00:00Z,fwd_1h,random_forest,0.0199425901645853,0.004865768847843743
2026-05-01T04:00:00Z,fwd_1h,random_forest,0.0485581443360234,-0.0002273626080141058
2026-05-01T05:00:00Z,fwd_1h,random_forest,-0.0217308992115401,-0.003618046286599188
2026-05-01T06:00:00Z,fwd_1h,random_forest,-0.0137023467331637,0.009693979068361855
2026-05-01T07:00:00Z,fwd_1h,random_forest,0.0883525775512998,-0.012247757210675935
2026-05-01T08:00:00Z,fwd_1h,random_forest,-0.059592802569374,0.01859882432589218
2026-05-01T09:00:00Z,fwd_1h,random_forest,-0.0247994903299609,-0.011764352784065343
2026-05-01T10:00:00Z,fwd_1h,random_forest,-0.0100097116765605,-0.0008521826346208128
2026-05-01T11:00:00Z,fwd_1h,random_forest,0.0266333926335804,-0.012520349642077174
2026-05-01T12:00:00Z,fwd_1h,random_forest,0.0106300835154335,-0.0011570682268928299
2026-05-01T13:00:00Z,fwd_1h,random_forest,-0.0020365623567455,0.004526716727835155
2026-05-01T14:00:00Z,fwd_1h,random_forest,-0.0229739638446104,0.003231134757379479
2026-05-01T15:00:00Z,fwd_1h,random_forest,-0.0016003952420131,-0.007203154201399106
2026-05-01T16:00:00Z,fwd_1h,random_forest,0.0309398264686027,0.0038767953365813866
2026-05-01T17:00:00Z,fwd_1h,random_forest,0.0269465663880574,0.004868604104589494
2026-05-01T18:00:00Z,fwd_1h,random_forest,-0.0423959855875897,0.0023371545828157745
2026-05-01T19:00:00Z,fwd_1h,random_forest,-0.0244217594966044,0.0052879404021004975
2026-05-01T20:00:00Z,fwd_1h,random_forest,0.0385214177514774,-0.0025594089243561003
2026-05-01T21:00:00Z,fwd_1h,random_forest,-0.0179412821560878,0.004260906413150055
2026-05-01T22:00:00Z,fwd_1h,random_forest,0.0170944737204348,0.005799059344803697
2026-05-01T23:00:00Z,fwd_1h,random_forest,0.0355812875192835,0.012860602222133009
2026-05-02T00:00:00Z,fwd_1h,random_forest,-0.0821025594486696,0.0018092281424597477
2026-05-02T01:00:00Z,fwd_1h,random_forest,0.0051200724769073,-0.001063814831425431
2026-05-02T02:00:00Z,fwd_1h,random_forest,-0.0047843738787659,0.0010540883524251836
2026-05-02T03:00:00Z,fwd_1h,random_forest,-0.0534031995068412,0.0007920511315605029
2026-05-02T04:00:00Z,fwd_1h,random_forest,0.0088200389775889,-0.0047729742238984876
2026-05-02T05:00:00Z,fwd_1h,random_forest,-0.0052540131337788,0.0014613614244203834
2026-05-02T06:00:00Z,fwd_1h,random_forest,0.0319642257898555,-0.005340656503722652
2026-05-02T07:00:00Z,fwd_1h,random_forest,0.0041124863174308,0.0006120838758334957
2026-05-02T08:00:00Z,fwd_1h,random_forest,0.0157040312337164,0.0009263170868177308
2026-05-02T09:00:00Z,fwd_1h,random_forest,0.0150070390266257,0.0007270802846580635
2026-05-02T10:00:00Z,fwd_1h,random_forest,-0.0275821509323014,-0.0016609866490123425
2026-05-02T11:00:00Z,fwd_1h,random_forest,0.0002726167169719,-0.0028226490614241878
2026-05-02T12:00:00Z,fwd_1h,random_forest,0.0121713500714761,0.007360585900472701
2026-05-02T13:00:00Z,fwd_1h,random_forest,0.0146568456972167,-7.459375959113676e-05
2026-05-02T14:00:00Z,fwd_1h,random_forest,0.0026757910279346,-0.0011664588161354522
2026-05-02T15:00:00Z,fwd_1h,random_forest,0.029810146571078,0.004843572552555017
2026-05-02T16:00:00Z,fwd_1h,random_forest,-0.0055262710903201,0.0048039080085931695
2026-05-02T17:00:00Z,fwd_1h,random_forest,-0.0167370722434611,-0.0009422051895359804
2026-05-02T18:00:00Z,fwd_1h,random_forest,-0.0050203323150134,0.004029853748524298
2026-05-02T19:00:00Z,fwd_1h,random_forest,0.0078730565918971,0.003720128535644685
2026-05-02T20:00:00Z,fwd_1h,random_forest,-0.0097393494814239,0.005424945163715565
2026-05-02T21:00:00Z,fwd_1h,random_forest,-0.0170259109478909,0.0014348264610228854
2026-05-02T22:00:00Z,fwd_1h,random_forest,0.0009461422532992,0.0013198370104453173
2026-05-02T23:00:00Z,fwd_1h,random_forest,0.0151021271506439,-0.002338917900918592
2026-05-03T00:00:00Z,fwd_1h,random_forest,-0.0122605340268105,0.0009625694440443319
2026-05-03T01:00:00Z,fwd_1h,random_forest,0.0239634274602145,0.004379867744043153
2026-05-03T02:00:00Z,fwd_1h,random_forest,0.0066761657998595,0.0015864711852844459
2026-05-03T03:00:00Z,fwd_1h,random_forest,-0.0362918336368066,0.001648566574746146
2026-05-03T04:00:00Z,fwd_1h,random_forest,-0.0239193471126758,-0.008607296054276268
2026-05-03T05:00:00Z,fwd_1h,random_forest,0.0015563681325887,-0.008286049460284358
2026-05-03T06:00:00Z,fwd_1h,random_forest,-0.0039015629956715,0.0009016609104192763
2026-05-03T07:00:00Z,fwd_1h,random_forest,0.0040559560540398,0.00439000975675858
2026-05-03T08:00:00Z,fwd_1h,random_forest,0.0221757078647293,0.006636938783141231
2026-05-03T09:00:00Z,fwd_1h,random_forest,-0.0206047626324735,-0.0008128309433142456
2026-05-03T10:00:00Z,fwd_1h,random_forest,0.0018010774826482,-0.0024252636903026826
2026-05-03T11:00:00Z,fwd_1h,random_forest,-0.0149614130128866,-0.019006934418379966
2026-05-03T12:00:00Z,fwd_1h,random_forest,0.0034249027948314,0.0024374208360741787
2026-05-03T13:00:00Z,fwd_1h,random_forest,-0.0073073467532468,0.0001291888996443358
2026-05-03T14:00:00Z,fwd_1h,random_forest,-0.0808799303006304,-0.003901460788069513
2026-05-03T15:00:00Z,fwd_1h,random_forest,-0.0302771039476125,-0.011169402039873337
2026-05-03T16:00:00Z,fwd_1h,random_forest,0.0,0.01190186437764801
2026-05-03T17:00:00Z,fwd_1h,random_forest,0.0,0.0008723564640891328
2026-05-03T18:00:00Z,fwd_1h,random_forest,0.0,0.0025797630886147554
2026-05-03T19:00:00Z,fwd_1h,random_forest,0.0077307316110635,-0.0053950620460995755
2026-05-03T20:00:00Z,fwd_1h,random_forest,0.0,-0.0038814550203886138
2026-05-03T21:00:00Z,fwd_1h,random_forest,0.0,0.002749773510396034
2026-05-03T22:00:00Z,fwd_1h,random_forest,0.0,0.006440508282171088
2026-05-03T23:00:00Z,fwd_1h,random_forest,0.021560458840607,0.0017436258215566438
2026-05-04T00:00:00Z,fwd_1h,random_forest,-0.0121703466576416,0.004145418636307115
2026-05-04T01:00:00Z,fwd_1h,random_forest,0.0,0.005526688219303577
2026-05-04T02:00:00Z,fwd_1h,random_forest,0.0,0.002331850122586414
2026-05-04T03:00:00Z,fwd_1h,random_forest,0.0832607411083741,0.0032595715709991245
2026-05-04T04:00:00Z,fwd_1h,random_forest,-0.0014825361622523,0.006191803939707292
2026-05-04T05:00:00Z,fwd_1h,random_forest,0.0124432544682364,-0.00025408308932515296
2026-05-04T06:00:00Z,fwd_1h,random_forest,-0.0053610989853806,0.008561818938738029
2026-05-04T07:00:00Z,fwd_1h,random_forest,0.0010997223772992,0.0012267093879041611
2026-05-04T08:00:00Z,fwd_1h,random_forest,-0.013451224366714,0.0015092302842414772
2026-05-04T09:00:00Z,fwd_1h,random_forest,-0.0344324410600999,0.000853956495366945
2026-05-04T10:00:00Z,fwd_1h,random_forest,-0.0763668324262594,0.003863434497847284
2026-05-04T11:00:00Z,fwd_1h,random_forest,0.0408050188653095,-0.009041619313792828
2026-05-04T12:00:00Z,fwd_1h,random_forest,0.0,0.0032042174088886613
2026-05-04T13:00:00Z,fwd_1h,random_forest,0.0,0.0029316959308839864
2026-05-04T14:00:00Z,fwd_1h,random_forest,0.0,-4.7264582128631215e-05
2026-05-04T15:00:00Z,fwd_1h,random_forest,0.0337368700114673,0.0017240417308888088
2026-05-04T16:00:00Z,fwd_1h,random_forest,0.0156007831104509,0.002228970998199297
2026-05-04T17:00:00Z,fwd_1h,random_forest,0.0222600872009768,0.0008076474685214141
2026-05-04T18:00:00Z,fwd_1h,random_forest,-0.0195219325865697,0.009647443500913249
2026-05-04T19:00:00Z,fwd_1h,random_forest,-0.0154739753617759,-0.007424068888670517
2026-05-04T20:00:00Z,fwd_1h,random_forest,0.0092411567141363,0.005442232646610083
2026-05-04T21:00:00Z,fwd_1h,random_forest,0.086656995977262,0.0005257496528348466
2026-05-04T22:00:00Z,fwd_1h,random_forest,-0.0149771188272905,0.016051836342286883
2026-05-04T23:00:00Z,fwd_1h,random_forest,-0.0378330891157746,0.004925832651067084
2026-05-05T00:00:00Z,fwd_1h,random_forest,0.0153970975096218,0.0013175111368068516
2026-05-05T01:00:00Z,fwd_1h,random_forest,-0.0063474903534593,-0.0008703070493665854
2026-05-05T02:00:00Z,fwd_1h,random_forest,0.0216037944128586,0.0014516665774062488
2026-05-05T03:00:00Z,fwd_1h,random_forest,0.0263695567159507,0.001344640365308751
2026-05-05T04:00:00Z,fwd_1h,random_forest,-0.0090513217981738,-0.010037251119983787
2026-05-05T05:00:00Z,fwd_1h,random_forest,0.0190318262941115,0.004014853507896128
2026-05-05T06:00:00Z,fwd_1h,random_forest,-0.0107522388646817,0.004069939693335757
2026-05-05T07:00:00Z,fwd_1h,random_forest,-0.0033155992647794,-0.0017663657183548086
2026-05-05T08:00:00Z,fwd_1h,random_forest,-0.023292696355497,0.0002125181891976555
2026-05-05T09:00:00Z,fwd_1h,random_forest,0.0563436787298279,7.49567699790483e-05
2026-05-05T10:00:00Z,fwd_1h,random_forest,-0.0033555212629712,0.009516700092050929
2026-05-05T11:00:00Z,fwd_1h,random_forest,0.0967431402360321,-0.0014456756245711166
2026-05-05T12:00:00Z,fwd_1h,random_forest,0.0697256263203123,0.008891155284228165
2026-05-05T13:00:00Z,fwd_1h,random_forest,-0.0756135127368082,0.012957266168316906
2026-05-05T14:00:00Z,fwd_1h,random_forest,0.0204886455704562,0.0010964312531812255
2026-05-05T15:00:00Z,fwd_1h,random_forest,-0.0171115038278019,0.004446381519521487
2026-05-05T16:00:00Z,fwd_1h,random_forest,0.0185503803955591,-0.0010398694229422278
2026-05-05T17:00:00Z,fwd_1h,random_forest,0.0192265657614187,-0.0011792716868030233
2026-05-05T18:00:00Z,fwd_1h,random_forest,-0.0278235603029748,-3.507800948264659e-05
2026-05-05T19:00:00Z,fwd_1h,random_forest,0.0256070591647397,-0.003376424679769122
2026-05-05T20:00:00Z,fwd_1h,random_forest,-0.0033586857813809,0.0001419974091651791
2026-05-05T21:00:00Z,fwd_1h,random_forest,-0.0578193286983022,0.0023224973979496456
2026-05-05T22:00:00Z,fwd_1h,random_forest,-0.0077499372059259,-0.0028447558737295306
2026-05-05T23:00:00Z,fwd_1h,random_forest,-0.000277500263165,-0.0011139418640977903
2026-05-06T00:00:00Z,fwd_1h,random_forest,0.014246862032117,0.00019228533053749537
2026-05-06T01:00:00Z,fwd_1h,random_forest,-0.0096453115180054,-0.002541791304748904
2026-05-06T02:00:00Z,fwd_1h,random_forest,0.0047822253131548,0.004124934554210947
2026-05-06T03:00:00Z,fwd_1h,random_forest,-0.0078080365911141,0.002363544924145033
2026-05-06T04:00:00Z,fwd_1h,random_forest,-0.0002738978243513,-0.000512499723176082
2026-05-06T05:00:00Z,fwd_1h,random_forest,0.0448220480512386,0.0002649847976656398
2026-05-06T06:00:00Z,fwd_1h,random_forest,0.1518747065764705,-0.0036561507134122363
2026-05-06T07:00:00Z,fwd_1h,random_forest,-0.095102112414479,0.014379408233324804
2026-05-06T08:00:00Z,fwd_1h,random_forest,-0.0076697592851083,-0.009709183458974214
2026-05-06T09:00:00Z,fwd_1h,random_forest,0.0191743195011699,6.713455549997086e-07
2026-05-06T10:00:00Z,fwd_1h,random_forest,0.0541712748771978,-0.006760328271598119
2026-05-06T11:00:00Z,fwd_1h,random_forest,0.1123206886499692,0.004184842086780705
2026-05-06T12:00:00Z,fwd_1h,random_forest,-0.0383917953049468,0.014582601534047038
2026-05-06T13:00:00Z,fwd_1h,random_forest,-0.0313226136024297,-0.00335601394198533
2026-05-06T14:00:00Z,fwd_1h,random_forest,-0.011585662764879,-0.0027499748067894847
2026-05-06T15:00:00Z,fwd_1h,random_forest,-0.0134641548766654,0.0009052622088190048
2026-05-06T16:00:00Z,fwd_1h,random_forest,0.0227312464792368,0.00291946451741409
2026-05-06T17:00:00Z,fwd_1h,random_forest,-0.0120465985904471,-0.0019166261437944766
2026-05-06T18:00:00Z,fwd_1h,random_forest,0.0060844961113466,-0.0012482131778127716
2026-05-06T19:00:00Z,fwd_1h,random_forest,-0.0046759880273342,-0.0007768321845719215
2026-05-06T20:00:00Z,fwd_1h,random_forest,0.1822597821494829,0.00032658350337112183
2026-05-06T21:00:00Z,fwd_1h,random_forest,-0.0759383887371049,0.00640519143467516
2026-05-06T22:00:00Z,fwd_1h,random_forest,0.008575128675671,0.0027497477380576847
2026-05-06T23:00:00Z,fwd_1h,random_forest,0.0008930349592299,0.0004517313952857405
2026-05-07T00:00:00Z,fwd_1h,random_forest,0.042089437960388,0.001323518481179207
2026-04-17T06:00:00Z,fwd_1h,lightgbm,0.0,
2026-04-17T07:00:00Z,fwd_1h,lightgbm,-0.0955178845263217,
2026-04-17T08:00:00Z,fwd_1h,lightgbm,0.0,
2026-04-17T09:00:00Z,fwd_1h,lightgbm,0.0,
2026-04-17T10:00:00Z,fwd_1h,lightgbm,0.0,
2026-04-17T11:00:00Z,fwd_1h,lightgbm,0.0264294896106698,
2026-04-17T12:00:00Z,fwd_1h,lightgbm,0.0,
2026-04-17T13:00:00Z,fwd_1h,lightgbm,0.0,
2026-04-17T14:00:00Z,fwd_1h,lightgbm,0.0,
2026-04-17T15:00:00Z,fwd_1h,lightgbm,0.111656884090084,
2026-04-17T16:00:00Z,fwd_1h,lightgbm,0.0,
2026-04-17T17:00:00Z,fwd_1h,lightgbm,0.0,
2026-04-17T18:00:00Z,fwd_1h,lightgbm,0.0,
2026-04-17T19:00:00Z,fwd_1h,lightgbm,-0.0333364930278827,
2026-04-17T20:00:00Z,fwd_1h,lightgbm,0.0,
2026-04-17T21:00:00Z,fwd_1h,lightgbm,0.0,
2026-04-17T22:00:00Z,fwd_1h,lightgbm,0.0,
2026-04-17T23:00:00Z,fwd_1h,lightgbm,-0.042006126250267,
2026-04-18T00:00:00Z,fwd_1h,lightgbm,0.0,
2026-04-18T01:00:00Z,fwd_1h,lightgbm,0.0,
2026-04-18T02:00:00Z,fwd_1h,lightgbm,0.0,
2026-04-18T03:00:00Z,fwd_1h,lightgbm,-0.0504516634443494,
2026-04-18T04:00:00Z,fwd_1h,lightgbm,0.0,
2026-04-18T05:00:00Z,fwd_1h,lightgbm,0.0,
2026-04-18T06:00:00Z,fwd_1h,lightgbm,0.0,
2026-04-18T07:00:00Z,fwd_1h,lightgbm,-0.0321276759024523,
2026-04-18T08:00:00Z,fwd_1h,lightgbm,0.0,
2026-04-18T09:00:00Z,fwd_1h,lightgbm,0.0,
2026-04-18T10:00:00Z,fwd_1h,lightgbm,0.0,
2026-04-18T11:00:00Z,fwd_1h,lightgbm,0.0172808764844798,
2026-04-18T12:00:00Z,fwd_1h,lightgbm,0.0,
2026-04-18T13:00:00Z,fwd_1h,lightgbm,0.0,
2026-04-18T14:00:00Z,fwd_1h,lightgbm,0.0,
2026-04-18T15:00:00Z,fwd_1h,lightgbm,0.0231544146737576,
2026-04-18T16:00:00Z,fwd_1h,lightgbm,0.0,
2026-04-18T17:00:00Z,fwd_1h,lightgbm,0.0,
2026-04-18T18:00:00Z,fwd_1h,lightgbm,0.0,
2026-04-18T19:00:00Z,fwd_1h,lightgbm,-0.1000844810912191,
2026-04-18T20:00:00Z,fwd_1h,lightgbm,0.0,
2026-04-18T21:00:00Z,fwd_1h,lightgbm,0.0,
2026-04-18T22:00:00Z,fwd_1h,lightgbm,0.0,
2026-04-18T23:00:00Z,fwd_1h,lightgbm,-0.0737970090528501,
2026-04-19T00:00:00Z,fwd_1h,lightgbm,0.0,
2026-04-19T01:00:00Z,fwd_1h,lightgbm,0.0,
2026-04-19T02:00:00Z,fwd_1h,lightgbm,0.0,
2026-04-19T03:00:00Z,fwd_1h,lightgbm,-0.0217638727159802,
2026-04-19T04:00:00Z,fwd_1h,lightgbm,0.0,
2026-04-19T05:00:00Z,fwd_1h,lightgbm,0.0,
2026-04-19T06:00:00Z,fwd_1h,lightgbm,0.0,
2026-04-19T07:00:00Z,fwd_1h,lightgbm,0.0474319915411709,
2026-04-19T08:00:00Z,fwd_1h,lightgbm,0.0,
2026-04-19T09:00:00Z,fwd_1h,lightgbm,0.0,
2026-04-19T10:00:00Z,fwd_1h,lightgbm,0.0,
2026-04-19T11:00:00Z,fwd_1h,lightgbm,-0.0053770347743699,
2026-04-19T12:00:00Z,fwd_1h,lightgbm,0.0,
2026-04-19T13:00:00Z,fwd_1h,lightgbm,0.0,
2026-04-19T14:00:00Z,fwd_1h,lightgbm,0.0,
2026-04-19T15:00:00Z,fwd_1h,lightgbm,0.0047238564559759,
2026-04-19T16:00:00Z,fwd_1h,lightgbm,0.0,
2026-04-19T17:00:00Z,fwd_1h,lightgbm,0.0,
2026-04-19T18:00:00Z,fwd_1h,lightgbm,0.0,
2026-04-19T19:00:00Z,fwd_1h,lightgbm,-0.0953798799618788,
2026-04-19T20:00:00Z,fwd_1h,lightgbm,0.0,
2026-04-19T21:00:00Z,fwd_1h,lightgbm,0.0,
2026-04-19T22:00:00Z,fwd_1h,lightgbm,0.0,
2026-04-19T23:00:00Z,fwd_1h,lightgbm,0.0440521420123209,
2026-04-20T00:00:00Z,fwd_1h,lightgbm,0.0,
2026-04-20T01:00:00Z,fwd_1h,lightgbm,0.0,
2026-04-20T02:00:00Z,fwd_1h,lightgbm,0.0,
2026-04-20T03:00:00Z,fwd_1h,lightgbm,-0.0634056412658684,
2026-04-20T04:00:00Z,fwd_1h,lightgbm,0.0,
2026-04-20T05:00:00Z,fwd_1h,lightgbm,0.0,
2026-04-20T06:00:00Z,fwd_1h,lightgbm,0.0,
2026-04-20T07:00:00Z,fwd_1h,lightgbm,0.0431657960367666,
2026-04-20T08:00:00Z,fwd_1h,lightgbm,0.0,
2026-04-20T09:00:00Z,fwd_1h,lightgbm,0.0,
2026-04-20T10:00:00Z,fwd_1h,lightgbm,0.0,
2026-04-20T11:00:00Z,fwd_1h,lightgbm,0.067601680045592,
2026-04-20T12:00:00Z,fwd_1h,lightgbm,0.0,
2026-04-20T13:00:00Z,fwd_1h,lightgbm,0.0,
2026-04-20T14:00:00Z,fwd_1h,lightgbm,0.0,-0.0035828342000452486
2026-04-20T15:00:00Z,fwd_1h,lightgbm,-0.027940632156484,0.010747073321838564
2026-04-20T16:00:00Z,fwd_1h,lightgbm,0.0,-0.0070238866085078405
2026-04-20T17:00:00Z,fwd_1h,lightgbm,0.0,0.0048308642726859734
2026-04-20T18:00:00Z,fwd_1h,lightgbm,0.0,0.001090748054566278
2026-04-20T19:00:00Z,fwd_1h,lightgbm,0.0423732598578165,0.006156279561454791
2026-04-20T20:00:00Z,fwd_1h,lightgbm,0.0,-0.011012537222286834
2026-04-20T21:00:00Z,fwd_1h,lightgbm,0.0,-0.015738449149101563
2026-04-20T22:00:00Z,fwd_1h,lightgbm,0.0,0.0017045663670560804
2026-04-20T23:00:00Z,fwd_1h,lightgbm,-0.067770203651209,-0.013456476113186547
2026-04-21T00:00:00Z,fwd_1h,lightgbm,0.0,-0.0060134016727581684
2026-04-21T01:00:00Z,fwd_1h,lightgbm,0.0,0.0013553693965790085
2026-04-21T02:00:00Z,fwd_1h,lightgbm,0.0,-0.005406372520495256
2026-04-21T03:00:00Z,fwd_1h,lightgbm,-0.032154581168123,-0.005244455610515017
2026-04-21T04:00:00Z,fwd_1h,lightgbm,0.0,0.002473662951475078
2026-04-21T05:00:00Z,fwd_1h,lightgbm,0.0,-0.012226668991892453
2026-04-21T06:00:00Z,fwd_1h,lightgbm,0.0,0.01489641527783461
2026-04-21T07:00:00Z,fwd_1h,lightgbm,0.0842983081860269,-0.007753655351937188
2026-04-21T08:00:00Z,fwd_1h,lightgbm,0.0,0.008625783606980283
2026-04-21T09:00:00Z,fwd_1h,lightgbm,0.0,-0.006700552850585673
2026-04-21T10:00:00Z,fwd_1h,lightgbm,0.0,-0.03428163557815941
2026-04-21T11:00:00Z,fwd_1h,lightgbm,0.0420696095745838,0.002311425043527092
2026-04-21T12:00:00Z,fwd_1h,lightgbm,0.0,-0.017500326595456975
2026-04-21T13:00:00Z,fwd_1h,lightgbm,0.0,-0.014033718168050848
2026-04-21T14:00:00Z,fwd_1h,lightgbm,0.0,-0.011905551682415009
2026-04-21T15:00:00Z,fwd_1h,lightgbm,-0.0568021174587255,-0.011365070629191456
2026-04-21T16:00:00Z,fwd_1h,lightgbm,0.0,-0.013300698562756749
2026-04-21T17:00:00Z,fwd_1h,lightgbm,0.0,0.0006353200249470778
2026-04-21T18:00:00Z,fwd_1h,lightgbm,0.0,-0.018833620832159746
2026-04-21T19:00:00Z,fwd_1h,lightgbm,0.0335980215754752,-0.019986182838767737
2026-04-21T20:00:00Z,fwd_1h,lightgbm,0.0,-0.004926540898816257
2026-04-21T21:00:00Z,fwd_1h,lightgbm,0.0,-0.0016422304673106903
2026-04-21T22:00:00Z,fwd_1h,lightgbm,0.0,-0.02610401340014649
2026-04-21T23:00:00Z,fwd_1h,lightgbm,0.0021543668174439,-0.00771050839664935
2026-04-22T00:00:00Z,fwd_1h,lightgbm,0.0,-0.007368440832498456
2026-04-22T01:00:00Z,fwd_1h,lightgbm,0.0,-0.01753647741368807
2026-04-22T02:00:00Z,fwd_1h,lightgbm,0.0,0.006413424955666342
2026-04-22T03:00:00Z,fwd_1h,lightgbm,0.0297230158009194,0.007352621446524144
2026-04-22T04:00:00Z,fwd_1h,lightgbm,0.0,0.005710677510507744
2026-04-22T05:00:00Z,fwd_1h,lightgbm,0.0,-0.015521783646355126
2026-04-22T06:00:00Z,fwd_1h,lightgbm,0.0,-0.020619182733249797
2026-04-22T07:00:00Z,fwd_1h,lightgbm,0.0608476155819288,-0.006158009078754197
2026-04-22T08:00:00Z,fwd_1h,lightgbm,0.0,0.005210951518724835
2026-04-22T09:00:00Z,fwd_1h,lightgbm,0.0,0.0042942949221765475
2026-04-22T10:00:00Z,fwd_1h,lightgbm,0.0257445269048386,0.0010928197768440226
2026-04-22T11:00:00Z,fwd_1h,lightgbm,-0.0070530334729987,-0.005160668273287865
2026-04-22T12:00:00Z,fwd_1h,lightgbm,0.0,0.021726037960224962
2026-04-22T13:00:00Z,fwd_1h,lightgbm,0.0,-0.006526083343045179
2026-04-22T14:00:00Z,fwd_1h,lightgbm,0.0,0.009516867111671037
2026-04-22T15:00:00Z,fwd_1h,lightgbm,0.1325819147095921,-0.006071659034998283
2026-04-22T16:00:00Z,fwd_1h,lightgbm,0.0,-7.19214967993394e-05
2026-04-22T17:00:00Z,fwd_1h,lightgbm,0.0,0.0033380168423467
2026-04-22T18:00:00Z,fwd_1h,lightgbm,0.0,-0.002642671624463869
2026-04-22T19:00:00Z,fwd_1h,lightgbm,-0.0857013765130157,0.000425397639340327
2026-04-22T20:00:00Z,fwd_1h,lightgbm,0.0,-0.019327481682831705
2026-04-22T21:00:00Z,fwd_1h,lightgbm,0.0,0.004440401231311335
2026-04-22T22:00:00Z,fwd_1h,lightgbm,0.0,0.0031926385904045506
2026-04-22T23:00:00Z,fwd_1h,lightgbm,0.0392970850132388,0.002742482956062481
2026-04-23T00:00:00Z,fwd_1h,lightgbm,0.0,-0.011191047593884234
2026-04-23T01:00:00Z,fwd_1h,lightgbm,0.0,0.016706709331439678
2026-04-23T02:00:00Z,fwd_1h,lightgbm,0.0,0.011434164443813307
2026-04-23T03:00:00Z,fwd_1h,lightgbm,-0.0315906345864475,0.0026957086098282645
2026-04-23T04:00:00Z,fwd_1h,lightgbm,0.0,-0.001731807542561184
2026-04-23T05:00:00Z,fwd_1h,lightgbm,0.0,0.00024142924191731394
2026-04-23T06:00:00Z,fwd_1h,lightgbm,0.0,0.00850113672721174
2026-04-23T07:00:00Z,fwd_1h,lightgbm,-0.0627434850143782,0.0036274605922528074
2026-04-23T08:00:00Z,fwd_1h,lightgbm,0.0,-0.015468834462814439
2026-04-23T09:00:00Z,fwd_1h,lightgbm,0.0,-0.006548686039810276
2026-04-23T10:00:00Z,fwd_1h,lightgbm,0.0,0.011434164443813307
2026-04-23T11:00:00Z,fwd_1h,lightgbm,0.1181223264681665,0.0019959674783938167
2026-04-23T12:00:00Z,fwd_1h,lightgbm,0.0,-0.001212126777136604
2026-04-23T13:00:00Z,fwd_1h,lightgbm,0.0,-0.008143853866493949
2026-04-23T14:00:00Z,fwd_1h,lightgbm,0.0,0.00485321917672867
2026-04-23T15:00:00Z,fwd_1h,lightgbm,-0.0293263755396362,-0.013976537086044964
2026-04-23T16:00:00Z,fwd_1h,lightgbm,0.0,0.0021715162693586726
2026-04-23T17:00:00Z,fwd_1h,lightgbm,0.0,-0.008672320765746437
2026-04-23T18:00:00Z,fwd_1h,lightgbm,0.0,0.026982468088244376
2026-04-23T19:00:00Z,fwd_1h,lightgbm,-0.0244065913888801,-0.00019487647088497288
2026-04-23T20:00:00Z,fwd_1h,lightgbm,0.0,0.005622188156296341
2026-04-23T21:00:00Z,fwd_1h,lightgbm,0.0,-0.009296288697212005
2026-04-23T22:00:00Z,fwd_1h,lightgbm,0.0,0.015793623339634622
2026-04-23T23:00:00Z,fwd_1h,lightgbm,0.0768536726616908,0.01653377305980278
2026-04-24T00:00:00Z,fwd_1h,lightgbm,0.0,-0.02159141315744814
2026-04-24T01:00:00Z,fwd_1h,lightgbm,0.0,0.005329073085774854
2026-04-24T02:00:00Z,fwd_1h,lightgbm,0.0,-0.015700636794623725
2026-04-24T03:00:00Z,fwd_1h,lightgbm,-0.0503907549855541,0.023787197792762817
2026-04-24T04:00:00Z,fwd_1h,lightgbm,0.0,0.02147646652459496
2026-04-24T05:00:00Z,fwd_1h,lightgbm,0.0,-0.005521168998875011
2026-04-24T06:00:00Z,fwd_1h,lightgbm,0.0,0.003297016950856143
2026-04-24T07:00:00Z,fwd_1h,lightgbm,0.0392756325062362,0.017156634886747176
2026-04-24T08:00:00Z,fwd_1h,lightgbm,0.0,0.010754074949999153
2026-04-24T09:00:00Z,fwd_1h,lightgbm,0.0,0.015109181701393373
2026-04-24T10:00:00Z,fwd_1h,lightgbm,0.0,0.010164582753322222
2026-04-24T11:00:00Z,fwd_1h,lightgbm,0.1948771247073424,-0.0024574965871418946
2026-04-24T12:00:00Z,fwd_1h,lightgbm,-0.0168459672156359,0.018966126026186476
2026-04-24T13:00:00Z,fwd_1h,lightgbm,0.0334773740061078,-0.004810687044009942
2026-04-24T14:00:00Z,fwd_1h,lightgbm,0.0634912078935259,0.011009606302535762
2026-04-24T15:00:00Z,fwd_1h,lightgbm,-0.0363102514419021,0.020530743788213054
2026-04-24T16:00:00Z,fwd_1h,lightgbm,0.1004066458993127,-0.004490878637730611
2026-04-24T17:00:00Z,fwd_1h,lightgbm,0.0013801147309246,0.011171012658230998
2026-04-24T18:00:00Z,fwd_1h,lightgbm,-0.0161638873838674,0.006819210367377891
2026-04-24T19:00:00Z,fwd_1h,lightgbm,0.1523303534172013,0.0035734248998952473
2026-04-24T20:00:00Z,fwd_1h,lightgbm,-0.0630691443440825,0.008745325082223457
2026-04-24T21:00:00Z,fwd_1h,lightgbm,0.0028423098987744,-0.004881624634733728
2026-04-24T22:00:00Z,fwd_1h,lightgbm,-0.077559640143468,-0.03353012935092596
2026-04-24T23:00:00Z,fwd_1h,lightgbm,-0.0190328396838526,-0.004376722852472842
2026-04-25T00:00:00Z,fwd_1h,lightgbm,-0.0126543364441328,-0.013460106972582521
2026-04-25T01:00:00Z,fwd_1h,lightgbm,-0.0188438220173253,0.012764165903019832
2026-04-25T02:00:00Z,fwd_1h,lightgbm,0.0125756547675894,0.0022278670931303902
2026-04-25T03:00:00Z,fwd_1h,lightgbm,-0.0106413109923461,0.0016947733758722202
2026-04-25T04:00:00Z,fwd_1h,lightgbm,-0.0326670318842022,-0.014002464443117911
2026-04-25T05:00:00Z,fwd_1h,lightgbm,0.0260511866482604,-0.013133440635215925
2026-04-25T06:00:00Z,fwd_1h,lightgbm,-0.0171006508419994,-0.008149239994759987
2026-04-25T07:00:00Z,fwd_1h,lightgbm,0.014799842697321,0.011033114590481419
2026-04-25T08:00:00Z,fwd_1h,lightgbm,0.0001389517741416,-0.008498808087103163
2026-04-25T09:00:00Z,fwd_1h,lightgbm,0.0221105581862315,-0.009991399842208131
2026-04-25T10:00:00Z,fwd_1h,lightgbm,0.0086424897451706,0.0052946476567422695
2026-04-25T11:00:00Z,fwd_1h,lightgbm,0.024159336049033,0.02038584483550098
2026-04-25T12:00:00Z,fwd_1h,lightgbm,0.0033742980875024,0.011117795153760003
2026-04-25T13:00:00Z,fwd_1h,lightgbm,-0.0013411208416627,0.011728672132948358
2026-04-25T14:00:00Z,fwd_1h,lightgbm,0.0693737015306885,0.004939712135872118
2026-04-25T15:00:00Z,fwd_1h,lightgbm,0.0036853583274654,0.017751654070436895
2026-04-25T16:00:00Z,fwd_1h,lightgbm,-0.0204463451176127,0.006635781158525972
2026-04-25T17:00:00Z,fwd_1h,lightgbm,0.0684640972882244,0.025221727325817473
2026-04-25T18:00:00Z,fwd_1h,lightgbm,0.0022797662096905,0.012870984258387601
2026-04-25T19:00:00Z,fwd_1h,lightgbm,-0.0135582301935698,0.002380757281989572
2026-04-25T20:00:00Z,fwd_1h,lightgbm,0.034264967918701,-0.031244164426605513
2026-04-25T21:00:00Z,fwd_1h,lightgbm,0.0177846433542243,0.013149525157770264
2026-04-25T22:00:00Z,fwd_1h,lightgbm,-0.0270407459540049,0.002919967210152829
2026-04-25T23:00:00Z,fwd_1h,lightgbm,-0.0173221492589453,-0.010563166519166903
2026-04-26T00:00:00Z,fwd_1h,lightgbm,0.0127033404386227,-0.01579963647957873
2026-04-26T01:00:00Z,fwd_1h,lightgbm,-0.0210032510368461,0.0009126502010847668
2026-04-26T02:00:00Z,fwd_1h,lightgbm,0.007291955584181,-0.0044008763081321905
2026-04-26T03:00:00Z,fwd_1h,lightgbm,-0.0188882704640339,-0.010776118493484393
2026-04-26T04:00:00Z,fwd_1h,lightgbm,0.0141813858689812,-0.008022754822804515
2026-04-26T05:00:00Z,fwd_1h,lightgbm,-0.0012875225496077,-0.0031788571135238208
2026-04-26T06:00:00Z,fwd_1h,lightgbm,-0.0144015151535282,-0.004613917891723323
2026-04-26T07:00:00Z,fwd_1h,lightgbm,-0.0101916150277057,-0.0009182064796223537
2026-04-26T08:00:00Z,fwd_1h,lightgbm,0.0114774428821773,-0.0003319013154788495
2026-04-26T09:00:00Z,fwd_1h,lightgbm,0.0089977338209066,0.025966201639212375
2026-04-26T10:00:00Z,fwd_1h,lightgbm,-0.0121436580812963,0.017587731229568193
2026-04-26T11:00:00Z,fwd_1h,lightgbm,0.010423689712153,-0.003258562122708512
2026-04-26T12:00:00Z,fwd_1h,lightgbm,0.0181785400733158,-0.014081217717037332
2026-04-26T13:00:00Z,fwd_1h,lightgbm,-0.0283398656118801,0.025492206070632878
2026-04-26T14:00:00Z,fwd_1h,lightgbm,-0.0017265546389304,-0.02102890568196003
2026-04-26T15:00:00Z,fwd_1h,lightgbm,-0.1160335182179703,0.005655517306297257
2026-04-26T16:00:00Z,fwd_1h,lightgbm,0.0287253453354776,0.002350774798499804
2026-04-26T17:00:00Z,fwd_1h,lightgbm,-0.012866952695814,0.011797233584478295
2026-04-26T18:00:00Z,fwd_1h,lightgbm,0.0130161302713989,0.007971525023684645
2026-04-26T19:00:00Z,fwd_1h,lightgbm,0.0871413718812139,-0.015030805217774444
2026-04-26T20:00:00Z,fwd_1h,lightgbm,-0.0315662946670057,0.0018254311125210792
2026-04-26T21:00:00Z,fwd_1h,lightgbm,0.024724069260549,-0.03909272129107248
2026-04-26T22:00:00Z,fwd_1h,lightgbm,0.0252179090905817,-0.011536100902608098
2026-04-26T23:00:00Z,fwd_1h,lightgbm,0.0354936519226647,-0.0019441523169583031
2026-04-27T00:00:00Z,fwd_1h,lightgbm,0.0061302048146334,0.005985094385435003
2026-04-27T01:00:00Z,fwd_1h,lightgbm,-0.0039175602697583,0.019107207889335804
2026-04-27T02:00:00Z,fwd_1h,lightgbm,-0.0087613349398963,0.01271797325762469
2026-04-27T03:00:00Z,fwd_1h,lightgbm,0.0250743735271097,-0.0017421722840806014
2026-04-27T04:00:00Z,fwd_1h,lightgbm,-0.0359151653134391,0.015862755225793
2026-04-27T05:00:00Z,fwd_1h,lightgbm,-0.0081708558745128,0.012254430444898979
2026-04-27T06:00:00Z,fwd_1h,lightgbm,0.0016672082636612,-0.003237943303410676
2026-04-27T07:00:00Z,fwd_1h,lightgbm,0.0059608804955026,0.020223900452291138
2026-04-27T08:00:00Z,fwd_1h,lightgbm,-0.0250288043617326,0.01349196699982039
2026-04-27T09:00:00Z,fwd_1h,lightgbm,-0.0432872942563702,0.02634609406786817
2026-04-27T10:00:00Z,fwd_1h,lightgbm,-0.025649843917764,0.03320226677992185
2026-04-27T11:00:00Z,fwd_1h,lightgbm,0.0106157139763423,-0.004911265202383164
2026-04-27T12:00:00Z,fwd_1h,lightgbm,0.0166587385194845,0.014546521364824903
2026-04-27T13:00:00Z,fwd_1h,lightgbm,0.0036598154001026,0.008394665915152907
2026-04-27T14:00:00Z,fwd_1h,lightgbm,-0.0695730434466027,0.010527694706335005
2026-04-27T15:00:00Z,fwd_1h,lightgbm,-0.0221776806709377,-0.004764257512825106
2026-04-27T16:00:00Z,fwd_1h,lightgbm,-0.1047209431862109,0.023381794858268596
2026-04-27T17:00:00Z,fwd_1h,lightgbm,0.0272860765027487,-0.012226399183712936
2026-04-27T18:00:00Z,fwd_1h,lightgbm,-0.0147785190998106,-0.003657521083515111
2026-04-27T19:00:00Z,fwd_1h,lightgbm,0.0145876295904192,0.013560752168261782
2026-04-27T20:00:00Z,fwd_1h,lightgbm,-0.0214499662228944,0.003664399288650796
2026-04-27T21:00:00Z,fwd_1h,lightgbm,0.0061897525262688,-0.0009085762728803491
2026-04-27T22:00:00Z,fwd_1h,lightgbm,0.0045780536695716,0.002640404437071032
2026-04-27T23:00:00Z,fwd_1h,lightgbm,0.0598919073034995,-0.0036922108261037336
2026-04-28T00:00:00Z,fwd_1h,lightgbm,0.008928646093818,-0.0018450761121400138
2026-04-28T01:00:00Z,fwd_1h,lightgbm,-0.0242150293142057,0.018696887324070013
2026-04-28T02:00:00Z,fwd_1h,lightgbm,0.0207430787555873,0.02606097826774574
2026-04-28T03:00:00Z,fwd_1h,lightgbm,-0.0010629871739759,0.013143791249720302
2026-04-28T04:00:00Z,fwd_1h,lightgbm,-0.0059171872954493,0.010141838272267438
2026-04-28T05:00:00Z,fwd_1h,lightgbm,-0.0618168991168307,-0.007760600628115568
2026-04-28T06:00:00Z,fwd_1h,lightgbm,-0.0441739564057849,0.003878880890676838
2026-04-28T07:00:00Z,fwd_1h,lightgbm,0.0046315465788835,0.00914857138480331
2026-04-28T08:00:00Z,fwd_1h,lightgbm,0.0,0.01955296813375464
2026-04-28T09:00:00Z,fwd_1h,lightgbm,0.0,0.01570369768270863
2026-04-28T10:00:00Z,fwd_1h,lightgbm,0.0,0.02881469515556089
2026-04-28T11:00:00Z,fwd_1h,lightgbm,0.004918587451135,0.012309760193197967
2026-04-28T12:00:00Z,fwd_1h,lightgbm,0.0,-0.01255688946070507
2026-04-28T13:00:00Z,fwd_1h,lightgbm,0.0,0.016287909321858102
2026-04-28T14:00:00Z,fwd_1h,lightgbm,0.0,-0.02523142475935438
2026-04-28T15:00:00Z,fwd_1h,lightgbm,-0.0175620108356487,0.01252783072906386
2026-04-28T16:00:00Z,fwd_1h,lightgbm,0.0,0.03689344434176073
2026-04-28T17:00:00Z,fwd_1h,lightgbm,0.0,0.019360816898343416
2026-04-28T18:00:00Z,fwd_1h,lightgbm,0.0,0.009694651905562929
2026-04-28T19:00:00Z,fwd_1h,lightgbm,-0.054004495341984,-0.0020828730846414218
2026-04-28T20:00:00Z,fwd_1h,lightgbm,0.0,-0.006727691426185067
2026-04-28T21:00:00Z,fwd_1h,lightgbm,0.0,-0.0032007686939996695
2026-04-28T22:00:00Z,fwd_1h,lightgbm,0.0,-0.014736935615006566
2026-04-28T23:00:00Z,fwd_1h,lightgbm,0.0113500992295214,-0.0009735914069153502
2026-04-29T00:00:00Z,fwd_1h,lightgbm,0.0,0.0022203348775387943
2026-04-29T01:00:00Z,fwd_1h,lightgbm,0.0,0.022928701451150384
2026-04-29T02:00:00Z,fwd_1h,lightgbm,0.0,0.02072559814288699
2026-04-29T03:00:00Z,fwd_1h,lightgbm,0.162300713641978,0.01109039634384551
2026-04-29T04:00:00Z,fwd_1h,lightgbm,-0.0049939118313393,0.004611786957152656
2026-04-29T05:00:00Z,fwd_1h,lightgbm,0.0094446336839704,0.009880428773982396
2026-04-29T06:00:00Z,fwd_1h,lightgbm,-0.0374321374089383,-0.0012993234446880258
2026-04-29T07:00:00Z,fwd_1h,lightgbm,-0.0031723637785558,0.023058790751194318
2026-04-29T08:00:00Z,fwd_1h,lightgbm,0.0409487630898082,0.009464164911393892
2026-04-29T09:00:00Z,fwd_1h,lightgbm,-0.0034555890537273,-0.011844840572547078
2026-04-29T10:00:00Z,fwd_1h,lightgbm,-0.0268004898775343,0.0008924007907321824
2026-04-29T11:00:00Z,fwd_1h,lightgbm,-0.0573225835244927,0.0224134596573131
2026-04-29T12:00:00Z,fwd_1h,lightgbm,0.0,0.007803375737584497
2026-04-29T13:00:00Z,fwd_1h,lightgbm,0.0,0.004318628132568185
2026-04-29T14:00:00Z,fwd_1h,lightgbm,0.0,0.008826908329302927
2026-04-29T15:00:00Z,fwd_1h,lightgbm,0.0086652107630751,0.0193098390189525
2026-04-29T16:00:00Z,fwd_1h,lightgbm,0.0,0.004632707936526215
2026-04-29T17:00:00Z,fwd_1h,lightgbm,0.0,-0.007934072555023312
2026-04-29T18:00:00Z,fwd_1h,lightgbm,0.0,0.019456989639678263
2026-04-29T19:00:00Z,fwd_1h,lightgbm,-0.1295525398295541,-0.013165451102702615
2026-04-29T20:00:00Z,fwd_1h,lightgbm,0.0,0.021073099594002363
2026-04-29T21:00:00Z,fwd_1h,lightgbm,0.0,0.00017351363640950537
2026-04-29T22:00:00Z,fwd_1h,lightgbm,0.0,0.005308931693543586
2026-04-29T23:00:00Z,fwd_1h,lightgbm,0.2050539018586472,-0.012024748868949879
2026-04-30T00:00:00Z,fwd_1h,lightgbm,0.0095525601215706,0.014679494515109423
2026-04-30T01:00:00Z,fwd_1h,lightgbm,-0.0209513245480971,0.016894110656496496
2026-04-30T02:00:00Z,fwd_1h,lightgbm,-0.0631608576000531,0.02299155670172609
2026-04-30T03:00:00Z,fwd_1h,lightgbm,-0.0352464166464763,0.008231449796055997
2026-04-30T04:00:00Z,fwd_1h,lightgbm,0.0,0.009625958119327798
2026-04-30T05:00:00Z,fwd_1h,lightgbm,0.0,0.03633386129152066
2026-04-30T06:00:00Z,fwd_1h,lightgbm,0.0,-0.021564046939263733
2026-04-30T07:00:00Z,fwd_1h,lightgbm,0.0421238387408229,0.009978566367222868
2026-04-30T08:00:00Z,fwd_1h,lightgbm,0.0,-0.00601066608181419
2026-04-30T09:00:00Z,fwd_1h,lightgbm,0.0,0.009018950428342176
2026-04-30T10:00:00Z,fwd_1h,lightgbm,0.0,0.008092980806581353
2026-04-30T11:00:00Z,fwd_1h,lightgbm,0.0005749874871705,0.01904309693607157
2026-04-30T12:00:00Z,fwd_1h,lightgbm,0.0,0.011683614490247884
2026-04-30T13:00:00Z,fwd_1h,lightgbm,0.0,0.0021193362145571237
2026-04-30T14:00:00Z,fwd_1h,lightgbm,0.0,0.027856465606684446
2026-04-30T15:00:00Z,fwd_1h,lightgbm,0.0328435841023473,0.004044739622522044
2026-04-30T16:00:00Z,fwd_1h,lightgbm,0.0,-0.00274896177613774
2026-04-30T17:00:00Z,fwd_1h,lightgbm,0.0,0.005865758507424351
2026-04-30T18:00:00Z,fwd_1h,lightgbm,0.0,0.0021808754737904675
2026-04-30T19:00:00Z,fwd_1h,lightgbm,0.0485939537825712,-0.009128421854602803
2026-04-30T20:00:00Z,fwd_1h,lightgbm,-0.0028814419856771,-0.009966519040074413
2026-04-30T21:00:00Z,fwd_1h,lightgbm,0.0207238606521849,-0.007609284841167449
2026-04-30T22:00:00Z,fwd_1h,lightgbm,0.0121732440446042,-0.004081992034086858
2026-04-30T23:00:00Z,fwd_1h,lightgbm,-0.0036169451947833,0.0060579223409326435
2026-05-01T00:00:00Z,fwd_1h,lightgbm,0.0016278016243564,-0.01118423931815475
2026-05-01T01:00:00Z,fwd_1h,lightgbm,0.0238404515117536,-0.012632161914862607
2026-05-01T02:00:00Z,fwd_1h,lightgbm,0.0392211337781442,0.004566495899072435
2026-05-01T03:00:00Z,fwd_1h,lightgbm,0.0199425901645853,0.001205395125759024
2026-05-01T04:00:00Z,fwd_1h,lightgbm,0.0485581443360234,-0.007914868868683162
2026-05-01T05:00:00Z,fwd_1h,lightgbm,-0.0217308992115401,-0.009991324346720223
2026-05-01T06:00:00Z,fwd_1h,lightgbm,-0.0137023467331637,0.013217461344353839
2026-05-01T07:00:00Z,fwd_1h,lightgbm,0.0883525775512998,-0.02003338807233918
2026-05-01T08:00:00Z,fwd_1h,lightgbm,-0.059592802569374,0.010604288945676124
2026-05-01T09:00:00Z,fwd_1h,lightgbm,-0.0247994903299609,-0.006278488871272235
2026-05-01T10:00:00Z,fwd_1h,lightgbm,-0.0100097116765605,-0.0033862165033018156
2026-05-01T11:00:00Z,fwd_1h,lightgbm,0.0266333926335804,-0.017616307684014895
2026-05-01T12:00:00Z,fwd_1h,lightgbm,0.0106300835154335,-0.00992149459038881
2026-05-01T13:00:00Z,fwd_1h,lightgbm,-0.0020365623567455,0.015549507865415174
2026-05-01T14:00:00Z,fwd_1h,lightgbm,-0.0229739638446104,0.0062384657493043385
2026-05-01T15:00:00Z,fwd_1h,lightgbm,-0.0016003952420131,0.007106104233289252
2026-05-01T16:00:00Z,fwd_1h,lightgbm,0.0309398264686027,0.007766242243528829
2026-05-01T17:00:00Z,fwd_1h,lightgbm,0.0269465663880574,0.007856030900046922
2026-05-01T18:00:00Z,fwd_1h,lightgbm,-0.0423959855875897,0.0028601133336382295
2026-05-01T19:00:00Z,fwd_1h,lightgbm,-0.0244217594966044,-0.00038400983615303314
2026-05-01T20:00:00Z,fwd_1h,lightgbm,0.0385214177514774,-0.008841866409279971
2026-05-01T21:00:00Z,fwd_1h,lightgbm,-0.0179412821560878,0.010891161959204306
2026-05-01T22:00:00Z,fwd_1h,lightgbm,0.0170944737204348,0.01430758422598939
2026-05-01T23:00:00Z,fwd_1h,lightgbm,0.0355812875192835,0.023383067199987114
2026-05-02T00:00:00Z,fwd_1h,lightgbm,-0.0821025594486696,0.00013746415355313902
2026-05-02T01:00:00Z,fwd_1h,lightgbm,0.0051200724769073,0.015014711163796424
2026-05-02T02:00:00Z,fwd_1h,lightgbm,-0.0047843738787659,-0.002062319075986635
2026-05-02T03:00:00Z,fwd_1h,lightgbm,-0.0534031995068412,0.007187320664545004
2026-05-02T04:00:00Z,fwd_1h,lightgbm,0.0088200389775889,0.011897414892303879
2026-05-02T05:00:00Z,fwd_1h,lightgbm,-0.0052540131337788,-0.008919968887745511
2026-05-02T06:00:00Z,fwd_1h,lightgbm,0.0319642257898555,-0.009866109063555466
2026-05-02T07:00:00Z,fwd_1h,lightgbm,0.0041124863174308,-0.005852178849716631
2026-05-02T08:00:00Z,fwd_1h,lightgbm,0.0157040312337164,-0.0068481540659975255
2026-05-02T09:00:00Z,fwd_1h,lightgbm,0.0150070390266257,-0.006466253351138815
2026-05-02T10:00:00Z,fwd_1h,lightgbm,-0.0275821509323014,-0.005450190217594739
2026-05-02T11:00:00Z,fwd_1h,lightgbm,0.0002726167169719,-0.0010389159452752579
2026-05-02T12:00:00Z,fwd_1h,lightgbm,0.0121713500714761,0.008615095722722154
2026-05-02T13:00:00Z,fwd_1h,lightgbm,0.0146568456972167,-0.0032172811784567422
2026-05-02T14:00:00Z,fwd_1h,lightgbm,0.0026757910279346,-0.006952319891643477
2026-05-02T15:00:00Z,fwd_1h,lightgbm,0.029810146571078,0.009883405558070988
2026-05-02T16:00:00Z,fwd_1h,lightgbm,-0.0055262710903201,0.008926332332266548
2026-05-02T17:00:00Z,fwd_1h,lightgbm,-0.0167370722434611,0.0040670740564654854
2026-05-02T18:00:00Z,fwd_1h,lightgbm,-0.0050203323150134,0.008629639075130716
2026-05-02T19:00:00Z,fwd_1h,lightgbm,0.0078730565918971,0.005274935411059631
2026-05-02T20:00:00Z,fwd_1h,lightgbm,-0.0097393494814239,0.01746105081379339
2026-05-02T21:00:00Z,fwd_1h,lightgbm,-0.0170259109478909,0.00596058679674846
2026-05-02T22:00:00Z,fwd_1h,lightgbm,0.0009461422532992,-0.005875520111454579
2026-05-02T23:00:00Z,fwd_1h,lightgbm,0.0151021271506439,-0.006827701912119059
2026-05-03T00:00:00Z,fwd_1h,lightgbm,-0.0122605340268105,-7.227420760144137e-05
2026-05-03T01:00:00Z,fwd_1h,lightgbm,0.0239634274602145,0.0042121416658716495
2026-05-03T02:00:00Z,fwd_1h,lightgbm,0.0066761657998595,0.0025533884709166613
2026-05-03T03:00:00Z,fwd_1h,lightgbm,-0.0362918336368066,-0.00010957502354375216
2026-05-03T04:00:00Z,fwd_1h,lightgbm,-0.0239193471126758,-0.011501204543385901
2026-05-03T05:00:00Z,fwd_1h,lightgbm,0.0015563681325887,-0.012696941851362144
2026-05-03T06:00:00Z,fwd_1h,lightgbm,-0.0039015629956715,-0.006447719844778048
2026-05-03T07:00:00Z,fwd_1h,lightgbm,0.0040559560540398,0.012196837444212561
2026-05-03T08:00:00Z,fwd_1h,lightgbm,0.0221757078647293,0.006565834434500118
2026-05-03T09:00:00Z,fwd_1h,lightgbm,-0.0206047626324735,-0.009778105318855606
2026-05-03T10:00:00Z,fwd_1h,lightgbm,0.0018010774826482,-0.004194296805319859
2026-05-03T11:00:00Z,fwd_1h,lightgbm,-0.0149614130128866,-0.02972514102941542
2026-05-03T12:00:00Z,fwd_1h,lightgbm,0.0034249027948314,0.007668964681758739
2026-05-03T13:00:00Z,fwd_1h,lightgbm,-0.0073073467532468,-0.0016593631702395359
2026-05-03T14:00:00Z,fwd_1h,lightgbm,-0.0808799303006304,-0.015123195105280849
2026-05-03T15:00:00Z,fwd_1h,lightgbm,-0.0302771039476125,-0.01243509774757494
2026-05-03T16:00:00Z,fwd_1h,lightgbm,0.0,0.03031578222365053
2026-05-03T17:00:00Z,fwd_1h,lightgbm,0.0,-0.0021027975169433566
2026-05-03T18:00:00Z,fwd_1h,lightgbm,0.0,0.00356073292773004
2026-05-03T19:00:00Z,fwd_1h,lightgbm,0.0077307316110635,-0.009517936947584888
2026-05-03T20:00:00Z,fwd_1h,lightgbm,0.0,-0.014797486247528595
2026-05-03T21:00:00Z,fwd_1h,lightgbm,0.0,0.0010279800990968617
2026-05-03T22:00:00Z,fwd_1h,lightgbm,0.0,0.012151354868011537
2026-05-03T23:00:00Z,fwd_1h,lightgbm,0.021560458840607,0.0010279800990968617
2026-05-04T00:00:00Z,fwd_1h,lightgbm,-0.0121703466576416,-0.002039794184201728
2026-05-04T01:00:00Z,fwd_1h,lightgbm,0.0,0.0037035841325299607
2026-05-04T02:00:00Z,fwd_1h,lightgbm,0.0,0.012577193245028363
2026-05-04T03:00:00Z,fwd_1h,lightgbm,0.0832607411083741,0.004850310428427968
2026-05-04T04:00:00Z,fwd_1h,lightgbm,-0.0014825361622523,0.006688427367262495
2026-05-04T05:00:00Z,fwd_1h,lightgbm,0.0124432544682364,0.015619790751284137
2026-05-04T06:00:00Z,fwd_1h,lightgbm,-0.0053610989853806,0.01252162280808876
2026-05-04T07:00:00Z,fwd_1h,lightgbm,0.0010997223772992,0.0015430316533537798
2026-05-04T08:00:00Z,fwd_1h,lightgbm,-0.013451224366714,-0.004442610545478923
2026-05-04T09:00:00Z,fwd_1h,lightgbm,-0.0344324410600999,-0.0020289463439170387
2026-05-04T10:00:00Z,fwd_1h,lightgbm,-0.0763668324262594,0.007020163703098254
2026-05-04T11:00:00Z,fwd_1h,lightgbm,0.0408050188653095,-0.008337038930077407
2026-05-04T12:00:00Z,fwd_1h,lightgbm,0.0,-0.011159828197951792
2026-05-04T13:00:00Z,fwd_1h,lightgbm,0.0,0.006681728249145654
2026-05-04T14:00:00Z,fwd_1h,lightgbm,0.0,-0.0011050526725527167
2026-05-04T15:00:00Z,fwd_1h,lightgbm,0.0337368700114673,-0.0013485032629147228
2026-05-04T16:00:00Z,fwd_1h,lightgbm,0.0156007831104509,0.01787186561772971
2026-05-04T17:00:00Z,fwd_1h,lightgbm,0.0222600872009768,-0.011875838441291395
2026-05-04T18:00:00Z,fwd_1h,lightgbm,-0.0195219325865697,0.030394267419600902
2026-05-04T19:00:00Z,fwd_1h,lightgbm,-0.0154739753617759,-0.020156958143276144
2026-05-04T20:00:00Z,fwd_1h,lightgbm,0.0092411567141363,0.005182441126150644
2026-05-04T21:00:00Z,fwd_1h,lightgbm,0.086656995977262,-0.002493521855742902
2026-05-04T22:00:00Z,fwd_1h,lightgbm,-0.0149771188272905,0.038302239928843726
2026-05-04T23:00:00Z,fwd_1h,lightgbm,-0.0378330891157746,0.010122630375750856
2026-05-05T00:00:00Z,fwd_1h,lightgbm,0.0153970975096218,0.015228942336866374
2026-05-05T01:00:00Z,fwd_1h,lightgbm,-0.0063474903534593,0.006422738155557499
2026-05-05T02:00:00Z,fwd_1h,lightgbm,0.0216037944128586,0.0054168630648484825
2026-05-05T03:00:00Z,fwd_1h,lightgbm,0.0263695567159507,-0.00020493163993896932
2026-05-05T04:00:00Z,fwd_1h,lightgbm,-0.0090513217981738,-0.020454350687076434
2026-05-05T05:00:00Z,fwd_1h,lightgbm,0.0190318262941115,0.015770347809146868
2026-05-05T06:00:00Z,fwd_1h,lightgbm,-0.0107522388646817,0.003857879887409305
2026-05-05T07:00:00Z,fwd_1h,lightgbm,-0.0033155992647794,-0.0019936139536599774
2026-05-05T08:00:00Z,fwd_1h,lightgbm,-0.023292696355497,0.013611616874965406
2026-05-05T09:00:00Z,fwd_1h,lightgbm,0.0563436787298279,0.017150486191217288
2026-05-05T10:00:00Z,fwd_1h,lightgbm,-0.0033555212629712,0.02660257175045059
2026-05-05T11:00:00Z,fwd_1h,lightgbm,0.0967431402360321,-0.007201787955112456
2026-05-05T12:00:00Z,fwd_1h,lightgbm,0.0697256263203123,1.656632415566364e-05
2026-05-05T13:00:00Z,fwd_1h,lightgbm,-0.0756135127368082,0.026178033105671607
2026-05-05T14:00:00Z,fwd_1h,lightgbm,0.0204886455704562,0.007759469274928012
2026-05-05T15:00:00Z,fwd_1h,lightgbm,-0.0171115038278019,0.03207335285623837
2026-05-05T16:00:00Z,fwd_1h,lightgbm,0.0185503803955591,-0.0015076227995154852
2026-05-05T17:00:00Z,fwd_1h,lightgbm,0.0192265657614187,-0.0032939840530220445
2026-05-05T18:00:00Z,fwd_1h,lightgbm,-0.0278235603029748,-0.00048313322228888154
2026-05-05T19:00:00Z,fwd_1h,lightgbm,0.0256070591647397,-0.0038856011505945683
2026-05-05T20:00:00Z,fwd_1h,lightgbm,-0.0033586857813809,0.004603513079402162
2026-05-05T21:00:00Z,fwd_1h,lightgbm,-0.0578193286983022,-0.0023836642074740585
2026-05-05T22:00:00Z,fwd_1h,lightgbm,-0.0077499372059259,0.004028482909876791
2026-05-05T23:00:00Z,fwd_1h,lightgbm,-0.000277500263165,-0.008979713922959357
2026-05-06T00:00:00Z,fwd_1h,lightgbm,0.014246862032117,0.0006866735399470756
2026-05-06T01:00:00Z,fwd_1h,lightgbm,-0.0096453115180054,-0.005826329396146903
2026-05-06T02:00:00Z,fwd_1h,lightgbm,0.0047822253131548,0.00210561067233752
2026-05-06T03:00:00Z,fwd_1h,lightgbm,-0.0078080365911141,-0.00017458302235945505
2026-05-06T04:00:00Z,fwd_1h,lightgbm,-0.0002738978243513,-0.005177409399605005
2026-05-06T05:00:00Z,fwd_1h,lightgbm,0.0448220480512386,0.0023766348999574487
2026-05-06T06:00:00Z,fwd_1h,lightgbm,0.1518747065764705,-0.011876967734756756
2026-05-06T07:00:00Z,fwd_1h,lightgbm,-0.095102112414479,0.031359138476072974
2026-05-06T08:00:00Z,fwd_1h,lightgbm,-0.0076697592851083,-0.00874396789294811
2026-05-06T09:00:00Z,fwd_1h,lightgbm,0.0191743195011699,0.0013682760718872896
2026-05-06T10:00:00Z,fwd_1h,lightgbm,0.0541712748771978,-0.026444816264408703
2026-05-06T11:00:00Z,fwd_1h,lightgbm,0.1123206886499692,0.008346357632424117
2026-05-06T12:00:00Z,fwd_1h,lightgbm,-0.0383917953049468,0.03450036597211125
2026-05-06T13:00:00Z,fwd_1h,lightgbm,-0.0313226136024297,0.0038896036545685566
2026-05-06T14:00:00Z,fwd_1h,lightgbm,-0.011585662764879,0.00898683782927186
2026-05-06T15:00:00Z,fwd_1h,lightgbm,-0.0134641548766654,0.0022037514501010986
2026-05-06T16:00:00Z,fwd_1h,lightgbm,0.0227312464792368,0.0022040004568895234
2026-05-06T17:00:00Z,fwd_1h,lightgbm,-0.0120465985904471,-0.013965657539087236
2026-05-06T18:00:00Z,fwd_1h,lightgbm,0.0060844961113466,-0.004512521932314533
2026-05-06T19:00:00Z,fwd_1h,lightgbm,-0.0046759880273342,0.017915855138076132
2026-05-06T20:00:00Z,fwd_1h,lightgbm,0.1822597821494829,0.0020339961302226913
2026-05-06T21:00:00Z,fwd_1h,lightgbm,-0.0759383887371049,-0.006101533785948081
2026-05-06T22:00:00Z,fwd_1h,lightgbm,0.008575128675671,0.016254056146799836
2026-05-06T23:00:00Z,fwd_1h,lightgbm,0.0008930349592299,0.0017166987621214506
2026-05-07T00:00:00Z,fwd_1h,lightgbm,0.042089437960388,-0.004162130105141275
2026-04-17T06:00:00Z,fwd_1h,xgboost,0.0,
2026-04-17T07:00:00Z,fwd_1h,xgboost,-0.0955178845263217,
2026-04-17T08:00:00Z,fwd_1h,xgboost,0.0,
2026-04-17T09:00:00Z,fwd_1h,xgboost,0.0,
2026-04-17T10:00:00Z,fwd_1h,xgboost,0.0,
2026-04-17T11:00:00Z,fwd_1h,xgboost,0.0264294896106698,
2026-04-17T12:00:00Z,fwd_1h,xgboost,0.0,
2026-04-17T13:00:00Z,fwd_1h,xgboost,0.0,
2026-04-17T14:00:00Z,fwd_1h,xgboost,0.0,
2026-04-17T15:00:00Z,fwd_1h,xgboost,0.111656884090084,
2026-04-17T16:00:00Z,fwd_1h,xgboost,0.0,
2026-04-17T17:00:00Z,fwd_1h,xgboost,0.0,
2026-04-17T18:00:00Z,fwd_1h,xgboost,0.0,
2026-04-17T19:00:00Z,fwd_1h,xgboost,-0.0333364930278827,
2026-04-17T20:00:00Z,fwd_1h,xgboost,0.0,
2026-04-17T21:00:00Z,fwd_1h,xgboost,0.0,
2026-04-17T22:00:00Z,fwd_1h,xgboost,0.0,
2026-04-17T23:00:00Z,fwd_1h,xgboost,-0.042006126250267,
2026-04-18T00:00:00Z,fwd_1h,xgboost,0.0,
2026-04-18T01:00:00Z,fwd_1h,xgboost,0.0,
2026-04-18T02:00:00Z,fwd_1h,xgboost,0.0,
2026-04-18T03:00:00Z,fwd_1h,xgboost,-0.0504516634443494,
2026-04-18T04:00:00Z,fwd_1h,xgboost,0.0,
2026-04-18T05:00:00Z,fwd_1h,xgboost,0.0,
2026-04-18T06:00:00Z,fwd_1h,xgboost,0.0,
2026-04-18T07:00:00Z,fwd_1h,xgboost,-0.0321276759024523,
2026-04-18T08:00:00Z,fwd_1h,xgboost,0.0,
2026-04-18T09:00:00Z,fwd_1h,xgboost,0.0,
2026-04-18T10:00:00Z,fwd_1h,xgboost,0.0,
2026-04-18T11:00:00Z,fwd_1h,xgboost,0.0172808764844798,
2026-04-18T12:00:00Z,fwd_1h,xgboost,0.0,
2026-04-18T13:00:00Z,fwd_1h,xgboost,0.0,
2026-04-18T14:00:00Z,fwd_1h,xgboost,0.0,
2026-04-18T15:00:00Z,fwd_1h,xgboost,0.0231544146737576,
2026-04-18T16:00:00Z,fwd_1h,xgboost,0.0,
2026-04-18T17:00:00Z,fwd_1h,xgboost,0.0,
2026-04-18T18:00:00Z,fwd_1h,xgboost,0.0,
2026-04-18T19:00:00Z,fwd_1h,xgboost,-0.1000844810912191,
2026-04-18T20:00:00Z,fwd_1h,xgboost,0.0,
2026-04-18T21:00:00Z,fwd_1h,xgboost,0.0,
2026-04-18T22:00:00Z,fwd_1h,xgboost,0.0,
2026-04-18T23:00:00Z,fwd_1h,xgboost,-0.0737970090528501,
2026-04-19T00:00:00Z,fwd_1h,xgboost,0.0,
2026-04-19T01:00:00Z,fwd_1h,xgboost,0.0,
2026-04-19T02:00:00Z,fwd_1h,xgboost,0.0,
2026-04-19T03:00:00Z,fwd_1h,xgboost,-0.0217638727159802,
2026-04-19T04:00:00Z,fwd_1h,xgboost,0.0,
2026-04-19T05:00:00Z,fwd_1h,xgboost,0.0,
2026-04-19T06:00:00Z,fwd_1h,xgboost,0.0,
2026-04-19T07:00:00Z,fwd_1h,xgboost,0.0474319915411709,
2026-04-19T08:00:00Z,fwd_1h,xgboost,0.0,
2026-04-19T09:00:00Z,fwd_1h,xgboost,0.0,
2026-04-19T10:00:00Z,fwd_1h,xgboost,0.0,
2026-04-19T11:00:00Z,fwd_1h,xgboost,-0.0053770347743699,
2026-04-19T12:00:00Z,fwd_1h,xgboost,0.0,
2026-04-19T13:00:00Z,fwd_1h,xgboost,0.0,
2026-04-19T14:00:00Z,fwd_1h,xgboost,0.0,
2026-04-19T15:00:00Z,fwd_1h,xgboost,0.0047238564559759,
2026-04-19T16:00:00Z,fwd_1h,xgboost,0.0,
2026-04-19T17:00:00Z,fwd_1h,xgboost,0.0,
2026-04-19T18:00:00Z,fwd_1h,xgboost,0.0,
2026-04-19T19:00:00Z,fwd_1h,xgboost,-0.0953798799618788,
2026-04-19T20:00:00Z,fwd_1h,xgboost,0.0,
2026-04-19T21:00:00Z,fwd_1h,xgboost,0.0,
2026-04-19T22:00:00Z,fwd_1h,xgboost,0.0,
2026-04-19T23:00:00Z,fwd_1h,xgboost,0.0440521420123209,
2026-04-20T00:00:00Z,fwd_1h,xgboost,0.0,
2026-04-20T01:00:00Z,fwd_1h,xgboost,0.0,
2026-04-20T02:00:00Z,fwd_1h,xgboost,0.0,
2026-04-20T03:00:00Z,fwd_1h,xgboost,-0.0634056412658684,
2026-04-20T04:00:00Z,fwd_1h,xgboost,0.0,
2026-04-20T05:00:00Z,fwd_1h,xgboost,0.0,
2026-04-20T06:00:00Z,fwd_1h,xgboost,0.0,
2026-04-20T07:00:00Z,fwd_1h,xgboost,0.0431657960367666,
2026-04-20T08:00:00Z,fwd_1h,xgboost,0.0,
2026-04-20T09:00:00Z,fwd_1h,xgboost,0.0,
2026-04-20T10:00:00Z,fwd_1h,xgboost,0.0,
2026-04-20T11:00:00Z,fwd_1h,xgboost,0.067601680045592,
2026-04-20T12:00:00Z,fwd_1h,xgboost,0.0,
2026-04-20T13:00:00Z,fwd_1h,xgboost,0.0,
2026-04-20T14:00:00Z,fwd_1h,xgboost,0.0,-0.001532000140286982
2026-04-20T15:00:00Z,fwd_1h,xgboost,-0.027940632156484,0.0014535154914483428
2026-04-20T16:00:00Z,fwd_1h,xgboost,0.0,0.0020075549837201834
2026-04-20T17:00:00Z,fwd_1h,xgboost,0.0,0.005944764241576195
2026-04-20T18:00:00Z,fwd_1h,xgboost,0.0,-0.0030764471739530563
2026-04-20T19:00:00Z,fwd_1h,xgboost,0.0423732598578165,0.002239649184048176
2026-04-20T20:00:00Z,fwd_1h,xgboost,0.0,-0.01325253490358591
2026-04-20T21:00:00Z,fwd_1h,xgboost,0.0,-0.012728981673717499
2026-04-20T22:00:00Z,fwd_1h,xgboost,0.0,-0.0005284093786031008
2026-04-20T23:00:00Z,fwd_1h,xgboost,-0.067770203651209,-0.019100427627563477
2026-04-21T00:00:00Z,fwd_1h,xgboost,0.0,-0.00750141404569149
2026-04-21T01:00:00Z,fwd_1h,xgboost,0.0,0.0032005466055125
2026-04-21T02:00:00Z,fwd_1h,xgboost,0.0,-0.0056373607367277145
2026-04-21T03:00:00Z,fwd_1h,xgboost,-0.032154581168123,-0.004462339449673891
2026-04-21T04:00:00Z,fwd_1h,xgboost,0.0,0.00520363450050354
2026-04-21T05:00:00Z,fwd_1h,xgboost,0.0,-0.020212724804878235
2026-04-21T06:00:00Z,fwd_1h,xgboost,0.0,0.018463650718331337
2026-04-21T07:00:00Z,fwd_1h,xgboost,0.0842983081860269,-0.008548627607524395
2026-04-21T08:00:00Z,fwd_1h,xgboost,0.0,0.0011963736033067107
2026-04-21T09:00:00Z,fwd_1h,xgboost,0.0,0.0007232733187265694
2026-04-21T10:00:00Z,fwd_1h,xgboost,0.0,-0.03009851649403572
2026-04-21T11:00:00Z,fwd_1h,xgboost,0.0420696095745838,0.0033834318164736032
2026-04-21T12:00:00Z,fwd_1h,xgboost,0.0,-0.011579718440771103
2026-04-21T13:00:00Z,fwd_1h,xgboost,0.0,-0.01531277596950531
2026-04-21T14:00:00Z,fwd_1h,xgboost,0.0,-0.01079945545643568
2026-04-21T15:00:00Z,fwd_1h,xgboost,-0.0568021174587255,-0.010246754623949528
2026-04-21T16:00:00Z,fwd_1h,xgboost,0.0,-0.009273076429963112
2026-04-21T17:00:00Z,fwd_1h,xgboost,0.0,0.004106112755835056
2026-04-21T18:00:00Z,fwd_1h,xgboost,0.0,-0.016135746613144875
2026-04-21T19:00:00Z,fwd_1h,xgboost,0.0335980215754752,-0.009790727868676186
2026-04-21T20:00:00Z,fwd_1h,xgboost,0.0,-0.009666542522609234
2026-04-21T21:00:00Z,fwd_1h,xgboost,0.0,0.00022314353554975241
2026-04-21T22:00:00Z,fwd_1h,xgboost,0.0,-0.024843862280249596
2026-04-21T23:00:00Z,fwd_1h,xgboost,0.0021543668174439,-0.008759022690355778
2026-04-22T00:00:00Z,fwd_1h,xgboost,0.0,-0.004156053066253662
2026-04-22T01:00:00Z,fwd_1h,xgboost,0.0,-0.02200704999268055
2026-04-22T02:00:00Z,fwd_1h,xgboost,0.0,-7.771162927383557e-05
2026-04-22T03:00:00Z,fwd_1h,xgboost,0.0297230158009194,0.006661664694547653
2026-04-22T04:00:00Z,fwd_1h,xgboost,0.0,0.007235747296363115
2026-04-22T05:00:00Z,fwd_1h,xgboost,0.0,-0.016297664493322372
2026-04-22T06:00:00Z,fwd_1h,xgboost,0.0,-0.016350198537111282
2026-04-22T07:00:00Z,fwd_1h,xgboost,0.0608476155819288,-0.00902179442346096
2026-04-22T08:00:00Z,fwd_1h,xgboost,0.0,-0.0024160053580999374
2026-04-22T09:00:00Z,fwd_1h,xgboost,0.0,0.0016048417892307043
2026-04-22T10:00:00Z,fwd_1h,xgboost,0.0257445269048386,0.0005234271520748734
2026-04-22T11:00:00Z,fwd_1h,xgboost,-0.0070530334729987,-0.004833395127207041
2026-04-22T12:00:00Z,fwd_1h,xgboost,0.0,0.02225821651518345
2026-04-22T13:00:00Z,fwd_1h,xgboost,0.0,-0.001877710921689868
2026-04-22T14:00:00Z,fwd_1h,xgboost,0.0,0.006186896935105324
2026-04-22T15:00:00Z,fwd_1h,xgboost,0.1325819147095921,-0.01533486321568489
2026-04-22T16:00:00Z,fwd_1h,xgboost,0.0,-0.012781251221895218
2026-04-22T17:00:00Z,fwd_1h,xgboost,0.0,0.0002963738515973091
2026-04-22T18:00:00Z,fwd_1h,xgboost,0.0,-0.0015494159888476133
2026-04-22T19:00:00Z,fwd_1h,xgboost,-0.0857013765130157,-0.006169046275317669
2026-04-22T20:00:00Z,fwd_1h,xgboost,0.0,-0.016860248520970345
2026-04-22T21:00:00Z,fwd_1h,xgboost,0.0,-0.00265697855502367
2026-04-22T22:00:00Z,fwd_1h,xgboost,0.0,0.0003761249827221036
2026-04-22T23:00:00Z,fwd_1h,xgboost,0.0392970850132388,0.0013250644551590085
2026-04-23T00:00:00Z,fwd_1h,xgboost,0.0,-0.006489576771855354
2026-04-23T01:00:00Z,fwd_1h,xgboost,0.0,0.007996900007128716
2026-04-23T02:00:00Z,fwd_1h,xgboost,0.0,0.004268255550414324
2026-04-23T03:00:00Z,fwd_1h,xgboost,-0.0315906345864475,-0.002637112746015191
2026-04-23T04:00:00Z,fwd_1h,xgboost,0.0,-0.005029543302953243
2026-04-23T05:00:00Z,fwd_1h,xgboost,0.0,0.0015482159797102213
2026-04-23T06:00:00Z,fwd_1h,xgboost,0.0,0.00445053493604064
2026-04-23T07:00:00Z,fwd_1h,xgboost,-0.0627434850143782,0.0019114573951810598
2026-04-23T08:00:00Z,fwd_1h,xgboost,0.0,-0.01103026233613491
2026-04-23T09:00:00Z,fwd_1h,xgboost,0.0,-0.00952567532658577
2026-04-23T10:00:00Z,fwd_1h,xgboost,0.0,0.005077143665403128
2026-04-23T11:00:00Z,fwd_1h,xgboost,0.1181223264681665,0.0017096939263865352
2026-04-23T12:00:00Z,fwd_1h,xgboost,0.0,-0.009825607761740685
2026-04-23T13:00:00Z,fwd_1h,xgboost,0.0,-0.0009687997517175972
2026-04-23T14:00:00Z,fwd_1h,xgboost,0.0,0.0010100994259119034
2026-04-23T15:00:00Z,fwd_1h,xgboost,-0.0293263755396362,-0.0067418296821415424
2026-04-23T16:00:00Z,fwd_1h,xgboost,0.0,0.005983552895486355
2026-04-23T17:00:00Z,fwd_1h,xgboost,0.0,-0.00490141473710537
2026-04-23T18:00:00Z,fwd_1h,xgboost,0.0,0.03130217269062996
2026-04-23T19:00:00Z,fwd_1h,xgboost,-0.0244065913888801,2.17782780964626e-05
2026-04-23T20:00:00Z,fwd_1h,xgboost,0.0,0.007610892411321402
2026-04-23T21:00:00Z,fwd_1h,xgboost,0.0,-0.010917862877249718
2026-04-23T22:00:00Z,fwd_1h,xgboost,0.0,0.008846481330692768
2026-04-23T23:00:00Z,fwd_1h,xgboost,0.0768536726616908,0.008135280571877956
2026-04-24T00:00:00Z,fwd_1h,xgboost,0.0,-0.013690901920199394
2026-04-24T01:00:00Z,fwd_1h,xgboost,0.0,-0.0031151974108070135
2026-04-24T02:00:00Z,fwd_1h,xgboost,0.0,-0.014739527367055416
2026-04-24T03:00:00Z,fwd_1h,xgboost,-0.0503907549855541,0.0165268462151289
2026-04-24T04:00:00Z,fwd_1h,xgboost,0.0,0.0031357272528111935
2026-04-24T05:00:00Z,fwd_1h,xgboost,0.0,-0.0026731835678219795
2026-04-24T06:00:00Z,fwd_1h,xgboost,0.0,-0.001220581354573369
2026-04-24T07:00:00Z,fwd_1h,xgboost,0.0392756325062362,0.014222041703760624
2026-04-24T08:00:00Z,fwd_1h,xgboost,0.0,0.004625238943845034
2026-04-24T09:00:00Z,fwd_1h,xgboost,0.0,0.00785843189805746
2026-04-24T10:00:00Z,fwd_1h,xgboost,0.0,0.009463567286729813
2026-04-24T11:00:00Z,fwd_1h,xgboost,0.1948771247073424,0.010649526491761208
2026-04-24T12:00:00Z,fwd_1h,xgboost,-0.0168459672156359,0.01341483648866415
2026-04-24T13:00:00Z,fwd_1h,xgboost,0.0334773740061078,-0.0013210262404754758
2026-04-24T14:00:00Z,fwd_1h,xgboost,0.0634912078935259,0.010739951394498348
2026-04-24T15:00:00Z,fwd_1h,xgboost,-0.0363102514419021,0.020932970568537712
2026-04-24T16:00:00Z,fwd_1h,xgboost,0.1004066458993127,0.0016842444892972708
2026-04-24T17:00:00Z,fwd_1h,xgboost,0.0013801147309246,0.015649965032935143
2026-04-24T18:00:00Z,fwd_1h,xgboost,-0.0161638873838674,0.010041768662631512
2026-04-24T19:00:00Z,fwd_1h,xgboost,0.1523303534172013,0.004320004489272833
2026-04-24T20:00:00Z,fwd_1h,xgboost,-0.0630691443440825,0.011199453845620155
2026-04-24T21:00:00Z,fwd_1h,xgboost,0.0028423098987744,0.00412980280816555
2026-04-24T22:00:00Z,fwd_1h,xgboost,-0.077559640143468,-0.026808759197592735
2026-04-24T23:00:00Z,fwd_1h,xgboost,-0.0190328396838526,-0.0026340223848819733
2026-04-25T00:00:00Z,fwd_1h,xgboost,-0.0126543364441328,-0.00753195583820343
2026-04-25T01:00:00Z,fwd_1h,xgboost,-0.0188438220173253,0.0012992724077776074
2026-04-25T02:00:00Z,fwd_1h,xgboost,0.0125756547675894,-0.0013810198288410902
2026-04-25T03:00:00Z,fwd_1h,xgboost,-0.0106413109923461,0.006092953961342573
2026-04-25T04:00:00Z,fwd_1h,xgboost,-0.0326670318842022,-0.02153884246945381
2026-04-25T05:00:00Z,fwd_1h,xgboost,0.0260511866482604,-0.01013860385864973
2026-04-25T06:00:00Z,fwd_1h,xgboost,-0.0171006508419994,-0.00859238114207983
2026-04-25T07:00:00Z,fwd_1h,xgboost,0.014799842697321,0.006947905290871859
2026-04-25T08:00:00Z,fwd_1h,xgboost,0.0001389517741416,-0.0062235454097390175
2026-04-25T09:00:00Z,fwd_1h,xgboost,0.0221105581862315,-0.0016568031860515475
2026-04-25T10:00:00Z,fwd_1h,xgboost,0.0086424897451706,0.003593873232603073
2026-04-25T11:00:00Z,fwd_1h,xgboost,0.024159336049033,0.015609255991876125
2026-04-25T12:00:00Z,fwd_1h,xgboost,0.0033742980875024,0.01064895186573267
2026-04-25T13:00:00Z,fwd_1h,xgboost,-0.0013411208416627,0.000372647016774863
2026-04-25T14:00:00Z,fwd_1h,xgboost,0.0693737015306885,0.00543303694576025
2026-04-25T15:00:00Z,fwd_1h,xgboost,0.0036853583274654,0.014962049201130867
2026-04-25T16:00:00Z,fwd_1h,xgboost,-0.0204463451176127,-0.004604765214025974
2026-04-25T17:00:00Z,fwd_1h,xgboost,0.0684640972882244,0.013758434914052486
2026-04-25T18:00:00Z,fwd_1h,xgboost,0.0022797662096905,0.00955282337963581
2026-04-25T19:00:00Z,fwd_1h,xgboost,-0.0135582301935698,0.0031143564265221357
2026-04-25T20:00:00Z,fwd_1h,xgboost,0.034264967918701,-0.026282954961061478
2026-04-25T21:00:00Z,fwd_1h,xgboost,0.0177846433542243,0.01105571910738945
2026-04-25T22:00:00Z,fwd_1h,xgboost,-0.0270407459540049,0.0055755567736923695
2026-04-25T23:00:00Z,fwd_1h,xgboost,-0.0173221492589453,-0.008487699553370476
2026-04-26T00:00:00Z,fwd_1h,xgboost,0.0127033404386227,-0.012702206149697304
2026-04-26T01:00:00Z,fwd_1h,xgboost,-0.0210032510368461,-0.0019744993187487125
2026-04-26T02:00:00Z,fwd_1h,xgboost,0.007291955584181,-0.009905433282256126
2026-04-26T03:00:00Z,fwd_1h,xgboost,-0.0188882704640339,-0.0029071758035570383
2026-04-26T04:00:00Z,fwd_1h,xgboost,0.0141813858689812,-0.005787360947579145
2026-04-26T05:00:00Z,fwd_1h,xgboost,-0.0012875225496077,-0.0023323202040046453
2026-04-26T06:00:00Z,fwd_1h,xgboost,-0.0144015151535282,-0.009993995539844036
2026-04-26T07:00:00Z,fwd_1h,xgboost,-0.0101916150277057,-0.004371716175228357
2026-04-26T08:00:00Z,fwd_1h,xgboost,0.0114774428821773,-0.0031028036028146744
2026-04-26T09:00:00Z,fwd_1h,xgboost,0.0089977338209066,0.014328938908874989
2026-04-26T10:00:00Z,fwd_1h,xgboost,-0.0121436580812963,0.0074415565468370914
2026-04-26T11:00:00Z,fwd_1h,xgboost,0.010423689712153,-0.002860555425286293
2026-04-26T12:00:00Z,fwd_1h,xgboost,0.0181785400733158,-0.01142054982483387
2026-04-26T13:00:00Z,fwd_1h,xgboost,-0.0283398656118801,0.007350684609264135
2026-04-26T14:00:00Z,fwd_1h,xgboost,-0.0017265546389304,-0.01574169285595417
2026-04-26T15:00:00Z,fwd_1h,xgboost,-0.1160335182179703,1.8031692889053375e-05
2026-04-26T16:00:00Z,fwd_1h,xgboost,0.0287253453354776,0.005918657872825861
2026-04-26T17:00:00Z,fwd_1h,xgboost,-0.012866952695814,0.008602680638432503
2026-04-26T18:00:00Z,fwd_1h,xgboost,0.0130161302713989,0.0021123220212757587
2026-04-26T19:00:00Z,fwd_1h,xgboost,0.0871413718812139,-0.008958155289292336
2026-04-26T20:00:00Z,fwd_1h,xgboost,-0.0315662946670057,0.00732220895588398
2026-04-26T21:00:00Z,fwd_1h,xgboost,0.024724069260549,-0.03404638171195984
2026-04-26T22:00:00Z,fwd_1h,xgboost,0.0252179090905817,-0.0015056265983730555
2026-04-26T23:00:00Z,fwd_1h,xgboost,0.0354936519226647,0.001794401090592146
2026-04-27T00:00:00Z,fwd_1h,xgboost,0.0061302048146334,0.012075165286660194
2026-04-27T01:00:00Z,fwd_1h,xgboost,-0.0039175602697583,0.01202867180109024
2026-04-27T02:00:00Z,fwd_1h,xgboost,-0.0087613349398963,0.00817560963332653
2026-04-27T03:00:00Z,fwd_1h,xgboost,0.0250743735271097,-0.00025179344811476767
2026-04-27T04:00:00Z,fwd_1h,xgboost,-0.0359151653134391,0.009121287614107132
2026-04-27T05:00:00Z,fwd_1h,xgboost,-0.0081708558745128,0.009206653572618961
2026-04-27T06:00:00Z,fwd_1h,xgboost,0.0016672082636612,-0.003586348844692111
2026-04-27T07:00:00Z,fwd_1h,xgboost,0.0059608804955026,0.00884504709392786
2026-04-27T08:00:00Z,fwd_1h,xgboost,-0.0250288043617326,0.00553588941693306
2026-04-27T09:00:00Z,fwd_1h,xgboost,-0.0432872942563702,0.02019140124320984
2026-04-27T10:00:00Z,fwd_1h,xgboost,-0.025649843917764,0.01841529831290245
2026-04-27T11:00:00Z,fwd_1h,xgboost,0.0106157139763423,-0.0028013584669679403
2026-04-27T12:00:00Z,fwd_1h,xgboost,0.0166587385194845,0.011078539304435253
2026-04-27T13:00:00Z,fwd_1h,xgboost,0.0036598154001026,0.0009394009248353541
2026-04-27T14:00:00Z,fwd_1h,xgboost,-0.0695730434466027,0.011262400075793266
2026-04-27T15:00:00Z,fwd_1h,xgboost,-0.0221776806709377,-0.008352109231054783
2026-04-27T16:00:00Z,fwd_1h,xgboost,-0.1047209431862109,0.014309120364487171
2026-04-27T17:00:00Z,fwd_1h,xgboost,0.0272860765027487,-0.013588636182248592
2026-04-27T18:00:00Z,fwd_1h,xgboost,-0.0147785190998106,0.004842385184019804
2026-04-27T19:00:00Z,fwd_1h,xgboost,0.0145876295904192,0.011603191494941711
2026-04-27T20:00:00Z,fwd_1h,xgboost,-0.0214499662228944,-0.003315485781058669
2026-04-27T21:00:00Z,fwd_1h,xgboost,0.0061897525262688,-0.00043359186383895576
2026-04-27T22:00:00Z,fwd_1h,xgboost,0.0045780536695716,0.0022465402726083994
2026-04-27T23:00:00Z,fwd_1h,xgboost,0.0598919073034995,-0.007104919292032719
2026-04-28T00:00:00Z,fwd_1h,xgboost,0.008928646093818,0.006428798194974661
2026-04-28T01:00:00Z,fwd_1h,xgboost,-0.0242150293142057,0.007027165032923222
2026-04-28T02:00:00Z,fwd_1h,xgboost,0.0207430787555873,0.0176404882222414
2026-04-28T03:00:00Z,fwd_1h,xgboost,-0.0010629871739759,0.004330441355705261
2026-04-28T04:00:00Z,fwd_1h,xgboost,-0.0059171872954493,0.009665642865002155
2026-04-28T05:00:00Z,fwd_1h,xgboost,-0.0618168991168307,-0.007894420996308327
2026-04-28T06:00:00Z,fwd_1h,xgboost,-0.0441739564057849,0.006380291189998388
2026-04-28T07:00:00Z,fwd_1h,xgboost,0.0046315465788835,0.005234964657574892
2026-04-28T08:00:00Z,fwd_1h,xgboost,0.0,0.010150132700800896
2026-04-28T09:00:00Z,fwd_1h,xgboost,0.0,0.006468817126005888
2026-04-28T10:00:00Z,fwd_1h,xgboost,0.0,0.01818748377263546
2026-04-28T11:00:00Z,fwd_1h,xgboost,0.004918587451135,0.010208863765001297
2026-04-28T12:00:00Z,fwd_1h,xgboost,0.0,-0.003350860206410289
2026-04-28T13:00:00Z,fwd_1h,xgboost,0.0,0.00962043646723032
2026-04-28T14:00:00Z,fwd_1h,xgboost,0.0,-0.03214537724852562
2026-04-28T15:00:00Z,fwd_1h,xgboost,-0.0175620108356487,0.007696935907006264
2026-04-28T16:00:00Z,fwd_1h,xgboost,0.0,0.04345718026161194
2026-04-28T17:00:00Z,fwd_1h,xgboost,0.0,0.017933277413249016
2026-04-28T18:00:00Z,fwd_1h,xgboost,0.0,0.009398631751537323
2026-04-28T19:00:00Z,fwd_1h,xgboost,-0.054004495341984,0.001658150227740407
2026-04-28T20:00:00Z,fwd_1h,xgboost,0.0,-0.0035367258824408054
2026-04-28T21:00:00Z,fwd_1h,xgboost,0.0,-0.003537108190357685
2026-04-28T22:00:00Z,fwd_1h,xgboost,0.0,-0.009902870282530785
2026-04-28T23:00:00Z,fwd_1h,xgboost,0.0113500992295214,-0.00539527740329504
2026-04-29T00:00:00Z,fwd_1h,xgboost,0.0,-0.0016891371924430132
2026-04-29T01:00:00Z,fwd_1h,xgboost,0.0,0.0167513620108366
2026-04-29T02:00:00Z,fwd_1h,xgboost,0.0,0.017687933519482613
2026-04-29T03:00:00Z,fwd_1h,xgboost,0.162300713641978,0.006328565068542957
2026-04-29T04:00:00Z,fwd_1h,xgboost,-0.0049939118313393,-0.0015619759215041995
2026-04-29T05:00:00Z,fwd_1h,xgboost,0.0094446336839704,0.008822645992040634
2026-04-29T06:00:00Z,fwd_1h,xgboost,-0.0374321374089383,0.0005982046714052558
2026-04-29T07:00:00Z,fwd_1h,xgboost,-0.0031723637785558,0.017484182491898537
2026-04-29T08:00:00Z,fwd_1h,xgboost,0.0409487630898082,0.005479737650603056
2026-04-29T09:00:00Z,fwd_1h,xgboost,-0.0034555890537273,0.009836104698479176
2026-04-29T10:00:00Z,fwd_1h,xgboost,-0.0268004898775343,0.00014061949332244694
2026-04-29T11:00:00Z,fwd_1h,xgboost,-0.0573225835244927,0.018299542367458344
2026-04-29T12:00:00Z,fwd_1h,xgboost,0.0,0.005290871020406485
2026-04-29T13:00:00Z,fwd_1h,xgboost,0.0,0.0005615510162897408
2026-04-29T14:00:00Z,fwd_1h,xgboost,0.0,0.010679813101887703
2026-04-29T15:00:00Z,fwd_1h,xgboost,0.0086652107630751,0.020436502993106842
2026-04-29T16:00:00Z,fwd_1h,xgboost,0.0,0.004336871672421694
2026-04-29T17:00:00Z,fwd_1h,xgboost,0.0,-0.006498387549072504
2026-04-29T18:00:00Z,fwd_1h,xgboost,0.0,0.015489684417843819
2026-04-29T19:00:00Z,fwd_1h,xgboost,-0.1295525398295541,-0.010501264594495296
2026-04-29T20:00:00Z,fwd_1h,xgboost,0.0,0.015828344970941544
2026-04-29T21:00:00Z,fwd_1h,xgboost,0.0,0.00641897926107049
2026-04-29T22:00:00Z,fwd_1h,xgboost,0.0,0.003907785285264254
2026-04-29T23:00:00Z,fwd_1h,xgboost,0.2050539018586472,-0.004459611605852842
2026-04-30T00:00:00Z,fwd_1h,xgboost,0.0095525601215706,0.00873751100152731
2026-04-30T01:00:00Z,fwd_1h,xgboost,-0.0209513245480971,0.007155334111303091
2026-04-30T02:00:00Z,fwd_1h,xgboost,-0.0631608576000531,0.01880643144249916
2026-04-30T03:00:00Z,fwd_1h,xgboost,-0.0352464166464763,-0.004260295070707798
2026-04-30T04:00:00Z,fwd_1h,xgboost,0.0,0.00826682336628437
2026-04-30T05:00:00Z,fwd_1h,xgboost,0.0,0.03342468664050102
2026-04-30T06:00:00Z,fwd_1h,xgboost,0.0,-0.027757730334997177
2026-04-30T07:00:00Z,fwd_1h,xgboost,0.0421238387408229,0.007932729087769985
2026-04-30T08:00:00Z,fwd_1h,xgboost,0.0,-0.006275924853980541
2026-04-30T09:00:00Z,fwd_1h,xgboost,0.0,0.0029086903668940067
2026-04-30T10:00:00Z,fwd_1h,xgboost,0.0,0.004608206916600466
2026-04-30T11:00:00Z,fwd_1h,xgboost,0.0005749874871705,0.011995254084467888
2026-04-30T12:00:00Z,fwd_1h,xgboost,0.0,0.0044336686842143536
2026-04-30T13:00:00Z,fwd_1h,xgboost,0.0,-0.004300387110561132
2026-04-30T14:00:00Z,fwd_1h,xgboost,0.0,0.013632298447191715
2026-04-30T15:00:00Z,fwd_1h,xgboost,0.0328435841023473,0.011362681165337563
2026-04-30T16:00:00Z,fwd_1h,xgboost,0.0,0.008207963779568672
2026-04-30T17:00:00Z,fwd_1h,xgboost,0.0,0.0022449532989412546
2026-04-30T18:00:00Z,fwd_1h,xgboost,0.0,0.002902935491874814
2026-04-30T19:00:00Z,fwd_1h,xgboost,0.0485939537825712,-0.008731020614504814
2026-04-30T20:00:00Z,fwd_1h,xgboost,-0.0028814419856771,-0.00582902180030942
2026-04-30T21:00:00Z,fwd_1h,xgboost,0.0207238606521849,-0.006198024842888117
2026-04-30T22:00:00Z,fwd_1h,xgboost,0.0121732440446042,-0.003200636710971594
2026-04-30T23:00:00Z,fwd_1h,xgboost,-0.0036169451947833,0.0010159400990232825
2026-05-01T00:00:00Z,fwd_1h,xgboost,0.0016278016243564,-0.006950329057872295
2026-05-01T01:00:00Z,fwd_1h,xgboost,0.0238404515117536,-0.014651423320174217
2026-05-01T02:00:00Z,fwd_1h,xgboost,0.0392211337781442,-0.0016814481932669878
2026-05-01T03:00:00Z,fwd_1h,xgboost,0.0199425901645853,-0.0025675571523606777
2026-05-01T04:00:00Z,fwd_1h,xgboost,0.0485581443360234,-0.005151164717972279
2026-05-01T05:00:00Z,fwd_1h,xgboost,-0.0217308992115401,-0.009841459803283215
2026-05-01T06:00:00Z,fwd_1h,xgboost,-0.0137023467331637,0.011333711445331573
2026-05-01T07:00:00Z,fwd_1h,xgboost,0.0883525775512998,-0.01811787486076355
2026-05-01T08:00:00Z,fwd_1h,xgboost,-0.059592802569374,0.016200648620724678
2026-05-01T09:00:00Z,fwd_1h,xgboost,-0.0247994903299609,-0.01374044083058834
2026-05-01T10:00:00Z,fwd_1h,xgboost,-0.0100097116765605,-0.00275733252055943
2026-05-01T11:00:00Z,fwd_1h,xgboost,0.0266333926335804,-0.019947249442338943
2026-05-01T12:00:00Z,fwd_1h,xgboost,0.0106300835154335,-0.00787037331610918
2026-05-01T13:00:00Z,fwd_1h,xgboost,-0.0020365623567455,0.0102917505428195
2026-05-01T14:00:00Z,fwd_1h,xgboost,-0.0229739638446104,0.00267625181004405
2026-05-01T15:00:00Z,fwd_1h,xgboost,-0.0016003952420131,-0.003759250044822693
2026-05-01T16:00:00Z,fwd_1h,xgboost,0.0309398264686027,0.002592319156974554
2026-05-01T17:00:00Z,fwd_1h,xgboost,0.0269465663880574,-0.0006204809760674834
2026-05-01T18:00:00Z,fwd_1h,xgboost,-0.0423959855875897,0.0027472174260765314
2026-05-01T19:00:00Z,fwd_1h,xgboost,-0.0244217594966044,0.006129562854766846
2026-05-01T20:00:00Z,fwd_1h,xgboost,0.0385214177514774,-0.010381347499787807
2026-05-01T21:00:00Z,fwd_1h,xgboost,-0.0179412821560878,0.004419418051838875
2026-05-01T22:00:00Z,fwd_1h,xgboost,0.0170944737204348,0.00927104614675045
2026-05-01T23:00:00Z,fwd_1h,xgboost,0.0355812875192835,0.009587550535798073
2026-05-02T00:00:00Z,fwd_1h,xgboost,-0.0821025594486696,-0.0022983686067163944
2026-05-02T01:00:00Z,fwd_1h,xgboost,0.0051200724769073,0.009411963634192944
2026-05-02T02:00:00Z,fwd_1h,xgboost,-0.0047843738787659,0.0008989219204522669
2026-05-02T03:00:00Z,fwd_1h,xgboost,-0.0534031995068412,-0.000514609448146075
2026-05-02T04:00:00Z,fwd_1h,xgboost,0.0088200389775889,0.008762306533753872
2026-05-02T05:00:00Z,fwd_1h,xgboost,-0.0052540131337788,-0.0026026731356978416
2026-05-02T06:00:00Z,fwd_1h,xgboost,0.0319642257898555,-0.00032656622352078557
2026-05-02T07:00:00Z,fwd_1h,xgboost,0.0041124863174308,-0.0031889835372567177
2026-05-02T08:00:00Z,fwd_1h,xgboost,0.0157040312337164,-0.002295965561643243
2026-05-02T09:00:00Z,fwd_1h,xgboost,0.0150070390266257,-0.003958067391067743
2026-05-02T10:00:00Z,fwd_1h,xgboost,-0.0275821509323014,-0.006737746763974428
2026-05-02T11:00:00Z,fwd_1h,xgboost,0.0002726167169719,-0.005752121564000845
2026-05-02T12:00:00Z,fwd_1h,xgboost,0.0121713500714761,0.01018482819199562
2026-05-02T13:00:00Z,fwd_1h,xgboost,0.0146568456972167,-0.005142493173480034
2026-05-02T14:00:00Z,fwd_1h,xgboost,0.0026757910279346,-0.0039024599827826023
2026-05-02T15:00:00Z,fwd_1h,xgboost,0.029810146571078,0.00676176929846406
2026-05-02T16:00:00Z,fwd_1h,xgboost,-0.0055262710903201,0.0061464374884963036
2026-05-02T17:00:00Z,fwd_1h,xgboost,-0.0167370722434611,-0.0033483465667814016
2026-05-02T18:00:00Z,fwd_1h,xgboost,-0.0050203323150134,0.006734411232173443
2026-05-02T19:00:00Z,fwd_1h,xgboost,0.0078730565918971,0.005560614168643951
2026-05-02T20:00:00Z,fwd_1h,xgboost,-0.0097393494814239,0.00825910922139883
2026-05-02T21:00:00Z,fwd_1h,xgboost,-0.0170259109478909,0.0018515558913350105
2026-05-02T22:00:00Z,fwd_1h,xgboost,0.0009461422532992,0.0017520323162898421
2026-05-02T23:00:00Z,fwd_1h,xgboost,0.0151021271506439,-0.0027216800954192877
2026-05-03T00:00:00Z,fwd_1h,xgboost,-0.0122605340268105,-0.0012426718603819609
2026-05-03T01:00:00Z,fwd_1h,xgboost,0.0239634274602145,0.004894712008535862
2026-05-03T02:00:00Z,fwd_1h,xgboost,0.0066761657998595,1.4955650840420276e-05
2026-05-03T03:00:00Z,fwd_1h,xgboost,-0.0362918336368066,0.0010232432978227735
2026-05-03T04:00:00Z,fwd_1h,xgboost,-0.0239193471126758,-0.004795316141098738
2026-05-03T05:00:00Z,fwd_1h,xgboost,0.0015563681325887,-0.01311654131859541
2026-05-03T06:00:00Z,fwd_1h,xgboost,-0.0039015629956715,-0.001041881158016622
2026-05-03T07:00:00Z,fwd_1h,xgboost,0.0040559560540398,0.006660256534814835
2026-05-03T08:00:00Z,fwd_1h,xgboost,0.0221757078647293,0.0088091054931283
2026-05-03T09:00:00Z,fwd_1h,xgboost,-0.0206047626324735,-0.005122260190546513
2026-05-03T10:00:00Z,fwd_1h,xgboost,0.0018010774826482,-0.0027563325129449368
2026-05-03T11:00:00Z,fwd_1h,xgboost,-0.0149614130128866,-0.028196193277835846
2026-05-03T12:00:00Z,fwd_1h,xgboost,0.0034249027948314,0.00390255986712873
2026-05-03T13:00:00Z,fwd_1h,xgboost,-0.0073073467532468,-0.0016814300324767828
2026-05-03T14:00:00Z,fwd_1h,xgboost,-0.0808799303006304,-0.012050876393914223
2026-05-03T15:00:00Z,fwd_1h,xgboost,-0.0302771039476125,-0.008903348818421364
2026-05-03T16:00:00Z,fwd_1h,xgboost,0.0,0.01298428699374199
2026-05-03T17:00:00Z,fwd_1h,xgboost,0.0,0.0009007140761241317
2026-05-03T18:00:00Z,fwd_1h,xgboost,0.0,0.003884456818923354
2026-05-03T19:00:00Z,fwd_1h,xgboost,0.0077307316110635,-0.008605051785707474
2026-05-03T20:00:00Z,fwd_1h,xgboost,0.0,-0.0056718699634075165
2026-05-03T21:00:00Z,fwd_1h,xgboost,0.0,0.0027944387402385473
2026-05-03T22:00:00Z,fwd_1h,xgboost,0.0,0.010308490134775639
2026-05-03T23:00:00Z,fwd_1h,xgboost,0.021560458840607,0.002941686660051346
2026-05-04T00:00:00Z,fwd_1h,xgboost,-0.0121703466576416,0.002798020374029875
2026-05-04T01:00:00Z,fwd_1h,xgboost,0.0,0.007571558468043804
2026-05-04T02:00:00Z,fwd_1h,xgboost,0.0,0.003535528900101781
2026-05-04T03:00:00Z,fwd_1h,xgboost,0.0832607411083741,0.005736443214118481
2026-05-04T04:00:00Z,fwd_1h,xgboost,-0.0014825361622523,0.004504723474383354
2026-05-04T05:00:00Z,fwd_1h,xgboost,0.0124432544682364,0.006209979765117168
2026-05-04T06:00:00Z,fwd_1h,xgboost,-0.0053610989853806,0.009035821072757244
2026-05-04T07:00:00Z,fwd_1h,xgboost,0.0010997223772992,0.0015867720358073711
2026-05-04T08:00:00Z,fwd_1h,xgboost,-0.013451224366714,-0.0006340491818264127
2026-05-04T09:00:00Z,fwd_1h,xgboost,-0.0344324410600999,0.00026324146892875433
2026-05-04T10:00:00Z,fwd_1h,xgboost,-0.0763668324262594,0.008044213987886906
2026-05-04T11:00:00Z,fwd_1h,xgboost,0.0408050188653095,-0.013249722309410572
2026-05-04T12:00:00Z,fwd_1h,xgboost,0.0,-0.0008584085153415799
2026-05-04T13:00:00Z,fwd_1h,xgboost,0.0,0.004703246522694826
2026-05-04T14:00:00Z,fwd_1h,xgboost,0.0,0.004508428741246462
2026-05-04T15:00:00Z,fwd_1h,xgboost,0.0337368700114673,0.0004939779755659401
2026-05-04T16:00:00Z,fwd_1h,xgboost,0.0156007831104509,0.007650719489902258
2026-05-04T17:00:00Z,fwd_1h,xgboost,0.0222600872009768,-0.003323789918795228
2026-05-04T18:00:00Z,fwd_1h,xgboost,-0.0195219325865697,0.014095786958932877
2026-05-04T19:00:00Z,fwd_1h,xgboost,-0.0154739753617759,-0.014171246439218521
2026-05-04T20:00:00Z,fwd_1h,xgboost,0.0092411567141363,0.005311114713549614
2026-05-04T21:00:00Z,fwd_1h,xgboost,0.086656995977262,0.00018236803589388728
2026-05-04T22:00:00Z,fwd_1h,xgboost,-0.0149771188272905,0.020978527143597603
2026-05-04T23:00:00Z,fwd_1h,xgboost,-0.0378330891157746,0.0032878147903829813
2026-05-05T00:00:00Z,fwd_1h,xgboost,0.0153970975096218,0.008172105997800827
2026-05-05T01:00:00Z,fwd_1h,xgboost,-0.0063474903534593,-0.003667454933747649
2026-05-05T02:00:00Z,fwd_1h,xgboost,0.0216037944128586,0.0036839318927377462
2026-05-05T03:00:00Z,fwd_1h,xgboost,0.0263695567159507,0.0003542575868777931
2026-05-05T04:00:00Z,fwd_1h,xgboost,-0.0090513217981738,-0.01395007036626339
2026-05-05T05:00:00Z,fwd_1h,xgboost,0.0190318262941115,0.013278443366289139
2026-05-05T06:00:00Z,fwd_1h,xgboost,-0.0107522388646817,0.0010526995174586773
2026-05-05T07:00:00Z,fwd_1h,xgboost,-0.0033155992647794,-0.0042217145673930645
2026-05-05T08:00:00Z,fwd_1h,xgboost,-0.023292696355497,0.003966350574046373
2026-05-05T09:00:00Z,fwd_1h,xgboost,0.0563436787298279,0.0015800027176737785
2026-05-05T10:00:00Z,fwd_1h,xgboost,-0.0033555212629712,0.009984679520130157
2026-05-05T11:00:00Z,fwd_1h,xgboost,0.0967431402360321,-0.004155312664806843
2026-05-05T12:00:00Z,fwd_1h,xgboost,0.0697256263203123,0.002083476632833481
2026-05-05T13:00:00Z,fwd_1h,xgboost,-0.0756135127368082,0.011038148775696754
2026-05-05T14:00:00Z,fwd_1h,xgboost,0.0204886455704562,0.004236366134136915
2026-05-05T15:00:00Z,fwd_1h,xgboost,-0.0171115038278019,0.012083210051059723
2026-05-05T16:00:00Z,fwd_1h,xgboost,0.0185503803955591,-0.002399945165961981
2026-05-05T17:00:00Z,fwd_1h,xgboost,0.0192265657614187,-0.0029529628809541464
2026-05-05T18:00:00Z,fwd_1h,xgboost,-0.0278235603029748,-0.0033147630747407675
2026-05-05T19:00:00Z,fwd_1h,xgboost,0.0256070591647397,-0.006897222250699997
2026-05-05T20:00:00Z,fwd_1h,xgboost,-0.0033586857813809,0.0016404251800850034
2026-05-05T21:00:00Z,fwd_1h,xgboost,-0.0578193286983022,0.00047790445387363434
2026-05-05T22:00:00Z,fwd_1h,xgboost,-0.0077499372059259,-0.001811806345358491
2026-05-05T23:00:00Z,fwd_1h,xgboost,-0.000277500263165,-0.0047485195100307465
2026-05-06T00:00:00Z,fwd_1h,xgboost,0.014246862032117,-0.001539531978778541
2026-05-06T01:00:00Z,fwd_1h,xgboost,-0.0096453115180054,-0.009151287376880646
2026-05-06T02:00:00Z,fwd_1h,xgboost,0.0047822253131548,0.0020278161391615868
2026-05-06T03:00:00Z,fwd_1h,xgboost,-0.0078080365911141,-0.0029669732321053743
2026-05-06T04:00:00Z,fwd_1h,xgboost,-0.0002738978243513,-0.003859155112877488
2026-05-06T05:00:00Z,fwd_1h,xgboost,0.0448220480512386,0.00020465877605602145
2026-05-06T06:00:00Z,fwd_1h,xgboost,0.1518747065764705,-0.012675481848418713
2026-05-06T07:00:00Z,fwd_1h,xgboost,-0.095102112414479,0.01680690236389637
2026-05-06T08:00:00Z,fwd_1h,xgboost,-0.0076697592851083,-0.01200778130441904
2026-05-06T09:00:00Z,fwd_1h,xgboost,0.0191743195011699,-0.0008401422528550029
2026-05-06T10:00:00Z,fwd_1h,xgboost,0.0541712748771978,-0.013695827685296535
2026-05-06T11:00:00Z,fwd_1h,xgboost,0.1123206886499692,0.0030305141117423773
2026-05-06T12:00:00Z,fwd_1h,xgboost,-0.0383917953049468,0.01314657274633646
2026-05-06T13:00:00Z,fwd_1h,xgboost,-0.0313226136024297,-0.006302885245531797
2026-05-06T14:00:00Z,fwd_1h,xgboost,-0.011585662764879,0.003093290375545621
2026-05-06T15:00:00Z,fwd_1h,xgboost,-0.0134641548766654,0.0027750569861382246
2026-05-06T16:00:00Z,fwd_1h,xgboost,0.0227312464792368,0.0054072728380560875
2026-05-06T17:00:00Z,fwd_1h,xgboost,-0.0120465985904471,-0.011011996306478977
2026-05-06T18:00:00Z,fwd_1h,xgboost,0.0060844961113466,-0.0032838971819728613
2026-05-06T19:00:00Z,fwd_1h,xgboost,-0.0046759880273342,0.004253094550222158
2026-05-06T20:00:00Z,fwd_1h,xgboost,0.1822597821494829,0.0004935123142786324
2026-05-06T21:00:00Z,fwd_1h,xgboost,-0.0759383887371049,-0.0009433551458641887
2026-05-06T22:00:00Z,fwd_1h,xgboost,0.008575128675671,0.006220179609954357
2026-05-06T23:00:00Z,fwd_1h,xgboost,0.0008930349592299,-0.002246697200462222
2026-05-07T00:00:00Z,fwd_1h,xgboost,0.042089437960388,-0.0031693459022790194
2026-04-17T06:00:00Z,fwd_3h,ridge,-0.0955178845263217,
2026-04-17T07:00:00Z,fwd_3h,ridge,-0.0955178845263217,
2026-04-17T08:00:00Z,fwd_3h,ridge,0.0,
2026-04-17T09:00:00Z,fwd_3h,ridge,0.0264294896106698,
2026-04-17T10:00:00Z,fwd_3h,ridge,0.0264294896106698,
2026-04-17T11:00:00Z,fwd_3h,ridge,0.0264294896106698,
2026-04-17T12:00:00Z,fwd_3h,ridge,0.0,
2026-04-17T13:00:00Z,fwd_3h,ridge,0.111656884090084,
2026-04-17T14:00:00Z,fwd_3h,ridge,0.111656884090084,
2026-04-17T15:00:00Z,fwd_3h,ridge,0.111656884090084,
2026-04-17T16:00:00Z,fwd_3h,ridge,0.0,
2026-04-17T17:00:00Z,fwd_3h,ridge,-0.0333364930278827,
2026-04-17T18:00:00Z,fwd_3h,ridge,-0.0333364930278827,
2026-04-17T19:00:00Z,fwd_3h,ridge,-0.0333364930278827,
2026-04-17T20:00:00Z,fwd_3h,ridge,0.0,
2026-04-17T21:00:00Z,fwd_3h,ridge,-0.042006126250267,
2026-04-17T22:00:00Z,fwd_3h,ridge,-0.042006126250267,
2026-04-17T23:00:00Z,fwd_3h,ridge,-0.042006126250267,
2026-04-18T00:00:00Z,fwd_3h,ridge,0.0,
2026-04-18T01:00:00Z,fwd_3h,ridge,-0.0504516634443494,
2026-04-18T02:00:00Z,fwd_3h,ridge,-0.0504516634443494,
2026-04-18T03:00:00Z,fwd_3h,ridge,-0.0504516634443494,
2026-04-18T04:00:00Z,fwd_3h,ridge,0.0,
2026-04-18T05:00:00Z,fwd_3h,ridge,-0.0321276759024523,
2026-04-18T06:00:00Z,fwd_3h,ridge,-0.0321276759024523,
2026-04-18T07:00:00Z,fwd_3h,ridge,-0.0321276759024523,
2026-04-18T08:00:00Z,fwd_3h,ridge,0.0,
2026-04-18T09:00:00Z,fwd_3h,ridge,0.0172808764844798,
2026-04-18T10:00:00Z,fwd_3h,ridge,0.0172808764844798,
2026-04-18T11:00:00Z,fwd_3h,ridge,0.0172808764844798,
2026-04-18T12:00:00Z,fwd_3h,ridge,0.0,
2026-04-18T13:00:00Z,fwd_3h,ridge,0.0231544146737576,
2026-04-18T14:00:00Z,fwd_3h,ridge,0.0231544146737576,
2026-04-18T15:00:00Z,fwd_3h,ridge,0.0231544146737576,
2026-04-18T16:00:00Z,fwd_3h,ridge,0.0,
2026-04-18T17:00:00Z,fwd_3h,ridge,-0.1000844810912191,
2026-04-18T18:00:00Z,fwd_3h,ridge,-0.1000844810912191,
2026-04-18T19:00:00Z,fwd_3h,ridge,-0.1000844810912191,
2026-04-18T20:00:00Z,fwd_3h,ridge,0.0,
2026-04-18T21:00:00Z,fwd_3h,ridge,-0.0737970090528501,
2026-04-18T22:00:00Z,fwd_3h,ridge,-0.0737970090528501,
2026-04-18T23:00:00Z,fwd_3h,ridge,-0.0737970090528501,
2026-04-19T00:00:00Z,fwd_3h,ridge,0.0,
2026-04-19T01:00:00Z,fwd_3h,ridge,-0.0217638727159802,
2026-04-19T02:00:00Z,fwd_3h,ridge,-0.0217638727159802,
2026-04-19T03:00:00Z,fwd_3h,ridge,-0.0217638727159802,
2026-04-19T04:00:00Z,fwd_3h,ridge,0.0,
2026-04-19T05:00:00Z,fwd_3h,ridge,0.0474319915411709,
2026-04-19T06:00:00Z,fwd_3h,ridge,0.0474319915411709,
2026-04-19T07:00:00Z,fwd_3h,ridge,0.0474319915411709,
2026-04-19T08:00:00Z,fwd_3h,ridge,0.0,
2026-04-19T09:00:00Z,fwd_3h,ridge,-0.0053770347743699,
2026-04-19T10:00:00Z,fwd_3h,ridge,-0.0053770347743699,
2026-04-19T11:00:00Z,fwd_3h,ridge,-0.0053770347743699,
2026-04-19T12:00:00Z,fwd_3h,ridge,0.0,
2026-04-19T13:00:00Z,fwd_3h,ridge,0.0047238564559759,
2026-04-19T14:00:00Z,fwd_3h,ridge,0.0047238564559759,
2026-04-19T15:00:00Z,fwd_3h,ridge,0.0047238564559759,
2026-04-19T16:00:00Z,fwd_3h,ridge,0.0,
2026-04-19T17:00:00Z,fwd_3h,ridge,-0.0953798799618788,
2026-04-19T18:00:00Z,fwd_3h,ridge,-0.0953798799618788,
2026-04-19T19:00:00Z,fwd_3h,ridge,-0.0953798799618788,
2026-04-19T20:00:00Z,fwd_3h,ridge,0.0,
2026-04-19T21:00:00Z,fwd_3h,ridge,0.0440521420123209,
2026-04-19T22:00:00Z,fwd_3h,ridge,0.0440521420123209,
2026-04-19T23:00:00Z,fwd_3h,ridge,0.0440521420123209,
2026-04-20T00:00:00Z,fwd_3h,ridge,0.0,
2026-04-20T01:00:00Z,fwd_3h,ridge,-0.0634056412658684,
2026-04-20T02:00:00Z,fwd_3h,ridge,-0.0634056412658684,
2026-04-20T03:00:00Z,fwd_3h,ridge,-0.0634056412658684,
2026-04-20T04:00:00Z,fwd_3h,ridge,0.0,
2026-04-20T05:00:00Z,fwd_3h,ridge,0.0431657960367666,
2026-04-20T06:00:00Z,fwd_3h,ridge,0.0431657960367666,
2026-04-20T07:00:00Z,fwd_3h,ridge,0.0431657960367666,
2026-04-20T08:00:00Z,fwd_3h,ridge,0.0,
2026-04-20T09:00:00Z,fwd_3h,ridge,0.067601680045592,
2026-04-20T10:00:00Z,fwd_3h,ridge,0.067601680045592,
2026-04-20T11:00:00Z,fwd_3h,ridge,0.067601680045592,
2026-04-20T12:00:00Z,fwd_3h,ridge,0.0,
2026-04-20T13:00:00Z,fwd_3h,ridge,-0.027940632156484,
2026-04-20T14:00:00Z,fwd_3h,ridge,-0.027940632156484,
2026-04-20T15:00:00Z,fwd_3h,ridge,-0.027940632156484,
2026-04-20T16:00:00Z,fwd_3h,ridge,0.0,
2026-04-20T17:00:00Z,fwd_3h,ridge,0.0423732598578165,0.009046605803670078
2026-04-20T18:00:00Z,fwd_3h,ridge,0.0423732598578165,0.017779698972347328
2026-04-20T19:00:00Z,fwd_3h,ridge,0.0423732598578165,-0.020432958128231305
2026-04-20T20:00:00Z,fwd_3h,ridge,0.0,-0.07301457139180534
2026-04-20T21:00:00Z,fwd_3h,ridge,-0.067770203651209,0.014442587201784422
2026-04-20T22:00:00Z,fwd_3h,ridge,-0.067770203651209,0.016844834060101035
2026-04-20T23:00:00Z,fwd_3h,ridge,-0.067770203651209,-0.0598464323038573
2026-04-21T00:00:00Z,fwd_3h,ridge,0.0,0.021806090768915834
2026-04-21T01:00:00Z,fwd_3h,ridge,-0.032154581168123,-0.017387701239131408
2026-04-21T02:00:00Z,fwd_3h,ridge,-0.032154581168123,-0.03652532106560552
2026-04-21T03:00:00Z,fwd_3h,ridge,-0.032154581168123,-0.012714508502883609
2026-04-21T04:00:00Z,fwd_3h,ridge,0.0,-0.0199234933072414
2026-04-21T05:00:00Z,fwd_3h,ridge,0.0842983081860269,0.012432846617481664
2026-04-21T06:00:00Z,fwd_3h,ridge,0.0842983081860269,0.019996099004481422
2026-04-21T07:00:00Z,fwd_3h,ridge,0.0842983081860269,0.020208105311255362
2026-04-21T08:00:00Z,fwd_3h,ridge,0.0,0.017095547373107412
2026-04-21T09:00:00Z,fwd_3h,ridge,0.0420696095745838,-0.011408873543103788
2026-04-21T10:00:00Z,fwd_3h,ridge,0.0420696095745838,-0.01314970368625968
2026-04-21T11:00:00Z,fwd_3h,ridge,0.0420696095745838,0.019073342414882077
2026-04-21T12:00:00Z,fwd_3h,ridge,0.0,-0.03488216139815784
2026-04-21T13:00:00Z,fwd_3h,ridge,-0.0568021174587255,-0.06378094505216811
2026-04-21T14:00:00Z,fwd_3h,ridge,-0.0568021174587255,0.0012550535863116398
2026-04-21T15:00:00Z,fwd_3h,ridge,-0.0568021174587255,-0.012037387733292049
2026-04-21T16:00:00Z,fwd_3h,ridge,0.0,-0.018190413114751416
2026-04-21T17:00:00Z,fwd_3h,ridge,0.0335980215754752,-0.00703859136329667
2026-04-21T18:00:00Z,fwd_3h,ridge,0.0335980215754752,-0.02264711597553962
2026-04-21T19:00:00Z,fwd_3h,ridge,0.0335980215754752,0.016321148051160975
2026-04-21T20:00:00Z,fwd_3h,ridge,0.0,0.018735344357820923
2026-04-21T21:00:00Z,fwd_3h,ridge,0.0021543668174439,-0.017968736173335536
2026-04-21T22:00:00Z,fwd_3h,ridge,0.0021543668174439,-0.011884024232366657
2026-04-21T23:00:00Z,fwd_3h,ridge,0.0021543668174439,-0.043175624619919015
2026-04-22T00:00:00Z,fwd_3h,ridge,0.0,0.00017254954161725726
2026-04-22T01:00:00Z,fwd_3h,ridge,0.0297230158009194,-0.05504988253189463
2026-04-22T02:00:00Z,fwd_3h,ridge,0.0297230158009194,-0.006016865208648543
2026-04-22T03:00:00Z,fwd_3h,ridge,0.0297230158009194,-0.042289437514258454
2026-04-22T04:00:00Z,fwd_3h,ridge,0.0,0.01607635666553903
2026-04-22T05:00:00Z,fwd_3h,ridge,0.0608476155819288,-0.005543092598547867
2026-04-22T06:00:00Z,fwd_3h,ridge,0.0608476155819288,-0.04270999506361691
2026-04-22T07:00:00Z,fwd_3h,ridge,0.0608476155819288,0.0154882315965892
2026-04-22T08:00:00Z,fwd_3h,ridge,0.0257445269048386,0.07437192020038565
2026-04-22T09:00:00Z,fwd_3h,ridge,0.0185099164218336,-0.00016573842910347142
2026-04-22T10:00:00Z,fwd_3h,ridge,0.0185099164218336,0.000896347328383426
2026-04-22T11:00:00Z,fwd_3h,ridge,-0.0070530334729987,0.0010174925112666064
2026-04-22T12:00:00Z,fwd_3h,ridge,0.0,-0.014723492947412889
2026-04-22T13:00:00Z,fwd_3h,ridge,0.1325819147095921,-0.007383119609541858
2026-04-22T14:00:00Z,fwd_3h,ridge,0.1325819147095921,0.04987127350561234
2026-04-22T15:00:00Z,fwd_3h,ridge,0.1325819147095921,0.03220354892233488
2026-04-22T16:00:00Z,fwd_3h,ridge,0.0,0.028961593765625408
2026-04-22T17:00:00Z,fwd_3h,ridge,-0.0857013765130157,-0.03881397328099287
2026-04-22T18:00:00Z,fwd_3h,ridge,-0.0857013765130157,0.0004805909305898477
2026-04-22T19:00:00Z,fwd_3h,ridge,-0.0857013765130157,-0.01291107336911515
2026-04-22T20:00:00Z,fwd_3h,ridge,0.0,-0.03334206777377973
2026-04-22T21:00:00Z,fwd_3h,ridge,0.0392970850132388,-0.0044460062325212745
2026-04-22T22:00:00Z,fwd_3h,ridge,0.0392970850132388,0.0014490734956724757
2026-04-22T23:00:00Z,fwd_3h,ridge,0.0392970850132388,0.005662841334123988
2026-04-23T00:00:00Z,fwd_3h,ridge,0.0,0.024472456802556303
2026-04-23T01:00:00Z,fwd_3h,ridge,-0.0315906345864475,-0.017859765927218926
2026-04-23T02:00:00Z,fwd_3h,ridge,-0.0315906345864475,0.003808896541549236
2026-04-23T03:00:00Z,fwd_3h,ridge,-0.0315906345864475,0.02004563651926559
2026-04-23T04:00:00Z,fwd_3h,ridge,0.0,-0.0018922706273514786
2026-04-23T05:00:00Z,fwd_3h,ridge,-0.0627434850143782,-0.008899801959395992
2026-04-23T06:00:00Z,fwd_3h,ridge,-0.0627434850143782,0.006800081627022271
2026-04-23T07:00:00Z,fwd_3h,ridge,-0.0627434850143782,0.005913014392037101
2026-04-23T08:00:00Z,fwd_3h,ridge,0.0,-0.03793839381789795
2026-04-23T09:00:00Z,fwd_3h,ridge,0.1181223264681665,-0.02524354667263418
2026-04-23T10:00:00Z,fwd_3h,ridge,0.1181223264681665,-0.007698567876200094
2026-04-23T11:00:00Z,fwd_3h,ridge,0.1181223264681665,-0.007461180242489813
2026-04-23T12:00:00Z,fwd_3h,ridge,0.0,0.08118599177517312
2026-04-23T13:00:00Z,fwd_3h,ridge,-0.0293263755396362,-0.011817670798436188
2026-04-23T14:00:00Z,fwd_3h,ridge,-0.0293263755396362,0.009999435812009561
2026-04-23T15:00:00Z,fwd_3h,ridge,-0.0293263755396362,-0.015589591257625563
2026-04-23T16:00:00Z,fwd_3h,ridge,0.0,-0.0016320198826573272
2026-04-23T17:00:00Z,fwd_3h,ridge,-0.0244065913888801,-0.026758972977531232
2026-04-23T18:00:00Z,fwd_3h,ridge,-0.0244065913888801,0.02007984709135478
2026-04-23T19:00:00Z,fwd_3h,ridge,-0.0244065913888801,-0.0070726646703070046
2026-04-23T20:00:00Z,fwd_3h,ridge,0.0,0.029992238957181155
2026-04-23T21:00:00Z,fwd_3h,ridge,0.0768536726616908,-0.010988415446596227
2026-04-23T22:00:00Z,fwd_3h,ridge,0.0768536726616908,0.020723342836792103
2026-04-23T23:00:00Z,fwd_3h,ridge,0.0768536726616908,0.0496199359050091
2026-04-24T00:00:00Z,fwd_3h,ridge,0.0,-0.007469351238006418
2026-04-24T01:00:00Z,fwd_3h,ridge,-0.0503907549855541,0.00027066357497756294
2026-04-24T02:00:00Z,fwd_3h,ridge,-0.0503907549855541,0.025336319654423338
2026-04-24T03:00:00Z,fwd_3h,ridge,-0.0503907549855541,0.014296009084853421
2026-04-24T04:00:00Z,fwd_3h,ridge,0.0,0.023721487938281743
2026-04-24T05:00:00Z,fwd_3h,ridge,0.0392756325062362,-0.008859314923698507
2026-04-24T06:00:00Z,fwd_3h,ridge,0.0392756325062362,0.002677448773452316
2026-04-24T07:00:00Z,fwd_3h,ridge,0.0392756325062362,0.026101682588138914
2026-04-24T08:00:00Z,fwd_3h,ridge,0.0,0.017090152790630198
2026-04-24T09:00:00Z,fwd_3h,ridge,0.1948771247073424,0.02061221030281826
2026-04-24T10:00:00Z,fwd_3h,ridge,0.1747482638378092,0.020481315480987358
2026-04-24T11:00:00Z,fwd_3h,ridge,0.2140757508293336,0.03327752318732479
2026-04-24T12:00:00Z,fwd_3h,ridge,0.0805787976232008,0.0337393895491956
2026-04-24T13:00:00Z,fwd_3h,ridge,0.0591857176535759,-0.004469861955788476
2026-04-24T14:00:00Z,fwd_3h,ridge,0.127779893651295,0.014469335027457654
2026-04-24T15:00:00Z,fwd_3h,ridge,0.0619141473982265,0.052652167580221676
2026-04-24T16:00:00Z,fwd_3h,ridge,0.0841139363280893,-0.01230118548493029
2026-04-24T17:00:00Z,fwd_3h,ridge,0.1352688572436771,0.03235102471642048
2026-04-24T18:00:00Z,fwd_3h,ridge,0.0622024605537994,0.012931491890638216
2026-04-24T19:00:00Z,fwd_3h,ridge,0.0827225748904341,-0.018134312100032052
2026-04-24T20:00:00Z,fwd_3h,ridge,-0.1332806615351507,0.05002637050456941
2026-04-24T21:00:00Z,fwd_3h,ridge,-0.0925443397317329,-0.023130830330068887
2026-04-24T22:00:00Z,fwd_3h,ridge,-0.1065670024178198,-0.03290068666558155
2026-04-24T23:00:00Z,fwd_3h,ridge,-0.0496975811773087,-0.04160142443998919
2026-04-25T00:00:00Z,fwd_3h,ridge,-0.0190771588556597,-0.003714355720016266
2026-04-25T01:00:00Z,fwd_3h,ridge,-0.0170772284175688,-0.023234753045664677
2026-04-25T02:00:00Z,fwd_3h,ridge,-0.0309253272823717,-0.016533258255849954
2026-04-25T03:00:00Z,fwd_3h,ridge,-0.0180287139918277,-0.009739184345491838
2026-04-25T04:00:00Z,fwd_3h,ridge,-0.0244398228539632,-0.018161567382266784
2026-04-25T05:00:00Z,fwd_3h,ridge,0.023430759563503,-0.02445851784381377
2026-04-25T06:00:00Z,fwd_3h,ridge,-0.0024152981812732,-0.008137288619696963
2026-04-25T07:00:00Z,fwd_3h,ridge,0.0373817596760635,0.0011359508513903987
2026-04-25T08:00:00Z,fwd_3h,ridge,0.0310873897208312,-0.013162333283128092
2026-04-25T09:00:00Z,fwd_3h,ridge,0.0558510640864329,0.0015677586977994172
2026-04-25T10:00:00Z,fwd_3h,ridge,0.0364963083764944,0.019177599628132657
2026-04-25T11:00:00Z,fwd_3h,ridge,0.0262369988364652,0.0059151359764659005
2026-04-25T12:00:00Z,fwd_3h,ridge,0.0715430885267591,0.01862951388862687
2026-04-25T13:00:00Z,fwd_3h,ridge,0.0718752820570132,0.0035697405448127705
2026-04-25T14:00:00Z,fwd_3h,ridge,0.0513693634826892,0.03582069861927671
2026-04-25T15:00:00Z,fwd_3h,ridge,0.0504750736455146,0.05300794515556339
2026-04-25T16:00:00Z,fwd_3h,ridge,0.0490039557586343,0.025195211179159932
2026-04-25T17:00:00Z,fwd_3h,ridge,0.0563804376563092,0.017695697353358127
2026-04-25T18:00:00Z,fwd_3h,ridge,0.0225680790169002,0.025748196319252906
2026-04-25T19:00:00Z,fwd_3h,ridge,0.0383868084491396,0.006243573465647728
2026-04-25T20:00:00Z,fwd_3h,ridge,0.0241943168709588,0.0038519540335413245
2026-04-25T21:00:00Z,fwd_3h,ridge,-0.026890495895565,0.022569380966096435
2026-04-25T22:00:00Z,fwd_3h,ridge,-0.0317487576041617,0.004622574363271447
2026-04-25T23:00:00Z,fwd_3h,ridge,-0.025740477267459,-0.00682250861210765
2026-04-26T00:00:00Z,fwd_3h,ridge,-0.001337234618946,0.010433606239118615
2026-04-26T01:00:00Z,fwd_3h,ridge,-0.0324908452046727,-0.0038169425877114596
2026-04-26T02:00:00Z,fwd_3h,ridge,0.0022809335071469,-0.007889209461687183
2026-04-26T03:00:00Z,fwd_3h,ridge,-0.0062558638982797,-0.005852902415171303
2026-04-26T04:00:00Z,fwd_3h,ridge,-0.0017113389010634,0.0019626345905728584
2026-04-26T05:00:00Z,fwd_3h,ridge,-0.0257024027986412,0.014824655362107919
2026-04-26T06:00:00Z,fwd_3h,ridge,-0.0132494942495293,-0.006684423125209316
2026-04-26T07:00:00Z,fwd_3h,ridge,0.0101771050347636,0.00241191225479137
2026-04-26T08:00:00Z,fwd_3h,ridge,0.0081848919653275,0.01827734042493597
2026-04-26T09:00:00Z,fwd_3h,ridge,0.0071345689617299,0.014564436221848224
2026-04-26T10:00:00Z,fwd_3h,ridge,0.0162984223955007,0.023172126433656477
2026-04-26T11:00:00Z,fwd_3h,ridge,-0.0003641017627712,0.00502447483751183
2026-04-26T12:00:00Z,fwd_3h,ridge,-0.0123846239945464,0.005323669734680219
2026-04-26T13:00:00Z,fwd_3h,ridge,-0.1425679731783448,0.007955467732380705
2026-04-26T14:00:00Z,fwd_3h,ridge,-0.0922113332875762,-0.016534998808674744
2026-04-26T15:00:00Z,fwd_3h,ridge,-0.1023419514520673,-0.019986230507857226
2026-04-26T16:00:00Z,fwd_3h,ridge,0.0287065192945061,-0.007950809616186195
2026-04-26T17:00:00Z,fwd_3h,ridge,0.0871214768061079,0.026634878470823856
2026-04-26T18:00:00Z,fwd_3h,ridge,0.0665280458450632,4.390110053539278e-05
2026-04-26T19:00:00Z,fwd_3h,ridge,0.0788544490659342,0.0028991800422520997
2026-04-26T20:00:00Z,fwd_3h,ridge,0.0174030085622589,0.05066993963649143
2026-04-26T21:00:00Z,fwd_3h,ridge,0.0878538727139723,-0.015800212429251368
2026-04-26T22:00:00Z,fwd_3h,ridge,0.0681145028162744,0.009958943100365821
2026-04-26T23:00:00Z,fwd_3h,ridge,0.0377599634601064,0.018896294039437045
2026-04-27T00:00:00Z,fwd_3h,ridge,-0.0065918811544358,0.017623229057923864
2026-04-27T01:00:00Z,fwd_3h,ridge,0.0121127466498962,0.013872415439559874
2026-04-27T02:00:00Z,fwd_3h,ridge,-0.0203998071661803,0.011860092298594055
2026-04-27T03:00:00Z,fwd_3h,ridge,-0.0198162611174808,0.012055317996454797
2026-04-27T04:00:00Z,fwd_3h,ridge,-0.0421983666086401,0.0035616437901718305
2026-04-27T05:00:00Z,fwd_3h,ridge,-0.0005952383021815,0.023362102769090252
2026-04-27T06:00:00Z,fwd_3h,ridge,-0.017581948251544,-0.0048584458828610615
2026-04-27T07:00:00Z,fwd_3h,ridge,-0.0616725548109886,0.009716620187975294
2026-04-27T08:00:00Z,fwd_3h,ridge,-0.0911580058403213,-0.009389184326688046
2026-04-27T09:00:00Z,fwd_3h,ridge,-0.0579311420394583,0.018470146416655116
2026-04-27T10:00:00Z,fwd_3h,ridge,0.0010973315005886,0.014479440785230852
2026-04-27T11:00:00Z,fwd_3h,ridge,0.0312115789784033,0.014088684013971856
2026-04-27T12:00:00Z,fwd_3h,ridge,-0.0506113869767519,0.00718829897102817
2026-04-27T13:00:00Z,fwd_3h,ridge,-0.0868780837089099,0.0029789279617591716
2026-04-27T14:00:00Z,fwd_3h,ridge,-0.1854820573371308,0.019969711041938735
2026-04-27T15:00:00Z,fwd_3h,ridge,-0.1006892742458833,-0.028225032241405917
2026-04-27T16:00:00Z,fwd_3h,ridge,-0.0938842083039768,0.004973739281011384
2026-04-27T17:00:00Z,fwd_3h,ridge,0.0268685123754977,-0.02878519320942168
2026-04-27T18:00:00Z,fwd_3h,ridge,-0.0218477204611458,0.027064675808757706
2026-04-27T19:00:00Z,fwd_3h,ridge,-0.0010299012330271,0.018310531000799324
2026-04-27T20:00:00Z,fwd_3h,ridge,-0.0108853999150889,0.005164858337504026
2026-04-27T21:00:00Z,fwd_3h,ridge,0.071334652127281,-0.01257855026988531
2026-04-27T22:00:00Z,fwd_3h,ridge,0.0742508730289916,-0.0041458701575007965
2026-04-27T23:00:00Z,fwd_3h,ridge,0.0434608369342026,-0.00728031896751755
2026-04-28T00:00:00Z,fwd_3h,ridge,0.0049189166495895,0.0323697454338463
2026-04-28T01:00:00Z,fwd_3h,ridge,-0.005033007421459,0.019570108899727136
2026-04-28T02:00:00Z,fwd_3h,ridge,0.0136245343433869,0.021087238204249886
2026-04-28T03:00:00Z,fwd_3h,ridge,-0.0683596797728158,0.009250886874945075
2026-04-28T04:00:00Z,fwd_3h,ridge,-0.1085663361132409,0.006364461824842401
2026-04-28T05:00:00Z,fwd_3h,ridge,-0.0991068661709136,0.004895639371437485
2026-04-28T06:00:00Z,fwd_3h,ridge,-0.0397470035635683,-0.008850593337982264
2026-04-28T07:00:00Z,fwd_3h,ridge,0.0046315465788835,0.0585769429433652
2026-04-28T08:00:00Z,fwd_3h,ridge,0.0,0.013637227782710083
2026-04-28T09:00:00Z,fwd_3h,ridge,0.004918587451135,0.03622247300959518
2026-04-28T10:00:00Z,fwd_3h,ridge,0.004918587451135,0.04207832948923573
2026-04-28T11:00:00Z,fwd_3h,ridge,0.004918587451135,0.027674051599739125
2026-04-28T12:00:00Z,fwd_3h,ridge,0.0,-0.0004298810685665899
2026-04-28T13:00:00Z,fwd_3h,ridge,-0.0175620108356487,-0.0008225120016335016
2026-04-28T14:00:00Z,fwd_3h,ridge,-0.0175620108356487,-0.0429198041688522
2026-04-28T15:00:00Z,fwd_3h,ridge,-0.0175620108356487,-0.005874779139374807
2026-04-28T16:00:00Z,fwd_3h,ridge,0.0,0.040410121969710555
2026-04-28T17:00:00Z,fwd_3h,ridge,-0.054004495341984,0.003258726244713143
2026-04-28T18:00:00Z,fwd_3h,ridge,-0.054004495341984,0.02271439239290043
2026-04-28T19:00:00Z,fwd_3h,ridge,-0.054004495341984,-0.01833556045994435
2026-04-28T20:00:00Z,fwd_3h,ridge,0.0,-0.007183490176254272
2026-04-28T21:00:00Z,fwd_3h,ridge,0.0113500992295214,-0.009462112299129747
2026-04-28T22:00:00Z,fwd_3h,ridge,0.0113500992295214,-0.010683550198005112
2026-04-28T23:00:00Z,fwd_3h,ridge,0.0113500992295214,-0.005978779916014008
2026-04-29T00:00:00Z,fwd_3h,ridge,0.0,0.0022240458654441513
2026-04-29T01:00:00Z,fwd_3h,ridge,0.162300713641978,0.04227945792421951
2026-04-29T02:00:00Z,fwd_3h,ridge,0.1564962863565473,0.02053502272007061
2026-04-29T03:00:00Z,fwd_3h,ridge,0.1674189701380568,0.004622513847038085
2026-04-29T04:00:00Z,fwd_3h,ridge,-0.0331934157443992,0.02102772536404494
2026-04-29T05:00:00Z,fwd_3h,ridge,-0.0314234922515588,0.011597491162203488
2026-04-29T06:00:00Z,fwd_3h,ridge,-0.0011948312419898,-0.005007754236773115
2026-04-29T07:00:00Z,fwd_3h,ridge,0.0340608150689016,0.012361941846809391
2026-04-29T08:00:00Z,fwd_3h,ridge,0.0095501389553505,0.010428219303532556
2026-04-29T09:00:00Z,fwd_3h,ridge,-0.0857570030939046,0.03582112410583675
2026-04-29T10:00:00Z,fwd_3h,ridge,-0.0825868000825248,-0.004590416991767736
2026-04-29T11:00:00Z,fwd_3h,ridge,-0.0573225835244927,0.008653178874710614
2026-04-29T12:00:00Z,fwd_3h,ridge,0.0,-0.0039010551091644627
2026-04-29T13:00:00Z,fwd_3h,ridge,0.0086652107630751,-0.040262966081128906
2026-04-29T14:00:00Z,fwd_3h,ridge,0.0086652107630751,0.008910056021798335
2026-04-29T15:00:00Z,fwd_3h,ridge,0.0086652107630751,0.03570652814616672
2026-04-29T16:00:00Z,fwd_3h,ridge,0.0,0.006480385406400665
2026-04-29T17:00:00Z,fwd_3h,ridge,-0.1295525398295541,0.006458492984778918
2026-04-29T18:00:00Z,fwd_3h,ridge,-0.1295525398295541,0.009361998323400782
2026-04-29T19:00:00Z,fwd_3h,ridge,-0.1295525398295541,-0.0034947163453896667
2026-04-29T20:00:00Z,fwd_3h,ridge,0.0,0.0024797700476260915
2026-04-29T21:00:00Z,fwd_3h,ridge,0.2050539018586472,0.02673783084544397
2026-04-29T22:00:00Z,fwd_3h,ridge,0.2165652517058851,0.00875949935726792
2026-04-29T23:00:00Z,fwd_3h,ridge,0.1910765982834577,0.0022633842031066376
2026-04-30T00:00:00Z,fwd_3h,ridge,-0.074027164139742,0.03271381836192448
2026-04-30T01:00:00Z,fwd_3h,ridge,-0.1151172838622366,0.029863824456064936
2026-04-30T02:00:00Z,fwd_3h,ridge,-0.0961810803438092,0.0024859286951252717
2026-04-30T03:00:00Z,fwd_3h,ridge,-0.0352464166464763,-0.02552494528823004
2026-04-30T04:00:00Z,fwd_3h,ridge,0.0,0.014316116595380455
2026-04-30T05:00:00Z,fwd_3h,ridge,0.0421238387408229,0.04203351735632099
2026-04-30T06:00:00Z,fwd_3h,ridge,0.0421238387408229,-0.022248156698762404
2026-04-30T07:00:00Z,fwd_3h,ridge,0.0421238387408229,0.027554597080787408
2026-04-30T08:00:00Z,fwd_3h,ridge,0.0,0.04106673996806755
2026-04-30T09:00:00Z,fwd_3h,ridge,0.0005749874871705,0.011133346710999126
2026-04-30T10:00:00Z,fwd_3h,ridge,0.0005749874871705,0.03143479779721921
2026-04-30T11:00:00Z,fwd_3h,ridge,0.0005749874871705,0.004507344198053916
2026-04-30T12:00:00Z,fwd_3h,ridge,0.0,-0.012779791475846083
2026-04-30T13:00:00Z,fwd_3h,ridge,0.0328435841023473,0.009549170606739214
2026-04-30T14:00:00Z,fwd_3h,ridge,0.0328435841023473,-0.011346663169508962
2026-04-30T15:00:00Z,fwd_3h,ridge,0.0328435841023473,0.02171407125461971
2026-04-30T16:00:00Z,fwd_3h,ridge,0.0,0.02145004010587844
2026-04-30T17:00:00Z,fwd_3h,ridge,0.0485939537825712,-0.01024090620089639
2026-04-30T18:00:00Z,fwd_3h,ridge,0.0455724911382149,0.039447704092394696
2026-04-30T19:00:00Z,fwd_3h,ridge,0.0672407897463212,-0.020718573032080183
2026-04-30T20:00:00Z,fwd_3h,ridge,0.0301724213052714,-0.01873282611123776
2026-04-30T21:00:00Z,fwd_3h,ridge,0.0294125366198318,0.018644455090194786
2026-04-30T22:00:00Z,fwd_3h,ridge,0.0101539268027568,0.0035541818880798484
2026-04-30T23:00:00Z,fwd_3h,ridge,0.0217978578265289,0.007138377342878934
2026-05-01T00:00:00Z,fwd_3h,ridge,0.0657286102784544,0.010951846324771738
2026-05-01T01:00:00Z,fwd_3h,ridge,0.0852154836528438,-0.012004995439559109
2026-05-01T02:00:00Z,fwd_3h,ridge,0.111414900694303,-0.0052484989681163595
2026-05-01T03:00:00Z,fwd_3h,ridge,0.0462285842401113,0.01460495455839789
2026-05-01T04:00:00Z,fwd_3h,ridge,0.0117165489188884,0.014478466651468316
2026-05-01T05:00:00Z,fwd_3h,ridge,0.0501127855569976,0.03217166010048775
2026-05-01T06:00:00Z,fwd_3h,ridge,0.0094703194200833,0.023256283802337855
2026-05-01T07:00:00Z,fwd_3h,ridge,-0.0018875470963837,-0.017300400689169045
2026-05-01T08:00:00Z,fwd_3h,ridge,-0.0920941839891118,0.06037916598799171
2026-05-01T09:00:00Z,fwd_3h,ridge,-0.0088480494091734,-0.028309829432170648
2026-05-01T10:00:00Z,fwd_3h,ridge,0.0271610491067266,0.0062501085283645594
2026-05-01T11:00:00Z,fwd_3h,ridge,0.0354335630057216,-0.012483607741673522
2026-05-01T12:00:00Z,fwd_3h,ridge,-0.0145990213988663,-0.030419555648766028
2026-05-01T13:00:00Z,fwd_3h,ridge,-0.0265241816854335,0.03636268574015784
2026-05-01T14:00:00Z,fwd_3h,ridge,0.0056430459763585,-0.014857853741314424
2026-05-01T15:00:00Z,fwd_3h,ridge,0.0570257443100503,-0.025782520688326434
2026-05-01T16:00:00Z,fwd_3h,ridge,0.0138346322101474,-0.009275284469517309
2026-05-01T17:00:00Z,fwd_3h,ridge,-0.0406084028774251,0.03780892140618412
2026-05-01T18:00:00Z,fwd_3h,ridge,-0.0297949725593653,0.018338456665146864
2026-05-01T19:00:00Z,fwd_3h,ridge,-0.005018472193114,-0.018333993280287137
2026-05-01T20:00:00Z,fwd_3h,ridge,0.0373234778833471,0.0025111894837264717
2026-05-01T21:00:00Z,fwd_3h,ridge,0.0343867391066998,0.006649792528046409
2026-05-01T22:00:00Z,fwd_3h,ridge,-0.0331933079818316,0.011020756342454714
2026-05-01T23:00:00Z,fwd_3h,ridge,-0.0445756638536569,0.014780127906670451
2026-05-02T00:00:00Z,fwd_3h,ridge,-0.0818169076933603,0.010670038094254323
2026-05-02T01:00:00Z,fwd_3h,ridge,-0.0531086164459401,-0.019118468533774868
2026-05-02T02:00:00Z,fwd_3h,ridge,-0.0496229966728709,0.012939124861792651
2026-05-02T03:00:00Z,fwd_3h,ridge,-0.0500714767169025,-0.025871381113140864
2026-05-02T04:00:00Z,fwd_3h,ridge,0.0355964150468595,-0.011316961110196849
2026-05-02T05:00:00Z,fwd_3h,ridge,0.030763913242628,0.007749737010292516
2026-05-02T06:00:00Z,fwd_3h,ridge,0.0524808099291962,-0.003486026152500256
2026-05-02T07:00:00Z,fwd_3h,ridge,0.0351864956374146,0.026916640737812133
2026-05-02T08:00:00Z,fwd_3h,ridge,0.0025110126490701,0.03216599083265897
2026-05-02T09:00:00Z,fwd_3h,ridge,-0.0127199626331667,0.01748467839311445
2026-05-02T10:00:00Z,fwd_3h,ridge,-0.0154781889212184,0.0028008330012692225
2026-05-02T11:00:00Z,fwd_3h,ridge,0.0272865685333196,-0.011237445730912676
2026-05-02T12:00:00Z,fwd_3h,ridge,0.0297546443860796,-0.02692500214109135
2026-05-02T13:00:00Z,fwd_3h,ridge,0.0476998595075741,0.01115339739525295
2026-05-02T14:00:00Z,fwd_3h,ridge,0.026859465326626,0.04261000478276381
2026-05-02T15:00:00Z,fwd_3h,ridge,0.0069783805555576,-0.0014756611168729537
2026-05-02T16:00:00Z,fwd_3h,ridge,-0.0270798770169414,0.0028969618354202182
2026-05-02T17:00:00Z,fwd_3h,ridge,-0.0139709580405034,-0.002662268251711208
2026-05-02T18:00:00Z,fwd_3h,ridge,-0.0069535492923744,-0.02411066028089569
2026-05-02T19:00:00Z,fwd_3h,ridge,-0.0189358014300583,-0.024315783768590723
2026-05-02T20:00:00Z,fwd_3h,ridge,-0.0256784637323318,-0.009806163388276688
2026-05-02T21:00:00Z,fwd_3h,ridge,-0.001236832468241,-0.02005825888869047
2026-05-02T22:00:00Z,fwd_3h,ridge,0.0036050885968101,-0.023935494286606594
2026-05-02T23:00:00Z,fwd_3h,ridge,0.0266835176792599,-0.011656383958778258
2026-05-03T00:00:00Z,fwd_3h,ridge,0.0181614237853822,0.005642366048683583
2026-05-03T01:00:00Z,fwd_3h,ridge,-0.0066100296891625,0.015890762139292032
2026-05-03T02:00:00Z,fwd_3h,ridge,-0.0530631223834446,-0.02021614375332982
2026-05-03T03:00:00Z,fwd_3h,ridge,-0.0578790953663967,0.017057951619911305
2026-05-03T04:00:00Z,fwd_3h,ridge,-0.0262143734694019,-0.0018999695438606289
2026-05-03T05:00:00Z,fwd_3h,ridge,0.0016951522864869,-0.012043251495042984
2026-05-03T06:00:00Z,fwd_3h,ridge,0.0223173492094055,-0.02119223103914531
2026-05-03T07:00:00Z,fwd_3h,ridge,0.0051744945058429,0.019123982466419692
2026-05-03T08:00:00Z,fwd_3h,ridge,0.0029171039545452,0.005032641573419199
2026-05-03T09:00:00Z,fwd_3h,ridge,-0.0335203240074167,0.01465161142049174
2026-05-03T10:00:00Z,fwd_3h,ridge,-0.0098075445591367,-0.031503150200515334
2026-05-03T11:00:00Z,fwd_3h,ridge,-0.0188104226374887,-0.019049532358484715
2026-05-03T12:00:00Z,fwd_3h,ridge,-0.084471365236452,-0.02441341966200143
2026-05-03T13:00:00Z,fwd_3h,ridge,-0.1152212022554067,-0.04083076211914872
2026-05-03T14:00:00Z,fwd_3h,ridge,-0.1087082241912551,-0.0007533201643651326
2026-05-03T15:00:00Z,fwd_3h,ridge,-0.0302771039476125,-0.03015313733943819
2026-05-03T16:00:00Z,fwd_3h,ridge,0.0,0.039852161325362984
2026-05-03T17:00:00Z,fwd_3h,ridge,0.0077307316110635,0.009390468465934968
2026-05-03T18:00:00Z,fwd_3h,ridge,0.0077307316110635,0.0010400611998087352
2026-05-03T19:00:00Z,fwd_3h,ridge,0.0077307316110635,-0.005139392093014389
2026-05-03T20:00:00Z,fwd_3h,ridge,0.0,0.006198812886590391
2026-05-03T21:00:00Z,fwd_3h,ridge,0.021560458840607,-0.007895988695600245
2026-05-03T22:00:00Z,fwd_3h,ridge,0.0091277139247774,0.018905042322511483
2026-05-03T23:00:00Z,fwd_3h,ridge,0.0091277139247774,-0.00931727340755543
2026-05-04T00:00:00Z,fwd_3h,ridge,-0.0121703466576416,0.007889944689530401
2026-05-04T01:00:00Z,fwd_3h,ridge,0.0832607411083741,-0.01073059462364472
2026-05-04T02:00:00Z,fwd_3h,ridge,0.0816547678865327,0.009957239927376587
2026-05-04T03:00:00Z,fwd_3h,ridge,0.0951140734101261,0.009466901527922901
2026-05-04T04:00:00Z,fwd_3h,ridge,0.0055225091493629,-0.004074741768803141
2026-05-04T05:00:00Z,fwd_3h,ridge,0.008122883384164,0.0018831761351753016
2026-05-04T06:00:00Z,fwd_3h,ridge,-0.0176610966577905,-0.013800153596083957
2026-05-04T07:00:00Z,fwd_3h,ridge,-0.0463729339519427,-0.02360839862728533
2026-05-04T08:00:00Z,fwd_3h,ridge,-0.1201659854560831,0.012253141890849854
2026-05-04T09:00:00Z,fwd_3h,ridge,-0.0717786279569473,0.0024068898722204766
2026-05-04T10:00:00Z,fwd_3h,ridge,-0.0386779635987872,-0.005925006923653482
2026-05-04T11:00:00Z,fwd_3h,ridge,0.0408050188653095,-0.031767676425607745
2026-05-04T12:00:00Z,fwd_3h,ridge,0.0,0.036745273557169465
2026-05-04T13:00:00Z,fwd_3h,ridge,0.0337368700114673,0.036722464632853134
2026-05-04T14:00:00Z,fwd_3h,ridge,0.0498639747137925,0.011301872865772281
2026-05-04T15:00:00Z,fwd_3h,ridge,0.0732340383400855,-0.006929248871340185
2026-05-04T16:00:00Z,fwd_3h,ridge,0.0179403156843245,-0.007182133289131806
2026-05-04T17:00:00Z,fwd_3h,ridge,-0.0132060264365959,0.017356780164898902
2026-05-04T18:00:00Z,fwd_3h,ridge,-0.0257732804138406,0.012292706778355497
2026-05-04T19:00:00Z,fwd_3h,ridge,0.0797286708300082,-0.008767059555454709
2026-05-04T20:00:00Z,fwd_3h,ridge,0.0802735728764223,-0.003228352249214792
2026-05-04T21:00:00Z,fwd_3h,ridge,0.0298861472400093,-0.011829482356151822
2026-05-04T22:00:00Z,fwd_3h,ridge,-0.0376508792156577,0.06436386685416594
2026-05-04T23:00:00Z,fwd_3h,ridge,-0.0292198919429562,0.015923257387183372
2026-05-05T00:00:00Z,fwd_3h,ridge,0.0307490630915443,0.0024567336743578114
2026-05-05T01:00:00Z,fwd_3h,ridge,0.0418874168198271,-0.009651829345980412
2026-05-05T02:00:00Z,fwd_3h,ridge,0.0390523331944137,-0.014753481565197653
2026-05-05T03:00:00Z,fwd_3h,ridge,0.0364364370032475,0.00034197492155049703
2026-05-05T04:00:00Z,fwd_3h,ridge,-0.0010494581063651,-0.007154480616754588
2026-05-05T05:00:00Z,fwd_3h,ridge,0.0047325801151125,-0.022497423246103963
2026-05-05T06:00:00Z,fwd_3h,ridge,-0.0369980368750659,-0.02705611863080688
2026-05-05T07:00:00Z,fwd_3h,ridge,0.0283177544763619,0.025539655384859725
2026-05-05T08:00:00Z,fwd_3h,ridge,0.0282765654103902,-0.02086526667968375
2026-05-05T09:00:00Z,fwd_3h,ridge,0.1546501855481035,0.00861090984480599
2026-05-05T10:00:00Z,fwd_3h,ridge,0.1692774972644255,0.05501517627749905
2026-05-05T11:00:00Z,fwd_3h,ridge,0.0845033925255425,0.006314606495791832
2026-05-05T12:00:00Z,fwd_3h,ridge,0.009099904574535,0.03617751549551138
2026-05-05T13:00:00Z,fwd_3h,ridge,-0.072815810623775,0.036192775788459246
2026-05-05T14:00:00Z,fwd_3h,ridge,0.0216330742587074,-0.02048494485813854
2026-05-05T15:00:00Z,fwd_3h,ridge,0.0203695790881697,0.0033502145138959915
2026-05-05T16:00:00Z,fwd_3h,ridge,0.0092490332690782,-0.010169686704604459
2026-05-05T17:00:00Z,fwd_3h,ridge,0.0162412708284223,-0.0028121476462764573
2026-05-05T18:00:00Z,fwd_3h,ridge,-0.0062778289486601,0.023646721568743267
2026-05-05T19:00:00Z,fwd_3h,ridge,-0.0369383745811456,0.01064551496499677
2026-05-05T20:00:00Z,fwd_3h,ridge,-0.0682611339720442,0.010510992202119802
2026-05-05T21:00:00Z,fwd_3h,ridge,-0.0653805988589528,-0.020817553831449145
2026-05-05T22:00:00Z,fwd_3h,ridge,0.0061072400179849,-0.007761215514116043
2026-05-05T23:00:00Z,fwd_3h,ridge,0.0041853960298299,0.00435029440662682
2026-05-06T00:00:00Z,fwd_3h,ridge,0.0092677089046491,-0.0020810270045219415
2026-05-06T01:00:00Z,fwd_3h,ridge,-0.0126789175399174,0.007264093385804074
2026-05-06T02:00:00Z,fwd_3h,ridge,-0.0033362099021295,-0.004764300689935278
2026-05-06T03:00:00Z,fwd_3h,ridge,0.0363800992439127,-0.01881058888712811
2026-05-06T04:00:00Z,fwd_3h,ridge,0.2031744528717922,-0.015202358480171098
2026-05-06T05:00:00Z,fwd_3h,ridge,0.0890483087629332,-0.0016598128245936318
2026-05-06T06:00:00Z,fwd_3h,ridge,0.0343345763046811,-0.003888700004714899
2026-05-06T07:00:00Z,fwd_3h,ridge,-0.0848247366460681,0.10235528159698541
2026-05-06T08:00:00Z,fwd_3h,ridge,0.0661440228135263,-0.011500346302848055
2026-05-06T09:00:00Z,fwd_3h,ridge,0.1950598752302983,-0.01230866878057093
2026-05-06T10:00:00Z,fwd_3h,ridge,0.1275592007516062,0.011999233974245783
2026-05-06T11:00:00Z,fwd_3h,ridge,0.0361135098467146,0.01806876206645455
2026-05-06T12:00:00Z,fwd_3h,ridge,-0.0793037847938765,0.11162280906618922
2026-05-06T13:00:00Z,fwd_3h,ridge,-0.0554367003781233,0.001119774674775789
2026-05-06T14:00:00Z,fwd_3h,ridge,-0.0027284477101054,0.014327476979460718
2026-05-06T15:00:00Z,fwd_3h,ridge,-0.0031935139975454,0.011487699079844376
2026-05-06T16:00:00Z,fwd_3h,ridge,0.0165586543537348,-0.006832782202734818
2026-05-06T17:00:00Z,fwd_3h,ridge,-0.0106831665307537,0.03412965248725405
2026-05-06T18:00:00Z,fwd_3h,ridge,0.1838913681003675,-0.015856996848986903
2026-05-06T19:00:00Z,fwd_3h,ridge,0.0873724517130256,-0.00363172819758993
2026-05-06T20:00:00Z,fwd_3h,ridge,0.1018490433394294,0.00968141532830341
2026-05-06T21:00:00Z,fwd_3h,ridge,-0.0671821458310543,0.05857439263988307
2026-05-06T22:00:00Z,fwd_3h,ridge,0.0519640914871593,-0.002928502688411492
2026-04-17T06:00:00Z,fwd_3h,elastic_net,-0.0955178845263217,
2026-04-17T07:00:00Z,fwd_3h,elastic_net,-0.0955178845263217,
2026-04-17T08:00:00Z,fwd_3h,elastic_net,0.0,
2026-04-17T09:00:00Z,fwd_3h,elastic_net,0.0264294896106698,
2026-04-17T10:00:00Z,fwd_3h,elastic_net,0.0264294896106698,
2026-04-17T11:00:00Z,fwd_3h,elastic_net,0.0264294896106698,
2026-04-17T12:00:00Z,fwd_3h,elastic_net,0.0,
2026-04-17T13:00:00Z,fwd_3h,elastic_net,0.111656884090084,
2026-04-17T14:00:00Z,fwd_3h,elastic_net,0.111656884090084,
2026-04-17T15:00:00Z,fwd_3h,elastic_net,0.111656884090084,
2026-04-17T16:00:00Z,fwd_3h,elastic_net,0.0,
2026-04-17T17:00:00Z,fwd_3h,elastic_net,-0.0333364930278827,
2026-04-17T18:00:00Z,fwd_3h,elastic_net,-0.0333364930278827,
2026-04-17T19:00:00Z,fwd_3h,elastic_net,-0.0333364930278827,
2026-04-17T20:00:00Z,fwd_3h,elastic_net,0.0,
2026-04-17T21:00:00Z,fwd_3h,elastic_net,-0.042006126250267,
2026-04-17T22:00:00Z,fwd_3h,elastic_net,-0.042006126250267,
2026-04-17T23:00:00Z,fwd_3h,elastic_net,-0.042006126250267,
2026-04-18T00:00:00Z,fwd_3h,elastic_net,0.0,
2026-04-18T01:00:00Z,fwd_3h,elastic_net,-0.0504516634443494,
2026-04-18T02:00:00Z,fwd_3h,elastic_net,-0.0504516634443494,
2026-04-18T03:00:00Z,fwd_3h,elastic_net,-0.0504516634443494,
2026-04-18T04:00:00Z,fwd_3h,elastic_net,0.0,
2026-04-18T05:00:00Z,fwd_3h,elastic_net,-0.0321276759024523,
2026-04-18T06:00:00Z,fwd_3h,elastic_net,-0.0321276759024523,
2026-04-18T07:00:00Z,fwd_3h,elastic_net,-0.0321276759024523,
2026-04-18T08:00:00Z,fwd_3h,elastic_net,0.0,
2026-04-18T09:00:00Z,fwd_3h,elastic_net,0.0172808764844798,
2026-04-18T10:00:00Z,fwd_3h,elastic_net,0.0172808764844798,
2026-04-18T11:00:00Z,fwd_3h,elastic_net,0.0172808764844798,
2026-04-18T12:00:00Z,fwd_3h,elastic_net,0.0,
2026-04-18T13:00:00Z,fwd_3h,elastic_net,0.0231544146737576,
2026-04-18T14:00:00Z,fwd_3h,elastic_net,0.0231544146737576,
2026-04-18T15:00:00Z,fwd_3h,elastic_net,0.0231544146737576,
2026-04-18T16:00:00Z,fwd_3h,elastic_net,0.0,
2026-04-18T17:00:00Z,fwd_3h,elastic_net,-0.1000844810912191,
2026-04-18T18:00:00Z,fwd_3h,elastic_net,-0.1000844810912191,
2026-04-18T19:00:00Z,fwd_3h,elastic_net,-0.1000844810912191,
2026-04-18T20:00:00Z,fwd_3h,elastic_net,0.0,
2026-04-18T21:00:00Z,fwd_3h,elastic_net,-0.0737970090528501,
2026-04-18T22:00:00Z,fwd_3h,elastic_net,-0.0737970090528501,
2026-04-18T23:00:00Z,fwd_3h,elastic_net,-0.0737970090528501,
2026-04-19T00:00:00Z,fwd_3h,elastic_net,0.0,
2026-04-19T01:00:00Z,fwd_3h,elastic_net,-0.0217638727159802,
2026-04-19T02:00:00Z,fwd_3h,elastic_net,-0.0217638727159802,
2026-04-19T03:00:00Z,fwd_3h,elastic_net,-0.0217638727159802,
2026-04-19T04:00:00Z,fwd_3h,elastic_net,0.0,
2026-04-19T05:00:00Z,fwd_3h,elastic_net,0.0474319915411709,
2026-04-19T06:00:00Z,fwd_3h,elastic_net,0.0474319915411709,
2026-04-19T07:00:00Z,fwd_3h,elastic_net,0.0474319915411709,
2026-04-19T08:00:00Z,fwd_3h,elastic_net,0.0,
2026-04-19T09:00:00Z,fwd_3h,elastic_net,-0.0053770347743699,
2026-04-19T10:00:00Z,fwd_3h,elastic_net,-0.0053770347743699,
2026-04-19T11:00:00Z,fwd_3h,elastic_net,-0.0053770347743699,
2026-04-19T12:00:00Z,fwd_3h,elastic_net,0.0,
2026-04-19T13:00:00Z,fwd_3h,elastic_net,0.0047238564559759,
2026-04-19T14:00:00Z,fwd_3h,elastic_net,0.0047238564559759,
2026-04-19T15:00:00Z,fwd_3h,elastic_net,0.0047238564559759,
2026-04-19T16:00:00Z,fwd_3h,elastic_net,0.0,
2026-04-19T17:00:00Z,fwd_3h,elastic_net,-0.0953798799618788,
2026-04-19T18:00:00Z,fwd_3h,elastic_net,-0.0953798799618788,
2026-04-19T19:00:00Z,fwd_3h,elastic_net,-0.0953798799618788,
2026-04-19T20:00:00Z,fwd_3h,elastic_net,0.0,
2026-04-19T21:00:00Z,fwd_3h,elastic_net,0.0440521420123209,
2026-04-19T22:00:00Z,fwd_3h,elastic_net,0.0440521420123209,
2026-04-19T23:00:00Z,fwd_3h,elastic_net,0.0440521420123209,
2026-04-20T00:00:00Z,fwd_3h,elastic_net,0.0,
2026-04-20T01:00:00Z,fwd_3h,elastic_net,-0.0634056412658684,
2026-04-20T02:00:00Z,fwd_3h,elastic_net,-0.0634056412658684,
2026-04-20T03:00:00Z,fwd_3h,elastic_net,-0.0634056412658684,
2026-04-20T04:00:00Z,fwd_3h,elastic_net,0.0,
2026-04-20T05:00:00Z,fwd_3h,elastic_net,0.0431657960367666,
2026-04-20T06:00:00Z,fwd_3h,elastic_net,0.0431657960367666,
2026-04-20T07:00:00Z,fwd_3h,elastic_net,0.0431657960367666,
2026-04-20T08:00:00Z,fwd_3h,elastic_net,0.0,
2026-04-20T09:00:00Z,fwd_3h,elastic_net,0.067601680045592,
2026-04-20T10:00:00Z,fwd_3h,elastic_net,0.067601680045592,
2026-04-20T11:00:00Z,fwd_3h,elastic_net,0.067601680045592,
2026-04-20T12:00:00Z,fwd_3h,elastic_net,0.0,
2026-04-20T13:00:00Z,fwd_3h,elastic_net,-0.027940632156484,
2026-04-20T14:00:00Z,fwd_3h,elastic_net,-0.027940632156484,
2026-04-20T15:00:00Z,fwd_3h,elastic_net,-0.027940632156484,
2026-04-20T16:00:00Z,fwd_3h,elastic_net,0.0,
2026-04-20T17:00:00Z,fwd_3h,elastic_net,0.0423732598578165,0.013481687010032892
2026-04-20T18:00:00Z,fwd_3h,elastic_net,0.0423732598578165,0.02954095332046091
2026-04-20T19:00:00Z,fwd_3h,elastic_net,0.0423732598578165,-0.023084965935260403
2026-04-20T20:00:00Z,fwd_3h,elastic_net,0.0,-0.08422364238913209
2026-04-20T21:00:00Z,fwd_3h,elastic_net,-0.067770203651209,0.023430757273534532
2026-04-20T22:00:00Z,fwd_3h,elastic_net,-0.067770203651209,0.022128658885949032
2026-04-20T23:00:00Z,fwd_3h,elastic_net,-0.067770203651209,-0.07730020132621106
2026-04-21T00:00:00Z,fwd_3h,elastic_net,0.0,0.020497878942479578
2026-04-21T01:00:00Z,fwd_3h,elastic_net,-0.032154581168123,-0.00959107279770899
2026-04-21T02:00:00Z,fwd_3h,elastic_net,-0.032154581168123,-0.040484541586094366
2026-04-21T03:00:00Z,fwd_3h,elastic_net,-0.032154581168123,-0.014705157880383601
2026-04-21T04:00:00Z,fwd_3h,elastic_net,0.0,-0.01416699216818102
2026-04-21T05:00:00Z,fwd_3h,elastic_net,0.0842983081860269,0.023183708166034732
2026-04-21T06:00:00Z,fwd_3h,elastic_net,0.0842983081860269,0.025923377939683058
2026-04-21T07:00:00Z,fwd_3h,elastic_net,0.0842983081860269,0.027968920088194807
2026-04-21T08:00:00Z,fwd_3h,elastic_net,0.0,0.02000976189338074
2026-04-21T09:00:00Z,fwd_3h,elastic_net,0.0420696095745838,-0.004392480073474781
2026-04-21T10:00:00Z,fwd_3h,elastic_net,0.0420696095745838,-0.013129808786103894
2026-04-21T11:00:00Z,fwd_3h,elastic_net,0.0420696095745838,0.021802866930788166
2026-04-21T12:00:00Z,fwd_3h,elastic_net,0.0,-0.03944267220078133
2026-04-21T13:00:00Z,fwd_3h,elastic_net,-0.0568021174587255,-0.07011857594319812
2026-04-21T14:00:00Z,fwd_3h,elastic_net,-0.0568021174587255,0.002916858599668972
2026-04-21T15:00:00Z,fwd_3h,elastic_net,-0.0568021174587255,-0.004104245614639887
2026-04-21T16:00:00Z,fwd_3h,elastic_net,0.0,-0.01179462537065149
2026-04-21T17:00:00Z,fwd_3h,elastic_net,0.0335980215754752,-0.01528412424399739
2026-04-21T18:00:00Z,fwd_3h,elastic_net,0.0335980215754752,-0.027509429751088922
2026-04-21T19:00:00Z,fwd_3h,elastic_net,0.0335980215754752,0.019919030016724848
2026-04-21T20:00:00Z,fwd_3h,elastic_net,0.0,0.018901532930629183
2026-04-21T21:00:00Z,fwd_3h,elastic_net,0.0021543668174439,-0.019536934201627505
2026-04-21T22:00:00Z,fwd_3h,elastic_net,0.0021543668174439,-0.017087238623718103
2026-04-21T23:00:00Z,fwd_3h,elastic_net,0.0021543668174439,-0.04115523884611483
2026-04-22T00:00:00Z,fwd_3h,elastic_net,0.0,-0.0013159177758101295
2026-04-22T01:00:00Z,fwd_3h,elastic_net,0.0297230158009194,-0.07151279449433941
2026-04-22T02:00:00Z,fwd_3h,elastic_net,0.0297230158009194,-0.011861401297988019
2026-04-22T03:00:00Z,fwd_3h,elastic_net,0.0297230158009194,-0.038839408765691454
2026-04-22T04:00:00Z,fwd_3h,elastic_net,0.0,0.018635613253944285
2026-04-22T05:00:00Z,fwd_3h,elastic_net,0.0608476155819288,-0.009783120219185459
2026-04-22T06:00:00Z,fwd_3h,elastic_net,0.0608476155819288,-0.04781967888381866
2026-04-22T07:00:00Z,fwd_3h,elastic_net,0.0608476155819288,0.01972100879020517
2026-04-22T08:00:00Z,fwd_3h,elastic_net,0.0257445269048386,0.0967262935058206
2026-04-22T09:00:00Z,fwd_3h,elastic_net,0.0185099164218336,-0.0033872857558271668
2026-04-22T10:00:00Z,fwd_3h,elastic_net,0.0185099164218336,0.0006053543911232872
2026-04-22T11:00:00Z,fwd_3h,elastic_net,-0.0070530334729987,0.0009208671690234087
2026-04-22T12:00:00Z,fwd_3h,elastic_net,0.0,-0.019225171953740516
2026-04-22T13:00:00Z,fwd_3h,elastic_net,0.1325819147095921,0.00513000232980761
2026-04-22T14:00:00Z,fwd_3h,elastic_net,0.1325819147095921,0.07069018971369
2026-04-22T15:00:00Z,fwd_3h,elastic_net,0.1325819147095921,0.04612001285578365
2026-04-22T16:00:00Z,fwd_3h,elastic_net,0.0,0.03958472590114731
2026-04-22T17:00:00Z,fwd_3h,elastic_net,-0.0857013765130157,-0.039404258495289377
2026-04-22T18:00:00Z,fwd_3h,elastic_net,-0.0857013765130157,0.0012895623351405032
2026-04-22T19:00:00Z,fwd_3h,elastic_net,-0.0857013765130157,-0.015998268812810613
2026-04-22T20:00:00Z,fwd_3h,elastic_net,0.0,-0.031525166646048396
2026-04-22T21:00:00Z,fwd_3h,elastic_net,0.0392970850132388,-0.00598879381172108
2026-04-22T22:00:00Z,fwd_3h,elastic_net,0.0392970850132388,0.0032904777861912007
2026-04-22T23:00:00Z,fwd_3h,elastic_net,0.0392970850132388,0.007268402404430293
2026-04-23T00:00:00Z,fwd_3h,elastic_net,0.0,0.04039801885374002
2026-04-23T01:00:00Z,fwd_3h,elastic_net,-0.0315906345864475,-0.011475865746356636
2026-04-23T02:00:00Z,fwd_3h,elastic_net,-0.0315906345864475,0.0073235100293250754
2026-04-23T03:00:00Z,fwd_3h,elastic_net,-0.0315906345864475,0.027842553006598672
2026-04-23T04:00:00Z,fwd_3h,elastic_net,0.0,-0.000890081774950478
2026-04-23T05:00:00Z,fwd_3h,elastic_net,-0.0627434850143782,-0.007086863966260166
2026-04-23T06:00:00Z,fwd_3h,elastic_net,-0.0627434850143782,0.010804689608758276
2026-04-23T07:00:00Z,fwd_3h,elastic_net,-0.0627434850143782,0.01020570034491396
2026-04-23T08:00:00Z,fwd_3h,elastic_net,0.0,-0.038421962065974986
2026-04-23T09:00:00Z,fwd_3h,elastic_net,0.1181223264681665,-0.01524110874905056
2026-04-23T10:00:00Z,fwd_3h,elastic_net,0.1181223264681665,-0.0076457983406162475
2026-04-23T11:00:00Z,fwd_3h,elastic_net,0.1181223264681665,-0.009174332992560095
2026-04-23T12:00:00Z,fwd_3h,elastic_net,0.0,0.11291727890908228
2026-04-23T13:00:00Z,fwd_3h,elastic_net,-0.0293263755396362,0.01712712054736214
2026-04-23T14:00:00Z,fwd_3h,elastic_net,-0.0293263755396362,0.022824750198188
2026-04-23T15:00:00Z,fwd_3h,elastic_net,-0.0293263755396362,-0.017930215288225637
2026-04-23T16:00:00Z,fwd_3h,elastic_net,0.0,0.0072644848516773206
2026-04-23T17:00:00Z,fwd_3h,elastic_net,-0.0244065913888801,-0.003347714172315724
2026-04-23T18:00:00Z,fwd_3h,elastic_net,-0.0244065913888801,0.030414798263495677
2026-04-23T19:00:00Z,fwd_3h,elastic_net,-0.0244065913888801,-0.006311954233951691
2026-04-23T20:00:00Z,fwd_3h,elastic_net,0.0,0.04859017773662952
2026-04-23T21:00:00Z,fwd_3h,elastic_net,0.0768536726616908,-0.01262736871978338
2026-04-23T22:00:00Z,fwd_3h,elastic_net,0.0768536726616908,0.02790898007024757
2026-04-23T23:00:00Z,fwd_3h,elastic_net,0.0768536726616908,0.05040149428785378
2026-04-24T00:00:00Z,fwd_3h,elastic_net,0.0,-0.003408661894089982
2026-04-24T01:00:00Z,fwd_3h,elastic_net,-0.0503907549855541,0.0026968235527933364
2026-04-24T02:00:00Z,fwd_3h,elastic_net,-0.0503907549855541,0.028988044733239897
2026-04-24T03:00:00Z,fwd_3h,elastic_net,-0.0503907549855541,0.007441082883542257
2026-04-24T04:00:00Z,fwd_3h,elastic_net,0.0,0.027587872432821403
2026-04-24T05:00:00Z,fwd_3h,elastic_net,0.0392756325062362,-0.008125368581924676
2026-04-24T06:00:00Z,fwd_3h,elastic_net,0.0392756325062362,0.004031963354188111
2026-04-24T07:00:00Z,fwd_3h,elastic_net,0.0392756325062362,0.02724074886326039
2026-04-24T08:00:00Z,fwd_3h,elastic_net,0.0,0.019083828196629307
2026-04-24T09:00:00Z,fwd_3h,elastic_net,0.1948771247073424,0.020934140270798936
2026-04-24T10:00:00Z,fwd_3h,elastic_net,0.1747482638378092,0.020769041337023942
2026-04-24T11:00:00Z,fwd_3h,elastic_net,0.2140757508293336,0.027547081561449936
2026-04-24T12:00:00Z,fwd_3h,elastic_net,0.0805787976232008,0.02224371105326493
2026-04-24T13:00:00Z,fwd_3h,elastic_net,0.0591857176535759,-0.003931620820200683
2026-04-24T14:00:00Z,fwd_3h,elastic_net,0.127779893651295,0.01648106005446866
2026-04-24T15:00:00Z,fwd_3h,elastic_net,0.0619141473982265,0.04430634276000186
2026-04-24T16:00:00Z,fwd_3h,elastic_net,0.0841139363280893,-0.007582806734625446
2026-04-24T17:00:00Z,fwd_3h,elastic_net,0.1352688572436771,0.0441425015395474
2026-04-24T18:00:00Z,fwd_3h,elastic_net,0.0622024605537994,0.012720833256505078
2026-04-24T19:00:00Z,fwd_3h,elastic_net,0.0827225748904341,-0.014480981455619452
2026-04-24T20:00:00Z,fwd_3h,elastic_net,-0.1332806615351507,0.05451625042420135
2026-04-24T21:00:00Z,fwd_3h,elastic_net,-0.0925443397317329,-0.02144478507136232
2026-04-24T22:00:00Z,fwd_3h,elastic_net,-0.1065670024178198,-0.03202511534930963
2026-04-24T23:00:00Z,fwd_3h,elastic_net,-0.0496975811773087,-0.04222505271753352
2026-04-25T00:00:00Z,fwd_3h,elastic_net,-0.0190771588556597,-0.002477887728491685
2026-04-25T01:00:00Z,fwd_3h,elastic_net,-0.0170772284175688,-0.021475618963322198
2026-04-25T02:00:00Z,fwd_3h,elastic_net,-0.0309253272823717,-0.01555776669816722
2026-04-25T03:00:00Z,fwd_3h,elastic_net,-0.0180287139918277,-0.010042058196661284
2026-04-25T04:00:00Z,fwd_3h,elastic_net,-0.0244398228539632,-0.014736896223897188
2026-04-25T05:00:00Z,fwd_3h,elastic_net,0.023430759563503,-0.02466580914941202
2026-04-25T06:00:00Z,fwd_3h,elastic_net,-0.0024152981812732,-0.008327850069654589
2026-04-25T07:00:00Z,fwd_3h,elastic_net,0.0373817596760635,0.0022812050506299947
2026-04-25T08:00:00Z,fwd_3h,elastic_net,0.0310873897208312,-0.013131023306522226
2026-04-25T09:00:00Z,fwd_3h,elastic_net,0.0558510640864329,0.0030517031749539153
2026-04-25T10:00:00Z,fwd_3h,elastic_net,0.0364963083764944,0.018027398859814636
2026-04-25T11:00:00Z,fwd_3h,elastic_net,0.0262369988364652,-0.01083545265203023
2026-04-25T12:00:00Z,fwd_3h,elastic_net,0.0715430885267591,0.0217663660842368
2026-04-25T13:00:00Z,fwd_3h,elastic_net,0.0718752820570132,0.005959901031306886
2026-04-25T14:00:00Z,fwd_3h,elastic_net,0.0513693634826892,0.04363765678059412
2026-04-25T15:00:00Z,fwd_3h,elastic_net,0.0504750736455146,0.05822197067605101
2026-04-25T16:00:00Z,fwd_3h,elastic_net,0.0490039557586343,0.02770883495836984
2026-04-25T17:00:00Z,fwd_3h,elastic_net,0.0563804376563092,0.02055769711427385
2026-04-25T18:00:00Z,fwd_3h,elastic_net,0.0225680790169002,0.02950088691642179
2026-04-25T19:00:00Z,fwd_3h,elastic_net,0.0383868084491396,0.011227112221934132
2026-04-25T20:00:00Z,fwd_3h,elastic_net,0.0241943168709588,0.00901920079796348
2026-04-25T21:00:00Z,fwd_3h,elastic_net,-0.026890495895565,0.028351848144658513
2026-04-25T22:00:00Z,fwd_3h,elastic_net,-0.0317487576041617,0.007852552012563727
2026-04-25T23:00:00Z,fwd_3h,elastic_net,-0.025740477267459,-0.0039758541749185545
2026-04-26T00:00:00Z,fwd_3h,elastic_net,-0.001337234618946,0.015021941099700988
2026-04-26T01:00:00Z,fwd_3h,elastic_net,-0.0324908452046727,-0.003505076319553821
2026-04-26T02:00:00Z,fwd_3h,elastic_net,0.0022809335071469,0.0012079646142538632
2026-04-26T03:00:00Z,fwd_3h,elastic_net,-0.0062558638982797,0.0009972638066399683
2026-04-26T04:00:00Z,fwd_3h,elastic_net,-0.0017113389010634,0.005199467727449487
2026-04-26T05:00:00Z,fwd_3h,elastic_net,-0.0257024027986412,0.015868001685363217
2026-04-26T06:00:00Z,fwd_3h,elastic_net,-0.0132494942495293,-0.00509127768440864
2026-04-26T07:00:00Z,fwd_3h,elastic_net,0.0101771050347636,0.007017075192171527
2026-04-26T08:00:00Z,fwd_3h,elastic_net,0.0081848919653275,0.021287010319102177
2026-04-26T09:00:00Z,fwd_3h,elastic_net,0.0071345689617299,0.016014358575545985
2026-04-26T10:00:00Z,fwd_3h,elastic_net,0.0162984223955007,0.025469781028348213
2026-04-26T11:00:00Z,fwd_3h,elastic_net,-0.0003641017627712,0.00639687893008198
2026-04-26T12:00:00Z,fwd_3h,elastic_net,-0.0123846239945464,0.002264310641131753
2026-04-26T13:00:00Z,fwd_3h,elastic_net,-0.1425679731783448,0.0038161142160647865
2026-04-26T14:00:00Z,fwd_3h,elastic_net,-0.0922113332875762,-0.02096490031946774
2026-04-26T15:00:00Z,fwd_3h,elastic_net,-0.1023419514520673,-0.020471379608578668
2026-04-26T16:00:00Z,fwd_3h,elastic_net,0.0287065192945061,0.007720928453688626
2026-04-26T17:00:00Z,fwd_3h,elastic_net,0.0871214768061079,0.023145144776810254
2026-04-26T18:00:00Z,fwd_3h,elastic_net,0.0665280458450632,0.019273140369167274
2026-04-26T19:00:00Z,fwd_3h,elastic_net,0.0788544490659342,0.0015559090647815615
2026-04-26T20:00:00Z,fwd_3h,elastic_net,0.0174030085622589,0.05017468112321626
2026-04-26T21:00:00Z,fwd_3h,elastic_net,0.0878538727139723,-0.01132621350653499
2026-04-26T22:00:00Z,fwd_3h,elastic_net,0.0681145028162744,0.010155289327459415
2026-04-26T23:00:00Z,fwd_3h,elastic_net,0.0377599634601064,0.018617841150317047
2026-04-27T00:00:00Z,fwd_3h,elastic_net,-0.0065918811544358,0.015634904225223557
2026-04-27T01:00:00Z,fwd_3h,elastic_net,0.0121127466498962,0.0125637757352054
2026-04-27T02:00:00Z,fwd_3h,elastic_net,-0.0203998071661803,0.013173365224607873
2026-04-27T03:00:00Z,fwd_3h,elastic_net,-0.0198162611174808,0.010768664712043647
2026-04-27T04:00:00Z,fwd_3h,elastic_net,-0.0421983666086401,0.0010498783495447024
2026-04-27T05:00:00Z,fwd_3h,elastic_net,-0.0005952383021815,0.022042355168782585
2026-04-27T06:00:00Z,fwd_3h,elastic_net,-0.017581948251544,-0.006873037803795622
2026-04-27T07:00:00Z,fwd_3h,elastic_net,-0.0616725548109886,0.008277438887071512
2026-04-27T08:00:00Z,fwd_3h,elastic_net,-0.0911580058403213,-0.010458733159009494
2026-04-27T09:00:00Z,fwd_3h,elastic_net,-0.0579311420394583,0.02069030374547997
2026-04-27T10:00:00Z,fwd_3h,elastic_net,0.0010973315005886,0.012085247831435855
2026-04-27T11:00:00Z,fwd_3h,elastic_net,0.0312115789784033,0.014992793774566127
2026-04-27T12:00:00Z,fwd_3h,elastic_net,-0.0506113869767519,0.006880414627969702
2026-04-27T13:00:00Z,fwd_3h,elastic_net,-0.0868780837089099,0.0007810516358491594
2026-04-27T14:00:00Z,fwd_3h,elastic_net,-0.1854820573371308,0.017555791164207867
2026-04-27T15:00:00Z,fwd_3h,elastic_net,-0.1006892742458833,-0.0288291210152137
2026-04-27T16:00:00Z,fwd_3h,elastic_net,-0.0938842083039768,0.0024020017879000533
2026-04-27T17:00:00Z,fwd_3h,elastic_net,0.0268685123754977,-0.030423701959732725
2026-04-27T18:00:00Z,fwd_3h,elastic_net,-0.0218477204611458,0.025485895179517593
2026-04-27T19:00:00Z,fwd_3h,elastic_net,-0.0010299012330271,0.016287585240584577
2026-04-27T20:00:00Z,fwd_3h,elastic_net,-0.0108853999150889,0.0032268192278394926
2026-04-27T21:00:00Z,fwd_3h,elastic_net,0.071334652127281,-0.014987256465602342
2026-04-27T22:00:00Z,fwd_3h,elastic_net,0.0742508730289916,-0.00643172415743715
2026-04-27T23:00:00Z,fwd_3h,elastic_net,0.0434608369342026,-0.009473886831830026
2026-04-28T00:00:00Z,fwd_3h,elastic_net,0.0049189166495895,0.03192696061389891
2026-04-28T01:00:00Z,fwd_3h,elastic_net,-0.005033007421459,0.01802990958213056
2026-04-28T02:00:00Z,fwd_3h,elastic_net,0.0136245343433869,0.02033531134652409
2026-04-28T03:00:00Z,fwd_3h,elastic_net,-0.0683596797728158,0.00807457263707587
2026-04-28T04:00:00Z,fwd_3h,elastic_net,-0.1085663361132409,0.004847124543644062
2026-04-28T05:00:00Z,fwd_3h,elastic_net,-0.0991068661709136,0.003616162333916019
2026-04-28T06:00:00Z,fwd_3h,elastic_net,-0.0397470035635683,-0.012705718880451033
2026-04-28T07:00:00Z,fwd_3h,elastic_net,0.0046315465788835,0.05721980449218843
2026-04-28T08:00:00Z,fwd_3h,elastic_net,0.0,0.011060176400691905
2026-04-28T09:00:00Z,fwd_3h,elastic_net,0.004918587451135,0.036461766264770004
2026-04-28T10:00:00Z,fwd_3h,elastic_net,0.004918587451135,0.043610619196781525
2026-04-28T11:00:00Z,fwd_3h,elastic_net,0.004918587451135,0.027099243475571633
2026-04-28T12:00:00Z,fwd_3h,elastic_net,0.0,-0.0018040991628599581
2026-04-28T13:00:00Z,fwd_3h,elastic_net,-0.0175620108356487,-0.0026344649004249494
2026-04-28T14:00:00Z,fwd_3h,elastic_net,-0.0175620108356487,-0.044863350475863054
2026-04-28T15:00:00Z,fwd_3h,elastic_net,-0.0175620108356487,-0.008578052135346223
2026-04-28T16:00:00Z,fwd_3h,elastic_net,0.0,0.03700697967856077
2026-04-28T17:00:00Z,fwd_3h,elastic_net,-0.054004495341984,0.0019195550313635505
2026-04-28T18:00:00Z,fwd_3h,elastic_net,-0.054004495341984,0.02423849991999831
2026-04-28T19:00:00Z,fwd_3h,elastic_net,-0.054004495341984,-0.022522313761905773
2026-04-28T20:00:00Z,fwd_3h,elastic_net,0.0,-0.008482218535858288
2026-04-28T21:00:00Z,fwd_3h,elastic_net,0.0113500992295214,-0.010152516372537258
2026-04-28T22:00:00Z,fwd_3h,elastic_net,0.0113500992295214,-0.011955090385970604
2026-04-28T23:00:00Z,fwd_3h,elastic_net,0.0113500992295214,-0.007119253245233836
2026-04-29T00:00:00Z,fwd_3h,elastic_net,0.0,0.0019512431055235327
2026-04-29T01:00:00Z,fwd_3h,elastic_net,0.162300713641978,0.055178506828546
2026-04-29T02:00:00Z,fwd_3h,elastic_net,0.1564962863565473,0.02350670918832892
2026-04-29T03:00:00Z,fwd_3h,elastic_net,0.1674189701380568,0.005526050444513165
2026-04-29T04:00:00Z,fwd_3h,elastic_net,-0.0331934157443992,0.023949629231735884
2026-04-29T05:00:00Z,fwd_3h,elastic_net,-0.0314234922515588,0.012690353728805278
2026-04-29T06:00:00Z,fwd_3h,elastic_net,-0.0011948312419898,-0.006399344004457342
2026-04-29T07:00:00Z,fwd_3h,elastic_net,0.0340608150689016,0.014589957253280435
2026-04-29T08:00:00Z,fwd_3h,elastic_net,0.0095501389553505,0.012300852125670822
2026-04-29T09:00:00Z,fwd_3h,elastic_net,-0.0857570030939046,0.035068079641691695
2026-04-29T10:00:00Z,fwd_3h,elastic_net,-0.0825868000825248,-0.0033004809897659235
2026-04-29T11:00:00Z,fwd_3h,elastic_net,-0.0573225835244927,0.009847219296217763
2026-04-29T12:00:00Z,fwd_3h,elastic_net,0.0,-0.0033904209248731797
2026-04-29T13:00:00Z,fwd_3h,elastic_net,0.0086652107630751,-0.0416004291959476
2026-04-29T14:00:00Z,fwd_3h,elastic_net,0.0086652107630751,0.010750165250840516
2026-04-29T15:00:00Z,fwd_3h,elastic_net,0.0086652107630751,0.037734048499195524
2026-04-29T16:00:00Z,fwd_3h,elastic_net,0.0,0.008942409945245106
2026-04-29T17:00:00Z,fwd_3h,elastic_net,-0.1295525398295541,0.006605797891750528
2026-04-29T18:00:00Z,fwd_3h,elastic_net,-0.1295525398295541,0.0053385057185409215
2026-04-29T19:00:00Z,fwd_3h,elastic_net,-0.1295525398295541,-0.005309919748703627
2026-04-29T20:00:00Z,fwd_3h,elastic_net,0.0,0.0025026646645901754
2026-04-29T21:00:00Z,fwd_3h,elastic_net,0.2050539018586472,0.027377368493527243
2026-04-29T22:00:00Z,fwd_3h,elastic_net,0.2165652517058851,0.008864424344879256
2026-04-29T23:00:00Z,fwd_3h,elastic_net,0.1910765982834577,0.001975940718096071
2026-04-30T00:00:00Z,fwd_3h,elastic_net,-0.074027164139742,0.034023887297735506
2026-04-30T01:00:00Z,fwd_3h,elastic_net,-0.1151172838622366,0.026914871596331495
2026-04-30T02:00:00Z,fwd_3h,elastic_net,-0.0961810803438092,0.004619007064824042
2026-04-30T03:00:00Z,fwd_3h,elastic_net,-0.0352464166464763,-0.017646088607398417
2026-04-30T04:00:00Z,fwd_3h,elastic_net,0.0,0.015870658517644666
2026-04-30T05:00:00Z,fwd_3h,elastic_net,0.0421238387408229,0.040313703323070035
2026-04-30T06:00:00Z,fwd_3h,elastic_net,0.0421238387408229,-0.01935147216544646
2026-04-30T07:00:00Z,fwd_3h,elastic_net,0.0421238387408229,0.027272796397305895
2026-04-30T08:00:00Z,fwd_3h,elastic_net,0.0,0.03925108884453832
2026-04-30T09:00:00Z,fwd_3h,elastic_net,0.0005749874871705,0.008982380897946785
2026-04-30T10:00:00Z,fwd_3h,elastic_net,0.0005749874871705,0.0320849265117744
2026-04-30T11:00:00Z,fwd_3h,elastic_net,0.0005749874871705,0.004801754471073786
2026-04-30T12:00:00Z,fwd_3h,elastic_net,0.0,-0.012839629571152901
2026-04-30T13:00:00Z,fwd_3h,elastic_net,0.0328435841023473,0.0069827610314440215
2026-04-30T14:00:00Z,fwd_3h,elastic_net,0.0328435841023473,-0.011064197542425616
2026-04-30T15:00:00Z,fwd_3h,elastic_net,0.0328435841023473,0.018515134475598955
2026-04-30T16:00:00Z,fwd_3h,elastic_net,0.0,0.013581157485094728
2026-04-30T17:00:00Z,fwd_3h,elastic_net,0.0485939537825712,-0.010184534055234194
2026-04-30T18:00:00Z,fwd_3h,elastic_net,0.0455724911382149,0.03698031334591753
2026-04-30T19:00:00Z,fwd_3h,elastic_net,0.0672407897463212,-0.02567075162589735
2026-04-30T20:00:00Z,fwd_3h,elastic_net,0.0301724213052714,-0.018693632631774714
2026-04-30T21:00:00Z,fwd_3h,elastic_net,0.0294125366198318,0.013895220441002578
2026-04-30T22:00:00Z,fwd_3h,elastic_net,0.0101539268027568,-0.003169508889061264
2026-04-30T23:00:00Z,fwd_3h,elastic_net,0.0217978578265289,0.005660176481206865
2026-05-01T00:00:00Z,fwd_3h,elastic_net,0.0657286102784544,0.012312447267077675
2026-05-01T01:00:00Z,fwd_3h,elastic_net,0.0852154836528438,-0.013202068397258383
2026-05-01T02:00:00Z,fwd_3h,elastic_net,0.111414900694303,-0.005536651454445176
2026-05-01T03:00:00Z,fwd_3h,elastic_net,0.0462285842401113,0.012567120978110162
2026-05-01T04:00:00Z,fwd_3h,elastic_net,0.0117165489188884,0.012207742338774466
2026-05-01T05:00:00Z,fwd_3h,elastic_net,0.0501127855569976,0.024811554607614437
2026-05-01T06:00:00Z,fwd_3h,elastic_net,0.0094703194200833,0.02008576011230328
2026-05-01T07:00:00Z,fwd_3h,elastic_net,-0.0018875470963837,-0.010430328359978466
2026-05-01T08:00:00Z,fwd_3h,elastic_net,-0.0920941839891118,0.05432389933320907
2026-05-01T09:00:00Z,fwd_3h,elastic_net,-0.0088480494091734,-0.02248654040432878
2026-05-01T10:00:00Z,fwd_3h,elastic_net,0.0271610491067266,0.003890728493305858
2026-05-01T11:00:00Z,fwd_3h,elastic_net,0.0354335630057216,-0.005676638324640795
2026-05-01T12:00:00Z,fwd_3h,elastic_net,-0.0145990213988663,-0.03070350676277643
2026-05-01T13:00:00Z,fwd_3h,elastic_net,-0.0265241816854335,0.02936313644130164
2026-05-01T14:00:00Z,fwd_3h,elastic_net,0.0056430459763585,-0.013388787443793092
2026-05-01T15:00:00Z,fwd_3h,elastic_net,0.0570257443100503,-0.020953948142128115
2026-05-01T16:00:00Z,fwd_3h,elastic_net,0.0138346322101474,-0.009097050400724317
2026-05-01T17:00:00Z,fwd_3h,elastic_net,-0.0406084028774251,0.03695235057406726
2026-05-01T18:00:00Z,fwd_3h,elastic_net,-0.0297949725593653,0.016834753543979935
2026-05-01T19:00:00Z,fwd_3h,elastic_net,-0.005018472193114,-0.01624501689323557
2026-05-01T20:00:00Z,fwd_3h,elastic_net,0.0373234778833471,0.0026785614248759147
2026-05-01T21:00:00Z,fwd_3h,elastic_net,0.0343867391066998,0.00636700206150005
2026-05-01T22:00:00Z,fwd_3h,elastic_net,-0.0331933079818316,0.013677195505082628
2026-05-01T23:00:00Z,fwd_3h,elastic_net,-0.0445756638536569,0.01622654954859362
2026-05-02T00:00:00Z,fwd_3h,elastic_net,-0.0818169076933603,0.010793024033483492
2026-05-02T01:00:00Z,fwd_3h,elastic_net,-0.0531086164459401,-0.021571488979876485
2026-05-02T02:00:00Z,fwd_3h,elastic_net,-0.0496229966728709,0.010757673933734679
2026-05-02T03:00:00Z,fwd_3h,elastic_net,-0.0500714767169025,-0.023714791875960962
2026-05-02T04:00:00Z,fwd_3h,elastic_net,0.0355964150468595,-0.01302611819725533
2026-05-02T05:00:00Z,fwd_3h,elastic_net,0.030763913242628,0.00750538000161796
2026-05-02T06:00:00Z,fwd_3h,elastic_net,0.0524808099291962,-0.002510600981820398
2026-05-02T07:00:00Z,fwd_3h,elastic_net,0.0351864956374146,0.023674831409827464
2026-05-02T08:00:00Z,fwd_3h,elastic_net,0.0025110126490701,0.028881791470555345
2026-05-02T09:00:00Z,fwd_3h,elastic_net,-0.0127199626331667,0.018697146788804887
2026-05-02T10:00:00Z,fwd_3h,elastic_net,-0.0154781889212184,0.0019056228632968251
2026-05-02T11:00:00Z,fwd_3h,elastic_net,0.0272865685333196,-0.008034235715627478
2026-05-02T12:00:00Z,fwd_3h,elastic_net,0.0297546443860796,-0.024354664190931293
2026-05-02T13:00:00Z,fwd_3h,elastic_net,0.0476998595075741,0.013336105237204071
2026-05-02T14:00:00Z,fwd_3h,elastic_net,0.026859465326626,0.0391802771482301
2026-05-02T15:00:00Z,fwd_3h,elastic_net,0.0069783805555576,0.0017462127054495929
2026-05-02T16:00:00Z,fwd_3h,elastic_net,-0.0270798770169414,0.004394585312720309
2026-05-02T17:00:00Z,fwd_3h,elastic_net,-0.0139709580405034,-0.0006942289807792762
2026-05-02T18:00:00Z,fwd_3h,elastic_net,-0.0069535492923744,-0.021347501686822222
2026-05-02T19:00:00Z,fwd_3h,elastic_net,-0.0189358014300583,-0.02175050033935048
2026-05-02T20:00:00Z,fwd_3h,elastic_net,-0.0256784637323318,-0.00824193720792312
2026-05-02T21:00:00Z,fwd_3h,elastic_net,-0.001236832468241,-0.01912867346476656
2026-05-02T22:00:00Z,fwd_3h,elastic_net,0.0036050885968101,-0.020502266273096145
2026-05-02T23:00:00Z,fwd_3h,elastic_net,0.0266835176792599,-0.011258032499274675
2026-05-03T00:00:00Z,fwd_3h,elastic_net,0.0181614237853822,0.0024826837432062976
2026-05-03T01:00:00Z,fwd_3h,elastic_net,-0.0066100296891625,0.016461293171449093
2026-05-03T02:00:00Z,fwd_3h,elastic_net,-0.0530631223834446,-0.01936700060972414
2026-05-03T03:00:00Z,fwd_3h,elastic_net,-0.0578790953663967,0.01810648260588394
2026-05-03T04:00:00Z,fwd_3h,elastic_net,-0.0262143734694019,0.005259589718680544
2026-05-03T05:00:00Z,fwd_3h,elastic_net,0.0016951522864869,-0.006148895580951743
2026-05-03T06:00:00Z,fwd_3h,elastic_net,0.0223173492094055,-0.01911144994096648
2026-05-03T07:00:00Z,fwd_3h,elastic_net,0.0051744945058429,0.01890522276726466
2026-05-03T08:00:00Z,fwd_3h,elastic_net,0.0029171039545452,0.005111857127268596
2026-05-03T09:00:00Z,fwd_3h,elastic_net,-0.0335203240074167,0.011834069732822812
2026-05-03T10:00:00Z,fwd_3h,elastic_net,-0.0098075445591367,-0.028882159831139127
2026-05-03T11:00:00Z,fwd_3h,elastic_net,-0.0188104226374887,-0.011953623829586237
2026-05-03T12:00:00Z,fwd_3h,elastic_net,-0.084471365236452,-0.020575538240015602
2026-05-03T13:00:00Z,fwd_3h,elastic_net,-0.1152212022554067,-0.03847299399570915
2026-05-03T14:00:00Z,fwd_3h,elastic_net,-0.1087082241912551,0.00020087683088688578
2026-05-03T15:00:00Z,fwd_3h,elastic_net,-0.0302771039476125,-0.025428493442956626
2026-05-03T16:00:00Z,fwd_3h,elastic_net,0.0,0.036138432975719996
2026-05-03T17:00:00Z,fwd_3h,elastic_net,0.0077307316110635,0.011660277928121224
2026-05-03T18:00:00Z,fwd_3h,elastic_net,0.0077307316110635,0.0013832716934078968
2026-05-03T19:00:00Z,fwd_3h,elastic_net,0.0077307316110635,-0.0018343035652401748
2026-05-03T20:00:00Z,fwd_3h,elastic_net,0.0,0.0024291034617309314
2026-05-03T21:00:00Z,fwd_3h,elastic_net,0.021560458840607,-0.005789510144169419
2026-05-03T22:00:00Z,fwd_3h,elastic_net,0.0091277139247774,0.018737066222957642
2026-05-03T23:00:00Z,fwd_3h,elastic_net,0.0091277139247774,-0.006998318345039318
2026-05-04T00:00:00Z,fwd_3h,elastic_net,-0.0121703466576416,0.008850922677284594
2026-05-04T01:00:00Z,fwd_3h,elastic_net,0.0832607411083741,-0.011290391426338116
2026-05-04T02:00:00Z,fwd_3h,elastic_net,0.0816547678865327,0.006893967948397046
2026-05-04T03:00:00Z,fwd_3h,elastic_net,0.0951140734101261,0.009088427641789215
2026-05-04T04:00:00Z,fwd_3h,elastic_net,0.0055225091493629,-0.001970311288160345
2026-05-04T05:00:00Z,fwd_3h,elastic_net,0.008122883384164,0.004070387955516945
2026-05-04T06:00:00Z,fwd_3h,elastic_net,-0.0176610966577905,-0.013542404254281208
2026-05-04T07:00:00Z,fwd_3h,elastic_net,-0.0463729339519427,-0.02293213885900973
2026-05-04T08:00:00Z,fwd_3h,elastic_net,-0.1201659854560831,0.010142526412773491
2026-05-04T09:00:00Z,fwd_3h,elastic_net,-0.0717786279569473,0.0027999296760097946
2026-05-04T10:00:00Z,fwd_3h,elastic_net,-0.0386779635987872,-0.007201627674946984
2026-05-04T11:00:00Z,fwd_3h,elastic_net,0.0408050188653095,-0.02306895974573407
2026-05-04T12:00:00Z,fwd_3h,elastic_net,0.0,0.03421845452922416
2026-05-04T13:00:00Z,fwd_3h,elastic_net,0.0337368700114673,0.03327098254789222
2026-05-04T14:00:00Z,fwd_3h,elastic_net,0.0498639747137925,0.01095872733073975
2026-05-04T15:00:00Z,fwd_3h,elastic_net,0.0732340383400855,-0.006727478242923043
2026-05-04T16:00:00Z,fwd_3h,elastic_net,0.0179403156843245,-0.005607308778914284
2026-05-04T17:00:00Z,fwd_3h,elastic_net,-0.0132060264365959,0.015864625807053806
2026-05-04T18:00:00Z,fwd_3h,elastic_net,-0.0257732804138406,0.012869753712416002
2026-05-04T19:00:00Z,fwd_3h,elastic_net,0.0797286708300082,-0.002687377225700593
2026-05-04T20:00:00Z,fwd_3h,elastic_net,0.0802735728764223,-0.00037098000754374853
2026-05-04T21:00:00Z,fwd_3h,elastic_net,0.0298861472400093,-0.009631186867615365
2026-05-04T22:00:00Z,fwd_3h,elastic_net,-0.0376508792156577,0.060933859309286076
2026-05-04T23:00:00Z,fwd_3h,elastic_net,-0.0292198919429562,0.016506093748982556
2026-05-05T00:00:00Z,fwd_3h,elastic_net,0.0307490630915443,0.0032795999343253213
2026-05-05T01:00:00Z,fwd_3h,elastic_net,0.0418874168198271,-0.006896950508793005
2026-05-05T02:00:00Z,fwd_3h,elastic_net,0.0390523331944137,-0.011199045598995525
2026-05-05T03:00:00Z,fwd_3h,elastic_net,0.0364364370032475,0.0030002186613230716
2026-05-05T04:00:00Z,fwd_3h,elastic_net,-0.0010494581063651,-0.008385242801522043
2026-05-05T05:00:00Z,fwd_3h,elastic_net,0.0047325801151125,-0.018799207044100086
2026-05-05T06:00:00Z,fwd_3h,elastic_net,-0.0369980368750659,-0.022554088072612156
2026-05-05T07:00:00Z,fwd_3h,elastic_net,0.0283177544763619,0.0236943452504507
2026-05-05T08:00:00Z,fwd_3h,elastic_net,0.0282765654103902,-0.01833963902579857
2026-05-05T09:00:00Z,fwd_3h,elastic_net,0.1546501855481035,0.009041003406071958
2026-05-05T10:00:00Z,fwd_3h,elastic_net,0.1692774972644255,0.05255542564875718
2026-05-05T11:00:00Z,fwd_3h,elastic_net,0.0845033925255425,0.005279465952155031
2026-05-05T12:00:00Z,fwd_3h,elastic_net,0.009099904574535,0.03904142484044461
2026-05-05T13:00:00Z,fwd_3h,elastic_net,-0.072815810623775,0.038751204400455035
2026-05-05T14:00:00Z,fwd_3h,elastic_net,0.0216330742587074,-0.019484934519077773
2026-05-05T15:00:00Z,fwd_3h,elastic_net,0.0203695790881697,0.006597236514707891
2026-05-05T16:00:00Z,fwd_3h,elastic_net,0.0092490332690782,-0.008557329167866914
2026-05-05T17:00:00Z,fwd_3h,elastic_net,0.0162412708284223,-0.000769830883819619
2026-05-05T18:00:00Z,fwd_3h,elastic_net,-0.0062778289486601,0.0244267709460783
2026-05-05T19:00:00Z,fwd_3h,elastic_net,-0.0369383745811456,0.010982102931566236
2026-05-05T20:00:00Z,fwd_3h,elastic_net,-0.0682611339720442,0.011335012228562966
2026-05-05T21:00:00Z,fwd_3h,elastic_net,-0.0653805988589528,-0.017089294866274442
2026-05-05T22:00:00Z,fwd_3h,elastic_net,0.0061072400179849,-0.004107052445445687
2026-05-05T23:00:00Z,fwd_3h,elastic_net,0.0041853960298299,0.005189156971492874
2026-05-06T00:00:00Z,fwd_3h,elastic_net,0.0092677089046491,-0.0024549332412271436
2026-05-06T01:00:00Z,fwd_3h,elastic_net,-0.0126789175399174,0.008388664319891726
2026-05-06T02:00:00Z,fwd_3h,elastic_net,-0.0033362099021295,-0.0029506681793612403
2026-05-06T03:00:00Z,fwd_3h,elastic_net,0.0363800992439127,-0.016126940991507778
2026-05-06T04:00:00Z,fwd_3h,elastic_net,0.2031744528717922,-0.013863066122920244
2026-05-06T05:00:00Z,fwd_3h,elastic_net,0.0890483087629332,-0.0018629421727773439
2026-05-06T06:00:00Z,fwd_3h,elastic_net,0.0343345763046811,-0.002896847586658314
2026-05-06T07:00:00Z,fwd_3h,elastic_net,-0.0848247366460681,0.10354976123912425
2026-05-06T08:00:00Z,fwd_3h,elastic_net,0.0661440228135263,-0.020606825278383506
2026-05-06T09:00:00Z,fwd_3h,elastic_net,0.1950598752302983,-0.0107439456536666
2026-05-06T10:00:00Z,fwd_3h,elastic_net,0.1275592007516062,0.011817991022549256
2026-05-06T11:00:00Z,fwd_3h,elastic_net,0.0361135098467146,0.019499938067416598
2026-05-06T12:00:00Z,fwd_3h,elastic_net,-0.0793037847938765,0.10502653936433884
2026-05-06T13:00:00Z,fwd_3h,elastic_net,-0.0554367003781233,-0.0026762940329003813
2026-05-06T14:00:00Z,fwd_3h,elastic_net,-0.0027284477101054,0.005469552905535301
2026-05-06T15:00:00Z,fwd_3h,elastic_net,-0.0031935139975454,0.01098406886414343
2026-05-06T16:00:00Z,fwd_3h,elastic_net,0.0165586543537348,-0.006905583231909136
2026-05-06T17:00:00Z,fwd_3h,elastic_net,-0.0106831665307537,0.03263040949347999
2026-05-06T18:00:00Z,fwd_3h,elastic_net,0.1838913681003675,-0.013786729272271887
2026-05-06T19:00:00Z,fwd_3h,elastic_net,0.0873724517130256,-0.0035109306251534054
2026-05-06T20:00:00Z,fwd_3h,elastic_net,0.1018490433394294,0.009609559862339115
2026-05-06T21:00:00Z,fwd_3h,elastic_net,-0.0671821458310543,0.06393740622837357
2026-05-06T22:00:00Z,fwd_3h,elastic_net,0.0519640914871593,-0.010838742749184694
2026-04-17T06:00:00Z,fwd_3h,random_forest,-0.0955178845263217,
2026-04-17T07:00:00Z,fwd_3h,random_forest,-0.0955178845263217,
2026-04-17T08:00:00Z,fwd_3h,random_forest,0.0,
2026-04-17T09:00:00Z,fwd_3h,random_forest,0.0264294896106698,
2026-04-17T10:00:00Z,fwd_3h,random_forest,0.0264294896106698,
2026-04-17T11:00:00Z,fwd_3h,random_forest,0.0264294896106698,
2026-04-17T12:00:00Z,fwd_3h,random_forest,0.0,
2026-04-17T13:00:00Z,fwd_3h,random_forest,0.111656884090084,
2026-04-17T14:00:00Z,fwd_3h,random_forest,0.111656884090084,
2026-04-17T15:00:00Z,fwd_3h,random_forest,0.111656884090084,
2026-04-17T16:00:00Z,fwd_3h,random_forest,0.0,
2026-04-17T17:00:00Z,fwd_3h,random_forest,-0.0333364930278827,
2026-04-17T18:00:00Z,fwd_3h,random_forest,-0.0333364930278827,
2026-04-17T19:00:00Z,fwd_3h,random_forest,-0.0333364930278827,
2026-04-17T20:00:00Z,fwd_3h,random_forest,0.0,
2026-04-17T21:00:00Z,fwd_3h,random_forest,-0.042006126250267,
2026-04-17T22:00:00Z,fwd_3h,random_forest,-0.042006126250267,
2026-04-17T23:00:00Z,fwd_3h,random_forest,-0.042006126250267,
2026-04-18T00:00:00Z,fwd_3h,random_forest,0.0,
2026-04-18T01:00:00Z,fwd_3h,random_forest,-0.0504516634443494,
2026-04-18T02:00:00Z,fwd_3h,random_forest,-0.0504516634443494,
2026-04-18T03:00:00Z,fwd_3h,random_forest,-0.0504516634443494,
2026-04-18T04:00:00Z,fwd_3h,random_forest,0.0,
2026-04-18T05:00:00Z,fwd_3h,random_forest,-0.0321276759024523,
2026-04-18T06:00:00Z,fwd_3h,random_forest,-0.0321276759024523,
2026-04-18T07:00:00Z,fwd_3h,random_forest,-0.0321276759024523,
2026-04-18T08:00:00Z,fwd_3h,random_forest,0.0,
2026-04-18T09:00:00Z,fwd_3h,random_forest,0.0172808764844798,
2026-04-18T10:00:00Z,fwd_3h,random_forest,0.0172808764844798,
2026-04-18T11:00:00Z,fwd_3h,random_forest,0.0172808764844798,
2026-04-18T12:00:00Z,fwd_3h,random_forest,0.0,
2026-04-18T13:00:00Z,fwd_3h,random_forest,0.0231544146737576,
2026-04-18T14:00:00Z,fwd_3h,random_forest,0.0231544146737576,
2026-04-18T15:00:00Z,fwd_3h,random_forest,0.0231544146737576,
2026-04-18T16:00:00Z,fwd_3h,random_forest,0.0,
2026-04-18T17:00:00Z,fwd_3h,random_forest,-0.1000844810912191,
2026-04-18T18:00:00Z,fwd_3h,random_forest,-0.1000844810912191,
2026-04-18T19:00:00Z,fwd_3h,random_forest,-0.1000844810912191,
2026-04-18T20:00:00Z,fwd_3h,random_forest,0.0,
2026-04-18T21:00:00Z,fwd_3h,random_forest,-0.0737970090528501,
2026-04-18T22:00:00Z,fwd_3h,random_forest,-0.0737970090528501,
2026-04-18T23:00:00Z,fwd_3h,random_forest,-0.0737970090528501,
2026-04-19T00:00:00Z,fwd_3h,random_forest,0.0,
2026-04-19T01:00:00Z,fwd_3h,random_forest,-0.0217638727159802,
2026-04-19T02:00:00Z,fwd_3h,random_forest,-0.0217638727159802,
2026-04-19T03:00:00Z,fwd_3h,random_forest,-0.0217638727159802,
2026-04-19T04:00:00Z,fwd_3h,random_forest,0.0,
2026-04-19T05:00:00Z,fwd_3h,random_forest,0.0474319915411709,
2026-04-19T06:00:00Z,fwd_3h,random_forest,0.0474319915411709,
2026-04-19T07:00:00Z,fwd_3h,random_forest,0.0474319915411709,
2026-04-19T08:00:00Z,fwd_3h,random_forest,0.0,
2026-04-19T09:00:00Z,fwd_3h,random_forest,-0.0053770347743699,
2026-04-19T10:00:00Z,fwd_3h,random_forest,-0.0053770347743699,
2026-04-19T11:00:00Z,fwd_3h,random_forest,-0.0053770347743699,
2026-04-19T12:00:00Z,fwd_3h,random_forest,0.0,
2026-04-19T13:00:00Z,fwd_3h,random_forest,0.0047238564559759,
2026-04-19T14:00:00Z,fwd_3h,random_forest,0.0047238564559759,
2026-04-19T15:00:00Z,fwd_3h,random_forest,0.0047238564559759,
2026-04-19T16:00:00Z,fwd_3h,random_forest,0.0,
2026-04-19T17:00:00Z,fwd_3h,random_forest,-0.0953798799618788,
2026-04-19T18:00:00Z,fwd_3h,random_forest,-0.0953798799618788,
2026-04-19T19:00:00Z,fwd_3h,random_forest,-0.0953798799618788,
2026-04-19T20:00:00Z,fwd_3h,random_forest,0.0,
2026-04-19T21:00:00Z,fwd_3h,random_forest,0.0440521420123209,
2026-04-19T22:00:00Z,fwd_3h,random_forest,0.0440521420123209,
2026-04-19T23:00:00Z,fwd_3h,random_forest,0.0440521420123209,
2026-04-20T00:00:00Z,fwd_3h,random_forest,0.0,
2026-04-20T01:00:00Z,fwd_3h,random_forest,-0.0634056412658684,
2026-04-20T02:00:00Z,fwd_3h,random_forest,-0.0634056412658684,
2026-04-20T03:00:00Z,fwd_3h,random_forest,-0.0634056412658684,
2026-04-20T04:00:00Z,fwd_3h,random_forest,0.0,
2026-04-20T05:00:00Z,fwd_3h,random_forest,0.0431657960367666,
2026-04-20T06:00:00Z,fwd_3h,random_forest,0.0431657960367666,
2026-04-20T07:00:00Z,fwd_3h,random_forest,0.0431657960367666,
2026-04-20T08:00:00Z,fwd_3h,random_forest,0.0,
2026-04-20T09:00:00Z,fwd_3h,random_forest,0.067601680045592,
2026-04-20T10:00:00Z,fwd_3h,random_forest,0.067601680045592,
2026-04-20T11:00:00Z,fwd_3h,random_forest,0.067601680045592,
2026-04-20T12:00:00Z,fwd_3h,random_forest,0.0,
2026-04-20T13:00:00Z,fwd_3h,random_forest,-0.027940632156484,
2026-04-20T14:00:00Z,fwd_3h,random_forest,-0.027940632156484,
2026-04-20T15:00:00Z,fwd_3h,random_forest,-0.027940632156484,
2026-04-20T16:00:00Z,fwd_3h,random_forest,0.0,
2026-04-20T17:00:00Z,fwd_3h,random_forest,0.0423732598578165,0.02506192148401456
2026-04-20T18:00:00Z,fwd_3h,random_forest,0.0423732598578165,0.01161213840217969
2026-04-20T19:00:00Z,fwd_3h,random_forest,0.0423732598578165,-0.004437379457769523
2026-04-20T20:00:00Z,fwd_3h,random_forest,0.0,-0.033795110147084965
2026-04-20T21:00:00Z,fwd_3h,random_forest,-0.067770203651209,0.021517440791403223
2026-04-20T22:00:00Z,fwd_3h,random_forest,-0.067770203651209,0.007347417797182623
2026-04-20T23:00:00Z,fwd_3h,random_forest,-0.067770203651209,-0.040784741094415475
2026-04-21T00:00:00Z,fwd_3h,random_forest,0.0,0.006396602235924521
2026-04-21T01:00:00Z,fwd_3h,random_forest,-0.032154581168123,-0.016467932039381468
2026-04-21T02:00:00Z,fwd_3h,random_forest,-0.032154581168123,-0.034412071338723725
2026-04-21T03:00:00Z,fwd_3h,random_forest,-0.032154581168123,-0.01783065597223354
2026-04-21T04:00:00Z,fwd_3h,random_forest,0.0,-0.027814628924647523
2026-04-21T05:00:00Z,fwd_3h,random_forest,0.0842983081860269,0.006426252904092736
2026-04-21T06:00:00Z,fwd_3h,random_forest,0.0842983081860269,0.001829466318819845
2026-04-21T07:00:00Z,fwd_3h,random_forest,0.0842983081860269,-0.0015139337382823771
2026-04-21T08:00:00Z,fwd_3h,random_forest,0.0,0.008152863947513739
2026-04-21T09:00:00Z,fwd_3h,random_forest,0.0420696095745838,-0.025787179612537372
2026-04-21T10:00:00Z,fwd_3h,random_forest,0.0420696095745838,-0.01318929632391844
2026-04-21T11:00:00Z,fwd_3h,random_forest,0.0420696095745838,0.025168231220411456
2026-04-21T12:00:00Z,fwd_3h,random_forest,0.0,-0.04097669066653098
2026-04-21T13:00:00Z,fwd_3h,random_forest,-0.0568021174587255,-0.04520239848368105
2026-04-21T14:00:00Z,fwd_3h,random_forest,-0.0568021174587255,-0.014625483196079035
2026-04-21T15:00:00Z,fwd_3h,random_forest,-0.0568021174587255,-0.021821514114471044
2026-04-21T16:00:00Z,fwd_3h,random_forest,0.0,-0.02992860580183163
2026-04-21T17:00:00Z,fwd_3h,random_forest,0.0335980215754752,0.0071323791785378255
2026-04-21T18:00:00Z,fwd_3h,random_forest,0.0335980215754752,-0.013094867731450334
2026-04-21T19:00:00Z,fwd_3h,random_forest,0.0335980215754752,-0.008132638412056184
2026-04-21T20:00:00Z,fwd_3h,random_forest,0.0,0.006816279318077431
2026-04-21T21:00:00Z,fwd_3h,random_forest,0.0021543668174439,-0.014998988357727361
2026-04-21T22:00:00Z,fwd_3h,random_forest,0.0021543668174439,0.00281362626143603
2026-04-21T23:00:00Z,fwd_3h,random_forest,0.0021543668174439,-0.04084884735146013
2026-04-22T00:00:00Z,fwd_3h,random_forest,0.0,-0.014013392184274248
2026-04-22T01:00:00Z,fwd_3h,random_forest,0.0297230158009194,-0.020937564862297846
2026-04-22T02:00:00Z,fwd_3h,random_forest,0.0297230158009194,0.02068889279584162
2026-04-22T03:00:00Z,fwd_3h,random_forest,0.0297230158009194,-0.031003544897575393
2026-04-22T04:00:00Z,fwd_3h,random_forest,0.0,-0.004019023066791286
2026-04-22T05:00:00Z,fwd_3h,random_forest,0.0608476155819288,0.0156990466481077
2026-04-22T06:00:00Z,fwd_3h,random_forest,0.0608476155819288,-0.03762966569902002
2026-04-22T07:00:00Z,fwd_3h,random_forest,0.0608476155819288,0.006205962661646406
2026-04-22T08:00:00Z,fwd_3h,random_forest,0.0257445269048386,0.024465618659784773
2026-04-22T09:00:00Z,fwd_3h,random_forest,0.0185099164218336,0.003961112253721895
2026-04-22T10:00:00Z,fwd_3h,random_forest,0.0185099164218336,-0.01607641435086805
2026-04-22T11:00:00Z,fwd_3h,random_forest,-0.0070530334729987,-0.01469717821642414
2026-04-22T12:00:00Z,fwd_3h,random_forest,0.0,0.002432882473975686
2026-04-22T13:00:00Z,fwd_3h,random_forest,0.1325819147095921,-0.025937019111569645
2026-04-22T14:00:00Z,fwd_3h,random_forest,0.1325819147095921,0.024789938764198195
2026-04-22T15:00:00Z,fwd_3h,random_forest,0.1325819147095921,0.020656641373032376
2026-04-22T16:00:00Z,fwd_3h,random_forest,0.0,0.020416487818648032
2026-04-22T17:00:00Z,fwd_3h,random_forest,-0.0857013765130157,-0.0365087376602355
2026-04-22T18:00:00Z,fwd_3h,random_forest,-0.0857013765130157,-0.017433938324685164
2026-04-22T19:00:00Z,fwd_3h,random_forest,-0.0857013765130157,-0.02098773143079423
2026-04-22T20:00:00Z,fwd_3h,random_forest,0.0,-0.04064022222100185
2026-04-22T21:00:00Z,fwd_3h,random_forest,0.0392970850132388,0.0018988161884533076
2026-04-22T22:00:00Z,fwd_3h,random_forest,0.0392970850132388,-0.01592879631481233
2026-04-22T23:00:00Z,fwd_3h,random_forest,0.0392970850132388,0.003583855590541903
2026-04-23T00:00:00Z,fwd_3h,random_forest,0.0,0.015215747053836196
2026-04-23T01:00:00Z,fwd_3h,random_forest,-0.0315906345864475,-0.007009374334620985
2026-04-23T02:00:00Z,fwd_3h,random_forest,-0.0315906345864475,-0.015038420985943728
2026-04-23T03:00:00Z,fwd_3h,random_forest,-0.0315906345864475,0.00610638800527749
2026-04-23T04:00:00Z,fwd_3h,random_forest,0.0,0.0023704201885652483
2026-04-23T05:00:00Z,fwd_3h,random_forest,-0.0627434850143782,-0.02427936607290435
2026-04-23T06:00:00Z,fwd_3h,random_forest,-0.0627434850143782,0.003583855590541903
2026-04-23T07:00:00Z,fwd_3h,random_forest,-0.0627434850143782,-0.01715596050828052
2026-04-23T08:00:00Z,fwd_3h,random_forest,0.0,-0.03988716597695292
2026-04-23T09:00:00Z,fwd_3h,random_forest,0.1181223264681665,-0.032746999033218496
2026-04-23T10:00:00Z,fwd_3h,random_forest,0.1181223264681665,-0.02314496694652246
2026-04-23T11:00:00Z,fwd_3h,random_forest,0.1181223264681665,-0.02402751123263614
2026-04-23T12:00:00Z,fwd_3h,random_forest,0.0,0.02008443737779095
2026-04-23T13:00:00Z,fwd_3h,random_forest,-0.0293263755396362,-0.040978664416515743
2026-04-23T14:00:00Z,fwd_3h,random_forest,-0.0293263755396362,0.013139964207081195
2026-04-23T15:00:00Z,fwd_3h,random_forest,-0.0293263755396362,-0.016802985791560556
2026-04-23T16:00:00Z,fwd_3h,random_forest,0.0,-0.011110073907764303
2026-04-23T17:00:00Z,fwd_3h,random_forest,-0.0244065913888801,-0.039757531479364096
2026-04-23T18:00:00Z,fwd_3h,random_forest,-0.0244065913888801,0.007498852690896502
2026-04-23T19:00:00Z,fwd_3h,random_forest,-0.0244065913888801,-0.02468965893893852
2026-04-23T20:00:00Z,fwd_3h,random_forest,0.0,0.021437163904862604
2026-04-23T21:00:00Z,fwd_3h,random_forest,0.0768536726616908,-0.009619838785124535
2026-04-23T22:00:00Z,fwd_3h,random_forest,0.0768536726616908,-0.009157480254473441
2026-04-23T23:00:00Z,fwd_3h,random_forest,0.0768536726616908,0.030834049535366052
2026-04-24T00:00:00Z,fwd_3h,random_forest,0.0,-0.01896896391771118
2026-04-24T01:00:00Z,fwd_3h,random_forest,-0.0503907549855541,-0.020829470375435123
2026-04-24T02:00:00Z,fwd_3h,random_forest,-0.0503907549855541,0.005293554840462911
2026-04-24T03:00:00Z,fwd_3h,random_forest,-0.0503907549855541,0.00642653807354593
2026-04-24T04:00:00Z,fwd_3h,random_forest,0.0,0.011193234517591853
2026-04-24T05:00:00Z,fwd_3h,random_forest,0.0392756325062362,-0.020329340860993875
2026-04-24T06:00:00Z,fwd_3h,random_forest,0.0392756325062362,-0.008703668872296242
2026-04-24T07:00:00Z,fwd_3h,random_forest,0.0392756325062362,0.02433142064957744
2026-04-24T08:00:00Z,fwd_3h,random_forest,0.0,0.007252146411935101
2026-04-24T09:00:00Z,fwd_3h,random_forest,0.1948771247073424,0.017693939506457496
2026-04-24T10:00:00Z,fwd_3h,random_forest,0.1747482638378092,0.012990088846347227
2026-04-24T11:00:00Z,fwd_3h,random_forest,0.2140757508293336,0.02928735247373629
2026-04-24T12:00:00Z,fwd_3h,random_forest,0.0805787976232008,0.007338106765653342
2026-04-24T13:00:00Z,fwd_3h,random_forest,0.0591857176535759,-0.02895941772315581
2026-04-24T14:00:00Z,fwd_3h,random_forest,0.127779893651295,0.029090538938033796
2026-04-24T15:00:00Z,fwd_3h,random_forest,0.0619141473982265,0.0318128488906327
2026-04-24T16:00:00Z,fwd_3h,random_forest,0.0841139363280893,-0.013138983899627702
2026-04-24T17:00:00Z,fwd_3h,random_forest,0.1352688572436771,0.03101560754669275
2026-04-24T18:00:00Z,fwd_3h,random_forest,0.0622024605537994,0.008825289543217091
2026-04-24T19:00:00Z,fwd_3h,random_forest,0.0827225748904341,-0.028344811052637954
2026-04-24T20:00:00Z,fwd_3h,random_forest,-0.1332806615351507,0.02441947798367029
2026-04-24T21:00:00Z,fwd_3h,random_forest,-0.0925443397317329,-0.023914481723028905
2026-04-24T22:00:00Z,fwd_3h,random_forest,-0.1065670024178198,-0.031611823071022886
2026-04-24T23:00:00Z,fwd_3h,random_forest,-0.0496975811773087,-0.02641410095690957
2026-04-25T00:00:00Z,fwd_3h,random_forest,-0.0190771588556597,-0.011145753613403031
2026-04-25T01:00:00Z,fwd_3h,random_forest,-0.0170772284175688,-0.021225887676625862
2026-04-25T02:00:00Z,fwd_3h,random_forest,-0.0309253272823717,-0.012468133671560584
2026-04-25T03:00:00Z,fwd_3h,random_forest,-0.0180287139918277,-0.004369923882433311
2026-04-25T04:00:00Z,fwd_3h,random_forest,-0.0244398228539632,-0.024103611881555707
2026-04-25T05:00:00Z,fwd_3h,random_forest,0.023430759563503,-0.02285962944218564
2026-04-25T06:00:00Z,fwd_3h,random_forest,-0.0024152981812732,-0.008985691273962657
2026-04-25T07:00:00Z,fwd_3h,random_forest,0.0373817596760635,-0.0009578281911016395
2026-04-25T08:00:00Z,fwd_3h,random_forest,0.0310873897208312,-0.009774298032654059
2026-04-25T09:00:00Z,fwd_3h,random_forest,0.0558510640864329,-0.0032503484860132393
2026-04-25T10:00:00Z,fwd_3h,random_forest,0.0364963083764944,0.011720730714521009
2026-04-25T11:00:00Z,fwd_3h,random_forest,0.0262369988364652,0.010986619044784223
2026-04-25T12:00:00Z,fwd_3h,random_forest,0.0715430885267591,0.00824340291597266
2026-04-25T13:00:00Z,fwd_3h,random_forest,0.0718752820570132,-0.003031288252611254
2026-04-25T14:00:00Z,fwd_3h,random_forest,0.0513693634826892,0.037050506911315235
2026-04-25T15:00:00Z,fwd_3h,random_forest,0.0504750736455146,0.030593206103412752
2026-04-25T16:00:00Z,fwd_3h,random_forest,0.0490039557586343,0.004734967551279677
2026-04-25T17:00:00Z,fwd_3h,random_forest,0.0563804376563092,0.019257205962548235
2026-04-25T18:00:00Z,fwd_3h,random_forest,0.0225680790169002,0.03123209860234457
2026-04-25T19:00:00Z,fwd_3h,random_forest,0.0383868084491396,-0.00688475890397067
2026-04-25T20:00:00Z,fwd_3h,random_forest,0.0241943168709588,-0.0095877366283753
2026-04-25T21:00:00Z,fwd_3h,random_forest,-0.026890495895565,0.0325552219005613
2026-04-25T22:00:00Z,fwd_3h,random_forest,-0.0317487576041617,0.01635119417629366
2026-04-25T23:00:00Z,fwd_3h,random_forest,-0.025740477267459,-0.02141165192185314
2026-04-26T00:00:00Z,fwd_3h,random_forest,-0.001337234618946,-0.02033815953877562
2026-04-26T01:00:00Z,fwd_3h,random_forest,-0.0324908452046727,-0.000422368056224064
2026-04-26T02:00:00Z,fwd_3h,random_forest,0.0022809335071469,-0.009672721975969302
2026-04-26T03:00:00Z,fwd_3h,random_forest,-0.0062558638982797,-0.02380397934450738
2026-04-26T04:00:00Z,fwd_3h,random_forest,-0.0017113389010634,-0.026363471672122378
2026-04-26T05:00:00Z,fwd_3h,random_forest,-0.0257024027986412,-0.003679902397704978
2026-04-26T06:00:00Z,fwd_3h,random_forest,-0.0132494942495293,-0.02367917520569814
2026-04-26T07:00:00Z,fwd_3h,random_forest,0.0101771050347636,-0.021948385198160735
2026-04-26T08:00:00Z,fwd_3h,random_forest,0.0081848919653275,-0.008737832737017311
2026-04-26T09:00:00Z,fwd_3h,random_forest,0.0071345689617299,0.00800035419577452
2026-04-26T10:00:00Z,fwd_3h,random_forest,0.0162984223955007,0.0025415074177234332
2026-04-26T11:00:00Z,fwd_3h,random_forest,-0.0003641017627712,-0.015500862670778314
2026-04-26T12:00:00Z,fwd_3h,random_forest,-0.0123846239945464,0.0015084990387030002
2026-04-26T13:00:00Z,fwd_3h,random_forest,-0.1425679731783448,0.007283683789444372
2026-04-26T14:00:00Z,fwd_3h,random_forest,-0.0922113332875762,-0.026590113853262445
2026-04-26T15:00:00Z,fwd_3h,random_forest,-0.1023419514520673,-0.026122311540366355
2026-04-26T16:00:00Z,fwd_3h,random_forest,0.0287065192945061,-0.016395931147308064
2026-04-26T17:00:00Z,fwd_3h,random_forest,0.0871214768061079,0.031477254574918075
2026-04-26T18:00:00Z,fwd_3h,random_forest,0.0665280458450632,-0.01059477878816001
2026-04-26T19:00:00Z,fwd_3h,random_forest,0.0788544490659342,0.0018057640387003485
2026-04-26T20:00:00Z,fwd_3h,random_forest,0.0174030085622589,0.029671537114760962
2026-04-26T21:00:00Z,fwd_3h,random_forest,0.0878538727139723,-0.02224534853463602
2026-04-26T22:00:00Z,fwd_3h,random_forest,0.0681145028162744,-0.0006164343206925138
2026-04-26T23:00:00Z,fwd_3h,random_forest,0.0377599634601064,0.020880691691690795
2026-04-27T00:00:00Z,fwd_3h,random_forest,-0.0065918811544358,0.0307303446406379
2026-04-27T01:00:00Z,fwd_3h,random_forest,0.0121127466498962,0.02851271389936785
2026-04-27T02:00:00Z,fwd_3h,random_forest,-0.0203998071661803,0.0007584079076289453
2026-04-27T03:00:00Z,fwd_3h,random_forest,-0.0198162611174808,-0.004353320287626223
2026-04-27T04:00:00Z,fwd_3h,random_forest,-0.0421983666086401,0.030426765457284365
2026-04-27T05:00:00Z,fwd_3h,random_forest,-0.0005952383021815,0.006015571511034724
2026-04-27T06:00:00Z,fwd_3h,random_forest,-0.017581948251544,-0.004889445667931853
2026-04-27T07:00:00Z,fwd_3h,random_forest,-0.0616725548109886,0.007930418357538192
2026-04-27T08:00:00Z,fwd_3h,random_forest,-0.0911580058403213,-0.009000284495413523
2026-04-27T09:00:00Z,fwd_3h,random_forest,-0.0579311420394583,0.00022782917493662338
2026-04-27T10:00:00Z,fwd_3h,random_forest,0.0010973315005886,0.008481250878879153
2026-04-27T11:00:00Z,fwd_3h,random_forest,0.0312115789784033,-0.006000440667434717
2026-04-27T12:00:00Z,fwd_3h,random_forest,-0.0506113869767519,0.0067734674518613956
2026-04-27T13:00:00Z,fwd_3h,random_forest,-0.0868780837089099,0.015583836886679338
2026-04-27T14:00:00Z,fwd_3h,random_forest,-0.1854820573371308,0.012038945985347991
2026-04-27T15:00:00Z,fwd_3h,random_forest,-0.1006892742458833,-0.03697334042136841
2026-04-27T16:00:00Z,fwd_3h,random_forest,-0.0938842083039768,-0.0054683865980664865
2026-04-27T17:00:00Z,fwd_3h,random_forest,0.0268685123754977,-0.011698374313258566
2026-04-27T18:00:00Z,fwd_3h,random_forest,-0.0218477204611458,0.02859755174562736
2026-04-27T19:00:00Z,fwd_3h,random_forest,-0.0010299012330271,0.0028533179125217875
2026-04-27T20:00:00Z,fwd_3h,random_forest,-0.0108853999150889,-0.003896132512101664
2026-04-27T21:00:00Z,fwd_3h,random_forest,0.071334652127281,-0.008234489153852732
2026-04-27T22:00:00Z,fwd_3h,random_forest,0.0742508730289916,0.002901196381172923
2026-04-27T23:00:00Z,fwd_3h,random_forest,0.0434608369342026,-0.0005860541476343174
2026-04-28T00:00:00Z,fwd_3h,random_forest,0.0049189166495895,0.019521981358767752
2026-04-28T01:00:00Z,fwd_3h,random_forest,-0.005033007421459,0.008992526544803597
2026-04-28T02:00:00Z,fwd_3h,random_forest,0.0136245343433869,0.007211319935160851
2026-04-28T03:00:00Z,fwd_3h,random_forest,-0.0683596797728158,0.0008727176334557946
2026-04-28T04:00:00Z,fwd_3h,random_forest,-0.1085663361132409,0.026088649446769294
2026-04-28T05:00:00Z,fwd_3h,random_forest,-0.0991068661709136,-0.0015848109175515988
2026-04-28T06:00:00Z,fwd_3h,random_forest,-0.0397470035635683,-0.023876247085621433
2026-04-28T07:00:00Z,fwd_3h,random_forest,0.0046315465788835,0.007429263448017544
2026-04-28T08:00:00Z,fwd_3h,random_forest,0.0,0.018685353333145232
2026-04-28T09:00:00Z,fwd_3h,random_forest,0.004918587451135,0.029690459055954598
2026-04-28T10:00:00Z,fwd_3h,random_forest,0.004918587451135,0.01806574787486586
2026-04-28T11:00:00Z,fwd_3h,random_forest,0.004918587451135,0.013916684703227884
2026-04-28T12:00:00Z,fwd_3h,random_forest,0.0,-0.003404752232149279
2026-04-28T13:00:00Z,fwd_3h,random_forest,-0.0175620108356487,0.003060488880165724
2026-04-28T14:00:00Z,fwd_3h,random_forest,-0.0175620108356487,-0.027360065417751107
2026-04-28T15:00:00Z,fwd_3h,random_forest,-0.0175620108356487,0.020806846066794137
2026-04-28T16:00:00Z,fwd_3h,random_forest,0.0,0.04833219124841384
2026-04-28T17:00:00Z,fwd_3h,random_forest,-0.054004495341984,0.007572441118293726
2026-04-28T18:00:00Z,fwd_3h,random_forest,-0.054004495341984,0.01870809078050634
2026-04-28T19:00:00Z,fwd_3h,random_forest,-0.054004495341984,-0.03231275963462107
2026-04-28T20:00:00Z,fwd_3h,random_forest,0.0,-0.012562293669957295
2026-04-28T21:00:00Z,fwd_3h,random_forest,0.0113500992295214,-0.003923603988825084
2026-04-28T22:00:00Z,fwd_3h,random_forest,0.0113500992295214,-0.004221783453833632
2026-04-28T23:00:00Z,fwd_3h,random_forest,0.0113500992295214,-0.006712750804813125
2026-04-29T00:00:00Z,fwd_3h,random_forest,0.0,-0.004421894374091242
2026-04-29T01:00:00Z,fwd_3h,random_forest,0.162300713641978,0.06659936511107975
2026-04-29T02:00:00Z,fwd_3h,random_forest,0.1564962863565473,0.03979808513228764
2026-04-29T03:00:00Z,fwd_3h,random_forest,0.1674189701380568,-0.003473742661869622
2026-04-29T04:00:00Z,fwd_3h,random_forest,-0.0331934157443992,0.03776549537531539
2026-04-29T05:00:00Z,fwd_3h,random_forest,-0.0314234922515588,0.010095939070623007
2026-04-29T06:00:00Z,fwd_3h,random_forest,-0.0011948312419898,-0.006119407725541685
2026-04-29T07:00:00Z,fwd_3h,random_forest,0.0340608150689016,0.009016458417531218
2026-04-29T08:00:00Z,fwd_3h,random_forest,0.0095501389553505,-0.0017863113923392844
2026-04-29T09:00:00Z,fwd_3h,random_forest,-0.0857570030939046,0.050885647321221146
2026-04-29T10:00:00Z,fwd_3h,random_forest,-0.0825868000825248,-0.004158811806819941
2026-04-29T11:00:00Z,fwd_3h,random_forest,-0.0573225835244927,0.011944827673246184
2026-04-29T12:00:00Z,fwd_3h,random_forest,0.0,-0.012660955716044085
2026-04-29T13:00:00Z,fwd_3h,random_forest,0.0086652107630751,-0.000977938150900642
2026-04-29T14:00:00Z,fwd_3h,random_forest,0.0086652107630751,0.02501330429737897
2026-04-29T15:00:00Z,fwd_3h,random_forest,0.0086652107630751,0.03130672517855518
2026-04-29T16:00:00Z,fwd_3h,random_forest,0.0,-0.006401658724258383
2026-04-29T17:00:00Z,fwd_3h,random_forest,-0.1295525398295541,-0.00021945833177215886
2026-04-29T18:00:00Z,fwd_3h,random_forest,-0.1295525398295541,0.002448278141101361
2026-04-29T19:00:00Z,fwd_3h,random_forest,-0.1295525398295541,-0.00761599333482597
2026-04-29T20:00:00Z,fwd_3h,random_forest,0.0,0.00537434130753448
2026-04-29T21:00:00Z,fwd_3h,random_forest,0.2050539018586472,0.028667763248777938
2026-04-29T22:00:00Z,fwd_3h,random_forest,0.2165652517058851,-0.0028199667236740522
2026-04-29T23:00:00Z,fwd_3h,random_forest,0.1910765982834577,-0.012014567615149605
2026-04-30T00:00:00Z,fwd_3h,random_forest,-0.074027164139742,0.0459283131132708
2026-04-30T01:00:00Z,fwd_3h,random_forest,-0.1151172838622366,0.01272928389450943
2026-04-30T02:00:00Z,fwd_3h,random_forest,-0.0961810803438092,-0.0004225397296409818
2026-04-30T03:00:00Z,fwd_3h,random_forest,-0.0352464166464763,-0.034059768617965044
2026-04-30T04:00:00Z,fwd_3h,random_forest,0.0,-0.021404950859213675
2026-04-30T05:00:00Z,fwd_3h,random_forest,0.0421238387408229,0.03348239522087696
2026-04-30T06:00:00Z,fwd_3h,random_forest,0.0421238387408229,-0.027194501781397207
2026-04-30T07:00:00Z,fwd_3h,random_forest,0.0421238387408229,0.015126781668187912
2026-04-30T08:00:00Z,fwd_3h,random_forest,0.0,0.03226429391898281
2026-04-30T09:00:00Z,fwd_3h,random_forest,0.0005749874871705,0.013098266309253785
2026-04-30T10:00:00Z,fwd_3h,random_forest,0.0005749874871705,0.02115662105051758
2026-04-30T11:00:00Z,fwd_3h,random_forest,0.0005749874871705,-0.0014998350931353073
2026-04-30T12:00:00Z,fwd_3h,random_forest,0.0,-0.003235132320915702
2026-04-30T13:00:00Z,fwd_3h,random_forest,0.0328435841023473,0.009929883755207761
2026-04-30T14:00:00Z,fwd_3h,random_forest,0.0328435841023473,0.010676777429173763
2026-04-30T15:00:00Z,fwd_3h,random_forest,0.0328435841023473,0.009605039775942665
2026-04-30T16:00:00Z,fwd_3h,random_forest,0.0,0.015280780166276242
2026-04-30T17:00:00Z,fwd_3h,random_forest,0.0485939537825712,0.0035973045540220153
2026-04-30T18:00:00Z,fwd_3h,random_forest,0.0455724911382149,0.010305041402435584
2026-04-30T19:00:00Z,fwd_3h,random_forest,0.0672407897463212,-0.021305938132633262
2026-04-30T20:00:00Z,fwd_3h,random_forest,0.0301724213052714,0.002066575645835671
2026-04-30T21:00:00Z,fwd_3h,random_forest,0.0294125366198318,-0.0005777058828972438
2026-04-30T22:00:00Z,fwd_3h,random_forest,0.0101539268027568,-0.00387507581205271
2026-04-30T23:00:00Z,fwd_3h,random_forest,0.0217978578265289,0.002324914842349864
2026-05-01T00:00:00Z,fwd_3h,random_forest,0.0657286102784544,-0.003803816256115576
2026-05-01T01:00:00Z,fwd_3h,random_forest,0.0852154836528438,-0.021139854481026267
2026-05-01T02:00:00Z,fwd_3h,random_forest,0.111414900694303,-0.01071750637811443
2026-05-01T03:00:00Z,fwd_3h,random_forest,0.0462285842401113,0.02630207733076415
2026-05-01T04:00:00Z,fwd_3h,random_forest,0.0117165489188884,-0.004050154602387688
2026-05-01T05:00:00Z,fwd_3h,random_forest,0.0501127855569976,0.04329467674323467
2026-05-01T06:00:00Z,fwd_3h,random_forest,0.0094703194200833,-0.011819308122838528
2026-05-01T07:00:00Z,fwd_3h,random_forest,-0.0018875470963837,-0.019087456785866277
2026-05-01T08:00:00Z,fwd_3h,random_forest,-0.0920941839891118,0.04451641073280692
2026-05-01T09:00:00Z,fwd_3h,random_forest,-0.0088480494091734,-0.03064469334880382
2026-05-01T10:00:00Z,fwd_3h,random_forest,0.0271610491067266,-0.014173375358491086
2026-05-01T11:00:00Z,fwd_3h,random_forest,0.0354335630057216,-0.011483009555598294
2026-05-01T12:00:00Z,fwd_3h,random_forest,-0.0145990213988663,-0.019052782541833256
2026-05-01T13:00:00Z,fwd_3h,random_forest,-0.0265241816854335,0.04615206431668225
2026-05-01T14:00:00Z,fwd_3h,random_forest,0.0056430459763585,-0.002697581466314718
2026-05-01T15:00:00Z,fwd_3h,random_forest,0.0570257443100503,-0.032373774925476176
2026-05-01T16:00:00Z,fwd_3h,random_forest,0.0138346322101474,-0.008837993554432957
2026-05-01T17:00:00Z,fwd_3h,random_forest,-0.0406084028774251,0.02029169528834723
2026-05-01T18:00:00Z,fwd_3h,random_forest,-0.0297949725593653,0.025735807658582997
2026-05-01T19:00:00Z,fwd_3h,random_forest,-0.005018472193114,0.00478539239954248
2026-05-01T20:00:00Z,fwd_3h,random_forest,0.0373234778833471,-0.001999126463606376
2026-05-01T21:00:00Z,fwd_3h,random_forest,0.0343867391066998,0.012945884886493278
2026-05-01T22:00:00Z,fwd_3h,random_forest,-0.0331933079818316,0.0021484058801000986
2026-05-01T23:00:00Z,fwd_3h,random_forest,-0.0445756638536569,0.006810195058242884
2026-05-02T00:00:00Z,fwd_3h,random_forest,-0.0818169076933603,0.010340252602850144
2026-05-02T01:00:00Z,fwd_3h,random_forest,-0.0531086164459401,-0.0057706636575642406
2026-05-02T02:00:00Z,fwd_3h,random_forest,-0.0496229966728709,0.008493186752426886
2026-05-02T03:00:00Z,fwd_3h,random_forest,-0.0500714767169025,-0.0012223298753625033
2026-05-02T04:00:00Z,fwd_3h,random_forest,0.0355964150468595,-0.030921421729705204
2026-05-02T05:00:00Z,fwd_3h,random_forest,0.030763913242628,0.011499708099858107
2026-05-02T06:00:00Z,fwd_3h,random_forest,0.0524808099291962,-0.008383317647445925
2026-05-02T07:00:00Z,fwd_3h,random_forest,0.0351864956374146,0.02481128910568435
2026-05-02T08:00:00Z,fwd_3h,random_forest,0.0025110126490701,0.013484361507390439
2026-05-02T09:00:00Z,fwd_3h,random_forest,-0.0127199626331667,0.0062916801628787105
2026-05-02T10:00:00Z,fwd_3h,random_forest,-0.0154781889212184,0.013504957038683261
2026-05-02T11:00:00Z,fwd_3h,random_forest,0.0272865685333196,-0.006498075908931557
2026-05-02T12:00:00Z,fwd_3h,random_forest,0.0297546443860796,-0.011624214077099695
2026-05-02T13:00:00Z,fwd_3h,random_forest,0.0476998595075741,0.004274713417475837
2026-05-02T14:00:00Z,fwd_3h,random_forest,0.026859465326626,0.03295251300241487
2026-05-02T15:00:00Z,fwd_3h,random_forest,0.0069783805555576,-0.005385618714595047
2026-05-02T16:00:00Z,fwd_3h,random_forest,-0.0270798770169414,0.007322325835530563
2026-05-02T17:00:00Z,fwd_3h,random_forest,-0.0139709580405034,-0.006879867843411924
2026-05-02T18:00:00Z,fwd_3h,random_forest,-0.0069535492923744,-0.00385622883889159
2026-05-02T19:00:00Z,fwd_3h,random_forest,-0.0189358014300583,-0.003962507244035224
2026-05-02T20:00:00Z,fwd_3h,random_forest,-0.0256784637323318,-0.006207227404670808
2026-05-02T21:00:00Z,fwd_3h,random_forest,-0.001236832468241,-0.006836170513355576
2026-05-02T22:00:00Z,fwd_3h,random_forest,0.0036050885968101,-0.010845933987065182
2026-05-02T23:00:00Z,fwd_3h,random_forest,0.0266835176792599,-0.0022460556187777056
2026-05-03T00:00:00Z,fwd_3h,random_forest,0.0181614237853822,-0.004825992647010285
2026-05-03T01:00:00Z,fwd_3h,random_forest,-0.0066100296891625,0.020893193243041196
2026-05-03T02:00:00Z,fwd_3h,random_forest,-0.0530631223834446,-0.010441042125215468
2026-05-03T03:00:00Z,fwd_3h,random_forest,-0.0578790953663967,0.011294570848020989
2026-05-03T04:00:00Z,fwd_3h,random_forest,-0.0262143734694019,-0.004146718646633221
2026-05-03T05:00:00Z,fwd_3h,random_forest,0.0016951522864869,-0.020765069074403907
2026-05-03T06:00:00Z,fwd_3h,random_forest,0.0223173492094055,-0.010234779371912132
2026-05-03T07:00:00Z,fwd_3h,random_forest,0.0051744945058429,0.004393959785562179
2026-05-03T08:00:00Z,fwd_3h,random_forest,0.0029171039545452,-0.0014280606034885242
2026-05-03T09:00:00Z,fwd_3h,random_forest,-0.0335203240074167,0.0053869726853166535
2026-05-03T10:00:00Z,fwd_3h,random_forest,-0.0098075445591367,-0.0019114940821674457
2026-05-03T11:00:00Z,fwd_3h,random_forest,-0.0188104226374887,-0.0163097523035616
2026-05-03T12:00:00Z,fwd_3h,random_forest,-0.084471365236452,-0.005258851739150431
2026-05-03T13:00:00Z,fwd_3h,random_forest,-0.1152212022554067,-0.009040597528742514
2026-05-03T14:00:00Z,fwd_3h,random_forest,-0.1087082241912551,-0.019727079017278205
2026-05-03T15:00:00Z,fwd_3h,random_forest,-0.0302771039476125,-0.024807961382490206
2026-05-03T16:00:00Z,fwd_3h,random_forest,0.0,-0.009250476858810726
2026-05-03T17:00:00Z,fwd_3h,random_forest,0.0077307316110635,0.011879304201832593
2026-05-03T18:00:00Z,fwd_3h,random_forest,0.0077307316110635,-0.004745130999395706
2026-05-03T19:00:00Z,fwd_3h,random_forest,0.0077307316110635,-0.007190535858678453
2026-05-03T20:00:00Z,fwd_3h,random_forest,0.0,-0.010553088074594071
2026-05-03T21:00:00Z,fwd_3h,random_forest,0.021560458840607,-0.002706279240177137
2026-05-03T22:00:00Z,fwd_3h,random_forest,0.0091277139247774,0.027835235337557697
2026-05-03T23:00:00Z,fwd_3h,random_forest,0.0091277139247774,-0.0016000393749560989
2026-05-04T00:00:00Z,fwd_3h,random_forest,-0.0121703466576416,0.006592541048438616
2026-05-04T01:00:00Z,fwd_3h,random_forest,0.0832607411083741,-0.0032144737144175917
2026-05-04T02:00:00Z,fwd_3h,random_forest,0.0816547678865327,-0.007362034689297009
2026-05-04T03:00:00Z,fwd_3h,random_forest,0.0951140734101261,0.011021294083822221
2026-05-04T04:00:00Z,fwd_3h,random_forest,0.0055225091493629,-0.0037693167251907924
2026-05-04T05:00:00Z,fwd_3h,random_forest,0.008122883384164,0.02277438288358704
2026-05-04T06:00:00Z,fwd_3h,random_forest,-0.0176610966577905,-0.002905174500347824
2026-05-04T07:00:00Z,fwd_3h,random_forest,-0.0463729339519427,-0.004729617388298099
2026-05-04T08:00:00Z,fwd_3h,random_forest,-0.1201659854560831,0.0064561755115274885
2026-05-04T09:00:00Z,fwd_3h,random_forest,-0.0717786279569473,1.7760245350082383e-05
2026-05-04T10:00:00Z,fwd_3h,random_forest,-0.0386779635987872,0.007184027505438127
2026-05-04T11:00:00Z,fwd_3h,random_forest,0.0408050188653095,-0.01925622464219432
2026-05-04T12:00:00Z,fwd_3h,random_forest,0.0,0.04813944335927634
2026-05-04T13:00:00Z,fwd_3h,random_forest,0.0337368700114673,0.03528251304495988
2026-05-04T14:00:00Z,fwd_3h,random_forest,0.0498639747137925,0.013362378105286822
2026-05-04T15:00:00Z,fwd_3h,random_forest,0.0732340383400855,-0.005883568281911928
2026-05-04T16:00:00Z,fwd_3h,random_forest,0.0179403156843245,0.00281291460504737
2026-05-04T17:00:00Z,fwd_3h,random_forest,-0.0132060264365959,0.0033406810813907226
2026-05-04T18:00:00Z,fwd_3h,random_forest,-0.0257732804138406,0.014188264390830228
2026-05-04T19:00:00Z,fwd_3h,random_forest,0.0797286708300082,-0.008010361457088614
2026-05-04T20:00:00Z,fwd_3h,random_forest,0.0802735728764223,0.005203177373130754
2026-05-04T21:00:00Z,fwd_3h,random_forest,0.0298861472400093,-0.004469322314108576
2026-05-04T22:00:00Z,fwd_3h,random_forest,-0.0376508792156577,0.0346471307461048
2026-05-04T23:00:00Z,fwd_3h,random_forest,-0.0292198919429562,-0.0010735297703741967
2026-05-05T00:00:00Z,fwd_3h,random_forest,0.0307490630915443,-0.007097126709706858
2026-05-05T01:00:00Z,fwd_3h,random_forest,0.0418874168198271,-0.005304378785806051
2026-05-05T02:00:00Z,fwd_3h,random_forest,0.0390523331944137,-0.0007694024904477075
2026-05-05T03:00:00Z,fwd_3h,random_forest,0.0364364370032475,-0.0051805510830077554
2026-05-05T04:00:00Z,fwd_3h,random_forest,-0.0010494581063651,-0.015141284502583355
2026-05-05T05:00:00Z,fwd_3h,random_forest,0.0047325801151125,-0.012506431159307019
2026-05-05T06:00:00Z,fwd_3h,random_forest,-0.0369980368750659,-0.013999733076750318
2026-05-05T07:00:00Z,fwd_3h,random_forest,0.0283177544763619,0.03344202701857492
2026-05-05T08:00:00Z,fwd_3h,random_forest,0.0282765654103902,-0.024649540050364026
2026-05-05T09:00:00Z,fwd_3h,random_forest,0.1546501855481035,-0.003490087793027346
2026-05-05T10:00:00Z,fwd_3h,random_forest,0.1692774972644255,0.0480067584243848
2026-05-05T11:00:00Z,fwd_3h,random_forest,0.0845033925255425,-0.009087743319906581
2026-05-05T12:00:00Z,fwd_3h,random_forest,0.009099904574535,0.021434833893133585
2026-05-05T13:00:00Z,fwd_3h,random_forest,-0.072815810623775,0.05032288205243664
2026-05-05T14:00:00Z,fwd_3h,random_forest,0.0216330742587074,-0.0189114373231219
2026-05-05T15:00:00Z,fwd_3h,random_forest,0.0203695790881697,0.015110515212516074
2026-05-05T16:00:00Z,fwd_3h,random_forest,0.0092490332690782,-0.007195391965756762
2026-05-05T17:00:00Z,fwd_3h,random_forest,0.0162412708284223,-0.01028762477032121
2026-05-05T18:00:00Z,fwd_3h,random_forest,-0.0062778289486601,0.01975491654913126
2026-05-05T19:00:00Z,fwd_3h,random_forest,-0.0369383745811456,-0.002693735067094417
2026-05-05T20:00:00Z,fwd_3h,random_forest,-0.0682611339720442,0.005904919849878075
2026-05-05T21:00:00Z,fwd_3h,random_forest,-0.0653805988589528,-0.013089563882769844
2026-05-05T22:00:00Z,fwd_3h,random_forest,0.0061072400179849,-0.005445366874344381
2026-05-05T23:00:00Z,fwd_3h,random_forest,0.0041853960298299,-0.004092595666002311
2026-05-06T00:00:00Z,fwd_3h,random_forest,0.0092677089046491,-0.012145698287496669
2026-05-06T01:00:00Z,fwd_3h,random_forest,-0.0126789175399174,0.009993865977750357
2026-05-06T02:00:00Z,fwd_3h,random_forest,-0.0033362099021295,0.0029199138319794845
2026-05-06T03:00:00Z,fwd_3h,random_forest,0.0363800992439127,-0.007848379105282218
2026-05-06T04:00:00Z,fwd_3h,random_forest,0.2031744528717922,-0.00718981611758752
2026-05-06T05:00:00Z,fwd_3h,random_forest,0.0890483087629332,0.0015146609853366568
2026-05-06T06:00:00Z,fwd_3h,random_forest,0.0343345763046811,-0.009368552952520804
2026-05-06T07:00:00Z,fwd_3h,random_forest,-0.0848247366460681,0.055106252024961534
2026-05-06T08:00:00Z,fwd_3h,random_forest,0.0661440228135263,-0.029364252342433353
2026-05-06T09:00:00Z,fwd_3h,random_forest,0.1950598752302983,-0.011695528511361193
2026-05-06T10:00:00Z,fwd_3h,random_forest,0.1275592007516062,-0.006373129231845119
2026-05-06T11:00:00Z,fwd_3h,random_forest,0.0361135098467146,0.0154264115760175
2026-05-06T12:00:00Z,fwd_3h,random_forest,-0.0793037847938765,0.05757931192893488
2026-05-06T13:00:00Z,fwd_3h,random_forest,-0.0554367003781233,-0.011604105097811124
2026-05-06T14:00:00Z,fwd_3h,random_forest,-0.0027284477101054,-0.015946482382149713
2026-05-06T15:00:00Z,fwd_3h,random_forest,-0.0031935139975454,0.004066698102583932
2026-05-06T16:00:00Z,fwd_3h,random_forest,0.0165586543537348,0.0031274145678660274
2026-05-06T17:00:00Z,fwd_3h,random_forest,-0.0106831665307537,0.021012640140691815
2026-05-06T18:00:00Z,fwd_3h,random_forest,0.1838913681003675,-0.006739694352328162
2026-05-06T19:00:00Z,fwd_3h,random_forest,0.0873724517130256,-0.0063480568587819175
2026-05-06T20:00:00Z,fwd_3h,random_forest,0.1018490433394294,-0.0031338564126461715
2026-05-06T21:00:00Z,fwd_3h,random_forest,-0.0671821458310543,0.03463883501965844
2026-05-06T22:00:00Z,fwd_3h,random_forest,0.0519640914871593,-0.029342914893961864
2026-04-17T06:00:00Z,fwd_3h,lightgbm,-0.0955178845263217,
2026-04-17T07:00:00Z,fwd_3h,lightgbm,-0.0955178845263217,
2026-04-17T08:00:00Z,fwd_3h,lightgbm,0.0,
2026-04-17T09:00:00Z,fwd_3h,lightgbm,0.0264294896106698,
2026-04-17T10:00:00Z,fwd_3h,lightgbm,0.0264294896106698,
2026-04-17T11:00:00Z,fwd_3h,lightgbm,0.0264294896106698,
2026-04-17T12:00:00Z,fwd_3h,lightgbm,0.0,
2026-04-17T13:00:00Z,fwd_3h,lightgbm,0.111656884090084,
2026-04-17T14:00:00Z,fwd_3h,lightgbm,0.111656884090084,
2026-04-17T15:00:00Z,fwd_3h,lightgbm,0.111656884090084,
2026-04-17T16:00:00Z,fwd_3h,lightgbm,0.0,
2026-04-17T17:00:00Z,fwd_3h,lightgbm,-0.0333364930278827,
2026-04-17T18:00:00Z,fwd_3h,lightgbm,-0.0333364930278827,
2026-04-17T19:00:00Z,fwd_3h,lightgbm,-0.0333364930278827,
2026-04-17T20:00:00Z,fwd_3h,lightgbm,0.0,
2026-04-17T21:00:00Z,fwd_3h,lightgbm,-0.042006126250267,
2026-04-17T22:00:00Z,fwd_3h,lightgbm,-0.042006126250267,
2026-04-17T23:00:00Z,fwd_3h,lightgbm,-0.042006126250267,
2026-04-18T00:00:00Z,fwd_3h,lightgbm,0.0,
2026-04-18T01:00:00Z,fwd_3h,lightgbm,-0.0504516634443494,
2026-04-18T02:00:00Z,fwd_3h,lightgbm,-0.0504516634443494,
2026-04-18T03:00:00Z,fwd_3h,lightgbm,-0.0504516634443494,
2026-04-18T04:00:00Z,fwd_3h,lightgbm,0.0,
2026-04-18T05:00:00Z,fwd_3h,lightgbm,-0.0321276759024523,
2026-04-18T06:00:00Z,fwd_3h,lightgbm,-0.0321276759024523,
2026-04-18T07:00:00Z,fwd_3h,lightgbm,-0.0321276759024523,
2026-04-18T08:00:00Z,fwd_3h,lightgbm,0.0,
2026-04-18T09:00:00Z,fwd_3h,lightgbm,0.0172808764844798,
2026-04-18T10:00:00Z,fwd_3h,lightgbm,0.0172808764844798,
2026-04-18T11:00:00Z,fwd_3h,lightgbm,0.0172808764844798,
2026-04-18T12:00:00Z,fwd_3h,lightgbm,0.0,
2026-04-18T13:00:00Z,fwd_3h,lightgbm,0.0231544146737576,
2026-04-18T14:00:00Z,fwd_3h,lightgbm,0.0231544146737576,
2026-04-18T15:00:00Z,fwd_3h,lightgbm,0.0231544146737576,
2026-04-18T16:00:00Z,fwd_3h,lightgbm,0.0,
2026-04-18T17:00:00Z,fwd_3h,lightgbm,-0.1000844810912191,
2026-04-18T18:00:00Z,fwd_3h,lightgbm,-0.1000844810912191,
2026-04-18T19:00:00Z,fwd_3h,lightgbm,-0.1000844810912191,
2026-04-18T20:00:00Z,fwd_3h,lightgbm,0.0,
2026-04-18T21:00:00Z,fwd_3h,lightgbm,-0.0737970090528501,
2026-04-18T22:00:00Z,fwd_3h,lightgbm,-0.0737970090528501,
2026-04-18T23:00:00Z,fwd_3h,lightgbm,-0.0737970090528501,
2026-04-19T00:00:00Z,fwd_3h,lightgbm,0.0,
2026-04-19T01:00:00Z,fwd_3h,lightgbm,-0.0217638727159802,
2026-04-19T02:00:00Z,fwd_3h,lightgbm,-0.0217638727159802,
2026-04-19T03:00:00Z,fwd_3h,lightgbm,-0.0217638727159802,
2026-04-19T04:00:00Z,fwd_3h,lightgbm,0.0,
2026-04-19T05:00:00Z,fwd_3h,lightgbm,0.0474319915411709,
2026-04-19T06:00:00Z,fwd_3h,lightgbm,0.0474319915411709,
2026-04-19T07:00:00Z,fwd_3h,lightgbm,0.0474319915411709,
2026-04-19T08:00:00Z,fwd_3h,lightgbm,0.0,
2026-04-19T09:00:00Z,fwd_3h,lightgbm,-0.0053770347743699,
2026-04-19T10:00:00Z,fwd_3h,lightgbm,-0.0053770347743699,
2026-04-19T11:00:00Z,fwd_3h,lightgbm,-0.0053770347743699,
2026-04-19T12:00:00Z,fwd_3h,lightgbm,0.0,
2026-04-19T13:00:00Z,fwd_3h,lightgbm,0.0047238564559759,
2026-04-19T14:00:00Z,fwd_3h,lightgbm,0.0047238564559759,
2026-04-19T15:00:00Z,fwd_3h,lightgbm,0.0047238564559759,
2026-04-19T16:00:00Z,fwd_3h,lightgbm,0.0,
2026-04-19T17:00:00Z,fwd_3h,lightgbm,-0.0953798799618788,
2026-04-19T18:00:00Z,fwd_3h,lightgbm,-0.0953798799618788,
2026-04-19T19:00:00Z,fwd_3h,lightgbm,-0.0953798799618788,
2026-04-19T20:00:00Z,fwd_3h,lightgbm,0.0,
2026-04-19T21:00:00Z,fwd_3h,lightgbm,0.0440521420123209,
2026-04-19T22:00:00Z,fwd_3h,lightgbm,0.0440521420123209,
2026-04-19T23:00:00Z,fwd_3h,lightgbm,0.0440521420123209,
2026-04-20T00:00:00Z,fwd_3h,lightgbm,0.0,
2026-04-20T01:00:00Z,fwd_3h,lightgbm,-0.0634056412658684,
2026-04-20T02:00:00Z,fwd_3h,lightgbm,-0.0634056412658684,
2026-04-20T03:00:00Z,fwd_3h,lightgbm,-0.0634056412658684,
2026-04-20T04:00:00Z,fwd_3h,lightgbm,0.0,
2026-04-20T05:00:00Z,fwd_3h,lightgbm,0.0431657960367666,
2026-04-20T06:00:00Z,fwd_3h,lightgbm,0.0431657960367666,
2026-04-20T07:00:00Z,fwd_3h,lightgbm,0.0431657960367666,
2026-04-20T08:00:00Z,fwd_3h,lightgbm,0.0,
2026-04-20T09:00:00Z,fwd_3h,lightgbm,0.067601680045592,
2026-04-20T10:00:00Z,fwd_3h,lightgbm,0.067601680045592,
2026-04-20T11:00:00Z,fwd_3h,lightgbm,0.067601680045592,
2026-04-20T12:00:00Z,fwd_3h,lightgbm,0.0,
2026-04-20T13:00:00Z,fwd_3h,lightgbm,-0.027940632156484,
2026-04-20T14:00:00Z,fwd_3h,lightgbm,-0.027940632156484,
2026-04-20T15:00:00Z,fwd_3h,lightgbm,-0.027940632156484,
2026-04-20T16:00:00Z,fwd_3h,lightgbm,0.0,
2026-04-20T17:00:00Z,fwd_3h,lightgbm,0.0423732598578165,0.021859901915313132
2026-04-20T18:00:00Z,fwd_3h,lightgbm,0.0423732598578165,0.008373430192351232
2026-04-20T19:00:00Z,fwd_3h,lightgbm,0.0423732598578165,-0.009205408531655091
2026-04-20T20:00:00Z,fwd_3h,lightgbm,0.0,-0.045382582284746814
2026-04-20T21:00:00Z,fwd_3h,lightgbm,-0.067770203651209,0.021859901915313132
2026-04-20T22:00:00Z,fwd_3h,lightgbm,-0.067770203651209,0.020947901794990047
2026-04-20T23:00:00Z,fwd_3h,lightgbm,-0.067770203651209,-0.048851460421762916
2026-04-21T00:00:00Z,fwd_3h,lightgbm,0.0,0.01886043662999228
2026-04-21T01:00:00Z,fwd_3h,lightgbm,-0.032154581168123,-0.016514133494094252
2026-04-21T02:00:00Z,fwd_3h,lightgbm,-0.032154581168123,-0.0419183971654216
2026-04-21T03:00:00Z,fwd_3h,lightgbm,-0.032154581168123,-0.02043861698824329
2026-04-21T04:00:00Z,fwd_3h,lightgbm,0.0,-0.01999072460097003
2026-04-21T05:00:00Z,fwd_3h,lightgbm,0.0842983081860269,-0.002501675414373828
2026-04-21T06:00:00Z,fwd_3h,lightgbm,0.0842983081860269,-6.652713052437344e-05
2026-04-21T07:00:00Z,fwd_3h,lightgbm,0.0842983081860269,-0.0008000499587132624
2026-04-21T08:00:00Z,fwd_3h,lightgbm,0.0,0.018232081866014264
2026-04-21T09:00:00Z,fwd_3h,lightgbm,0.0420696095745838,-0.03269462251121373
2026-04-21T10:00:00Z,fwd_3h,lightgbm,0.0420696095745838,-0.03181591500957995
2026-04-21T11:00:00Z,fwd_3h,lightgbm,0.0420696095745838,0.021859901915313132
2026-04-21T12:00:00Z,fwd_3h,lightgbm,0.0,-0.047890623138388703
2026-04-21T13:00:00Z,fwd_3h,lightgbm,-0.0568021174587255,-0.04452634139591306
2026-04-21T14:00:00Z,fwd_3h,lightgbm,-0.0568021174587255,-0.005444662227928261
2026-04-21T15:00:00Z,fwd_3h,lightgbm,-0.0568021174587255,-0.01313251768901582
2026-04-21T16:00:00Z,fwd_3h,lightgbm,0.0,-0.02048715331194068
2026-04-21T17:00:00Z,fwd_3h,lightgbm,0.0335980215754752,-0.0014951558940440016
2026-04-21T18:00:00Z,fwd_3h,lightgbm,0.0335980215754752,-0.008198543292838043
2026-04-21T19:00:00Z,fwd_3h,lightgbm,0.0335980215754752,-0.007112773961740865
2026-04-21T20:00:00Z,fwd_3h,lightgbm,0.0,0.02378391182650274
2026-04-21T21:00:00Z,fwd_3h,lightgbm,0.0021543668174439,-0.026776835558924
2026-04-21T22:00:00Z,fwd_3h,lightgbm,0.0021543668174439,0.0037288827016253466
2026-04-21T23:00:00Z,fwd_3h,lightgbm,0.0021543668174439,-0.0460531533328007
2026-04-22T00:00:00Z,fwd_3h,lightgbm,0.0,-0.018155853263177524
2026-04-22T01:00:00Z,fwd_3h,lightgbm,0.0297230158009194,-0.038467399464170327
2026-04-22T02:00:00Z,fwd_3h,lightgbm,0.0297230158009194,0.021757784790536736
2026-04-22T03:00:00Z,fwd_3h,lightgbm,0.0297230158009194,-0.031574622190487615
2026-04-22T04:00:00Z,fwd_3h,lightgbm,0.0,-0.003694123672451208
2026-04-22T05:00:00Z,fwd_3h,lightgbm,0.0608476155819288,0.012290940558260263
2026-04-22T06:00:00Z,fwd_3h,lightgbm,0.0608476155819288,-0.04131133717913973
2026-04-22T07:00:00Z,fwd_3h,lightgbm,0.0608476155819288,-0.002501675414373828
2026-04-22T08:00:00Z,fwd_3h,lightgbm,0.0257445269048386,0.021859901915313132
2026-04-22T09:00:00Z,fwd_3h,lightgbm,0.0185099164218336,0.01840704549361137
2026-04-22T10:00:00Z,fwd_3h,lightgbm,0.0185099164218336,-0.009329148341652794
2026-04-22T11:00:00Z,fwd_3h,lightgbm,-0.0070530334729987,-0.013899041504157432
2026-04-22T12:00:00Z,fwd_3h,lightgbm,0.0,0.0030783702468676504
2026-04-22T13:00:00Z,fwd_3h,lightgbm,0.1325819147095921,-0.02582028502450207
2026-04-22T14:00:00Z,fwd_3h,lightgbm,0.1325819147095921,0.021859901915313132
2026-04-22T15:00:00Z,fwd_3h,lightgbm,0.1325819147095921,0.021859901915313132
2026-04-22T16:00:00Z,fwd_3h,lightgbm,0.0,0.021757784790536736
2026-04-22T17:00:00Z,fwd_3h,lightgbm,-0.0857013765130157,-0.0460531533328007
2026-04-22T18:00:00Z,fwd_3h,lightgbm,-0.0857013765130157,-0.012814085217878824
2026-04-22T19:00:00Z,fwd_3h,lightgbm,-0.0857013765130157,-0.012264894386958086
2026-04-22T20:00:00Z,fwd_3h,lightgbm,0.0,-0.0460531533328007
2026-04-22T21:00:00Z,fwd_3h,lightgbm,0.0392970850132388,0.016947169243203025
2026-04-22T22:00:00Z,fwd_3h,lightgbm,0.0392970850132388,0.0035254019656671756
2026-04-22T23:00:00Z,fwd_3h,lightgbm,0.0392970850132388,0.016947169243203025
2026-04-23T00:00:00Z,fwd_3h,lightgbm,0.0,0.015547032903159615
2026-04-23T01:00:00Z,fwd_3h,lightgbm,-0.0315906345864475,0.0002248137904599022
2026-04-23T02:00:00Z,fwd_3h,lightgbm,-0.0315906345864475,0.0030703938272851295
2026-04-23T03:00:00Z,fwd_3h,lightgbm,-0.0315906345864475,0.0266669041027451
2026-04-23T04:00:00Z,fwd_3h,lightgbm,0.0,0.016947169243203025
2026-04-23T05:00:00Z,fwd_3h,lightgbm,-0.0627434850143782,-0.01811637132968642
2026-04-23T06:00:00Z,fwd_3h,lightgbm,-0.0627434850143782,0.016947169243203025
2026-04-23T07:00:00Z,fwd_3h,lightgbm,-0.0627434850143782,-0.007251378841248622
2026-04-23T08:00:00Z,fwd_3h,lightgbm,0.0,-0.03592408747032663
2026-04-23T09:00:00Z,fwd_3h,lightgbm,0.1181223264681665,-0.031078193479516975
2026-04-23T10:00:00Z,fwd_3h,lightgbm,0.1181223264681665,-0.02207692155920669
2026-04-23T11:00:00Z,fwd_3h,lightgbm,0.1181223264681665,-0.02842061709989811
2026-04-23T12:00:00Z,fwd_3h,lightgbm,0.0,0.021859901915313132
2026-04-23T13:00:00Z,fwd_3h,lightgbm,-0.0293263755396362,-0.03880993447348735
2026-04-23T14:00:00Z,fwd_3h,lightgbm,-0.0293263755396362,0.010912795036521209
2026-04-23T15:00:00Z,fwd_3h,lightgbm,-0.0293263755396362,-0.007274487314843731
2026-04-23T16:00:00Z,fwd_3h,lightgbm,0.0,-0.02046697739103294
2026-04-23T17:00:00Z,fwd_3h,lightgbm,-0.0244065913888801,-0.03592408747032663
2026-04-23T18:00:00Z,fwd_3h,lightgbm,-0.0244065913888801,0.012020448276685794
2026-04-23T19:00:00Z,fwd_3h,lightgbm,-0.0244065913888801,-0.024498592681699526
2026-04-23T20:00:00Z,fwd_3h,lightgbm,0.0,0.021859901915313132
2026-04-23T21:00:00Z,fwd_3h,lightgbm,0.0768536726616908,-0.031536461222135874
2026-04-23T22:00:00Z,fwd_3h,lightgbm,0.0768536726616908,-0.007786518129726806
2026-04-23T23:00:00Z,fwd_3h,lightgbm,0.0768536726616908,0.03912372572367755
2026-04-24T00:00:00Z,fwd_3h,lightgbm,0.0,-0.017207148685400242
2026-04-24T01:00:00Z,fwd_3h,lightgbm,-0.0503907549855541,-0.01639379922862908
2026-04-24T02:00:00Z,fwd_3h,lightgbm,-0.0503907549855541,-0.0025207770351718026
2026-04-24T03:00:00Z,fwd_3h,lightgbm,-0.0503907549855541,-0.007595115044720861
2026-04-24T04:00:00Z,fwd_3h,lightgbm,0.0,0.03621666628312002
2026-04-24T05:00:00Z,fwd_3h,lightgbm,0.0392756325062362,-0.018306222156445406
2026-04-24T06:00:00Z,fwd_3h,lightgbm,0.0392756325062362,-0.016049726422420252
2026-04-24T07:00:00Z,fwd_3h,lightgbm,0.0392756325062362,0.034741881813382426
2026-04-24T08:00:00Z,fwd_3h,lightgbm,0.0,0.028796937176571762
2026-04-24T09:00:00Z,fwd_3h,lightgbm,0.1948771247073424,0.020444123720238284
2026-04-24T10:00:00Z,fwd_3h,lightgbm,0.1747482638378092,0.016288181873958505
2026-04-24T11:00:00Z,fwd_3h,lightgbm,0.2140757508293336,0.013175809429824133
2026-04-24T12:00:00Z,fwd_3h,lightgbm,0.0805787976232008,-0.0013000173776044877
2026-04-24T13:00:00Z,fwd_3h,lightgbm,0.0591857176535759,-0.048725134398604035
2026-04-24T14:00:00Z,fwd_3h,lightgbm,0.127779893651295,0.02080963357129941
2026-04-24T15:00:00Z,fwd_3h,lightgbm,0.0619141473982265,0.041967017667636004
2026-04-24T16:00:00Z,fwd_3h,lightgbm,0.0841139363280893,-0.018163983437507306
2026-04-24T17:00:00Z,fwd_3h,lightgbm,0.1352688572436771,0.026963174485262476
2026-04-24T18:00:00Z,fwd_3h,lightgbm,0.0622024605537994,-0.00015679266821263827
2026-04-24T19:00:00Z,fwd_3h,lightgbm,0.0827225748904341,-0.04538268515640359
2026-04-24T20:00:00Z,fwd_3h,lightgbm,-0.1332806615351507,0.010697487265912197
2026-04-24T21:00:00Z,fwd_3h,lightgbm,-0.0925443397317329,-0.027661071968381596
2026-04-24T22:00:00Z,fwd_3h,lightgbm,-0.1065670024178198,-0.0399014178543468
2026-04-24T23:00:00Z,fwd_3h,lightgbm,-0.0496975811773087,-0.029941801563036687
2026-04-25T00:00:00Z,fwd_3h,lightgbm,-0.0190771588556597,-0.0012560533482507761
2026-04-25T01:00:00Z,fwd_3h,lightgbm,-0.0170772284175688,-0.017471535864496658
2026-04-25T02:00:00Z,fwd_3h,lightgbm,-0.0309253272823717,-0.013782352419342211
2026-04-25T03:00:00Z,fwd_3h,lightgbm,-0.0180287139918277,-0.0026662840448078784
2026-04-25T04:00:00Z,fwd_3h,lightgbm,-0.0244398228539632,-0.05699530078860886
2026-04-25T05:00:00Z,fwd_3h,lightgbm,0.023430759563503,-0.026895953905054993
2026-04-25T06:00:00Z,fwd_3h,lightgbm,-0.0024152981812732,-0.0024002832653163713
2026-04-25T07:00:00Z,fwd_3h,lightgbm,0.0373817596760635,-0.008491898767728852
2026-04-25T08:00:00Z,fwd_3h,lightgbm,0.0310873897208312,-0.013135169572094076
2026-04-25T09:00:00Z,fwd_3h,lightgbm,0.0558510640864329,0.006261604169155331
2026-04-25T10:00:00Z,fwd_3h,lightgbm,0.0364963083764944,-0.001472590787039875
2026-04-25T11:00:00Z,fwd_3h,lightgbm,0.0262369988364652,0.02210984976337308
2026-04-25T12:00:00Z,fwd_3h,lightgbm,0.0715430885267591,0.018071703502940063
2026-04-25T13:00:00Z,fwd_3h,lightgbm,0.0718752820570132,0.0008514736131914954
2026-04-25T14:00:00Z,fwd_3h,lightgbm,0.0513693634826892,0.042921787327100766
2026-04-25T15:00:00Z,fwd_3h,lightgbm,0.0504750736455146,0.03195045972400003
2026-04-25T16:00:00Z,fwd_3h,lightgbm,0.0490039557586343,-0.003889909368340991
2026-04-25T17:00:00Z,fwd_3h,lightgbm,0.0563804376563092,0.03913533691049973
2026-04-25T18:00:00Z,fwd_3h,lightgbm,0.0225680790169002,0.038164835142059574
2026-04-25T19:00:00Z,fwd_3h,lightgbm,0.0383868084491396,-0.011579081353840084
2026-04-25T20:00:00Z,fwd_3h,lightgbm,0.0241943168709588,0.0045986876179755585
2026-04-25T21:00:00Z,fwd_3h,lightgbm,-0.026890495895565,0.01575835967952439
2026-04-25T22:00:00Z,fwd_3h,lightgbm,-0.0317487576041617,0.021480270113188215
2026-04-25T23:00:00Z,fwd_3h,lightgbm,-0.025740477267459,-0.014565848795083818
2026-04-26T00:00:00Z,fwd_3h,lightgbm,-0.001337234618946,-0.016725311398389116
2026-04-26T01:00:00Z,fwd_3h,lightgbm,-0.0324908452046727,-0.009256741919964544
2026-04-26T02:00:00Z,fwd_3h,lightgbm,0.0022809335071469,-0.009183696459262182
2026-04-26T03:00:00Z,fwd_3h,lightgbm,-0.0062558638982797,-0.0389270008622126
2026-04-26T04:00:00Z,fwd_3h,lightgbm,-0.0017113389010634,-0.04376818599382287
2026-04-26T05:00:00Z,fwd_3h,lightgbm,-0.0257024027986412,0.00025038791148132957
2026-04-26T06:00:00Z,fwd_3h,lightgbm,-0.0132494942495293,-0.030641012068039004
2026-04-26T07:00:00Z,fwd_3h,lightgbm,0.0101771050347636,-0.02822164710625693
2026-04-26T08:00:00Z,fwd_3h,lightgbm,0.0081848919653275,-0.015488377714011086
2026-04-26T09:00:00Z,fwd_3h,lightgbm,0.0071345689617299,0.030277617411272367
2026-04-26T10:00:00Z,fwd_3h,lightgbm,0.0162984223955007,0.010128811614614338
2026-04-26T11:00:00Z,fwd_3h,lightgbm,-0.0003641017627712,-0.02064699523974737
2026-04-26T12:00:00Z,fwd_3h,lightgbm,-0.0123846239945464,-0.022485140552846918
2026-04-26T13:00:00Z,fwd_3h,lightgbm,-0.1425679731783448,0.00913500937390833
2026-04-26T14:00:00Z,fwd_3h,lightgbm,-0.0922113332875762,-0.02483677277770517
2026-04-26T15:00:00Z,fwd_3h,lightgbm,-0.1023419514520673,-0.016338853589147856
2026-04-26T16:00:00Z,fwd_3h,lightgbm,0.0287065192945061,0.010720186131434545
2026-04-26T17:00:00Z,fwd_3h,lightgbm,0.0871214768061079,0.048063086119259565
2026-04-26T18:00:00Z,fwd_3h,lightgbm,0.0665280458450632,0.0024714585841272524
2026-04-26T19:00:00Z,fwd_3h,lightgbm,0.0788544490659342,0.00365528809904647
2026-04-26T20:00:00Z,fwd_3h,lightgbm,0.0174030085622589,0.02921846041638302
2026-04-26T21:00:00Z,fwd_3h,lightgbm,0.0878538727139723,-0.026895953905054993
2026-04-26T22:00:00Z,fwd_3h,lightgbm,0.0681145028162744,0.02566814552960279
2026-04-26T23:00:00Z,fwd_3h,lightgbm,0.0377599634601064,0.008226798825927866
2026-04-27T00:00:00Z,fwd_3h,lightgbm,-0.0065918811544358,0.039151916539700085
2026-04-27T01:00:00Z,fwd_3h,lightgbm,0.0121127466498962,0.04742829718457931
2026-04-27T02:00:00Z,fwd_3h,lightgbm,-0.0203998071661803,-0.0015980755093095045
2026-04-27T03:00:00Z,fwd_3h,lightgbm,-0.0198162611174808,0.0033209300910159245
2026-04-27T04:00:00Z,fwd_3h,lightgbm,-0.0421983666086401,0.043447820700914686
2026-04-27T05:00:00Z,fwd_3h,lightgbm,-0.0005952383021815,0.015424064629458585
2026-04-27T06:00:00Z,fwd_3h,lightgbm,-0.017581948251544,0.006130945907884696
2026-04-27T07:00:00Z,fwd_3h,lightgbm,-0.0616725548109886,0.01834156833794079
2026-04-27T08:00:00Z,fwd_3h,lightgbm,-0.0911580058403213,-0.009461251941021558
2026-04-27T09:00:00Z,fwd_3h,lightgbm,-0.0579311420394583,0.011679175053024737
2026-04-27T10:00:00Z,fwd_3h,lightgbm,0.0010973315005886,-0.0034959556525902
2026-04-27T11:00:00Z,fwd_3h,lightgbm,0.0312115789784033,0.002684330265772647
2026-04-27T12:00:00Z,fwd_3h,lightgbm,-0.0506113869767519,0.01879270920491766
2026-04-27T13:00:00Z,fwd_3h,lightgbm,-0.0868780837089099,0.049954899778824606
2026-04-27T14:00:00Z,fwd_3h,lightgbm,-0.1854820573371308,0.009636459991935985
2026-04-27T15:00:00Z,fwd_3h,lightgbm,-0.1006892742458833,-0.053557052780325236
2026-04-27T16:00:00Z,fwd_3h,lightgbm,-0.0938842083039768,0.0018353999604781295
2026-04-27T17:00:00Z,fwd_3h,lightgbm,0.0268685123754977,0.004670865637318453
2026-04-27T18:00:00Z,fwd_3h,lightgbm,-0.0218477204611458,0.021628254017059072
2026-04-27T19:00:00Z,fwd_3h,lightgbm,-0.0010299012330271,0.007707305137161471
2026-04-27T20:00:00Z,fwd_3h,lightgbm,-0.0108853999150889,-0.02024571026913592
2026-04-27T21:00:00Z,fwd_3h,lightgbm,0.071334652127281,-0.03336451329237584
2026-04-27T22:00:00Z,fwd_3h,lightgbm,0.0742508730289916,0.014020879617389653
2026-04-27T23:00:00Z,fwd_3h,lightgbm,0.0434608369342026,0.013593265257638449
2026-04-28T00:00:00Z,fwd_3h,lightgbm,0.0049189166495895,0.0036718176429589456
2026-04-28T01:00:00Z,fwd_3h,lightgbm,-0.005033007421459,0.02222793715411713
2026-04-28T02:00:00Z,fwd_3h,lightgbm,0.0136245343433869,-0.0003341744414790623
2026-04-28T03:00:00Z,fwd_3h,lightgbm,-0.0683596797728158,-0.00021213362516031862
2026-04-28T04:00:00Z,fwd_3h,lightgbm,-0.1085663361132409,0.036001838369084896
2026-04-28T05:00:00Z,fwd_3h,lightgbm,-0.0991068661709136,-0.011014574046187083
2026-04-28T06:00:00Z,fwd_3h,lightgbm,-0.0397470035635683,-0.021902622113369057
2026-04-28T07:00:00Z,fwd_3h,lightgbm,0.0046315465788835,-0.0036251485746581673
2026-04-28T08:00:00Z,fwd_3h,lightgbm,0.0,0.015984530554352637
2026-04-28T09:00:00Z,fwd_3h,lightgbm,0.004918587451135,0.01902902812821293
2026-04-28T10:00:00Z,fwd_3h,lightgbm,0.004918587451135,0.022269051165737262
2026-04-28T11:00:00Z,fwd_3h,lightgbm,0.004918587451135,0.004743514817465466
2026-04-28T12:00:00Z,fwd_3h,lightgbm,0.0,-0.03850325331529277
2026-04-28T13:00:00Z,fwd_3h,lightgbm,-0.0175620108356487,-0.004920045715570148
2026-04-28T14:00:00Z,fwd_3h,lightgbm,-0.0175620108356487,-0.02825005849298579
2026-04-28T15:00:00Z,fwd_3h,lightgbm,-0.0175620108356487,0.03297136490004392
2026-04-28T16:00:00Z,fwd_3h,lightgbm,0.0,0.04713262726336193
2026-04-28T17:00:00Z,fwd_3h,lightgbm,-0.054004495341984,-0.0023361689734874057
2026-04-28T18:00:00Z,fwd_3h,lightgbm,-0.054004495341984,0.02198375670622899
2026-04-28T19:00:00Z,fwd_3h,lightgbm,-0.054004495341984,-0.025975583537930086
2026-04-28T20:00:00Z,fwd_3h,lightgbm,0.0,-0.024595017449787267
2026-04-28T21:00:00Z,fwd_3h,lightgbm,0.0113500992295214,0.023022207423440286
2026-04-28T22:00:00Z,fwd_3h,lightgbm,0.0113500992295214,0.023022207423440286
2026-04-28T23:00:00Z,fwd_3h,lightgbm,0.0113500992295214,-0.007322000183778313
2026-04-29T00:00:00Z,fwd_3h,lightgbm,0.0,-0.0007016259465453032
2026-04-29T01:00:00Z,fwd_3h,lightgbm,0.162300713641978,0.07792814933904922
2026-04-29T02:00:00Z,fwd_3h,lightgbm,0.1564962863565473,0.031536944647930935
2026-04-29T03:00:00Z,fwd_3h,lightgbm,0.1674189701380568,-0.008093240263556373
2026-04-29T04:00:00Z,fwd_3h,lightgbm,-0.0331934157443992,0.06873766590061393
2026-04-29T05:00:00Z,fwd_3h,lightgbm,-0.0314234922515588,0.009521458410656361
2026-04-29T06:00:00Z,fwd_3h,lightgbm,-0.0011948312419898,0.006754780298984949
2026-04-29T07:00:00Z,fwd_3h,lightgbm,0.0340608150689016,0.009393103008629148
2026-04-29T08:00:00Z,fwd_3h,lightgbm,0.0095501389553505,-0.004823845422945755
2026-04-29T09:00:00Z,fwd_3h,lightgbm,-0.0857570030939046,0.0678210581142803
2026-04-29T10:00:00Z,fwd_3h,lightgbm,-0.0825868000825248,-0.0030257250959631428
2026-04-29T11:00:00Z,fwd_3h,lightgbm,-0.0573225835244927,0.009725009436374148
2026-04-29T12:00:00Z,fwd_3h,lightgbm,0.0,-0.014819879759748487
2026-04-29T13:00:00Z,fwd_3h,lightgbm,0.0086652107630751,0.014124496722057995
2026-04-29T14:00:00Z,fwd_3h,lightgbm,0.0086652107630751,0.021041120549102833
2026-04-29T15:00:00Z,fwd_3h,lightgbm,0.0086652107630751,0.02041134385184756
2026-04-29T16:00:00Z,fwd_3h,lightgbm,0.0,0.020354824759133913
2026-04-29T17:00:00Z,fwd_3h,lightgbm,-0.1295525398295541,0.02090154953929532
2026-04-29T18:00:00Z,fwd_3h,lightgbm,-0.1295525398295541,-0.002342738078522315
2026-04-29T19:00:00Z,fwd_3h,lightgbm,-0.1295525398295541,-0.016801651756602674
2026-04-29T20:00:00Z,fwd_3h,lightgbm,0.0,-0.01997489918042114
2026-04-29T21:00:00Z,fwd_3h,lightgbm,0.2050539018586472,0.01931027061729741
2026-04-29T22:00:00Z,fwd_3h,lightgbm,0.2165652517058851,-0.0110188147426282
2026-04-29T23:00:00Z,fwd_3h,lightgbm,0.1910765982834577,-0.03324371190798658
2026-04-30T00:00:00Z,fwd_3h,lightgbm,-0.074027164139742,0.05650413235272191
2026-04-30T01:00:00Z,fwd_3h,lightgbm,-0.1151172838622366,-0.021660133243092166
2026-04-30T02:00:00Z,fwd_3h,lightgbm,-0.0961810803438092,-0.009546081456843011
2026-04-30T03:00:00Z,fwd_3h,lightgbm,-0.0352464166464763,-0.023511734834325747
2026-04-30T04:00:00Z,fwd_3h,lightgbm,0.0,-0.04109698457260627
2026-04-30T05:00:00Z,fwd_3h,lightgbm,0.0421238387408229,0.03561283792820273
2026-04-30T06:00:00Z,fwd_3h,lightgbm,0.0421238387408229,-0.032730094268914815
2026-04-30T07:00:00Z,fwd_3h,lightgbm,0.0421238387408229,0.015112020141002706
2026-04-30T08:00:00Z,fwd_3h,lightgbm,0.0,0.06065036467927105
2026-04-30T09:00:00Z,fwd_3h,lightgbm,0.0005749874871705,-0.004156152240743452
2026-04-30T10:00:00Z,fwd_3h,lightgbm,0.0005749874871705,0.03932622413875231
2026-04-30T11:00:00Z,fwd_3h,lightgbm,0.0005749874871705,-0.007206896003067805
2026-04-30T12:00:00Z,fwd_3h,lightgbm,0.0,0.02185219119116973
2026-04-30T13:00:00Z,fwd_3h,lightgbm,0.0328435841023473,-0.0034239596185434307
2026-04-30T14:00:00Z,fwd_3h,lightgbm,0.0328435841023473,0.023093675355605733
2026-04-30T15:00:00Z,fwd_3h,lightgbm,0.0328435841023473,0.0028818801393970736
2026-04-30T16:00:00Z,fwd_3h,lightgbm,0.0,0.002187763845110202
2026-04-30T17:00:00Z,fwd_3h,lightgbm,0.0485939537825712,-0.010027400235541712
2026-04-30T18:00:00Z,fwd_3h,lightgbm,0.0455724911382149,0.017702041202966815
2026-04-30T19:00:00Z,fwd_3h,lightgbm,0.0672407897463212,-0.05183561883610378
2026-04-30T20:00:00Z,fwd_3h,lightgbm,0.0301724213052714,-0.02642516225571562
2026-04-30T21:00:00Z,fwd_3h,lightgbm,0.0294125366198318,-0.02082974523286508
2026-04-30T22:00:00Z,fwd_3h,lightgbm,0.0101539268027568,-0.02986948850587353
2026-04-30T23:00:00Z,fwd_3h,lightgbm,0.0217978578265289,-0.0024144912655391978
2026-05-01T00:00:00Z,fwd_3h,lightgbm,0.0657286102784544,0.00043567481414369575
2026-05-01T01:00:00Z,fwd_3h,lightgbm,0.0852154836528438,-0.02936996972870477
2026-05-01T02:00:00Z,fwd_3h,lightgbm,0.111414900694303,-0.02409994216333613
2026-05-01T03:00:00Z,fwd_3h,lightgbm,0.0462285842401113,0.023263629092257404
2026-05-01T04:00:00Z,fwd_3h,lightgbm,0.0117165489188884,-0.011638557701287276
2026-05-01T05:00:00Z,fwd_3h,lightgbm,0.0501127855569976,0.05121201336470581
2026-05-01T06:00:00Z,fwd_3h,lightgbm,0.0094703194200833,-0.02841168272771374
2026-05-01T07:00:00Z,fwd_3h,lightgbm,-0.0018875470963837,-0.03151438057578264
2026-05-01T08:00:00Z,fwd_3h,lightgbm,-0.0920941839891118,0.045111188464102
2026-05-01T09:00:00Z,fwd_3h,lightgbm,-0.0088480494091734,-0.03509347520654873
2026-05-01T10:00:00Z,fwd_3h,lightgbm,0.0271610491067266,-0.01893802632761101
2026-05-01T11:00:00Z,fwd_3h,lightgbm,0.0354335630057216,-0.0063130519447633345
2026-05-01T12:00:00Z,fwd_3h,lightgbm,-0.0145990213988663,-0.052560206016057
2026-05-01T13:00:00Z,fwd_3h,lightgbm,-0.0265241816854335,0.07766254605287452
2026-05-01T14:00:00Z,fwd_3h,lightgbm,0.0056430459763585,-0.021208528817104038
2026-05-01T15:00:00Z,fwd_3h,lightgbm,0.0570257443100503,-0.042322888596176146
2026-05-01T16:00:00Z,fwd_3h,lightgbm,0.0138346322101474,-0.01496252072988816
2026-05-01T17:00:00Z,fwd_3h,lightgbm,-0.0406084028774251,0.04520391346867679
2026-05-01T18:00:00Z,fwd_3h,lightgbm,-0.0297949725593653,0.030979659249677095
2026-05-01T19:00:00Z,fwd_3h,lightgbm,-0.005018472193114,-0.012758556423336382
2026-05-01T20:00:00Z,fwd_3h,lightgbm,0.0373234778833471,-0.01277312003537834
2026-05-01T21:00:00Z,fwd_3h,lightgbm,0.0343867391066998,-0.0014422589872239505
2026-05-01T22:00:00Z,fwd_3h,lightgbm,-0.0331933079818316,0.009507934283627272
2026-05-01T23:00:00Z,fwd_3h,lightgbm,-0.0445756638536569,0.004774965152070732
2026-05-02T00:00:00Z,fwd_3h,lightgbm,-0.0818169076933603,0.04435866411350378
2026-05-02T01:00:00Z,fwd_3h,lightgbm,-0.0531086164459401,-0.0030961999299165674
2026-05-02T02:00:00Z,fwd_3h,lightgbm,-0.0496229966728709,0.0001455296905218668
2026-05-02T03:00:00Z,fwd_3h,lightgbm,-0.0500714767169025,0.011902432236036452
2026-05-02T04:00:00Z,fwd_3h,lightgbm,0.0355964150468595,-0.03765021527426444
2026-05-02T05:00:00Z,fwd_3h,lightgbm,0.030763913242628,0.013768896823863333
2026-05-02T06:00:00Z,fwd_3h,lightgbm,0.0524808099291962,-0.01750715658064852
2026-05-02T07:00:00Z,fwd_3h,lightgbm,0.0351864956374146,0.02854656908049466
2026-05-02T08:00:00Z,fwd_3h,lightgbm,0.0025110126490701,0.024601807462415484
2026-05-02T09:00:00Z,fwd_3h,lightgbm,-0.0127199626331667,0.007814288914752988
2026-05-02T10:00:00Z,fwd_3h,lightgbm,-0.0154781889212184,0.009078156720752989
2026-05-02T11:00:00Z,fwd_3h,lightgbm,0.0272865685333196,0.013378263449709058
2026-05-02T12:00:00Z,fwd_3h,lightgbm,0.0297546443860796,-0.010272508291212781
2026-05-02T13:00:00Z,fwd_3h,lightgbm,0.0476998595075741,0.012711241288546424
2026-05-02T14:00:00Z,fwd_3h,lightgbm,0.026859465326626,0.03055681565056299
2026-05-02T15:00:00Z,fwd_3h,lightgbm,0.0069783805555576,0.0061820076641577
2026-05-02T16:00:00Z,fwd_3h,lightgbm,-0.0270798770169414,0.0038414797865652184
2026-05-02T17:00:00Z,fwd_3h,lightgbm,-0.0139709580405034,-8.064879559502877e-05
2026-05-02T18:00:00Z,fwd_3h,lightgbm,-0.0069535492923744,0.011042080063638498
2026-05-02T19:00:00Z,fwd_3h,lightgbm,-0.0189358014300583,0.01148317408383769
2026-05-02T20:00:00Z,fwd_3h,lightgbm,-0.0256784637323318,-0.005733933186736082
2026-05-02T21:00:00Z,fwd_3h,lightgbm,-0.001236832468241,0.004916937334404293
2026-05-02T22:00:00Z,fwd_3h,lightgbm,0.0036050885968101,-0.00769379448773982
2026-05-02T23:00:00Z,fwd_3h,lightgbm,0.0266835176792599,-0.00040112776446766694
2026-05-03T00:00:00Z,fwd_3h,lightgbm,0.0181614237853822,-0.013431876999220146
2026-05-03T01:00:00Z,fwd_3h,lightgbm,-0.0066100296891625,0.027017754502398673
2026-05-03T02:00:00Z,fwd_3h,lightgbm,-0.0530631223834446,-0.010646297135936757
2026-05-03T03:00:00Z,fwd_3h,lightgbm,-0.0578790953663967,0.010169778824657038
2026-05-03T04:00:00Z,fwd_3h,lightgbm,-0.0262143734694019,-0.0008682115035310168
2026-05-03T05:00:00Z,fwd_3h,lightgbm,0.0016951522864869,-0.033132291375651456
2026-05-03T06:00:00Z,fwd_3h,lightgbm,0.0223173492094055,0.004723635994729128
2026-05-03T07:00:00Z,fwd_3h,lightgbm,0.0051744945058429,0.02118144445595839
2026-05-03T08:00:00Z,fwd_3h,lightgbm,0.0029171039545452,0.0396523237801278
2026-05-03T09:00:00Z,fwd_3h,lightgbm,-0.0335203240074167,-0.0054223162275545125
2026-05-03T10:00:00Z,fwd_3h,lightgbm,-0.0098075445591367,0.01484233243792571
2026-05-03T11:00:00Z,fwd_3h,lightgbm,-0.0188104226374887,-0.01601540146301201
2026-05-03T12:00:00Z,fwd_3h,lightgbm,-0.084471365236452,0.028344842708050252
2026-05-03T13:00:00Z,fwd_3h,lightgbm,-0.1152212022554067,-0.004473616696627676
2026-05-03T14:00:00Z,fwd_3h,lightgbm,-0.1087082241912551,-0.031029778518667252
2026-05-03T15:00:00Z,fwd_3h,lightgbm,-0.0302771039476125,-0.02777854286053201
2026-05-03T16:00:00Z,fwd_3h,lightgbm,0.0,-0.01866292802282641
2026-05-03T17:00:00Z,fwd_3h,lightgbm,0.0077307316110635,0.010764176519686522
2026-05-03T18:00:00Z,fwd_3h,lightgbm,0.0077307316110635,-0.011789943168551673
2026-05-03T19:00:00Z,fwd_3h,lightgbm,0.0077307316110635,-0.009327410956019182
2026-05-03T20:00:00Z,fwd_3h,lightgbm,0.0,-0.01963039781157738
2026-05-03T21:00:00Z,fwd_3h,lightgbm,0.021560458840607,-0.013455547922139797
2026-05-03T22:00:00Z,fwd_3h,lightgbm,0.0091277139247774,0.018554437713846874
2026-05-03T23:00:00Z,fwd_3h,lightgbm,0.0091277139247774,-0.008816736136748897
2026-05-04T00:00:00Z,fwd_3h,lightgbm,-0.0121703466576416,0.018045662586577634
2026-05-04T01:00:00Z,fwd_3h,lightgbm,0.0832607411083741,-0.014012501069945428
2026-05-04T02:00:00Z,fwd_3h,lightgbm,0.0816547678865327,-0.013087137461663918
2026-05-04T03:00:00Z,fwd_3h,lightgbm,0.0951140734101261,0.01290025550351522
2026-05-04T04:00:00Z,fwd_3h,lightgbm,0.0055225091493629,-0.014820394963784657
2026-05-04T05:00:00Z,fwd_3h,lightgbm,0.008122883384164,0.013438469942469458
2026-05-04T06:00:00Z,fwd_3h,lightgbm,-0.0176610966577905,-0.00783279653943095
2026-05-04T07:00:00Z,fwd_3h,lightgbm,-0.0463729339519427,-0.011761782595949424
2026-05-04T08:00:00Z,fwd_3h,lightgbm,-0.1201659854560831,0.009012693415436802
2026-05-04T09:00:00Z,fwd_3h,lightgbm,-0.0717786279569473,0.0055736737113563735
2026-05-04T10:00:00Z,fwd_3h,lightgbm,-0.0386779635987872,-0.0038169941117070353
2026-05-04T11:00:00Z,fwd_3h,lightgbm,0.0408050188653095,-0.024462992917831806
2026-05-04T12:00:00Z,fwd_3h,lightgbm,0.0,0.0783847755545033
2026-05-04T13:00:00Z,fwd_3h,lightgbm,0.0337368700114673,0.03801406334400824
2026-05-04T14:00:00Z,fwd_3h,lightgbm,0.0498639747137925,-0.0018363235912837634
2026-05-04T15:00:00Z,fwd_3h,lightgbm,0.0732340383400855,-0.019330173465017295
2026-05-04T16:00:00Z,fwd_3h,lightgbm,0.0179403156843245,0.0012775250477683753
2026-05-04T17:00:00Z,fwd_3h,lightgbm,-0.0132060264365959,0.009107798059006161
2026-05-04T18:00:00Z,fwd_3h,lightgbm,-0.0257732804138406,0.01921276758520804
2026-05-04T19:00:00Z,fwd_3h,lightgbm,0.0797286708300082,-0.027953133591886007
2026-05-04T20:00:00Z,fwd_3h,lightgbm,0.0802735728764223,0.001353152724391582
2026-05-04T21:00:00Z,fwd_3h,lightgbm,0.0298861472400093,-0.01646903463204102
2026-05-04T22:00:00Z,fwd_3h,lightgbm,-0.0376508792156577,0.035493975988827954
2026-05-04T23:00:00Z,fwd_3h,lightgbm,-0.0292198919429562,-0.0022606649640977867
2026-05-05T00:00:00Z,fwd_3h,lightgbm,0.0307490630915443,-0.01504588087747479
2026-05-05T01:00:00Z,fwd_3h,lightgbm,0.0418874168198271,0.02582644251643947
2026-05-05T02:00:00Z,fwd_3h,lightgbm,0.0390523331944137,0.010804856447288236
2026-05-05T03:00:00Z,fwd_3h,lightgbm,0.0364364370032475,0.004969183700751535
2026-05-05T04:00:00Z,fwd_3h,lightgbm,-0.0010494581063651,-0.01816789124255441
2026-05-05T05:00:00Z,fwd_3h,lightgbm,0.0047325801151125,-0.00760894852395589
2026-05-05T06:00:00Z,fwd_3h,lightgbm,-0.0369980368750659,-0.00829151130117358
2026-05-05T07:00:00Z,fwd_3h,lightgbm,0.0283177544763619,0.06289236528415547
2026-05-05T08:00:00Z,fwd_3h,lightgbm,0.0282765654103902,-0.026897741653092846
2026-05-05T09:00:00Z,fwd_3h,lightgbm,0.1546501855481035,0.028780930763057364
2026-05-05T10:00:00Z,fwd_3h,lightgbm,0.1692774972644255,0.07828300313336162
2026-05-05T11:00:00Z,fwd_3h,lightgbm,0.0845033925255425,-0.03086328686513944
2026-05-05T12:00:00Z,fwd_3h,lightgbm,0.009099904574535,0.01611956538065
2026-05-05T13:00:00Z,fwd_3h,lightgbm,-0.072815810623775,0.06841416407165286
2026-05-05T14:00:00Z,fwd_3h,lightgbm,0.0216330742587074,-0.021381057721564338
2026-05-05T15:00:00Z,fwd_3h,lightgbm,0.0203695790881697,0.030057473837037343
2026-05-05T16:00:00Z,fwd_3h,lightgbm,0.0092490332690782,-0.024907627871432945
2026-05-05T17:00:00Z,fwd_3h,lightgbm,0.0162412708284223,-0.01956184431478974
2026-05-05T18:00:00Z,fwd_3h,lightgbm,-0.0062778289486601,0.026042737594686477
2026-05-05T19:00:00Z,fwd_3h,lightgbm,-0.0369383745811456,0.0028738677774006105
2026-05-05T20:00:00Z,fwd_3h,lightgbm,-0.0682611339720442,-0.006168902605124309
2026-05-05T21:00:00Z,fwd_3h,lightgbm,-0.0653805988589528,-0.03082099713721924
2026-05-05T22:00:00Z,fwd_3h,lightgbm,0.0061072400179849,0.011285391719992665
2026-05-05T23:00:00Z,fwd_3h,lightgbm,0.0041853960298299,-0.024432735434068084
2026-05-06T00:00:00Z,fwd_3h,lightgbm,0.0092677089046491,-0.010188268195219913
2026-05-06T01:00:00Z,fwd_3h,lightgbm,-0.0126789175399174,-0.0038258343335147676
2026-05-06T02:00:00Z,fwd_3h,lightgbm,-0.0033362099021295,-0.013399497306126853
2026-05-06T03:00:00Z,fwd_3h,lightgbm,0.0363800992439127,-0.026382007809324058
2026-05-06T04:00:00Z,fwd_3h,lightgbm,0.2031744528717922,-0.014067327921635115
2026-05-06T05:00:00Z,fwd_3h,lightgbm,0.0890483087629332,0.0023292484937368547
2026-05-06T06:00:00Z,fwd_3h,lightgbm,0.0343345763046811,-0.02140271187326017
2026-05-06T07:00:00Z,fwd_3h,lightgbm,-0.0848247366460681,0.06704609285019097
2026-05-06T08:00:00Z,fwd_3h,lightgbm,0.0661440228135263,-0.023336098767765344
2026-05-06T09:00:00Z,fwd_3h,lightgbm,0.1950598752302983,-0.022766472684969837
2026-05-06T10:00:00Z,fwd_3h,lightgbm,0.1275592007516062,-0.01037294615407901
2026-05-06T11:00:00Z,fwd_3h,lightgbm,0.0361135098467146,-0.0023231948958979624
2026-05-06T12:00:00Z,fwd_3h,lightgbm,-0.0793037847938765,0.06604252367050237
2026-05-06T13:00:00Z,fwd_3h,lightgbm,-0.0554367003781233,-0.019263849026887735
2026-05-06T14:00:00Z,fwd_3h,lightgbm,-0.0027284477101054,-0.015648726503610693
2026-05-06T15:00:00Z,fwd_3h,lightgbm,-0.0031935139975454,0.005158748606955046
2026-05-06T16:00:00Z,fwd_3h,lightgbm,0.0165586543537348,-0.002616555977591269
2026-05-06T17:00:00Z,fwd_3h,lightgbm,-0.0106831665307537,0.04713079895689617
2026-05-06T18:00:00Z,fwd_3h,lightgbm,0.1838913681003675,-0.008935877177120861
2026-05-06T19:00:00Z,fwd_3h,lightgbm,0.0873724517130256,-0.006968929978829733
2026-05-06T20:00:00Z,fwd_3h,lightgbm,0.1018490433394294,0.0060081921228756895
2026-05-06T21:00:00Z,fwd_3h,lightgbm,-0.0671821458310543,0.03615098271524406
2026-05-06T22:00:00Z,fwd_3h,lightgbm,0.0519640914871593,-0.048062694580798815
2026-04-17T06:00:00Z,fwd_3h,xgboost,-0.0955178845263217,
2026-04-17T07:00:00Z,fwd_3h,xgboost,-0.0955178845263217,
2026-04-17T08:00:00Z,fwd_3h,xgboost,0.0,
2026-04-17T09:00:00Z,fwd_3h,xgboost,0.0264294896106698,
2026-04-17T10:00:00Z,fwd_3h,xgboost,0.0264294896106698,
2026-04-17T11:00:00Z,fwd_3h,xgboost,0.0264294896106698,
2026-04-17T12:00:00Z,fwd_3h,xgboost,0.0,
2026-04-17T13:00:00Z,fwd_3h,xgboost,0.111656884090084,
2026-04-17T14:00:00Z,fwd_3h,xgboost,0.111656884090084,
2026-04-17T15:00:00Z,fwd_3h,xgboost,0.111656884090084,
2026-04-17T16:00:00Z,fwd_3h,xgboost,0.0,
2026-04-17T17:00:00Z,fwd_3h,xgboost,-0.0333364930278827,
2026-04-17T18:00:00Z,fwd_3h,xgboost,-0.0333364930278827,
2026-04-17T19:00:00Z,fwd_3h,xgboost,-0.0333364930278827,
2026-04-17T20:00:00Z,fwd_3h,xgboost,0.0,
2026-04-17T21:00:00Z,fwd_3h,xgboost,-0.042006126250267,
2026-04-17T22:00:00Z,fwd_3h,xgboost,-0.042006126250267,
2026-04-17T23:00:00Z,fwd_3h,xgboost,-0.042006126250267,
2026-04-18T00:00:00Z,fwd_3h,xgboost,0.0,
2026-04-18T01:00:00Z,fwd_3h,xgboost,-0.0504516634443494,
2026-04-18T02:00:00Z,fwd_3h,xgboost,-0.0504516634443494,
2026-04-18T03:00:00Z,fwd_3h,xgboost,-0.0504516634443494,
2026-04-18T04:00:00Z,fwd_3h,xgboost,0.0,
2026-04-18T05:00:00Z,fwd_3h,xgboost,-0.0321276759024523,
2026-04-18T06:00:00Z,fwd_3h,xgboost,-0.0321276759024523,
2026-04-18T07:00:00Z,fwd_3h,xgboost,-0.0321276759024523,
2026-04-18T08:00:00Z,fwd_3h,xgboost,0.0,
2026-04-18T09:00:00Z,fwd_3h,xgboost,0.0172808764844798,
2026-04-18T10:00:00Z,fwd_3h,xgboost,0.0172808764844798,
2026-04-18T11:00:00Z,fwd_3h,xgboost,0.0172808764844798,
2026-04-18T12:00:00Z,fwd_3h,xgboost,0.0,
2026-04-18T13:00:00Z,fwd_3h,xgboost,0.0231544146737576,
2026-04-18T14:00:00Z,fwd_3h,xgboost,0.0231544146737576,
2026-04-18T15:00:00Z,fwd_3h,xgboost,0.0231544146737576,
2026-04-18T16:00:00Z,fwd_3h,xgboost,0.0,
2026-04-18T17:00:00Z,fwd_3h,xgboost,-0.1000844810912191,
2026-04-18T18:00:00Z,fwd_3h,xgboost,-0.1000844810912191,
2026-04-18T19:00:00Z,fwd_3h,xgboost,-0.1000844810912191,
2026-04-18T20:00:00Z,fwd_3h,xgboost,0.0,
2026-04-18T21:00:00Z,fwd_3h,xgboost,-0.0737970090528501,
2026-04-18T22:00:00Z,fwd_3h,xgboost,-0.0737970090528501,
2026-04-18T23:00:00Z,fwd_3h,xgboost,-0.0737970090528501,
2026-04-19T00:00:00Z,fwd_3h,xgboost,0.0,
2026-04-19T01:00:00Z,fwd_3h,xgboost,-0.0217638727159802,
2026-04-19T02:00:00Z,fwd_3h,xgboost,-0.0217638727159802,
2026-04-19T03:00:00Z,fwd_3h,xgboost,-0.0217638727159802,
2026-04-19T04:00:00Z,fwd_3h,xgboost,0.0,
2026-04-19T05:00:00Z,fwd_3h,xgboost,0.0474319915411709,
2026-04-19T06:00:00Z,fwd_3h,xgboost,0.0474319915411709,
2026-04-19T07:00:00Z,fwd_3h,xgboost,0.0474319915411709,
2026-04-19T08:00:00Z,fwd_3h,xgboost,0.0,
2026-04-19T09:00:00Z,fwd_3h,xgboost,-0.0053770347743699,
2026-04-19T10:00:00Z,fwd_3h,xgboost,-0.0053770347743699,
2026-04-19T11:00:00Z,fwd_3h,xgboost,-0.0053770347743699,
2026-04-19T12:00:00Z,fwd_3h,xgboost,0.0,
2026-04-19T13:00:00Z,fwd_3h,xgboost,0.0047238564559759,
2026-04-19T14:00:00Z,fwd_3h,xgboost,0.0047238564559759,
2026-04-19T15:00:00Z,fwd_3h,xgboost,0.0047238564559759,
2026-04-19T16:00:00Z,fwd_3h,xgboost,0.0,
2026-04-19T17:00:00Z,fwd_3h,xgboost,-0.0953798799618788,
2026-04-19T18:00:00Z,fwd_3h,xgboost,-0.0953798799618788,
2026-04-19T19:00:00Z,fwd_3h,xgboost,-0.0953798799618788,
2026-04-19T20:00:00Z,fwd_3h,xgboost,0.0,
2026-04-19T21:00:00Z,fwd_3h,xgboost,0.0440521420123209,
2026-04-19T22:00:00Z,fwd_3h,xgboost,0.0440521420123209,
2026-04-19T23:00:00Z,fwd_3h,xgboost,0.0440521420123209,
2026-04-20T00:00:00Z,fwd_3h,xgboost,0.0,
2026-04-20T01:00:00Z,fwd_3h,xgboost,-0.0634056412658684,
2026-04-20T02:00:00Z,fwd_3h,xgboost,-0.0634056412658684,
2026-04-20T03:00:00Z,fwd_3h,xgboost,-0.0634056412658684,
2026-04-20T04:00:00Z,fwd_3h,xgboost,0.0,
2026-04-20T05:00:00Z,fwd_3h,xgboost,0.0431657960367666,
2026-04-20T06:00:00Z,fwd_3h,xgboost,0.0431657960367666,
2026-04-20T07:00:00Z,fwd_3h,xgboost,0.0431657960367666,
2026-04-20T08:00:00Z,fwd_3h,xgboost,0.0,
2026-04-20T09:00:00Z,fwd_3h,xgboost,0.067601680045592,
2026-04-20T10:00:00Z,fwd_3h,xgboost,0.067601680045592,
2026-04-20T11:00:00Z,fwd_3h,xgboost,0.067601680045592,
2026-04-20T12:00:00Z,fwd_3h,xgboost,0.0,
2026-04-20T13:00:00Z,fwd_3h,xgboost,-0.027940632156484,
2026-04-20T14:00:00Z,fwd_3h,xgboost,-0.027940632156484,
2026-04-20T15:00:00Z,fwd_3h,xgboost,-0.027940632156484,
2026-04-20T16:00:00Z,fwd_3h,xgboost,0.0,
2026-04-20T17:00:00Z,fwd_3h,xgboost,0.0423732598578165,0.015685487538576126
2026-04-20T18:00:00Z,fwd_3h,xgboost,0.0423732598578165,0.009024878032505512
2026-04-20T19:00:00Z,fwd_3h,xgboost,0.0423732598578165,-0.010811910964548588
2026-04-20T20:00:00Z,fwd_3h,xgboost,0.0,-0.04377105459570885
2026-04-20T21:00:00Z,fwd_3h,xgboost,-0.067770203651209,0.01706739142537117
2026-04-20T22:00:00Z,fwd_3h,xgboost,-0.067770203651209,0.015094964765012264
2026-04-20T23:00:00Z,fwd_3h,xgboost,-0.067770203651209,-0.0505126416683197
2026-04-21T00:00:00Z,fwd_3h,xgboost,0.0,0.0008546608733013272
2026-04-21T01:00:00Z,fwd_3h,xgboost,-0.032154581168123,-0.007076273672282696
2026-04-21T02:00:00Z,fwd_3h,xgboost,-0.032154581168123,-0.04308728873729706
2026-04-21T03:00:00Z,fwd_3h,xgboost,-0.032154581168123,-0.01952015422284603
2026-04-21T04:00:00Z,fwd_3h,xgboost,0.0,-0.035642359405756
2026-04-21T05:00:00Z,fwd_3h,xgboost,0.0842983081860269,-0.002128362422809005
2026-04-21T06:00:00Z,fwd_3h,xgboost,0.0842983081860269,0.00592067651450634
2026-04-21T07:00:00Z,fwd_3h,xgboost,0.0842983081860269,0.0013789866352453828
2026-04-21T08:00:00Z,fwd_3h,xgboost,0.0,0.004352833144366741
2026-04-21T09:00:00Z,fwd_3h,xgboost,0.0420696095745838,-0.03474285081028938
2026-04-21T10:00:00Z,fwd_3h,xgboost,0.0420696095745838,-0.040230244398117065
2026-04-21T11:00:00Z,fwd_3h,xgboost,0.0420696095745838,0.018008315935730934
2026-04-21T12:00:00Z,fwd_3h,xgboost,0.0,-0.049232371151447296
2026-04-21T13:00:00Z,fwd_3h,xgboost,-0.0568021174587255,-0.05120585858821869
2026-04-21T14:00:00Z,fwd_3h,xgboost,-0.0568021174587255,-0.021531948819756508
2026-04-21T15:00:00Z,fwd_3h,xgboost,-0.0568021174587255,-0.017576465383172035
2026-04-21T16:00:00Z,fwd_3h,xgboost,0.0,-0.03945514187216759
2026-04-21T17:00:00Z,fwd_3h,xgboost,0.0335980215754752,0.00797219481319189
2026-04-21T18:00:00Z,fwd_3h,xgboost,0.0335980215754752,-0.024354442954063416
2026-04-21T19:00:00Z,fwd_3h,xgboost,0.0335980215754752,-0.007184346206486225
2026-04-21T20:00:00Z,fwd_3h,xgboost,0.0,0.0032581035047769547
2026-04-21T21:00:00Z,fwd_3h,xgboost,0.0021543668174439,-0.014219251461327076
2026-04-21T22:00:00Z,fwd_3h,xgboost,0.0021543668174439,-0.016050124540925026
2026-04-21T23:00:00Z,fwd_3h,xgboost,0.0021543668174439,-0.049497731029987335
2026-04-22T00:00:00Z,fwd_3h,xgboost,0.0,-0.023165198042988777
2026-04-22T01:00:00Z,fwd_3h,xgboost,0.0297230158009194,-0.04036002606153488
2026-04-22T02:00:00Z,fwd_3h,xgboost,0.0297230158009194,0.025903498753905296
2026-04-22T03:00:00Z,fwd_3h,xgboost,0.0297230158009194,-0.03771793469786644
2026-04-22T04:00:00Z,fwd_3h,xgboost,0.0,0.0010596300708130002
2026-04-22T05:00:00Z,fwd_3h,xgboost,0.0608476155819288,0.0012056675041094422
2026-04-22T06:00:00Z,fwd_3h,xgboost,0.0608476155819288,-0.04389730095863342
2026-04-22T07:00:00Z,fwd_3h,xgboost,0.0608476155819288,-0.0038012349978089333
2026-04-22T08:00:00Z,fwd_3h,xgboost,0.0257445269048386,0.018906723707914352
2026-04-22T09:00:00Z,fwd_3h,xgboost,0.0185099164218336,0.004652331117540598
2026-04-22T10:00:00Z,fwd_3h,xgboost,0.0185099164218336,-0.023793252184987068
2026-04-22T11:00:00Z,fwd_3h,xgboost,-0.0070530334729987,-0.01600753143429756
2026-04-22T12:00:00Z,fwd_3h,xgboost,0.0,0.0028765364550054073
2026-04-22T13:00:00Z,fwd_3h,xgboost,0.1325819147095921,-0.0328582338988781
2026-04-22T14:00:00Z,fwd_3h,xgboost,0.1325819147095921,0.018906723707914352
2026-04-22T15:00:00Z,fwd_3h,xgboost,0.1325819147095921,0.016576923429965973
2026-04-22T16:00:00Z,fwd_3h,xgboost,0.0,0.03204372152686119
2026-04-22T17:00:00Z,fwd_3h,xgboost,-0.0857013765130157,-0.04566898196935654
2026-04-22T18:00:00Z,fwd_3h,xgboost,-0.0857013765130157,-0.02376144751906395
2026-04-22T19:00:00Z,fwd_3h,xgboost,-0.0857013765130157,-0.01762210763990879
2026-04-22T20:00:00Z,fwd_3h,xgboost,0.0,-0.0487239807844162
2026-04-22T21:00:00Z,fwd_3h,xgboost,0.0392970850132388,0.013383954763412476
2026-04-22T22:00:00Z,fwd_3h,xgboost,0.0392970850132388,-0.016314620152115822
2026-04-22T23:00:00Z,fwd_3h,xgboost,0.0392970850132388,0.003913301043212414
2026-04-23T00:00:00Z,fwd_3h,xgboost,0.0,0.005578433163464069
2026-04-23T01:00:00Z,fwd_3h,xgboost,-0.0315906345864475,-0.0043810028582811356
2026-04-23T02:00:00Z,fwd_3h,xgboost,-0.0315906345864475,-0.013555332086980343
2026-04-23T03:00:00Z,fwd_3h,xgboost,-0.0315906345864475,0.004336964804679155
2026-04-23T04:00:00Z,fwd_3h,xgboost,0.0,0.011071733199059963
2026-04-23T05:00:00Z,fwd_3h,xgboost,-0.0627434850143782,-0.01850520260632038
2026-04-23T06:00:00Z,fwd_3h,xgboost,-0.0627434850143782,0.002297117840498686
2026-04-23T07:00:00Z,fwd_3h,xgboost,-0.0627434850143782,-0.018343744799494743
2026-04-23T08:00:00Z,fwd_3h,xgboost,0.0,-0.035452671349048615
2026-04-23T09:00:00Z,fwd_3h,xgboost,0.1181223264681665,-0.03393762558698654
2026-04-23T10:00:00Z,fwd_3h,xgboost,0.1181223264681665,-0.02826596237719059
2026-04-23T11:00:00Z,fwd_3h,xgboost,0.1181223264681665,-0.022314172238111496
2026-04-23T12:00:00Z,fwd_3h,xgboost,0.0,0.028701098635792732
2026-04-23T13:00:00Z,fwd_3h,xgboost,-0.0293263755396362,-0.0389273539185524
2026-04-23T14:00:00Z,fwd_3h,xgboost,-0.0293263755396362,0.02499711513519287
2026-04-23T15:00:00Z,fwd_3h,xgboost,-0.0293263755396362,-0.005353104788810015
2026-04-23T16:00:00Z,fwd_3h,xgboost,0.0,-0.029118651524186134
2026-04-23T17:00:00Z,fwd_3h,xgboost,-0.0244065913888801,-0.036919478327035904
2026-04-23T18:00:00Z,fwd_3h,xgboost,-0.0244065913888801,0.016562432050704956
2026-04-23T19:00:00Z,fwd_3h,xgboost,-0.0244065913888801,-0.024810155853629112
2026-04-23T20:00:00Z,fwd_3h,xgboost,0.0,0.01528782770037651
2026-04-23T21:00:00Z,fwd_3h,xgboost,0.0768536726616908,-0.025216275826096535
2026-04-23T22:00:00Z,fwd_3h,xgboost,0.0768536726616908,0.001974893966689706
2026-04-23T23:00:00Z,fwd_3h,xgboost,0.0768536726616908,0.03729219734668732
2026-04-24T00:00:00Z,fwd_3h,xgboost,0.0,-0.025151364505290985
2026-04-24T01:00:00Z,fwd_3h,xgboost,-0.0503907549855541,-0.01531088724732399
2026-04-24T02:00:00Z,fwd_3h,xgboost,-0.0503907549855541,0.007380311377346516
2026-04-24T03:00:00Z,fwd_3h,xgboost,-0.0503907549855541,-0.003093624720349908
2026-04-24T04:00:00Z,fwd_3h,xgboost,0.0,0.023075295612215996
2026-04-24T05:00:00Z,fwd_3h,xgboost,0.0392756325062362,-0.018718313425779343
2026-04-24T06:00:00Z,fwd_3h,xgboost,0.0392756325062362,-0.003695468185469508
2026-04-24T07:00:00Z,fwd_3h,xgboost,0.0392756325062362,0.03256499022245407
2026-04-24T08:00:00Z,fwd_3h,xgboost,0.0,0.011739743873476982
2026-04-24T09:00:00Z,fwd_3h,xgboost,0.1948771247073424,0.018790582194924355
2026-04-24T10:00:00Z,fwd_3h,xgboost,0.1747482638378092,0.008861131966114044
2026-04-24T11:00:00Z,fwd_3h,xgboost,0.2140757508293336,0.024947520345449448
2026-04-24T12:00:00Z,fwd_3h,xgboost,0.0805787976232008,-0.0013663979480043054
2026-04-24T13:00:00Z,fwd_3h,xgboost,0.0591857176535759,-0.037057965993881226
2026-04-24T14:00:00Z,fwd_3h,xgboost,0.127779893651295,0.024172818288207054
2026-04-24T15:00:00Z,fwd_3h,xgboost,0.0619141473982265,0.03801145777106285
2026-04-24T16:00:00Z,fwd_3h,xgboost,0.0841139363280893,-0.009287885390222073
2026-04-24T17:00:00Z,fwd_3h,xgboost,0.1352688572436771,0.033232711255550385
2026-04-24T18:00:00Z,fwd_3h,xgboost,0.0622024605537994,0.0009348071762360632
2026-04-24T19:00:00Z,fwd_3h,xgboost,0.0827225748904341,-0.03763533756136894
2026-04-24T20:00:00Z,fwd_3h,xgboost,-0.1332806615351507,0.019055193290114403
2026-04-24T21:00:00Z,fwd_3h,xgboost,-0.0925443397317329,-0.022458093240857124
2026-04-24T22:00:00Z,fwd_3h,xgboost,-0.1065670024178198,-0.044175125658512115
2026-04-24T23:00:00Z,fwd_3h,xgboost,-0.0496975811773087,-0.03357363119721413
2026-04-25T00:00:00Z,fwd_3h,xgboost,-0.0190771588556597,-0.004790978506207466
2026-04-25T01:00:00Z,fwd_3h,xgboost,-0.0170772284175688,-0.0122923469170928
2026-04-25T02:00:00Z,fwd_3h,xgboost,-0.0309253272823717,-0.006829550024122
2026-04-25T03:00:00Z,fwd_3h,xgboost,-0.0180287139918277,0.0053763980977237225
2026-04-25T04:00:00Z,fwd_3h,xgboost,-0.0244398228539632,-0.04186125099658966
2026-04-25T05:00:00Z,fwd_3h,xgboost,0.023430759563503,-0.03095889650285244
2026-04-25T06:00:00Z,fwd_3h,xgboost,-0.0024152981812732,-0.0019837708678096533
2026-04-25T07:00:00Z,fwd_3h,xgboost,0.0373817596760635,0.0018971684621647
2026-04-25T08:00:00Z,fwd_3h,xgboost,0.0310873897208312,-0.0015791915357112885
2026-04-25T09:00:00Z,fwd_3h,xgboost,0.0558510640864329,0.008728792890906334
2026-04-25T10:00:00Z,fwd_3h,xgboost,0.0364963083764944,0.012896006926894188
2026-04-25T11:00:00Z,fwd_3h,xgboost,0.0262369988364652,0.018627358600497246
2026-04-25T12:00:00Z,fwd_3h,xgboost,0.0715430885267591,0.016100935637950897
2026-04-25T13:00:00Z,fwd_3h,xgboost,0.0718752820570132,0.006861428264528513
2026-04-25T14:00:00Z,fwd_3h,xgboost,0.0513693634826892,0.03408476710319519
2026-04-25T15:00:00Z,fwd_3h,xgboost,0.0504750736455146,0.04095443710684776
2026-04-25T16:00:00Z,fwd_3h,xgboost,0.0490039557586343,0.0016323835588991642
2026-04-25T17:00:00Z,fwd_3h,xgboost,0.0563804376563092,0.027541158720850945
2026-04-25T18:00:00Z,fwd_3h,xgboost,0.0225680790169002,0.032201848924160004
2026-04-25T19:00:00Z,fwd_3h,xgboost,0.0383868084491396,-0.009355767630040646
2026-04-25T20:00:00Z,fwd_3h,xgboost,0.0241943168709588,-0.0067094978876411915
2026-04-25T21:00:00Z,fwd_3h,xgboost,-0.026890495895565,0.027369309216737747
2026-04-25T22:00:00Z,fwd_3h,xgboost,-0.0317487576041617,0.0327041931450367
2026-04-25T23:00:00Z,fwd_3h,xgboost,-0.025740477267459,-0.022883817553520203
2026-04-26T00:00:00Z,fwd_3h,xgboost,-0.001337234618946,-0.02430550567805767
2026-04-26T01:00:00Z,fwd_3h,xgboost,-0.0324908452046727,-0.0033480110578238964
2026-04-26T02:00:00Z,fwd_3h,xgboost,0.0022809335071469,-0.004406539723277092
2026-04-26T03:00:00Z,fwd_3h,xgboost,-0.0062558638982797,-0.024917975068092346
2026-04-26T04:00:00Z,fwd_3h,xgboost,-0.0017113389010634,-0.03739256039261818
2026-04-26T05:00:00Z,fwd_3h,xgboost,-0.0257024027986412,0.006222334690392017
2026-04-26T06:00:00Z,fwd_3h,xgboost,-0.0132494942495293,-0.02657303959131241
2026-04-26T07:00:00Z,fwd_3h,xgboost,0.0101771050347636,-0.0204942487180233
2026-04-26T08:00:00Z,fwd_3h,xgboost,0.0081848919653275,-0.015159785747528076
2026-04-26T09:00:00Z,fwd_3h,xgboost,0.0071345689617299,0.013580506667494774
2026-04-26T10:00:00Z,fwd_3h,xgboost,0.0162984223955007,-0.0014465047279372811
2026-04-26T11:00:00Z,fwd_3h,xgboost,-0.0003641017627712,-0.021289730444550514
2026-04-26T12:00:00Z,fwd_3h,xgboost,-0.0123846239945464,-0.010958323255181313
2026-04-26T13:00:00Z,fwd_3h,xgboost,-0.1425679731783448,0.007277635391801596
2026-04-26T14:00:00Z,fwd_3h,xgboost,-0.0922113332875762,-0.030154593288898468
2026-04-26T15:00:00Z,fwd_3h,xgboost,-0.1023419514520673,-0.021998926997184753
2026-04-26T16:00:00Z,fwd_3h,xgboost,0.0287065192945061,-0.006490675732493401
2026-04-26T17:00:00Z,fwd_3h,xgboost,0.0871214768061079,0.02808712050318718
2026-04-26T18:00:00Z,fwd_3h,xgboost,0.0665280458450632,-0.011013231240212917
2026-04-26T19:00:00Z,fwd_3h,xgboost,0.0788544490659342,0.0045683663338422775
2026-04-26T20:00:00Z,fwd_3h,xgboost,0.0174030085622589,0.0356254018843174
2026-04-26T21:00:00Z,fwd_3h,xgboost,0.0878538727139723,-0.02191212587058544
2026-04-26T22:00:00Z,fwd_3h,xgboost,0.0681145028162744,0.00867090467363596
2026-04-26T23:00:00Z,fwd_3h,xgboost,0.0377599634601064,0.02383885532617569
2026-04-27T00:00:00Z,fwd_3h,xgboost,-0.0065918811544358,0.03905629366636276
2026-04-27T01:00:00Z,fwd_3h,xgboost,0.0121127466498962,0.04314215108752251
2026-04-27T02:00:00Z,fwd_3h,xgboost,-0.0203998071661803,0.0029532036278396845
2026-04-27T03:00:00Z,fwd_3h,xgboost,-0.0198162611174808,0.005253125913441181
2026-04-27T04:00:00Z,fwd_3h,xgboost,-0.0421983666086401,0.041871774941682816
2026-04-27T05:00:00Z,fwd_3h,xgboost,-0.0005952383021815,0.003775856224820018
2026-04-27T06:00:00Z,fwd_3h,xgboost,-0.017581948251544,-0.007914828136563301
2026-04-27T07:00:00Z,fwd_3h,xgboost,-0.0616725548109886,0.012416657991707325
2026-04-27T08:00:00Z,fwd_3h,xgboost,-0.0911580058403213,-0.01763550192117691
2026-04-27T09:00:00Z,fwd_3h,xgboost,-0.0579311420394583,0.008037208579480648
2026-04-27T10:00:00Z,fwd_3h,xgboost,0.0010973315005886,0.007722558919340372
2026-04-27T11:00:00Z,fwd_3h,xgboost,0.0312115789784033,-0.012274743989109993
2026-04-27T12:00:00Z,fwd_3h,xgboost,-0.0506113869767519,0.011758316308259964
2026-04-27T13:00:00Z,fwd_3h,xgboost,-0.0868780837089099,0.02562849037349224
2026-04-27T14:00:00Z,fwd_3h,xgboost,-0.1854820573371308,0.008309775032103062
2026-04-27T15:00:00Z,fwd_3h,xgboost,-0.1006892742458833,-0.04669559374451637
2026-04-27T16:00:00Z,fwd_3h,xgboost,-0.0938842083039768,-0.014425760135054588
2026-04-27T17:00:00Z,fwd_3h,xgboost,0.0268685123754977,0.0012416570680215955
2026-04-27T18:00:00Z,fwd_3h,xgboost,-0.0218477204611458,0.0362401083111763
2026-04-27T19:00:00Z,fwd_3h,xgboost,-0.0010299012330271,0.004347397014498711
2026-04-27T20:00:00Z,fwd_3h,xgboost,-0.0108853999150889,-0.010870445519685745
2026-04-27T21:00:00Z,fwd_3h,xgboost,0.071334652127281,-0.0156431682407856
2026-04-27T22:00:00Z,fwd_3h,xgboost,0.0742508730289916,0.006604823749512434
2026-04-27T23:00:00Z,fwd_3h,xgboost,0.0434608369342026,0.016624240204691887
2026-04-28T00:00:00Z,fwd_3h,xgboost,0.0049189166495895,0.006905848626047373
2026-04-28T01:00:00Z,fwd_3h,xgboost,-0.005033007421459,0.013412302359938622
2026-04-28T02:00:00Z,fwd_3h,xgboost,0.0136245343433869,0.0030161722097545862
2026-04-28T03:00:00Z,fwd_3h,xgboost,-0.0683596797728158,0.010013608261942863
2026-04-28T04:00:00Z,fwd_3h,xgboost,-0.1085663361132409,0.0326797217130661
2026-04-28T05:00:00Z,fwd_3h,xgboost,-0.0991068661709136,0.0007736067636869848
2026-04-28T06:00:00Z,fwd_3h,xgboost,-0.0397470035635683,-0.018281355500221252
2026-04-28T07:00:00Z,fwd_3h,xgboost,0.0046315465788835,0.016731809824705124
2026-04-28T08:00:00Z,fwd_3h,xgboost,0.0,0.02270563691854477
2026-04-28T09:00:00Z,fwd_3h,xgboost,0.004918587451135,0.02737637422978878
2026-04-28T10:00:00Z,fwd_3h,xgboost,0.004918587451135,0.026376454159617424
2026-04-28T11:00:00Z,fwd_3h,xgboost,0.004918587451135,0.0140337273478508
2026-04-28T12:00:00Z,fwd_3h,xgboost,0.0,-0.021168561652302742
2026-04-28T13:00:00Z,fwd_3h,xgboost,-0.0175620108356487,-0.005053566303104162
2026-04-28T14:00:00Z,fwd_3h,xgboost,-0.0175620108356487,-0.026917362585663795
2026-04-28T15:00:00Z,fwd_3h,xgboost,-0.0175620108356487,0.02668430283665657
2026-04-28T16:00:00Z,fwd_3h,xgboost,0.0,0.03827853873372078
2026-04-28T17:00:00Z,fwd_3h,xgboost,-0.054004495341984,0.008527548983693123
2026-04-28T18:00:00Z,fwd_3h,xgboost,-0.054004495341984,0.01895495504140854
2026-04-28T19:00:00Z,fwd_3h,xgboost,-0.054004495341984,-0.03096938692033291
2026-04-28T20:00:00Z,fwd_3h,xgboost,0.0,-0.019217198714613914
2026-04-28T21:00:00Z,fwd_3h,xgboost,0.0113500992295214,0.012178109958767891
2026-04-28T22:00:00Z,fwd_3h,xgboost,0.0113500992295214,0.008473159745335579
2026-04-28T23:00:00Z,fwd_3h,xgboost,0.0113500992295214,-0.0032276513520628214
2026-04-29T00:00:00Z,fwd_3h,xgboost,0.0,-0.007102044764906168
2026-04-29T01:00:00Z,fwd_3h,xgboost,0.162300713641978,0.06977183371782303
2026-04-29T02:00:00Z,fwd_3h,xgboost,0.1564962863565473,0.03181600198149681
2026-04-29T03:00:00Z,fwd_3h,xgboost,0.1674189701380568,-0.0064393007196486
2026-04-29T04:00:00Z,fwd_3h,xgboost,-0.0331934157443992,0.050254445523023605
2026-04-29T05:00:00Z,fwd_3h,xgboost,-0.0314234922515588,0.01481336448341608
2026-04-29T06:00:00Z,fwd_3h,xgboost,-0.0011948312419898,-0.0026866018306463957
2026-04-29T07:00:00Z,fwd_3h,xgboost,0.0340608150689016,0.015088004991412163
2026-04-29T08:00:00Z,fwd_3h,xgboost,0.0095501389553505,-0.007607142906636
2026-04-29T09:00:00Z,fwd_3h,xgboost,-0.0857570030939046,0.058117691427469254
2026-04-29T10:00:00Z,fwd_3h,xgboost,-0.0825868000825248,-0.00911532249301672
2026-04-29T11:00:00Z,fwd_3h,xgboost,-0.0573225835244927,0.010776535607874393
2026-04-29T12:00:00Z,fwd_3h,xgboost,0.0,-0.006139335688203573
2026-04-29T13:00:00Z,fwd_3h,xgboost,0.0086652107630751,0.0036965743638575077
2026-04-29T14:00:00Z,fwd_3h,xgboost,0.0086652107630751,0.029941972345113754
2026-04-29T15:00:00Z,fwd_3h,xgboost,0.0086652107630751,0.030456840991973877
2026-04-29T16:00:00Z,fwd_3h,xgboost,0.0,-0.0020790533162653446
2026-04-29T17:00:00Z,fwd_3h,xgboost,-0.1295525398295541,0.005550805479288101
2026-04-29T18:00:00Z,fwd_3h,xgboost,-0.1295525398295541,0.0029250376392155886
2026-04-29T19:00:00Z,fwd_3h,xgboost,-0.1295525398295541,-0.002453210996463895
2026-04-29T20:00:00Z,fwd_3h,xgboost,0.0,0.006023965775966644
2026-04-29T21:00:00Z,fwd_3h,xgboost,0.2050539018586472,0.026674389839172363
2026-04-29T22:00:00Z,fwd_3h,xgboost,0.2165652517058851,-0.006526788230985403
2026-04-29T23:00:00Z,fwd_3h,xgboost,0.1910765982834577,-0.02414773218333721
2026-04-30T00:00:00Z,fwd_3h,xgboost,-0.074027164139742,0.04162759333848953
2026-04-30T01:00:00Z,fwd_3h,xgboost,-0.1151172838622366,-0.0015760305104777217
2026-04-30T02:00:00Z,fwd_3h,xgboost,-0.0961810803438092,-0.003318290924653411
2026-04-30T03:00:00Z,fwd_3h,xgboost,-0.0352464166464763,-0.029459208250045776
2026-04-30T04:00:00Z,fwd_3h,xgboost,0.0,-0.02278181165456772
2026-04-30T05:00:00Z,fwd_3h,xgboost,0.0421238387408229,0.02670367620885372
2026-04-30T06:00:00Z,fwd_3h,xgboost,0.0421238387408229,-0.030152663588523865
2026-04-30T07:00:00Z,fwd_3h,xgboost,0.0421238387408229,0.02193431928753853
2026-04-30T08:00:00Z,fwd_3h,xgboost,0.0,0.05102652683854103
2026-04-30T09:00:00Z,fwd_3h,xgboost,0.0005749874871705,0.009172619320452213
2026-04-30T10:00:00Z,fwd_3h,xgboost,0.0005749874871705,0.03271309658885002
2026-04-30T11:00:00Z,fwd_3h,xgboost,0.0005749874871705,-0.011785896494984627
2026-04-30T12:00:00Z,fwd_3h,xgboost,0.0,9.188742842525244e-05
2026-04-30T13:00:00Z,fwd_3h,xgboost,0.0328435841023473,-0.0062148733995854855
2026-04-30T14:00:00Z,fwd_3h,xgboost,0.0328435841023473,0.015392296947538853
2026-04-30T15:00:00Z,fwd_3h,xgboost,0.0328435841023473,0.014433388598263264
2026-04-30T16:00:00Z,fwd_3h,xgboost,0.0,0.012902173213660717
2026-04-30T17:00:00Z,fwd_3h,xgboost,0.0485939537825712,0.0009900134755298495
2026-04-30T18:00:00Z,fwd_3h,xgboost,0.0455724911382149,0.01311818789690733
2026-04-30T19:00:00Z,fwd_3h,xgboost,0.0672407897463212,-0.0379820354282856
2026-04-30T20:00:00Z,fwd_3h,xgboost,0.0301724213052714,-0.014625007286667824
2026-04-30T21:00:00Z,fwd_3h,xgboost,0.0294125366198318,-0.005545769818127155
2026-04-30T22:00:00Z,fwd_3h,xgboost,0.0101539268027568,-0.004716143477708101
2026-04-30T23:00:00Z,fwd_3h,xgboost,0.0217978578265289,0.0009960256284102798
2026-05-01T00:00:00Z,fwd_3h,xgboost,0.0657286102784544,-0.001976914703845978
2026-05-01T01:00:00Z,fwd_3h,xgboost,0.0852154836528438,-0.03330165892839432
2026-05-01T02:00:00Z,fwd_3h,xgboost,0.111414900694303,-0.015047901310026646
2026-05-01T03:00:00Z,fwd_3h,xgboost,0.0462285842401113,0.023560144007205963
2026-05-01T04:00:00Z,fwd_3h,xgboost,0.0117165489188884,-0.008319642394781113
2026-05-01T05:00:00Z,fwd_3h,xgboost,0.0501127855569976,0.04663633927702904
2026-05-01T06:00:00Z,fwd_3h,xgboost,0.0094703194200833,-0.01308712549507618
2026-05-01T07:00:00Z,fwd_3h,xgboost,-0.0018875470963837,-0.021323006600141525
2026-05-01T08:00:00Z,fwd_3h,xgboost,-0.0920941839891118,0.045296043157577515
2026-05-01T09:00:00Z,fwd_3h,xgboost,-0.0088480494091734,-0.022392254322767258
2026-05-01T10:00:00Z,fwd_3h,xgboost,0.0271610491067266,-0.01564387045800686
2026-05-01T11:00:00Z,fwd_3h,xgboost,0.0354335630057216,-0.009720077738165855
2026-05-01T12:00:00Z,fwd_3h,xgboost,-0.0145990213988663,-0.03879442811012268
2026-05-01T13:00:00Z,fwd_3h,xgboost,-0.0265241816854335,0.04287145659327507
2026-05-01T14:00:00Z,fwd_3h,xgboost,0.0056430459763585,-0.015225608833134174
2026-05-01T15:00:00Z,fwd_3h,xgboost,0.0570257443100503,-0.04184301197528839
2026-05-01T16:00:00Z,fwd_3h,xgboost,0.0138346322101474,-0.016063464805483818
2026-05-01T17:00:00Z,fwd_3h,xgboost,-0.0406084028774251,0.038079965859651566
2026-05-01T18:00:00Z,fwd_3h,xgboost,-0.0297949725593653,0.03217241168022156
2026-05-01T19:00:00Z,fwd_3h,xgboost,-0.005018472193114,0.002533846301957965
2026-05-01T20:00:00Z,fwd_3h,xgboost,0.0373234778833471,-0.0035810323897749186
2026-05-01T21:00:00Z,fwd_3h,xgboost,0.0343867391066998,0.006593670230358839
2026-05-01T22:00:00Z,fwd_3h,xgboost,-0.0331933079818316,0.013993268832564354
2026-05-01T23:00:00Z,fwd_3h,xgboost,-0.0445756638536569,0.008939883671700954
2026-05-02T00:00:00Z,fwd_3h,xgboost,-0.0818169076933603,0.02166225202381611
2026-05-02T01:00:00Z,fwd_3h,xgboost,-0.0531086164459401,-0.00013642474368680269
2026-05-02T02:00:00Z,fwd_3h,xgboost,-0.0496229966728709,-0.0027338364161551
2026-05-02T03:00:00Z,fwd_3h,xgboost,-0.0500714767169025,0.004958498291671276
2026-05-02T04:00:00Z,fwd_3h,xgboost,0.0355964150468595,-0.02525113709270954
2026-05-02T05:00:00Z,fwd_3h,xgboost,0.030763913242628,0.010629144497215748
2026-05-02T06:00:00Z,fwd_3h,xgboost,0.0524808099291962,-0.013692177832126617
2026-05-02T07:00:00Z,fwd_3h,xgboost,0.0351864956374146,0.029433032497763634
2026-05-02T08:00:00Z,fwd_3h,xgboost,0.0025110126490701,0.019657308235764503
2026-05-02T09:00:00Z,fwd_3h,xgboost,-0.0127199626331667,0.009768743067979813
2026-05-02T10:00:00Z,fwd_3h,xgboost,-0.0154781889212184,0.013463676907122135
2026-05-02T11:00:00Z,fwd_3h,xgboost,0.0272865685333196,-0.005091566126793623
2026-05-02T12:00:00Z,fwd_3h,xgboost,0.0297546443860796,-0.009128796868026257
2026-05-02T13:00:00Z,fwd_3h,xgboost,0.0476998595075741,0.005087423138320446
2026-05-02T14:00:00Z,fwd_3h,xgboost,0.026859465326626,0.0325067937374115
2026-05-02T15:00:00Z,fwd_3h,xgboost,0.0069783805555576,-0.0023598894476890564
2026-05-02T16:00:00Z,fwd_3h,xgboost,-0.0270798770169414,0.011280803941190243
2026-05-02T17:00:00Z,fwd_3h,xgboost,-0.0139709580405034,-0.00011579837882891297
2026-05-02T18:00:00Z,fwd_3h,xgboost,-0.0069535492923744,0.006442614831030369
2026-05-02T19:00:00Z,fwd_3h,xgboost,-0.0189358014300583,0.005943519063293934
2026-05-02T20:00:00Z,fwd_3h,xgboost,-0.0256784637323318,-0.005974649451673031
2026-05-02T21:00:00Z,fwd_3h,xgboost,-0.001236832468241,-0.006026233546435833
2026-05-02T22:00:00Z,fwd_3h,xgboost,0.0036050885968101,-0.007911675609648228
2026-05-02T23:00:00Z,fwd_3h,xgboost,0.0266835176792599,0.007579694502055645
2026-05-03T00:00:00Z,fwd_3h,xgboost,0.0181614237853822,-0.012391217052936554
2026-05-03T01:00:00Z,fwd_3h,xgboost,-0.0066100296891625,0.0219857357442379
2026-05-03T02:00:00Z,fwd_3h,xgboost,-0.0530631223834446,-0.015908192843198776
2026-05-03T03:00:00Z,fwd_3h,xgboost,-0.0578790953663967,0.014847179874777794
2026-05-03T04:00:00Z,fwd_3h,xgboost,-0.0262143734694019,-0.006783596705645323
2026-05-03T05:00:00Z,fwd_3h,xgboost,0.0016951522864869,-0.028369806706905365
2026-05-03T06:00:00Z,fwd_3h,xgboost,0.0223173492094055,-0.0032484298571944237
2026-05-03T07:00:00Z,fwd_3h,xgboost,0.0051744945058429,0.013725589029490948
2026-05-03T08:00:00Z,fwd_3h,xgboost,0.0029171039545452,0.010007113218307495
2026-05-03T09:00:00Z,fwd_3h,xgboost,-0.0335203240074167,-0.008671487681567669
2026-05-03T10:00:00Z,fwd_3h,xgboost,-0.0098075445591367,0.0030847301241010427
2026-05-03T11:00:00Z,fwd_3h,xgboost,-0.0188104226374887,-0.011858465149998665
2026-05-03T12:00:00Z,fwd_3h,xgboost,-0.084471365236452,0.00328887440264225
2026-05-03T13:00:00Z,fwd_3h,xgboost,-0.1152212022554067,-0.007996587082743645
2026-05-03T14:00:00Z,fwd_3h,xgboost,-0.1087082241912551,-0.026991866528987885
2026-05-03T15:00:00Z,fwd_3h,xgboost,-0.0302771039476125,-0.015286306850612164
2026-05-03T16:00:00Z,fwd_3h,xgboost,0.0,-0.014328040182590485
2026-05-03T17:00:00Z,fwd_3h,xgboost,0.0077307316110635,0.012895220890641212
2026-05-03T18:00:00Z,fwd_3h,xgboost,0.0077307316110635,-0.008466260507702827
2026-05-03T19:00:00Z,fwd_3h,xgboost,0.0077307316110635,-0.009396282024681568
2026-05-03T20:00:00Z,fwd_3h,xgboost,0.0,-0.015365484170615673
2026-05-03T21:00:00Z,fwd_3h,xgboost,0.021560458840607,-0.00533860782161355
2026-05-03T22:00:00Z,fwd_3h,xgboost,0.0091277139247774,0.02990146167576313
2026-05-03T23:00:00Z,fwd_3h,xgboost,0.0091277139247774,-0.002749145496636629
2026-05-04T00:00:00Z,fwd_3h,xgboost,-0.0121703466576416,0.012103855609893799
2026-05-04T01:00:00Z,fwd_3h,xgboost,0.0832607411083741,-0.0024220666382461786
2026-05-04T02:00:00Z,fwd_3h,xgboost,0.0816547678865327,-0.01910148561000824
2026-05-04T03:00:00Z,fwd_3h,xgboost,0.0951140734101261,0.014062154106795788
2026-05-04T04:00:00Z,fwd_3h,xgboost,0.0055225091493629,-0.011088180355727673
2026-05-04T05:00:00Z,fwd_3h,xgboost,0.008122883384164,0.026762092486023903
2026-05-04T06:00:00Z,fwd_3h,xgboost,-0.0176610966577905,-0.006228394340723753
2026-05-04T07:00:00Z,fwd_3h,xgboost,-0.0463729339519427,-0.004281721543520689
2026-05-04T08:00:00Z,fwd_3h,xgboost,-0.1201659854560831,0.006744687911123037
2026-05-04T09:00:00Z,fwd_3h,xgboost,-0.0717786279569473,0.005249516572803259
2026-05-04T10:00:00Z,fwd_3h,xgboost,-0.0386779635987872,0.01045197807252407
2026-05-04T11:00:00Z,fwd_3h,xgboost,0.0408050188653095,-0.0145108038559556
2026-05-04T12:00:00Z,fwd_3h,xgboost,0.0,0.060640331357717514
2026-05-04T13:00:00Z,fwd_3h,xgboost,0.0337368700114673,0.02922177128493786
2026-05-04T14:00:00Z,fwd_3h,xgboost,0.0498639747137925,0.012125683017075062
2026-05-04T15:00:00Z,fwd_3h,xgboost,0.0732340383400855,-0.01215342991054058
2026-05-04T16:00:00Z,fwd_3h,xgboost,0.0179403156843245,0.002934867050498724
2026-05-04T17:00:00Z,fwd_3h,xgboost,-0.0132060264365959,0.013555181212723255
2026-05-04T18:00:00Z,fwd_3h,xgboost,-0.0257732804138406,0.0230343509465456
2026-05-04T19:00:00Z,fwd_3h,xgboost,0.0797286708300082,-0.0033412156626582146
2026-05-04T20:00:00Z,fwd_3h,xgboost,0.0802735728764223,0.005637967959046364
2026-05-04T21:00:00Z,fwd_3h,xgboost,0.0298861472400093,-0.009293111972510815
2026-05-04T22:00:00Z,fwd_3h,xgboost,-0.0376508792156577,0.033400796353816986
2026-05-04T23:00:00Z,fwd_3h,xgboost,-0.0292198919429562,-4.727239138446748e-05
2026-05-05T00:00:00Z,fwd_3h,xgboost,0.0307490630915443,-0.012591952458024025
2026-05-05T01:00:00Z,fwd_3h,xgboost,0.0418874168198271,0.004135584458708763
2026-05-05T02:00:00Z,fwd_3h,xgboost,0.0390523331944137,0.00350590655580163
2026-05-05T03:00:00Z,fwd_3h,xgboost,0.0364364370032475,0.004410154651850462
2026-05-05T04:00:00Z,fwd_3h,xgboost,-0.0010494581063651,-0.022380700334906578
2026-05-05T05:00:00Z,fwd_3h,xgboost,0.0047325801151125,-0.008594361133873463
2026-05-05T06:00:00Z,fwd_3h,xgboost,-0.0369980368750659,-0.025944754481315613
2026-05-05T07:00:00Z,fwd_3h,xgboost,0.0283177544763619,0.04001417011022568
2026-05-05T08:00:00Z,fwd_3h,xgboost,0.0282765654103902,-0.029209153726696968
2026-05-05T09:00:00Z,fwd_3h,xgboost,0.1546501855481035,0.002660843776538968
2026-05-05T10:00:00Z,fwd_3h,xgboost,0.1692774972644255,0.05617479234933853
2026-05-05T11:00:00Z,fwd_3h,xgboost,0.0845033925255425,-0.018624750897288322
2026-05-05T12:00:00Z,fwd_3h,xgboost,0.009099904574535,0.020986132323741913
2026-05-05T13:00:00Z,fwd_3h,xgboost,-0.072815810623775,0.06533896923065186
2026-05-05T14:00:00Z,fwd_3h,xgboost,0.0216330742587074,-0.023320158943533897
2026-05-05T15:00:00Z,fwd_3h,xgboost,0.0203695790881697,0.016130417585372925
2026-05-05T16:00:00Z,fwd_3h,xgboost,0.0092490332690782,-0.014261472970247269
2026-05-05T17:00:00Z,fwd_3h,xgboost,0.0162412708284223,-0.013435556553304195
2026-05-05T18:00:00Z,fwd_3h,xgboost,-0.0062778289486601,0.027279330417513847
2026-05-05T19:00:00Z,fwd_3h,xgboost,-0.0369383745811456,-0.00611526146531105
2026-05-05T20:00:00Z,fwd_3h,xgboost,-0.0682611339720442,0.005392645485699177
2026-05-05T21:00:00Z,fwd_3h,xgboost,-0.0653805988589528,-0.020089492201805115
2026-05-05T22:00:00Z,fwd_3h,xgboost,0.0061072400179849,-0.002777565037831664
2026-05-05T23:00:00Z,fwd_3h,xgboost,0.0041853960298299,-0.011496651917696
2026-05-06T00:00:00Z,fwd_3h,xgboost,0.0092677089046491,-0.01010542269796133
2026-05-06T01:00:00Z,fwd_3h,xgboost,-0.0126789175399174,0.011470713652670383
2026-05-06T02:00:00Z,fwd_3h,xgboost,-0.0033362099021295,-0.005423097405582666
2026-05-06T03:00:00Z,fwd_3h,xgboost,0.0363800992439127,-0.014363456517457962
2026-05-06T04:00:00Z,fwd_3h,xgboost,0.2031744528717922,-0.014363456517457962
2026-05-06T05:00:00Z,fwd_3h,xgboost,0.0890483087629332,0.002230253303423524
2026-05-06T06:00:00Z,fwd_3h,xgboost,0.0343345763046811,-0.021875552833080292
2026-05-06T07:00:00Z,fwd_3h,xgboost,-0.0848247366460681,0.06079857423901558
2026-05-06T08:00:00Z,fwd_3h,xgboost,0.0661440228135263,-0.026617126539349556
2026-05-06T09:00:00Z,fwd_3h,xgboost,0.1950598752302983,-0.019555067643523216
2026-05-06T10:00:00Z,fwd_3h,xgboost,0.1275592007516062,-0.006558695808053017
2026-05-06T11:00:00Z,fwd_3h,xgboost,0.0361135098467146,0.015932083129882812
2026-05-06T12:00:00Z,fwd_3h,xgboost,-0.0793037847938765,0.06695354729890823
2026-05-06T13:00:00Z,fwd_3h,xgboost,-0.0554367003781233,-0.010262948460876942
2026-05-06T14:00:00Z,fwd_3h,xgboost,-0.0027284477101054,-0.01435516681522131
2026-05-06T15:00:00Z,fwd_3h,xgboost,-0.0031935139975454,0.0033308567944914103
2026-05-06T16:00:00Z,fwd_3h,xgboost,0.0165586543537348,0.0049619292840361595
2026-05-06T17:00:00Z,fwd_3h,xgboost,-0.0106831665307537,0.036449506878852844
2026-05-06T18:00:00Z,fwd_3h,xgboost,0.1838913681003675,-0.008198019117116928
2026-05-06T19:00:00Z,fwd_3h,xgboost,0.0873724517130256,-0.010733949951827526
2026-05-06T20:00:00Z,fwd_3h,xgboost,0.1018490433394294,-0.0030312237795442343
2026-05-06T21:00:00Z,fwd_3h,xgboost,-0.0671821458310543,0.032855696976184845
2026-05-06T22:00:00Z,fwd_3h,xgboost,0.0519640914871593,-0.04078667610883713
2026-04-17T06:00:00Z,fwd_6h,ridge,-0.0716128838523734,
2026-04-17T07:00:00Z,fwd_6h,ridge,-0.0716128838523734,
2026-04-17T08:00:00Z,fwd_6h,ridge,0.0264294896106698,
2026-04-17T09:00:00Z,fwd_6h,ridge,0.0264294896106698,
2026-04-17T10:00:00Z,fwd_6h,ridge,0.1410374081587724,
2026-04-17T11:00:00Z,fwd_6h,ridge,0.1410374081587724,
2026-04-17T12:00:00Z,fwd_6h,ridge,0.111656884090084,
2026-04-17T13:00:00Z,fwd_6h,ridge,0.111656884090084,
2026-04-17T14:00:00Z,fwd_6h,ridge,0.074598142124217,
2026-04-17T15:00:00Z,fwd_6h,ridge,0.074598142124217,
2026-04-17T16:00:00Z,fwd_6h,ridge,-0.0333364930278827,
2026-04-17T17:00:00Z,fwd_6h,ridge,-0.0333364930278827,
2026-04-17T18:00:00Z,fwd_6h,ridge,-0.0739422823432793,
2026-04-17T19:00:00Z,fwd_6h,ridge,-0.0739422823432793,
2026-04-17T20:00:00Z,fwd_6h,ridge,-0.042006126250267,
2026-04-17T21:00:00Z,fwd_6h,ridge,-0.042006126250267,
2026-04-17T22:00:00Z,fwd_6h,ridge,-0.0903385107504372,
2026-04-17T23:00:00Z,fwd_6h,ridge,-0.0903385107504372,
2026-04-18T00:00:00Z,fwd_6h,ridge,-0.0504516634443494,
2026-04-18T01:00:00Z,fwd_6h,ridge,-0.0504516634443494,
2026-04-18T02:00:00Z,fwd_6h,ridge,-0.0809584446549221,
2026-04-18T03:00:00Z,fwd_6h,ridge,-0.0809584446549221,
2026-04-18T04:00:00Z,fwd_6h,ridge,-0.0321276759024523,
2026-04-18T05:00:00Z,fwd_6h,ridge,-0.0321276759024523,
2026-04-18T06:00:00Z,fwd_6h,ridge,-0.0154019938169761,
2026-04-18T07:00:00Z,fwd_6h,ridge,-0.0154019938169761,
2026-04-18T08:00:00Z,fwd_6h,ridge,0.0172808764844798,
2026-04-18T09:00:00Z,fwd_6h,ridge,0.0172808764844798,
2026-04-18T10:00:00Z,fwd_6h,ridge,0.0408354197382849,
2026-04-18T11:00:00Z,fwd_6h,ridge,0.0408354197382849,
2026-04-18T12:00:00Z,fwd_6h,ridge,0.0231544146737576,
2026-04-18T13:00:00Z,fwd_6h,ridge,0.0231544146737576,
2026-04-18T14:00:00Z,fwd_6h,ridge,-0.0792474639950555,
2026-04-18T15:00:00Z,fwd_6h,ridge,-0.0792474639950555,
2026-04-18T16:00:00Z,fwd_6h,ridge,-0.1000844810912191,
2026-04-18T17:00:00Z,fwd_6h,ridge,-0.1000844810912191,
2026-04-18T18:00:00Z,fwd_6h,ridge,-0.1664955547869308,
2026-04-18T19:00:00Z,fwd_6h,ridge,-0.1664955547869308,
2026-04-18T20:00:00Z,fwd_6h,ridge,-0.0737970090528501,
2026-04-18T21:00:00Z,fwd_6h,ridge,-0.0737970090528501,
2026-04-18T22:00:00Z,fwd_6h,ridge,-0.0939547730569839,
2026-04-18T23:00:00Z,fwd_6h,ridge,-0.0939547730569839,
2026-04-19T00:00:00Z,fwd_6h,ridge,-0.0217638727159802,
2026-04-19T01:00:00Z,fwd_6h,ridge,-0.0217638727159802,
2026-04-19T02:00:00Z,fwd_6h,ridge,0.0246358149986232,
2026-04-19T03:00:00Z,fwd_6h,ridge,0.0246358149986232,
2026-04-19T04:00:00Z,fwd_6h,ridge,0.0474319915411709,
2026-04-19T05:00:00Z,fwd_6h,ridge,0.0474319915411709,
2026-04-19T06:00:00Z,fwd_6h,ridge,0.0417999132988664,
2026-04-19T07:00:00Z,fwd_6h,ridge,0.0417999132988664,
2026-04-19T08:00:00Z,fwd_6h,ridge,-0.0053770347743699,
2026-04-19T09:00:00Z,fwd_6h,ridge,-0.0053770347743699,
2026-04-19T10:00:00Z,fwd_6h,ridge,-0.0006785786588269,
2026-04-19T11:00:00Z,fwd_6h,ridge,-0.0006785786588269,
2026-04-19T12:00:00Z,fwd_6h,ridge,0.0047238564559759,
2026-04-19T13:00:00Z,fwd_6h,ridge,0.0047238564559759,
2026-04-19T14:00:00Z,fwd_6h,ridge,-0.0911065843676309,
2026-04-19T15:00:00Z,fwd_6h,ridge,-0.0911065843676309,
2026-04-19T16:00:00Z,fwd_6h,ridge,-0.0953798799618788,
2026-04-19T17:00:00Z,fwd_6h,ridge,-0.0953798799618788,
2026-04-19T18:00:00Z,fwd_6h,ridge,-0.0555294259667564,
2026-04-19T19:00:00Z,fwd_6h,ridge,-0.0555294259667564,
2026-04-19T20:00:00Z,fwd_6h,ridge,0.0440521420123209,
2026-04-19T21:00:00Z,fwd_6h,ridge,0.0440521420123209,
2026-04-19T22:00:00Z,fwd_6h,ridge,-0.0221466535669736,
2026-04-19T23:00:00Z,fwd_6h,ridge,-0.0221466535669736,
2026-04-20T00:00:00Z,fwd_6h,ridge,-0.0634056412658684,
2026-04-20T01:00:00Z,fwd_6h,ridge,-0.0634056412658684,
2026-04-20T02:00:00Z,fwd_6h,ridge,-0.0229768002075646,
2026-04-20T03:00:00Z,fwd_6h,ridge,-0.0229768002075646,
2026-04-20T04:00:00Z,fwd_6h,ridge,0.0431657960367666,
2026-04-20T05:00:00Z,fwd_6h,ridge,0.0431657960367666,
2026-04-20T06:00:00Z,fwd_6h,ridge,0.1136855564149494,
2026-04-20T07:00:00Z,fwd_6h,ridge,0.1136855564149494,
2026-04-20T08:00:00Z,fwd_6h,ridge,0.067601680045592,
2026-04-20T09:00:00Z,fwd_6h,ridge,0.067601680045592,
2026-04-20T10:00:00Z,fwd_6h,ridge,0.0377722142137937,
2026-04-20T11:00:00Z,fwd_6h,ridge,0.0377722142137937,
2026-04-20T12:00:00Z,fwd_6h,ridge,-0.027940632156484,
2026-04-20T13:00:00Z,fwd_6h,ridge,-0.027940632156484,
2026-04-20T14:00:00Z,fwd_6h,ridge,0.0132486920343741,0.0026905826120683807
2026-04-20T15:00:00Z,fwd_6h,ridge,0.0132486920343741,0.016012280855871003
2026-04-20T16:00:00Z,fwd_6h,ridge,0.0423732598578165,-0.0029833388769602807
2026-04-20T17:00:00Z,fwd_6h,ridge,0.0423732598578165,0.022428371173332767
2026-04-20T18:00:00Z,fwd_6h,ridge,-0.0282685882433222,0.02321498036255653
2026-04-20T19:00:00Z,fwd_6h,ridge,-0.0282685882433222,-0.014758580380016663
2026-04-20T20:00:00Z,fwd_6h,ridge,-0.067770203651209,-0.04975865933083634
2026-04-20T21:00:00Z,fwd_6h,ridge,-0.067770203651209,0.030745682004661608
2026-04-20T22:00:00Z,fwd_6h,ridge,-0.0977456623052489,-0.007482351761817006
2026-04-20T23:00:00Z,fwd_6h,ridge,-0.0977456623052489,-0.02397226903770428
2026-04-21T00:00:00Z,fwd_6h,ridge,-0.032154581168123,-0.011715160340246111
2026-04-21T01:00:00Z,fwd_6h,ridge,-0.032154581168123,-0.008551603325376802
2026-04-21T02:00:00Z,fwd_6h,ridge,0.0494331502250009,-0.026256170299708663
2026-04-21T03:00:00Z,fwd_6h,ridge,0.0494331502250009,-0.021373155039820187
2026-04-21T04:00:00Z,fwd_6h,ridge,0.0842983081860269,-0.003058681889026492
2026-04-21T05:00:00Z,fwd_6h,ridge,0.0842983081860269,0.022365410596308186
2026-04-21T06:00:00Z,fwd_6h,ridge,0.1299143146737948,0.005351784919830122
2026-04-21T07:00:00Z,fwd_6h,ridge,0.1299143146737948,0.009400463683368028
2026-04-21T08:00:00Z,fwd_6h,ridge,0.0420696095745838,-0.006536493421258362
2026-04-21T09:00:00Z,fwd_6h,ridge,0.0420696095745838,0.0023578676592507734
2026-04-21T10:00:00Z,fwd_6h,ridge,-0.0171221507886399,-0.01824310955763425
2026-04-21T11:00:00Z,fwd_6h,ridge,-0.0171221507886399,0.007306936575032065
2026-04-21T12:00:00Z,fwd_6h,ridge,-0.0568021174587255,-0.015844126058134084
2026-04-21T13:00:00Z,fwd_6h,ridge,-0.0568021174587255,-0.04110154227339484
2026-04-21T14:00:00Z,fwd_6h,ridge,-0.0251125346511612,-0.035309920974434
2026-04-21T15:00:00Z,fwd_6h,ridge,-0.0251125346511612,-0.0008863225376996662
2026-04-21T16:00:00Z,fwd_6h,ridge,0.0335980215754752,-0.011772605569898995
2026-04-21T17:00:00Z,fwd_6h,ridge,0.0335980215754752,-0.06628919530452179
2026-04-21T18:00:00Z,fwd_6h,ridge,0.0358247708557331,-0.003299623694269952
2026-04-21T19:00:00Z,fwd_6h,ridge,0.0358247708557331,-0.0077946837796360755
2026-04-21T20:00:00Z,fwd_6h,ridge,0.0021543668174439,-0.039882336436908535
2026-04-21T21:00:00Z,fwd_6h,ridge,0.0021543668174439,-0.044611577324056274
2026-04-21T22:00:00Z,fwd_6h,ridge,0.0319414168973191,0.0009229268448777226
2026-04-21T23:00:00Z,fwd_6h,ridge,0.0319414168973191,-0.03843777939321543
2026-04-22T00:00:00Z,fwd_6h,ridge,0.0297230158009194,-0.062012401802184154
2026-04-22T01:00:00Z,fwd_6h,ridge,0.0297230158009194,-0.034676443177254684
2026-04-22T02:00:00Z,fwd_6h,ridge,0.0923792060222381,0.0442919221140713
2026-04-22T03:00:00Z,fwd_6h,ridge,0.0923792060222381,-0.1098596328334056
2026-04-22T04:00:00Z,fwd_6h,ridge,0.0608476155819288,-0.030603725946586356
2026-04-22T05:00:00Z,fwd_6h,ridge,0.0881586355632118,-0.011038068784865159
2026-04-22T06:00:00Z,fwd_6h,ridge,0.0804838162826517,-0.05154857388992005
2026-04-22T07:00:00Z,fwd_6h,ridge,0.0804838162826517,0.02870632080916658
2026-04-22T08:00:00Z,fwd_6h,ridge,0.0185099164218336,0.07984174071618895
2026-04-22T09:00:00Z,fwd_6h,ridge,0.0185099164218336,-0.021263205119174372
2026-04-22T10:00:00Z,fwd_6h,ridge,0.1535459112917467,-0.0342439204150314
2026-04-22T11:00:00Z,fwd_6h,ridge,0.1245937765542322,-0.056306023258945466
2026-04-22T12:00:00Z,fwd_6h,ridge,0.1325819147095921,-0.03779658853314142
2026-04-22T13:00:00Z,fwd_6h,ridge,0.1325819147095921,-0.002746472142331124
2026-04-22T14:00:00Z,fwd_6h,ridge,0.035518085605233,0.0649806715512272
2026-04-22T15:00:00Z,fwd_6h,ridge,0.035518085605233,0.03449774541954368
2026-04-22T16:00:00Z,fwd_6h,ridge,-0.0857013765130157,0.014168052741235072
2026-04-22T17:00:00Z,fwd_6h,ridge,-0.0857013765130157,-0.019393173598483464
2026-04-22T18:00:00Z,fwd_6h,ridge,-0.0497721057783605,-0.03548886122995977
2026-04-22T19:00:00Z,fwd_6h,ridge,-0.0497721057783605,-0.017299346292808784
2026-04-22T20:00:00Z,fwd_6h,ridge,0.0392970850132388,-0.010860863917742995
2026-04-22T21:00:00Z,fwd_6h,ridge,0.0392970850132388,-0.016138525059536373
2026-04-22T22:00:00Z,fwd_6h,ridge,0.0064650305738254,-0.02473000273796447
2026-04-22T23:00:00Z,fwd_6h,ridge,0.0064650305738254,-0.007237180344448248
2026-04-23T00:00:00Z,fwd_6h,ridge,-0.0315906345864475,-0.014367229639346255
2026-04-23T01:00:00Z,fwd_6h,ridge,-0.0315906345864475,-0.004944820009697044
2026-04-23T02:00:00Z,fwd_6h,ridge,-0.0923520130930563,-0.0236059125153643
2026-04-23T03:00:00Z,fwd_6h,ridge,-0.0923520130930563,-0.004327177430613114
2026-04-23T04:00:00Z,fwd_6h,ridge,-0.0627434850143782,-0.0299462307565165
2026-04-23T05:00:00Z,fwd_6h,ridge,-0.0627434850143782,-0.07435833315700503
2026-04-23T06:00:00Z,fwd_6h,ridge,0.0479674350331693,-0.031497063539380664
2026-04-23T07:00:00Z,fwd_6h,ridge,0.0479674350331693,-0.0351231660373206
2026-04-23T08:00:00Z,fwd_6h,ridge,0.1181223264681665,-0.0967825288670231
2026-04-23T09:00:00Z,fwd_6h,ridge,0.1181223264681665,-0.023351111355994884
2026-04-23T10:00:00Z,fwd_6h,ridge,0.0853318512229093,-0.02932497243462615
2026-04-23T11:00:00Z,fwd_6h,ridge,0.0853318512229093,-0.03731862023191976
2026-04-23T12:00:00Z,fwd_6h,ridge,-0.0293263755396362,0.03059485952482767
2026-04-23T13:00:00Z,fwd_6h,ridge,-0.0293263755396362,-0.04229759301463739
2026-04-23T14:00:00Z,fwd_6h,ridge,-0.0530172100638036,0.01960215331025155
2026-04-23T15:00:00Z,fwd_6h,ridge,-0.0530172100638036,-0.03198193287206952
2026-04-23T16:00:00Z,fwd_6h,ridge,-0.0244065913888801,0.00039928271642851974
2026-04-23T17:00:00Z,fwd_6h,ridge,-0.0244065913888801,-0.022206204379386217
2026-04-23T18:00:00Z,fwd_6h,ridge,0.0505713450874221,0.028975102951827626
2026-04-23T19:00:00Z,fwd_6h,ridge,0.0505713450874221,-0.02495919633966294
2026-04-23T20:00:00Z,fwd_6h,ridge,0.0768536726616908,0.0037694518579001746
2026-04-23T21:00:00Z,fwd_6h,ridge,0.0768536726616908,-0.018571360588884357
2026-04-23T22:00:00Z,fwd_6h,ridge,0.0225902030873015,-0.016885301121448308
2026-04-23T23:00:00Z,fwd_6h,ridge,0.0225902030873015,0.024650386401121493
2026-04-24T00:00:00Z,fwd_6h,ridge,-0.0503907549855541,-0.04176286263819746
2026-04-24T01:00:00Z,fwd_6h,ridge,-0.0503907549855541,0.0042203804764780195
2026-04-24T02:00:00Z,fwd_6h,ridge,-0.0130942512538422,-0.004482719405281839
2026-04-24T03:00:00Z,fwd_6h,ridge,-0.0130942512538422,-0.0029853191025602625
2026-04-24T04:00:00Z,fwd_6h,ridge,0.0392756325062362,0.0003449326214862089
2026-04-24T05:00:00Z,fwd_6h,ridge,0.0392756325062362,-0.012208781970616183
2026-04-24T06:00:00Z,fwd_6h,ridge,0.2418066795474562,0.004838082985547776
2026-04-24T07:00:00Z,fwd_6h,ridge,0.2208872449356422,0.00967827471787927
2026-04-24T08:00:00Z,fwd_6h,ridge,0.2140757508293336,-0.008532317016167322
2026-04-24T09:00:00Z,fwd_6h,ridge,0.2911588867237276,-0.017821333525698146
2026-04-24T10:00:00Z,fwd_6h,ridge,0.2442765828953423,0.006245527398745544
2026-04-24T11:00:00Z,fwd_6h,ridge,0.3692102211549219,0.006928245533909708
2026-04-24T12:00:00Z,fwd_6h,ridge,0.1474819125746422,0.00437964439024334
2026-04-24T13:00:00Z,fwd_6h,ridge,0.1482779976679105,-0.06845394641875471
2026-04-24T14:00:00Z,fwd_6h,ridge,0.2803333910879015,-0.03705646761264218
2026-04-24T15:00:00Z,fwd_6h,ridge,0.1279678202632863,-0.0322271329793422
2026-04-24T16:00:00Z,fwd_6h,ridge,0.1737946326157529,-0.03277667458553011
2026-04-24T17:00:00Z,fwd_6h,ridge,-0.0160405270700146,-0.015381450610462824
2026-04-24T18:00:00Z,fwd_6h,ridge,-0.036098364819574,-0.06797412505570072
2026-04-24T19:00:00Z,fwd_6h,ridge,-0.0326599243657429,-0.06860100257623862
2026-04-24T20:00:00Z,fwd_6h,ridge,-0.1763545162164508,-0.05846731689735383
2026-04-24T21:00:00Z,fwd_6h,ridge,-0.1098560155171383,-0.01887613381299011
2026-04-24T22:00:00Z,fwd_6h,ridge,-0.1218243617933239,-0.11931956506209651
2026-04-24T23:00:00Z,fwd_6h,ridge,-0.07908599449663,-0.12619104131493075
2026-04-25T00:00:00Z,fwd_6h,ridge,-0.036761936206702,-0.035883962993156576
2026-04-25T01:00:00Z,fwd_6h,ridge,-0.04109968683417,-0.06139771265642863
2026-04-25T02:00:00Z,fwd_6h,ridge,-0.0082191716268446,-0.03826305687241038
2026-04-25T03:00:00Z,fwd_6h,ridge,-0.0204004674529858,-0.03313101282152807
2026-04-25T04:00:00Z,fwd_6h,ridge,0.0120283332376476,-0.07615828438176118
2026-04-25T05:00:00Z,fwd_6h,ridge,0.0552465504383399,-0.06772444190692353
2026-04-25T06:00:00Z,fwd_6h,ridge,0.0533008689316494,-0.06074879294724132
2026-04-25T07:00:00Z,fwd_6h,ridge,0.0752423642813515,-0.045861920325066294
2026-04-25T08:00:00Z,fwd_6h,ridge,0.0581400283652306,-0.03379979084964723
2026-04-25T09:00:00Z,fwd_6h,ridge,0.1313899102354414,-0.03083440047014464
2026-04-25T10:00:00Z,fwd_6h,ridge,0.1109947728921079,-0.017986528515348182
2026-04-25T11:00:00Z,fwd_6h,ridge,0.0789541402490798,-0.0260988515295211
2026-04-25T12:00:00Z,fwd_6h,ridge,0.1256293048344894,-0.03321057997234896
2026-04-25T13:00:00Z,fwd_6h,ridge,0.1244014109577089,-0.04565472425479667
2026-04-25T14:00:00Z,fwd_6h,ridge,0.1106460283342785,-0.006587580040879965
2026-04-25T15:00:00Z,fwd_6h,ridge,0.0741822781128307,-0.049039511338148586
2026-04-25T16:00:00Z,fwd_6h,ridge,0.0892718696707308,-0.043024292199475275
2026-04-25T17:00:00Z,fwd_6h,ridge,0.0819388407012482,-0.04378528604348698
2026-04-25T18:00:00Z,fwd_6h,ridge,-0.0049292837148394,-0.06203587108067821
2026-04-25T19:00:00Z,fwd_6h,ridge,0.0054193173683287,-0.08000195151174631
2026-04-25T20:00:00Z,fwd_6h,ridge,-0.0021689336599187,-0.08187834417432588
2026-04-25T21:00:00Z,fwd_6h,ridge,-0.0281917716124789,-0.0545488423785843
2026-04-25T22:00:00Z,fwd_6h,ridge,-0.0632080588400769,-0.07569467476795885
2026-04-25T23:00:00Z,fwd_6h,ridge,-0.0235182560774014,-0.06952457286959464
2026-04-26T00:00:00Z,fwd_6h,ridge,-0.0075847329594496,-0.07962041879801812
2026-04-26T01:00:00Z,fwd_6h,ridge,-0.0341465812584089,-0.06038337003552191
2026-04-26T02:00:00Z,fwd_6h,ridge,-0.0234800947632519,-0.08251588238731855
2026-04-26T03:00:00Z,fwd_6h,ridge,-0.019422471115063,-0.09343560823073167
2026-04-26T04:00:00Z,fwd_6h,ridge,0.0084483496579541,-0.0795807352513799
2026-04-26T05:00:00Z,fwd_6h,ridge,-0.0177278822234699,-0.06946948311631643
2026-04-26T06:00:00Z,fwd_6h,ridge,-0.0062094547182306,-0.060533508671410496
2026-04-26T07:00:00Z,fwd_6h,ridge,0.0266413981868842,-0.06627525796175278
2026-04-26T08:00:00Z,fwd_6h,ridge,0.0078178100689636,-0.05367753348398688
2026-04-26T09:00:00Z,fwd_6h,ridge,-0.0053384139867705,-0.046003849449691464
2026-04-26T10:00:00Z,fwd_6h,ridge,-0.1285931838297752,-0.06871025148622378
2026-04-26T11:00:00Z,fwd_6h,ridge,-0.09254186074135,-0.05145286310311515
2026-04-26T12:00:00Z,fwd_6h,ridge,-0.1134591088590117,-0.07405232587119184
2026-04-26T13:00:00Z,fwd_6h,ridge,-0.1179540841566614,-0.08206374410618333
2026-04-26T14:00:00Z,fwd_6h,ridge,-0.0131234440157421,-0.1130538698351472
2026-04-26T15:00:00Z,fwd_6h,ridge,-0.0426225156450805,-0.0960985770690364
2026-04-26T16:00:00Z,fwd_6h,ridge,0.1098246051240092,0.032057460478945865
2026-04-26T17:00:00Z,fwd_6h,ridge,0.1060406611751803,-0.02350757751166396
2026-04-26T18:00:00Z,fwd_6h,ridge,0.160226665030617,-0.07448680586463424
2026-04-26T19:00:00Z,fwd_6h,ridge,0.152340083475186,-0.048635274067248845
2026-04-26T20:00:00Z,fwd_6h,ridge,0.055820108989772,0.01820159836728384
2026-04-26T21:00:00Z,fwd_6h,ridge,0.080682869271649,-0.08629850570012448
2026-04-26T22:00:00Z,fwd_6h,ridge,0.0810523031819678,-0.04859866968578287
2026-04-26T23:00:00Z,fwd_6h,ridge,0.0165898603207377,-0.042377212465984644
2026-04-27T00:00:00Z,fwd_6h,ridge,-0.0262775158337049,-0.04795720358242389
2026-04-27T01:00:00Z,fwd_6h,ridge,-0.0305967580825137,-0.033364377756468805
2026-04-27T02:00:00Z,fwd_6h,ridge,-0.0209829027217794,0.09525221045294584
2026-04-27T03:00:00Z,fwd_6h,ridge,-0.0370498008915181,0.0215574061022204
2026-04-27T04:00:00Z,fwd_6h,ridge,-0.1012684403420233,0.02635676240750266
2026-04-27T05:00:00Z,fwd_6h,ridge,-0.0916989834058762,0.045855469498095366
2026-04-27T06:00:00Z,fwd_6h,ridge,-0.0744945479495117,0.047381181354328034
2026-04-27T07:00:00Z,fwd_6h,ridge,-0.0606428985475158,0.02908396876807332
2026-04-27T08:00:00Z,fwd_6h,ridge,-0.0627916121607168,-0.004207860263553253
2026-04-27T09:00:00Z,fwd_6h,ridge,-0.105610553568446,0.03852216269747699
2026-04-27T10:00:00Z,fwd_6h,ridge,-0.0858760862662857,0.03311571880897651
2026-04-27T11:00:00Z,fwd_6h,ridge,-0.160059666240382,0.007721101258256719
2026-04-27T12:00:00Z,fwd_6h,ridge,-0.1462046373993686,0.03186883393877919
2026-04-27T13:00:00Z,fwd_6h,ridge,-0.1726058119049092,0.03466804287845037
2026-04-27T14:00:00Z,fwd_6h,ridge,-0.1635971719146286,0.01026650071731797
2026-04-27T15:00:00Z,fwd_6h,ridge,-0.1203371635898694,-0.009453415343727106
2026-04-27T16:00:00Z,fwd_6h,ridge,-0.09481741807511,0.00765860724881373
2026-04-27T17:00:00Z,fwd_6h,ridge,0.0156906379580779,-0.00726154525943324
2026-04-27T18:00:00Z,fwd_6h,ridge,0.0479284321272652,0.027152055072682355
2026-04-27T19:00:00Z,fwd_6h,ridge,0.0731445007302784,0.031138419119829022
2026-04-27T20:00:00Z,fwd_6h,ridge,0.0321023484284404,0.02044650727274062
2026-04-27T21:00:00Z,fwd_6h,ridge,0.0766044579849121,-0.006858253668921899
2026-04-27T22:00:00Z,fwd_6h,ridge,0.0688441604125278,0.020216918634099582
2026-04-27T23:00:00Z,fwd_6h,ridge,0.057677504942992,-0.008352961886890026
2026-04-28T00:00:00Z,fwd_6h,ridge,-0.0637770186902214,0.008885031099128967
2026-04-28T01:00:00Z,fwd_6h,ridge,-0.1130529283593214,0.01791525801743828
2026-04-28T02:00:00Z,fwd_6h,ridge,-0.0868326167293377,0.02518692822648129
2026-04-28T03:00:00Z,fwd_6h,ridge,-0.1053895909008496,0.014087827276769228
2026-04-28T04:00:00Z,fwd_6h,ridge,-0.1044376195769647,0.020083137611575205
2026-04-28T05:00:00Z,fwd_6h,ridge,-0.0991068661709136,0.022963293155085416
2026-04-28T06:00:00Z,fwd_6h,ridge,-0.0350239152253811,-0.001960448120791266
2026-04-28T07:00:00Z,fwd_6h,ridge,0.0095729146969008,0.13588666950850734
2026-04-28T08:00:00Z,fwd_6h,ridge,0.004918587451135,0.009168388890283456
2026-04-28T09:00:00Z,fwd_6h,ridge,0.004918587451135,0.04503179545273184
2026-04-28T10:00:00Z,fwd_6h,ridge,-0.0127298036706265,0.034826097341160794
2026-04-28T11:00:00Z,fwd_6h,ridge,-0.0127298036706265,0.050529944604536234
2026-04-28T12:00:00Z,fwd_6h,ridge,-0.0175620108356487,0.00958656330837188
2026-04-28T13:00:00Z,fwd_6h,ridge,-0.0175620108356487,-0.002915308383195342
2026-04-28T14:00:00Z,fwd_6h,ridge,-0.0706180786452631,-0.06045608765393483
2026-04-28T15:00:00Z,fwd_6h,ridge,-0.0706180786452631,-0.031977152426673164
2026-04-28T16:00:00Z,fwd_6h,ridge,-0.054004495341984,0.002429908631360859
2026-04-28T17:00:00Z,fwd_6h,ridge,-0.054004495341984,0.017372860793424098
2026-04-28T18:00:00Z,fwd_6h,ridge,-0.0432673524934342,0.022852245066956985
2026-04-28T19:00:00Z,fwd_6h,ridge,-0.0432673524934342,-0.010975473886274331
2026-04-28T20:00:00Z,fwd_6h,ridge,0.0113500992295214,0.0010155582883275352
2026-04-28T21:00:00Z,fwd_6h,ridge,0.0113500992295214,-0.0036972723292054803
2026-04-28T22:00:00Z,fwd_6h,ridge,0.175492942076358,-0.008739343707484287
2026-04-28T23:00:00Z,fwd_6h,ridge,0.1696226339652671,-0.0057447644667947065
2026-04-29T00:00:00Z,fwd_6h,ridge,0.1674189701380568,0.018059993473567414
2026-04-29T01:00:00Z,fwd_6h,ridge,0.1237199828340478,0.06255699737584797
2026-04-29T02:00:00Z,fwd_6h,ridge,0.1201551342632656,0.0059595612054081995
2026-04-29T03:00:00Z,fwd_6h,ridge,0.1660241014800443,0.02235838005448259
2026-04-29T04:00:00Z,fwd_6h,ridge,-0.0002631954706728,0.027374914254199714
2026-04-29T05:00:00Z,fwd_6h,ridge,-0.0221734520136729,0.03533887995080158
2026-04-29T06:00:00Z,fwd_6h,ridge,-0.0868493691893784,-0.00698405961166574
2026-04-29T07:00:00Z,fwd_6h,ridge,-0.0513389587383664,0.0309500591894233
2026-04-29T08:00:00Z,fwd_6h,ridge,-0.0483198832070808,0.014858452705456127
2026-04-29T09:00:00Z,fwd_6h,ridge,-0.0857570030939046,0.02241078390985936
2026-04-29T10:00:00Z,fwd_6h,ridge,-0.0746372213484127,0.006614839120857665
2026-04-29T11:00:00Z,fwd_6h,ridge,-0.0491540850291414,0.01169163588914309
2026-04-29T12:00:00Z,fwd_6h,ridge,0.0086652107630751,0.012332315531702312
2026-04-29T13:00:00Z,fwd_6h,ridge,0.0086652107630751,-0.04663968357191711
2026-04-29T14:00:00Z,fwd_6h,ridge,-0.1220099291289938,0.011686959134476026
2026-04-29T15:00:00Z,fwd_6h,ridge,-0.1220099291289938,0.03133838609778483
2026-04-29T16:00:00Z,fwd_6h,ridge,-0.1295525398295541,-0.0077029806929254825
2026-04-29T17:00:00Z,fwd_6h,ridge,-0.1295525398295541,0.02366646325612451
2026-04-29T18:00:00Z,fwd_6h,ridge,0.048936108241345,-0.01398772208832259
2026-04-29T19:00:00Z,fwd_6h,ridge,0.0589561334790069,0.0007389944922034548
2026-04-29T20:00:00Z,fwd_6h,ridge,0.1910765982834577,-0.0027655116853485436
2026-04-29T21:00:00Z,fwd_6h,ridge,0.1158471788685204,0.06053632671724202
2026-04-29T22:00:00Z,fwd_6h,ridge,0.0765175642883255,0.024263828949568113
2026-04-29T23:00:00Z,fwd_6h,ridge,0.0765175642883255,-0.004100807778926335
2026-04-30T00:00:00Z,fwd_6h,ridge,-0.1066643885157919,-0.002025386404830281
2026-04-30T01:00:00Z,fwd_6h,ridge,-0.1151172838622366,0.058815462346579264
2026-04-30T02:00:00Z,fwd_6h,ridge,-0.0581087579213071,0.015099572515991299
2026-04-30T03:00:00Z,fwd_6h,ridge,0.0053927077233386,-0.04572136159986427
2026-04-30T04:00:00Z,fwd_6h,ridge,0.0421238387408229,0.05227356928873576
2026-04-30T05:00:00Z,fwd_6h,ridge,0.0421238387408229,-0.002947188941532803
2026-04-30T06:00:00Z,fwd_6h,ridge,0.0427230469081809,-0.022880092296241678
2026-04-30T07:00:00Z,fwd_6h,ridge,0.0427230469081809,0.037849888049038015
2026-04-30T08:00:00Z,fwd_6h,ridge,0.0005749874871705,0.018213769020520888
2026-04-30T09:00:00Z,fwd_6h,ridge,0.0005749874871705,-0.02975642797868492
2026-04-30T10:00:00Z,fwd_6h,ridge,0.0334374562394106,0.015599699407076716
2026-04-30T11:00:00Z,fwd_6h,ridge,0.0334374562394106,0.029241458074027282
2026-04-30T12:00:00Z,fwd_6h,ridge,0.0328435841023473,-0.004904164382974274
2026-04-30T13:00:00Z,fwd_6h,ridge,0.0328435841023473,-0.02455522123371586
2026-04-30T14:00:00Z,fwd_6h,ridge,0.0830335374928419,-0.026876780903844946
2026-04-30T15:00:00Z,fwd_6h,ridge,0.0799128391860135,0.025646051485533734
2026-04-30T16:00:00Z,fwd_6h,ridge,0.0672407897463212,-0.005262699113015859
2026-04-30T17:00:00Z,fwd_6h,ridge,0.0802325723342594,-0.014253988399623111
2026-04-30T18:00:00Z,fwd_6h,ridge,0.0763254303225065,0.009964731359462332
2026-04-30T19:00:00Z,fwd_6h,ridge,0.0780774746063215,-0.07764670657225946
2026-04-30T20:00:00Z,fwd_6h,ridge,0.0526279732816949,-0.0378760347753046
2026-04-30T21:00:00Z,fwd_6h,ridge,0.097074392055072,-0.0018883541998890373
2026-04-30T22:00:00Z,fwd_6h,ridge,0.0962346822390729,-0.04298038754663433
2026-04-30T23:00:00Z,fwd_6h,ridge,0.1356413646859233,0.0053062011677280545
2026-05-01T00:00:00Z,fwd_6h,ridge,0.1149957351158086,0.005298004077523968
2026-05-01T01:00:00Z,fwd_6h,ridge,0.0979304639545972,-0.00988018970872453
2026-05-01T02:00:00Z,fwd_6h,ridge,0.1671109972776485,-0.008966013144870324
2026-05-01T03:00:00Z,fwd_6h,ridge,0.0561367031192867,0.02109182256522895
2026-05-01T04:00:00Z,fwd_6h,ridge,0.009806886284613,0.013778205800079773
2026-05-01T05:00:00Z,fwd_6h,ridge,-0.0465964945254071,-0.022756840600218528
2026-05-01T06:00:00Z,fwd_6h,ridge,0.0005384761567601,0.034859263047415635
2026-05-01T07:00:00Z,fwd_6h,ridge,0.0252222342509669,-0.04517838713720659
2026-05-01T08:00:00Z,fwd_6h,ridge,-0.0599238460542288,0.016911393335096517
2026-05-01T09:00:00Z,fwd_6h,ridge,-0.023317897945377,-0.029813915378430055
2026-05-01T10:00:00Z,fwd_6h,ridge,-8.355717998065337e-05,0.010594448143181766
2026-05-01T11:00:00Z,fwd_6h,ridge,0.0412765622072277,-0.06282567563178278
2026-05-01T12:00:00Z,fwd_6h,ridge,0.0415942028497153,-0.020931433899802017
2026-05-01T13:00:00Z,fwd_6h,ridge,-0.0130565017735793,0.03987039811261684
2026-05-01T14:00:00Z,fwd_6h,ridge,-0.0351945119855304,-0.040562329534247245
2026-05-01T15:00:00Z,fwd_6h,ridge,0.0255316912637895,-0.08349661524876624
2026-05-01T16:00:00Z,fwd_6h,ridge,0.0087467312999849,0.015186473833921224
2026-05-01T17:00:00Z,fwd_6h,ridge,-0.0048005718207516,0.03513550893169879
2026-05-01T18:00:00Z,fwd_6h,ridge,0.0035672145992442,0.01978832446512515
2026-05-01T19:00:00Z,fwd_6h,ridge,-0.0380452004818412,-0.02643513732861103
2026-05-01T20:00:00Z,fwd_6h,ridge,-0.0089159047742873,-0.055078132155088284
2026-05-01T21:00:00Z,fwd_6h,ridge,-0.050243585246029,-0.01747190781573315
2026-05-01T22:00:00Z,fwd_6h,ridge,-0.0845390737655926,0.005230481636308353
2026-05-01T23:00:00Z,fwd_6h,ridge,-0.0919866825074269,0.035128783568751785
2026-05-02T00:00:00Z,fwd_6h,ridge,-0.1277916910216459,-0.012941159990849833
2026-05-02T01:00:00Z,fwd_6h,ridge,-0.0194026777526548,-0.0299474331203509
2026-05-02T02:00:00Z,fwd_6h,ridge,-0.0203856809947263,-0.03801052399653946
2026-05-02T03:00:00Z,fwd_6h,ridge,-0.0002184584401603,-0.028043537528196133
2026-05-02T04:00:00Z,fwd_6h,ridge,0.0720354237870279,0.03365270134347322
2026-05-02T05:00:00Z,fwd_6h,ridge,0.0333521744669851,-0.04810351493683629
2026-05-02T06:00:00Z,fwd_6h,ridge,0.0390932933547718,0.020789405604816034
2026-05-02T07:00:00Z,fwd_6h,ridge,0.0191636834892445,-0.013718211892591922
2026-05-02T08:00:00Z,fwd_6h,ridge,0.0298660981011267,-0.008653131524278117
2026-05-02T09:00:00Z,fwd_6h,ridge,0.016656203788159,-0.0008845400215415584
2026-05-02T10:00:00Z,fwd_6h,ridge,0.0314833631493818,-0.03231952580006257
2026-05-02T11:00:00Z,fwd_6h,ridge,0.0548789365013491,-0.01990869050531468
2026-05-02T12:00:00Z,fwd_6h,ridge,0.0369406641734588,-0.051621516209733855
2026-05-02T13:00:00Z,fwd_6h,ridge,0.0193282761614421,-0.03981967752509034
2026-05-02T14:00:00Z,fwd_6h,ridge,0.0125132548230539,0.04186388086602652
2026-05-02T15:00:00Z,fwd_6h,ridge,-2.3693249990741627e-05,-0.006376537001462977
2026-05-02T16:00:00Z,fwd_6h,ridge,-0.0455028992730566,0.001989811250139715
2026-05-02T17:00:00Z,fwd_6h,ridge,-0.0392906690334862,-0.04035024253379811
2026-05-02T18:00:00Z,fwd_6h,ridge,-0.0081817813850811,-0.020881013335937497
2026-05-02T19:00:00Z,fwd_6h,ridge,-0.015398978075055,-0.0044727000646947145
2026-05-02T20:00:00Z,fwd_6h,ridge,0.0003198622059501,-0.010883719153858797
2026-05-02T21:00:00Z,fwd_6h,ridge,0.016902128678534,-0.0228460257825445
2026-05-02T22:00:00Z,fwd_6h,ridge,-0.0030287708350092,-0.04740028877947149
2026-05-02T23:00:00Z,fwd_6h,ridge,-0.0277955154684201,-0.013011598585082482
2026-05-03T00:00:00Z,fwd_6h,ridge,-0.0407688383602781,-0.03890778465154582
2026-05-03T01:00:00Z,fwd_6h,ridge,-0.0326511253716489,0.02130304144859823
2026-05-03T02:00:00Z,fwd_6h,ridge,-0.0514579201701941,-0.042333861466745545
2026-05-03T03:00:00Z,fwd_6h,ridge,-0.0368534541402075,0.023547442727655674
2026-05-03T04:00:00Z,fwd_6h,ridge,-0.0211755250950504,-0.03688730410963227
2026-05-03T05:00:00Z,fwd_6h,ridge,0.0046172011764706,-0.024853200597103046
2026-05-03T06:00:00Z,fwd_6h,ridge,-0.0119510595744971,-0.031746210676119956
2026-05-03T07:00:00Z,fwd_6h,ridge,-0.0046837991387309,-0.01349294357636637
2026-05-03T08:00:00Z,fwd_6h,ridge,-0.0159481906412061,-0.01725966322726151
2026-05-03T09:00:00Z,fwd_6h,ridge,-0.1151601817117941,-0.027545491195334122
2026-05-03T10:00:00Z,fwd_6h,ridge,-0.1238987097392663,-0.039493979084019484
2026-05-03T11:00:00Z,fwd_6h,ridge,-0.1254737991875355,-0.052240430306770176
2026-05-03T12:00:00Z,fwd_6h,ridge,-0.1121909208782037,-0.047082026706287354
2026-05-03T13:00:00Z,fwd_6h,ridge,-0.1152212022554067,-0.02898446824273744
2026-05-03T14:00:00Z,fwd_6h,ridge,-0.1018178866853295,0.016032936157158
2026-05-03T15:00:00Z,fwd_6h,ridge,-0.0227804365011282,-0.06370742214501324
2026-05-03T16:00:00Z,fwd_6h,ridge,0.0077307316110635,0.11154367898337286
2026-05-03T17:00:00Z,fwd_6h,ridge,0.0077307316110635,-0.002736141663344377
2026-05-03T18:00:00Z,fwd_6h,ridge,0.0294578685723785,-0.0221365015155855
2026-05-03T19:00:00Z,fwd_6h,ridge,0.0169290094424159,-0.00788760470560566
2026-05-03T20:00:00Z,fwd_6h,ridge,0.0091277139247774,-0.01620959444650444
2026-05-03T21:00:00Z,fwd_6h,ridge,0.0091277139247774,-0.00796371069371233
2026-05-03T22:00:00Z,fwd_6h,ridge,0.0931484352591538,0.039798276887430165
2026-05-03T23:00:00Z,fwd_6h,ridge,0.0915278031731725,-0.009512952470866073
2026-05-04T00:00:00Z,fwd_6h,ridge,0.0817861555070629,0.019303330242843406
2026-05-04T01:00:00Z,fwd_6h,ridge,0.0892430584622909,-0.008809892782257134
2026-05-04T02:00:00Z,fwd_6h,ridge,0.0904409234279999,-0.008820516568943702
2026-05-04T03:00:00Z,fwd_6h,ridge,0.0757731579083229,0.01309679773929758
2026-05-04T04:00:00Z,fwd_6h,ridge,-0.0411065197546121,-0.009163155556389121
2026-05-04T05:00:00Z,fwd_6h,ridge,-0.1130191963585222,0.005034915805647154
2026-05-04T06:00:00Z,fwd_6h,ridge,-0.0881720353284266,-0.007998154968054592
2026-05-04T07:00:00Z,fwd_6h,ridge,-0.0832572868993678,-0.02798934902189618
2026-05-04T08:00:00Z,fwd_6h,ridge,-0.0842643418942775,0.00999646253025819
2026-05-04T09:00:00Z,fwd_6h,ridge,-0.0717786279569473,-0.05095369627594559
2026-05-04T10:00:00Z,fwd_6h,ridge,-0.0062459670175606,-0.012578353864663015
2026-05-04T11:00:00Z,fwd_6h,ridge,0.0927036940079977,-0.016396928518786377
2026-05-04T12:00:00Z,fwd_6h,ridge,0.0732340383400855,0.014362280248084662
2026-05-04T13:00:00Z,fwd_6h,ridge,0.0522824357939983,0.018595725607481146
2026-05-04T14:00:00Z,fwd_6h,ridge,0.0359994433088926,-0.03506600485321894
2026-05-04T15:00:00Z,fwd_6h,ridge,0.0455732765202678,-0.02910561239713483
2026-05-04T16:00:00Z,fwd_6h,ridge,0.0990993440381147,0.006143024885803471
2026-05-04T17:00:00Z,fwd_6h,ridge,0.0660074515142603,0.00868408332844009
2026-05-04T18:00:00Z,fwd_6h,ridge,0.0033426027728624,0.00011427967166230402
2026-05-04T19:00:00Z,fwd_6h,ridge,0.0390759370589048,-0.01972195827860701
2026-05-04T20:00:00Z,fwd_6h,ridge,0.048708095808142,0.003927783001369822
2026-05-04T21:00:00Z,fwd_6h,ridge,0.0615541813585998,-0.002922248899384798
2026-05-04T22:00:00Z,fwd_6h,ridge,0.0026594395328298,0.09347390079476904
2026-05-04T23:00:00Z,fwd_6h,ridge,0.0086913362953964,-0.006334572964613209
2026-05-05T00:00:00Z,fwd_6h,ridge,0.0683058863950356,-0.018777704028056875
2026-05-05T01:00:00Z,fwd_6h,ridge,0.0407939996243256,-0.0388586358703681
2026-05-05T02:00:00Z,fwd_6h,ridge,0.0439697316050509,-0.028016716943967918
2026-05-05T03:00:00Z,fwd_6h,ridge,-0.0019096765116607,-0.028331695207015607
2026-05-05T04:00:00Z,fwd_6h,ridge,0.0272385780730075,-0.051148513639540316
2026-05-05T05:00:00Z,fwd_6h,ridge,0.0331429666366878,-0.03361766254067686
2026-05-05T06:00:00Z,fwd_6h,ridge,0.1119303954053929,-0.050678662889924106
2026-05-05T07:00:00Z,fwd_6h,ridge,0.2023888103466946,-0.024225535309153775
2026-05-05T08:00:00Z,fwd_6h,ridge,0.1151694236420812,-0.05525776109647172
2026-05-05T09:00:00Z,fwd_6h,ridge,0.1651573920535602,-0.02114874868353344
2026-05-05T10:00:00Z,fwd_6h,ridge,0.0841356084569775,0.04237672342893932
2026-05-05T11:00:00Z,fwd_6h,ridge,0.1079645349498676,-0.002754856469214771
2026-05-05T12:00:00Z,fwd_6h,ridge,0.0296548448886304,-0.03488257683652127
2026-05-05T13:00:00Z,fwd_6h,ridge,-0.064240253209671,0.02566190950436861
2026-05-05T14:00:00Z,fwd_6h,ridge,0.0382256937050167,-0.05354184635914028
2026-05-05T15:00:00Z,fwd_6h,ridge,0.0139638734062377,0.04959373396829336
2026-05-05T16:00:00Z,fwd_6h,ridge,-0.0280309855674741,0.012101140514125865
2026-05-05T17:00:00Z,fwd_6h,ridge,-0.0531285107075171,0.0018016226959281859
2026-05-05T18:00:00Z,fwd_6h,ridge,-0.0712479795914154,0.03350511991311218
2026-05-05T19:00:00Z,fwd_6h,ridge,-0.031056726082602,-0.04497157820700155
2026-05-05T20:00:00Z,fwd_6h,ridge,-0.0643614378213326,-0.03734206498800906
2026-05-05T21:00:00Z,fwd_6h,ridge,-0.0567188183125401,-0.01637691996241683
2026-05-05T22:00:00Z,fwd_6h,ridge,-0.006649110714517,-0.038646439352932466
2026-05-05T23:00:00Z,fwd_6h,ridge,0.0008352227680212,-0.02951687675415925
2026-05-06T00:00:00Z,fwd_6h,ridge,0.0459849683182767,-0.0026763057838925346
2026-05-06T01:00:00Z,fwd_6h,ridge,0.1879195031976954,0.016096864107434695
2026-05-06T02:00:00Z,fwd_6h,ridge,0.085415015011341,0.007716832729667108
2026-05-06T03:00:00Z,fwd_6h,ridge,0.0719637708420559,-0.031520983288554516
2026-05-06T04:00:00Z,fwd_6h,ridge,0.1011154967676652,-0.026183034692330277
2026-05-06T05:00:00Z,fwd_6h,ridge,0.1610823449427811,-0.01931646889062362
2026-05-06T06:00:00Z,fwd_6h,ridge,0.2360917497050558,-0.019074145605169925
2026-05-06T07:00:00Z,fwd_6h,ridge,0.0319142884950001,0.0793246090145993
2026-05-06T08:00:00Z,fwd_6h,ridge,0.1046462254794187,-0.012049708946751236
2026-05-06T09:00:00Z,fwd_6h,ridge,0.1002871040692379,-0.0014943526620787503
2026-05-06T10:00:00Z,fwd_6h,ridge,0.0650510391809433,-0.01817739870126486
2026-05-06T11:00:00Z,fwd_6h,ridge,0.033286528313364,-0.0031661169705416888
2026-05-06T12:00:00Z,fwd_6h,ridge,-0.0822440410446244,0.1867013913155682
2026-05-06T13:00:00Z,fwd_6h,ridge,-0.0397960031844613,-0.004139659960025504
2026-05-06T14:00:00Z,fwd_6h,ridge,-0.0133824657796017,-0.017726801956855314
2026-05-06T15:00:00Z,fwd_6h,ridge,0.180110594444766,0.017262662006674312
2026-05-06T16:00:00Z,fwd_6h,ridge,0.1053778762947148,-0.00184108609405767
2026-05-06T17:00:00Z,fwd_6h,ridge,0.0900778065176826,0.04134810643625418
2026-05-06T18:00:00Z,fwd_6h,ridge,0.1043550055605224,-0.014151567528539803
2026-05-06T19:00:00Z,fwd_6h,ridge,0.1438767732744579,-0.05052439706374569
2026-04-17T06:00:00Z,fwd_6h,elastic_net,-0.0716128838523734,
2026-04-17T07:00:00Z,fwd_6h,elastic_net,-0.0716128838523734,
2026-04-17T08:00:00Z,fwd_6h,elastic_net,0.0264294896106698,
2026-04-17T09:00:00Z,fwd_6h,elastic_net,0.0264294896106698,
2026-04-17T10:00:00Z,fwd_6h,elastic_net,0.1410374081587724,
2026-04-17T11:00:00Z,fwd_6h,elastic_net,0.1410374081587724,
2026-04-17T12:00:00Z,fwd_6h,elastic_net,0.111656884090084,
2026-04-17T13:00:00Z,fwd_6h,elastic_net,0.111656884090084,
2026-04-17T14:00:00Z,fwd_6h,elastic_net,0.074598142124217,
2026-04-17T15:00:00Z,fwd_6h,elastic_net,0.074598142124217,
2026-04-17T16:00:00Z,fwd_6h,elastic_net,-0.0333364930278827,
2026-04-17T17:00:00Z,fwd_6h,elastic_net,-0.0333364930278827,
2026-04-17T18:00:00Z,fwd_6h,elastic_net,-0.0739422823432793,
2026-04-17T19:00:00Z,fwd_6h,elastic_net,-0.0739422823432793,
2026-04-17T20:00:00Z,fwd_6h,elastic_net,-0.042006126250267,
2026-04-17T21:00:00Z,fwd_6h,elastic_net,-0.042006126250267,
2026-04-17T22:00:00Z,fwd_6h,elastic_net,-0.0903385107504372,
2026-04-17T23:00:00Z,fwd_6h,elastic_net,-0.0903385107504372,
2026-04-18T00:00:00Z,fwd_6h,elastic_net,-0.0504516634443494,
2026-04-18T01:00:00Z,fwd_6h,elastic_net,-0.0504516634443494,
2026-04-18T02:00:00Z,fwd_6h,elastic_net,-0.0809584446549221,
2026-04-18T03:00:00Z,fwd_6h,elastic_net,-0.0809584446549221,
2026-04-18T04:00:00Z,fwd_6h,elastic_net,-0.0321276759024523,
2026-04-18T05:00:00Z,fwd_6h,elastic_net,-0.0321276759024523,
2026-04-18T06:00:00Z,fwd_6h,elastic_net,-0.0154019938169761,
2026-04-18T07:00:00Z,fwd_6h,elastic_net,-0.0154019938169761,
2026-04-18T08:00:00Z,fwd_6h,elastic_net,0.0172808764844798,
2026-04-18T09:00:00Z,fwd_6h,elastic_net,0.0172808764844798,
2026-04-18T10:00:00Z,fwd_6h,elastic_net,0.0408354197382849,
2026-04-18T11:00:00Z,fwd_6h,elastic_net,0.0408354197382849,
2026-04-18T12:00:00Z,fwd_6h,elastic_net,0.0231544146737576,
2026-04-18T13:00:00Z,fwd_6h,elastic_net,0.0231544146737576,
2026-04-18T14:00:00Z,fwd_6h,elastic_net,-0.0792474639950555,
2026-04-18T15:00:00Z,fwd_6h,elastic_net,-0.0792474639950555,
2026-04-18T16:00:00Z,fwd_6h,elastic_net,-0.1000844810912191,
2026-04-18T17:00:00Z,fwd_6h,elastic_net,-0.1000844810912191,
2026-04-18T18:00:00Z,fwd_6h,elastic_net,-0.1664955547869308,
2026-04-18T19:00:00Z,fwd_6h,elastic_net,-0.1664955547869308,
2026-04-18T20:00:00Z,fwd_6h,elastic_net,-0.0737970090528501,
2026-04-18T21:00:00Z,fwd_6h,elastic_net,-0.0737970090528501,
2026-04-18T22:00:00Z,fwd_6h,elastic_net,-0.0939547730569839,
2026-04-18T23:00:00Z,fwd_6h,elastic_net,-0.0939547730569839,
2026-04-19T00:00:00Z,fwd_6h,elastic_net,-0.0217638727159802,
2026-04-19T01:00:00Z,fwd_6h,elastic_net,-0.0217638727159802,
2026-04-19T02:00:00Z,fwd_6h,elastic_net,0.0246358149986232,
2026-04-19T03:00:00Z,fwd_6h,elastic_net,0.0246358149986232,
2026-04-19T04:00:00Z,fwd_6h,elastic_net,0.0474319915411709,
2026-04-19T05:00:00Z,fwd_6h,elastic_net,0.0474319915411709,
2026-04-19T06:00:00Z,fwd_6h,elastic_net,0.0417999132988664,
2026-04-19T07:00:00Z,fwd_6h,elastic_net,0.0417999132988664,
2026-04-19T08:00:00Z,fwd_6h,elastic_net,-0.0053770347743699,
2026-04-19T09:00:00Z,fwd_6h,elastic_net,-0.0053770347743699,
2026-04-19T10:00:00Z,fwd_6h,elastic_net,-0.0006785786588269,
2026-04-19T11:00:00Z,fwd_6h,elastic_net,-0.0006785786588269,
2026-04-19T12:00:00Z,fwd_6h,elastic_net,0.0047238564559759,
2026-04-19T13:00:00Z,fwd_6h,elastic_net,0.0047238564559759,
2026-04-19T14:00:00Z,fwd_6h,elastic_net,-0.0911065843676309,
2026-04-19T15:00:00Z,fwd_6h,elastic_net,-0.0911065843676309,
2026-04-19T16:00:00Z,fwd_6h,elastic_net,-0.0953798799618788,
2026-04-19T17:00:00Z,fwd_6h,elastic_net,-0.0953798799618788,
2026-04-19T18:00:00Z,fwd_6h,elastic_net,-0.0555294259667564,
2026-04-19T19:00:00Z,fwd_6h,elastic_net,-0.0555294259667564,
2026-04-19T20:00:00Z,fwd_6h,elastic_net,0.0440521420123209,
2026-04-19T21:00:00Z,fwd_6h,elastic_net,0.0440521420123209,
2026-04-19T22:00:00Z,fwd_6h,elastic_net,-0.0221466535669736,
2026-04-19T23:00:00Z,fwd_6h,elastic_net,-0.0221466535669736,
2026-04-20T00:00:00Z,fwd_6h,elastic_net,-0.0634056412658684,
2026-04-20T01:00:00Z,fwd_6h,elastic_net,-0.0634056412658684,
2026-04-20T02:00:00Z,fwd_6h,elastic_net,-0.0229768002075646,
2026-04-20T03:00:00Z,fwd_6h,elastic_net,-0.0229768002075646,
2026-04-20T04:00:00Z,fwd_6h,elastic_net,0.0431657960367666,
2026-04-20T05:00:00Z,fwd_6h,elastic_net,0.0431657960367666,
2026-04-20T06:00:00Z,fwd_6h,elastic_net,0.1136855564149494,
2026-04-20T07:00:00Z,fwd_6h,elastic_net,0.1136855564149494,
2026-04-20T08:00:00Z,fwd_6h,elastic_net,0.067601680045592,
2026-04-20T09:00:00Z,fwd_6h,elastic_net,0.067601680045592,
2026-04-20T10:00:00Z,fwd_6h,elastic_net,0.0377722142137937,
2026-04-20T11:00:00Z,fwd_6h,elastic_net,0.0377722142137937,
2026-04-20T12:00:00Z,fwd_6h,elastic_net,-0.027940632156484,
2026-04-20T13:00:00Z,fwd_6h,elastic_net,-0.027940632156484,
2026-04-20T14:00:00Z,fwd_6h,elastic_net,0.0132486920343741,0.005711236263641978
2026-04-20T15:00:00Z,fwd_6h,elastic_net,0.0132486920343741,0.021154296186923834
2026-04-20T16:00:00Z,fwd_6h,elastic_net,0.0423732598578165,0.0053565453448013375
2026-04-20T17:00:00Z,fwd_6h,elastic_net,0.0423732598578165,0.040310222560321955
2026-04-20T18:00:00Z,fwd_6h,elastic_net,-0.0282685882433222,0.031096048105288814
2026-04-20T19:00:00Z,fwd_6h,elastic_net,-0.0282685882433222,-0.014130627274942303
2026-04-20T20:00:00Z,fwd_6h,elastic_net,-0.067770203651209,-0.053890362278257685
2026-04-20T21:00:00Z,fwd_6h,elastic_net,-0.067770203651209,0.03434873117559426
2026-04-20T22:00:00Z,fwd_6h,elastic_net,-0.0977456623052489,-0.0033346775078754165
2026-04-20T23:00:00Z,fwd_6h,elastic_net,-0.0977456623052489,-0.03301384551158737
2026-04-21T00:00:00Z,fwd_6h,elastic_net,-0.032154581168123,-0.010523213158791338
2026-04-21T01:00:00Z,fwd_6h,elastic_net,-0.032154581168123,-0.004999312315705169
2026-04-21T02:00:00Z,fwd_6h,elastic_net,0.0494331502250009,-0.035797600518990245
2026-04-21T03:00:00Z,fwd_6h,elastic_net,0.0494331502250009,-0.02338541412639886
2026-04-21T04:00:00Z,fwd_6h,elastic_net,0.0842983081860269,0.0012754024226883515
2026-04-21T05:00:00Z,fwd_6h,elastic_net,0.0842983081860269,0.03207748069297724
2026-04-21T06:00:00Z,fwd_6h,elastic_net,0.1299143146737948,0.014827664552709341
2026-04-21T07:00:00Z,fwd_6h,elastic_net,0.1299143146737948,0.013518889978312298
2026-04-21T08:00:00Z,fwd_6h,elastic_net,0.0420696095745838,-0.008286247224994832
2026-04-21T09:00:00Z,fwd_6h,elastic_net,0.0420696095745838,0.009621051320023815
2026-04-21T10:00:00Z,fwd_6h,elastic_net,-0.0171221507886399,-0.035282743911547225
2026-04-21T11:00:00Z,fwd_6h,elastic_net,-0.0171221507886399,0.00864815287218577
2026-04-21T12:00:00Z,fwd_6h,elastic_net,-0.0568021174587255,-0.010280502327375325
2026-04-21T13:00:00Z,fwd_6h,elastic_net,-0.0568021174587255,-0.04216347704690952
2026-04-21T14:00:00Z,fwd_6h,elastic_net,-0.0251125346511612,-0.031009780365504322
2026-04-21T15:00:00Z,fwd_6h,elastic_net,-0.0251125346511612,-0.005149159185285898
2026-04-21T16:00:00Z,fwd_6h,elastic_net,0.0335980215754752,-0.004129970641877088
2026-04-21T17:00:00Z,fwd_6h,elastic_net,0.0335980215754752,-0.0613064809725475
2026-04-21T18:00:00Z,fwd_6h,elastic_net,0.0358247708557331,-0.015581384538347618
2026-04-21T19:00:00Z,fwd_6h,elastic_net,0.0358247708557331,-0.003363748312316341
2026-04-21T20:00:00Z,fwd_6h,elastic_net,0.0021543668174439,-0.055360214254397584
2026-04-21T21:00:00Z,fwd_6h,elastic_net,0.0021543668174439,-0.04237997463060257
2026-04-21T22:00:00Z,fwd_6h,elastic_net,0.0319414168973191,-0.011616499959534093
2026-04-21T23:00:00Z,fwd_6h,elastic_net,0.0319414168973191,-0.05431824576837042
2026-04-22T00:00:00Z,fwd_6h,elastic_net,0.0297230158009194,-0.07024822837445716
2026-04-22T01:00:00Z,fwd_6h,elastic_net,0.0297230158009194,-0.048039126519575245
2026-04-22T02:00:00Z,fwd_6h,elastic_net,0.0923792060222381,0.09063435982073778
2026-04-22T03:00:00Z,fwd_6h,elastic_net,0.0923792060222381,-0.12502069214483597
2026-04-22T04:00:00Z,fwd_6h,elastic_net,0.0608476155819288,-0.04234929923809718
2026-04-22T05:00:00Z,fwd_6h,elastic_net,0.0881586355632118,-0.021041772230657035
2026-04-22T06:00:00Z,fwd_6h,elastic_net,0.0804838162826517,-0.049837782525894374
2026-04-22T07:00:00Z,fwd_6h,elastic_net,0.0804838162826517,0.031175481123302776
2026-04-22T08:00:00Z,fwd_6h,elastic_net,0.0185099164218336,0.019228587370267107
2026-04-22T09:00:00Z,fwd_6h,elastic_net,0.0185099164218336,-0.024831475357380443
2026-04-22T10:00:00Z,fwd_6h,elastic_net,0.1535459112917467,-0.033119638292368594
2026-04-22T11:00:00Z,fwd_6h,elastic_net,0.1245937765542322,-0.06421911707804531
2026-04-22T12:00:00Z,fwd_6h,elastic_net,0.1325819147095921,-0.033094866541853785
2026-04-22T13:00:00Z,fwd_6h,elastic_net,0.1325819147095921,-0.006208009379890897
2026-04-22T14:00:00Z,fwd_6h,elastic_net,0.035518085605233,0.023593742243391176
2026-04-22T15:00:00Z,fwd_6h,elastic_net,0.035518085605233,0.010920332243412621
2026-04-22T16:00:00Z,fwd_6h,elastic_net,-0.0857013765130157,-0.017972656838262883
2026-04-22T17:00:00Z,fwd_6h,elastic_net,-0.0857013765130157,-0.029423862408943905
2026-04-22T18:00:00Z,fwd_6h,elastic_net,-0.0497721057783605,-0.03583643084857492
2026-04-22T19:00:00Z,fwd_6h,elastic_net,-0.0497721057783605,-0.024504153159643625
2026-04-22T20:00:00Z,fwd_6h,elastic_net,0.0392970850132388,-0.028406964960072063
2026-04-22T21:00:00Z,fwd_6h,elastic_net,0.0392970850132388,-0.022855042988519397
2026-04-22T22:00:00Z,fwd_6h,elastic_net,0.0064650305738254,-0.020215503811283998
2026-04-22T23:00:00Z,fwd_6h,elastic_net,0.0064650305738254,-0.010745138071891367
2026-04-23T00:00:00Z,fwd_6h,elastic_net,-0.0315906345864475,-0.030831430157877537
2026-04-23T01:00:00Z,fwd_6h,elastic_net,-0.0315906345864475,-0.008534055095424393
2026-04-23T02:00:00Z,fwd_6h,elastic_net,-0.0923520130930563,-0.019526236367068663
2026-04-23T03:00:00Z,fwd_6h,elastic_net,-0.0923520130930563,-0.0037139166459989985
2026-04-23T04:00:00Z,fwd_6h,elastic_net,-0.0627434850143782,-0.036166693498950825
2026-04-23T05:00:00Z,fwd_6h,elastic_net,-0.0627434850143782,-0.09223824833844108
2026-04-23T06:00:00Z,fwd_6h,elastic_net,0.0479674350331693,-0.03726651929309679
2026-04-23T07:00:00Z,fwd_6h,elastic_net,0.0479674350331693,-0.0365909287750103
2026-04-23T08:00:00Z,fwd_6h,elastic_net,0.1181223264681665,-0.12360019623565266
2026-04-23T09:00:00Z,fwd_6h,elastic_net,0.1181223264681665,-0.030639380515983528
2026-04-23T10:00:00Z,fwd_6h,elastic_net,0.0853318512229093,-0.03196043277937474
2026-04-23T11:00:00Z,fwd_6h,elastic_net,0.0853318512229093,-0.04534180575831433
2026-04-23T12:00:00Z,fwd_6h,elastic_net,-0.0293263755396362,-0.042408285992141845
2026-04-23T13:00:00Z,fwd_6h,elastic_net,-0.0293263755396362,-0.060287206179890605
2026-04-23T14:00:00Z,fwd_6h,elastic_net,-0.0530172100638036,0.0038153116830833243
2026-04-23T15:00:00Z,fwd_6h,elastic_net,-0.0530172100638036,-0.038028873528678814
2026-04-23T16:00:00Z,fwd_6h,elastic_net,-0.0244065913888801,0.013592697555532642
2026-04-23T17:00:00Z,fwd_6h,elastic_net,-0.0244065913888801,-0.003424311700114393
2026-04-23T18:00:00Z,fwd_6h,elastic_net,0.0505713450874221,0.03642945996427962
2026-04-23T19:00:00Z,fwd_6h,elastic_net,0.0505713450874221,-0.03416143556949389
2026-04-23T20:00:00Z,fwd_6h,elastic_net,0.0768536726616908,0.0026967460767785556
2026-04-23T21:00:00Z,fwd_6h,elastic_net,0.0768536726616908,-0.022976043892238333
2026-04-23T22:00:00Z,fwd_6h,elastic_net,0.0225902030873015,-0.029213533718263546
2026-04-23T23:00:00Z,fwd_6h,elastic_net,0.0225902030873015,0.0348647584294486
2026-04-24T00:00:00Z,fwd_6h,elastic_net,-0.0503907549855541,-0.06362463499651258
2026-04-24T01:00:00Z,fwd_6h,elastic_net,-0.0503907549855541,0.0012154400261085302
2026-04-24T02:00:00Z,fwd_6h,elastic_net,-0.0130942512538422,-0.015865594713555684
2026-04-24T03:00:00Z,fwd_6h,elastic_net,-0.0130942512538422,-0.020917915319106
2026-04-24T04:00:00Z,fwd_6h,elastic_net,0.0392756325062362,-0.011496335074974676
2026-04-24T05:00:00Z,fwd_6h,elastic_net,0.0392756325062362,-0.027774349875490954
2026-04-24T06:00:00Z,fwd_6h,elastic_net,0.2418066795474562,-0.009998152599002823
2026-04-24T07:00:00Z,fwd_6h,elastic_net,0.2208872449356422,-0.004663105001431217
2026-04-24T08:00:00Z,fwd_6h,elastic_net,0.2140757508293336,-0.02353950815611188
2026-04-24T09:00:00Z,fwd_6h,elastic_net,0.2911588867237276,-0.03703792063186809
2026-04-24T10:00:00Z,fwd_6h,elastic_net,0.2442765828953423,-0.006401223044083679
2026-04-24T11:00:00Z,fwd_6h,elastic_net,0.3692102211549219,-0.012140082596459642
2026-04-24T12:00:00Z,fwd_6h,elastic_net,0.1474819125746422,-0.028911273970062615
2026-04-24T13:00:00Z,fwd_6h,elastic_net,0.1482779976679105,-0.10751681356096171
2026-04-24T14:00:00Z,fwd_6h,elastic_net,0.2803333910879015,-0.07117993052421423
2026-04-24T15:00:00Z,fwd_6h,elastic_net,0.1279678202632863,-0.07825131541491018
2026-04-24T16:00:00Z,fwd_6h,elastic_net,0.1737946326157529,-0.06969953266280741
2026-04-24T17:00:00Z,fwd_6h,elastic_net,-0.0160405270700146,-0.06407128092764808
2026-04-24T18:00:00Z,fwd_6h,elastic_net,-0.036098364819574,-0.12911354679512227
2026-04-24T19:00:00Z,fwd_6h,elastic_net,-0.0326599243657429,-0.12907889475541945
2026-04-24T20:00:00Z,fwd_6h,elastic_net,-0.1763545162164508,-0.14429966343360323
2026-04-24T21:00:00Z,fwd_6h,elastic_net,-0.1098560155171383,-0.074276590281514
2026-04-24T22:00:00Z,fwd_6h,elastic_net,-0.1218243617933239,-0.1983555555990505
2026-04-24T23:00:00Z,fwd_6h,elastic_net,-0.07908599449663,-0.20705500871929444
2026-04-25T00:00:00Z,fwd_6h,elastic_net,-0.036761936206702,-0.08771390901366352
2026-04-25T01:00:00Z,fwd_6h,elastic_net,-0.04109968683417,-0.11448016958974476
2026-04-25T02:00:00Z,fwd_6h,elastic_net,-0.0082191716268446,-0.0762619686170071
2026-04-25T03:00:00Z,fwd_6h,elastic_net,-0.0204004674529858,-0.0808388932277683
2026-04-25T04:00:00Z,fwd_6h,elastic_net,0.0120283332376476,-0.13279630108746862
2026-04-25T05:00:00Z,fwd_6h,elastic_net,0.0552465504383399,-0.1175102146040442
2026-04-25T06:00:00Z,fwd_6h,elastic_net,0.0533008689316494,-0.10910595019535713
2026-04-25T07:00:00Z,fwd_6h,elastic_net,0.0752423642813515,-0.09468747076525522
2026-04-25T08:00:00Z,fwd_6h,elastic_net,0.0581400283652306,-0.07853422478290839
2026-04-25T09:00:00Z,fwd_6h,elastic_net,0.1313899102354414,-0.07599453196104372
2026-04-25T10:00:00Z,fwd_6h,elastic_net,0.1109947728921079,-0.06106344251598584
2026-04-25T11:00:00Z,fwd_6h,elastic_net,0.0789541402490798,-0.07593160674917435
2026-04-25T12:00:00Z,fwd_6h,elastic_net,0.1256293048344894,-0.07398680790301819
2026-04-25T13:00:00Z,fwd_6h,elastic_net,0.1244014109577089,-0.10025493315608983
2026-04-25T14:00:00Z,fwd_6h,elastic_net,0.1106460283342785,-0.039640415061185166
2026-04-25T15:00:00Z,fwd_6h,elastic_net,0.0741822781128307,-0.11823545859408172
2026-04-25T16:00:00Z,fwd_6h,elastic_net,0.0892718696707308,-0.10114589051873236
2026-04-25T17:00:00Z,fwd_6h,elastic_net,0.0819388407012482,-0.10745312841739996
2026-04-25T18:00:00Z,fwd_6h,elastic_net,-0.0049292837148394,-0.1281052751254405
2026-04-25T19:00:00Z,fwd_6h,elastic_net,0.0054193173683287,-0.15827498568136844
2026-04-25T20:00:00Z,fwd_6h,elastic_net,-0.0021689336599187,-0.1518935391976208
2026-04-25T21:00:00Z,fwd_6h,elastic_net,-0.0281917716124789,-0.11912889374883945
2026-04-25T22:00:00Z,fwd_6h,elastic_net,-0.0632080588400769,-0.14962074045490864
2026-04-25T23:00:00Z,fwd_6h,elastic_net,-0.0235182560774014,-0.14205260923358223
2026-04-26T00:00:00Z,fwd_6h,elastic_net,-0.0075847329594496,-0.150916591357795
2026-04-26T01:00:00Z,fwd_6h,elastic_net,-0.0341465812584089,-0.11039998246558187
2026-04-26T02:00:00Z,fwd_6h,elastic_net,-0.0234800947632519,-0.15401189204406174
2026-04-26T03:00:00Z,fwd_6h,elastic_net,-0.019422471115063,-0.16254564267184585
2026-04-26T04:00:00Z,fwd_6h,elastic_net,0.0084483496579541,-0.14677423105150506
2026-04-26T05:00:00Z,fwd_6h,elastic_net,-0.0177278822234699,-0.1372294759584114
2026-04-26T06:00:00Z,fwd_6h,elastic_net,-0.0062094547182306,-0.12760954666728003
2026-04-26T07:00:00Z,fwd_6h,elastic_net,0.0266413981868842,-0.13132235629394504
2026-04-26T08:00:00Z,fwd_6h,elastic_net,0.0078178100689636,-0.11560993639744016
2026-04-26T09:00:00Z,fwd_6h,elastic_net,-0.0053384139867705,-0.10803826811324739
2026-04-26T10:00:00Z,fwd_6h,elastic_net,-0.1285931838297752,-0.13522177409287317
2026-04-26T11:00:00Z,fwd_6h,elastic_net,-0.09254186074135,-0.11678856308839666
2026-04-26T12:00:00Z,fwd_6h,elastic_net,-0.1134591088590117,-0.13701095576817374
2026-04-26T13:00:00Z,fwd_6h,elastic_net,-0.1179540841566614,-0.155933856941593
2026-04-26T14:00:00Z,fwd_6h,elastic_net,-0.0131234440157421,-0.1824706093188045
2026-04-26T15:00:00Z,fwd_6h,elastic_net,-0.0426225156450805,-0.1564083379293934
2026-04-26T16:00:00Z,fwd_6h,elastic_net,0.1098246051240092,0.01570692105446396
2026-04-26T17:00:00Z,fwd_6h,elastic_net,0.1060406611751803,-0.07316558031515769
2026-04-26T18:00:00Z,fwd_6h,elastic_net,0.160226665030617,-0.12572134587099626
2026-04-26T19:00:00Z,fwd_6h,elastic_net,0.152340083475186,-0.09826259321641614
2026-04-26T20:00:00Z,fwd_6h,elastic_net,0.055820108989772,-0.03614336551529282
2026-04-26T21:00:00Z,fwd_6h,elastic_net,0.080682869271649,-0.14740902139574585
2026-04-26T22:00:00Z,fwd_6h,elastic_net,0.0810523031819678,-0.10587920655949898
2026-04-26T23:00:00Z,fwd_6h,elastic_net,0.0165898603207377,-0.09986360473131776
2026-04-27T00:00:00Z,fwd_6h,elastic_net,-0.0262775158337049,-0.10478749654271559
2026-04-27T01:00:00Z,fwd_6h,elastic_net,-0.0305967580825137,-0.08532058828485517
2026-04-27T02:00:00Z,fwd_6h,elastic_net,-0.0209829027217794,0.10352415538136657
2026-04-27T03:00:00Z,fwd_6h,elastic_net,-0.0370498008915181,0.02003305693488538
2026-04-27T04:00:00Z,fwd_6h,elastic_net,-0.1012684403420233,0.02639766601326984
2026-04-27T05:00:00Z,fwd_6h,elastic_net,-0.0916989834058762,0.04818326561354269
2026-04-27T06:00:00Z,fwd_6h,elastic_net,-0.0744945479495117,0.048632573139257035
2026-04-27T07:00:00Z,fwd_6h,elastic_net,-0.0606428985475158,0.0315940094505052
2026-04-27T08:00:00Z,fwd_6h,elastic_net,-0.0627916121607168,-0.002679334374060066
2026-04-27T09:00:00Z,fwd_6h,elastic_net,-0.105610553568446,0.059592299437717225
2026-04-27T10:00:00Z,fwd_6h,elastic_net,-0.0858760862662857,0.03523151415446253
2026-04-27T11:00:00Z,fwd_6h,elastic_net,-0.160059666240382,0.015466087871299853
2026-04-27T12:00:00Z,fwd_6h,elastic_net,-0.1462046373993686,0.034902246686162555
2026-04-27T13:00:00Z,fwd_6h,elastic_net,-0.1726058119049092,0.038381216295042264
2026-04-27T14:00:00Z,fwd_6h,elastic_net,-0.1635971719146286,0.013750825747096221
2026-04-27T15:00:00Z,fwd_6h,elastic_net,-0.1203371635898694,-0.018203224438402704
2026-04-27T16:00:00Z,fwd_6h,elastic_net,-0.09481741807511,0.014106201945808009
2026-04-27T17:00:00Z,fwd_6h,elastic_net,0.0156906379580779,-0.013903188366616793
2026-04-27T18:00:00Z,fwd_6h,elastic_net,0.0479284321272652,0.02725528281466181
2026-04-27T19:00:00Z,fwd_6h,elastic_net,0.0731445007302784,0.03190279603128558
2026-04-27T20:00:00Z,fwd_6h,elastic_net,0.0321023484284404,0.018740032353127985
2026-04-27T21:00:00Z,fwd_6h,elastic_net,0.0766044579849121,-0.006546813097991412
2026-04-27T22:00:00Z,fwd_6h,elastic_net,0.0688441604125278,0.019932070720238757
2026-04-27T23:00:00Z,fwd_6h,elastic_net,0.057677504942992,-0.008359668922799306
2026-04-28T00:00:00Z,fwd_6h,elastic_net,-0.0637770186902214,0.006098109521551716
2026-04-28T01:00:00Z,fwd_6h,elastic_net,-0.1130529283593214,0.0190744312161883
2026-04-28T02:00:00Z,fwd_6h,elastic_net,-0.0868326167293377,0.026991801174249805
2026-04-28T03:00:00Z,fwd_6h,elastic_net,-0.1053895909008496,0.017483239599339378
2026-04-28T04:00:00Z,fwd_6h,elastic_net,-0.1044376195769647,0.018475104892838157
2026-04-28T05:00:00Z,fwd_6h,elastic_net,-0.0991068661709136,0.025980561541003793
2026-04-28T06:00:00Z,fwd_6h,elastic_net,-0.0350239152253811,0.004748638211411431
2026-04-28T07:00:00Z,fwd_6h,elastic_net,0.0095729146969008,0.11378765092134062
2026-04-28T08:00:00Z,fwd_6h,elastic_net,0.004918587451135,0.006582472358851095
2026-04-28T09:00:00Z,fwd_6h,elastic_net,0.004918587451135,0.039592157510999246
2026-04-28T10:00:00Z,fwd_6h,elastic_net,-0.0127298036706265,0.04192288137213774
2026-04-28T11:00:00Z,fwd_6h,elastic_net,-0.0127298036706265,0.055255642390996326
2026-04-28T12:00:00Z,fwd_6h,elastic_net,-0.0175620108356487,0.0068378029277780545
2026-04-28T13:00:00Z,fwd_6h,elastic_net,-0.0175620108356487,-0.006388611139367107
2026-04-28T14:00:00Z,fwd_6h,elastic_net,-0.0706180786452631,-0.054825296929213965
2026-04-28T15:00:00Z,fwd_6h,elastic_net,-0.0706180786452631,-0.05742337102409588
2026-04-28T16:00:00Z,fwd_6h,elastic_net,-0.054004495341984,-0.0257696506429957
2026-04-28T17:00:00Z,fwd_6h,elastic_net,-0.054004495341984,0.020858316671785993
2026-04-28T18:00:00Z,fwd_6h,elastic_net,-0.0432673524934342,0.026292824478554515
2026-04-28T19:00:00Z,fwd_6h,elastic_net,-0.0432673524934342,-0.00845022850127251
2026-04-28T20:00:00Z,fwd_6h,elastic_net,0.0113500992295214,0.0032669605327236093
2026-04-28T21:00:00Z,fwd_6h,elastic_net,0.0113500992295214,-0.007191906081587318
2026-04-28T22:00:00Z,fwd_6h,elastic_net,0.175492942076358,-0.01268920517568681
2026-04-28T23:00:00Z,fwd_6h,elastic_net,0.1696226339652671,-0.007179926210984778
2026-04-29T00:00:00Z,fwd_6h,elastic_net,0.1674189701380568,0.01581682931408413
2026-04-29T01:00:00Z,fwd_6h,elastic_net,0.1237199828340478,0.0516107934186983
2026-04-29T02:00:00Z,fwd_6h,elastic_net,0.1201551342632656,-0.005632732249886498
2026-04-29T03:00:00Z,fwd_6h,elastic_net,0.1660241014800443,0.023169730333278234
2026-04-29T04:00:00Z,fwd_6h,elastic_net,-0.0002631954706728,0.029112152504830055
2026-04-29T05:00:00Z,fwd_6h,elastic_net,-0.0221734520136729,0.037570201694129904
2026-04-29T06:00:00Z,fwd_6h,elastic_net,-0.0868493691893784,-0.006496903579369214
2026-04-29T07:00:00Z,fwd_6h,elastic_net,-0.0513389587383664,0.03404405701250482
2026-04-29T08:00:00Z,fwd_6h,elastic_net,-0.0483198832070808,0.01807007518110078
2026-04-29T09:00:00Z,fwd_6h,elastic_net,-0.0857570030939046,0.02190801374858014
2026-04-29T10:00:00Z,fwd_6h,elastic_net,-0.0746372213484127,0.010306048712117979
2026-04-29T11:00:00Z,fwd_6h,elastic_net,-0.0491540850291414,0.014968036571283075
2026-04-29T12:00:00Z,fwd_6h,elastic_net,0.0086652107630751,0.019962155066122065
2026-04-29T13:00:00Z,fwd_6h,elastic_net,0.0086652107630751,-0.05020556007796417
2026-04-29T14:00:00Z,fwd_6h,elastic_net,-0.1220099291289938,0.011357681111891489
2026-04-29T15:00:00Z,fwd_6h,elastic_net,-0.1220099291289938,0.03371135259204404
2026-04-29T16:00:00Z,fwd_6h,elastic_net,-0.1295525398295541,-0.004823725142645716
2026-04-29T17:00:00Z,fwd_6h,elastic_net,-0.1295525398295541,0.026317038787226202
2026-04-29T18:00:00Z,fwd_6h,elastic_net,0.048936108241345,-0.0241080758988776
2026-04-29T19:00:00Z,fwd_6h,elastic_net,0.0589561334790069,-0.00048389686515290867
2026-04-29T20:00:00Z,fwd_6h,elastic_net,0.1910765982834577,-0.008291177747464351
2026-04-29T21:00:00Z,fwd_6h,elastic_net,0.1158471788685204,0.06185987652859745
2026-04-29T22:00:00Z,fwd_6h,elastic_net,0.0765175642883255,0.02319997467405772
2026-04-29T23:00:00Z,fwd_6h,elastic_net,0.0765175642883255,-0.005414056991249208
2026-04-30T00:00:00Z,fwd_6h,elastic_net,-0.1066643885157919,-0.012117430566451159
2026-04-30T01:00:00Z,fwd_6h,elastic_net,-0.1151172838622366,0.07163386791663469
2026-04-30T02:00:00Z,fwd_6h,elastic_net,-0.0581087579213071,0.010125767143661342
2026-04-30T03:00:00Z,fwd_6h,elastic_net,0.0053927077233386,-0.04904752444954803
2026-04-30T04:00:00Z,fwd_6h,elastic_net,0.0421238387408229,0.060153211740209295
2026-04-30T05:00:00Z,fwd_6h,elastic_net,0.0421238387408229,-0.004140832602306695
2026-04-30T06:00:00Z,fwd_6h,elastic_net,0.0427230469081809,-0.019526180353250554
2026-04-30T07:00:00Z,fwd_6h,elastic_net,0.0427230469081809,0.04223157357375833
2026-04-30T08:00:00Z,fwd_6h,elastic_net,0.0005749874871705,0.018724708220549294
2026-04-30T09:00:00Z,fwd_6h,elastic_net,0.0005749874871705,-0.03265708183571067
2026-04-30T10:00:00Z,fwd_6h,elastic_net,0.0334374562394106,0.009942930063015866
2026-04-30T11:00:00Z,fwd_6h,elastic_net,0.0334374562394106,0.028402745797689706
2026-04-30T12:00:00Z,fwd_6h,elastic_net,0.0328435841023473,-0.005705957033183977
2026-04-30T13:00:00Z,fwd_6h,elastic_net,0.0328435841023473,-0.027578016465270097
2026-04-30T14:00:00Z,fwd_6h,elastic_net,0.0830335374928419,-0.03129310806536359
2026-04-30T15:00:00Z,fwd_6h,elastic_net,0.0799128391860135,0.024625862112563374
2026-04-30T16:00:00Z,fwd_6h,elastic_net,0.0672407897463212,-0.013151404374748845
2026-04-30T17:00:00Z,fwd_6h,elastic_net,0.0802325723342594,-0.016688049165306744
2026-04-30T18:00:00Z,fwd_6h,elastic_net,0.0763254303225065,0.007847024111683795
2026-04-30T19:00:00Z,fwd_6h,elastic_net,0.0780774746063215,-0.08086083385183795
2026-04-30T20:00:00Z,fwd_6h,elastic_net,0.0526279732816949,-0.048033638736603546
2026-04-30T21:00:00Z,fwd_6h,elastic_net,0.097074392055072,-0.005130725975010911
2026-04-30T22:00:00Z,fwd_6h,elastic_net,0.0962346822390729,-0.048602535666260493
2026-04-30T23:00:00Z,fwd_6h,elastic_net,0.1356413646859233,-0.0030134499194643676
2026-05-01T00:00:00Z,fwd_6h,elastic_net,0.1149957351158086,0.004617350138136085
2026-05-01T01:00:00Z,fwd_6h,elastic_net,0.0979304639545972,-0.0078219189800318
2026-05-01T02:00:00Z,fwd_6h,elastic_net,0.1671109972776485,-0.012661547487929565
2026-05-01T03:00:00Z,fwd_6h,elastic_net,0.0561367031192867,0.01795534165593675
2026-05-01T04:00:00Z,fwd_6h,elastic_net,0.009806886284613,0.011014466454806537
2026-05-01T05:00:00Z,fwd_6h,elastic_net,-0.0465964945254071,-0.024497580119336955
2026-05-01T06:00:00Z,fwd_6h,elastic_net,0.0005384761567601,0.03277891984502254
2026-05-01T07:00:00Z,fwd_6h,elastic_net,0.0252222342509669,-0.046965712909755174
2026-05-01T08:00:00Z,fwd_6h,elastic_net,-0.0599238460542288,0.014149588925586754
2026-05-01T09:00:00Z,fwd_6h,elastic_net,-0.023317897945377,-0.028240510311341824
2026-05-01T10:00:00Z,fwd_6h,elastic_net,-8.355717998065337e-05,0.009765130833088744
2026-05-01T11:00:00Z,fwd_6h,elastic_net,0.0412765622072277,-0.06495653581984574
2026-05-01T12:00:00Z,fwd_6h,elastic_net,0.0415942028497153,-0.02633959124685678
2026-05-01T13:00:00Z,fwd_6h,elastic_net,-0.0130565017735793,0.03590389368718885
2026-05-01T14:00:00Z,fwd_6h,elastic_net,-0.0351945119855304,-0.05039430354515821
2026-05-01T15:00:00Z,fwd_6h,elastic_net,0.0255316912637895,-0.0781253644080347
2026-05-01T16:00:00Z,fwd_6h,elastic_net,0.0087467312999849,0.01743284755438352
2026-05-01T17:00:00Z,fwd_6h,elastic_net,-0.0048005718207516,0.03453946742649326
2026-05-01T18:00:00Z,fwd_6h,elastic_net,0.0035672145992442,0.016775414538619665
2026-05-01T19:00:00Z,fwd_6h,elastic_net,-0.0380452004818412,-0.03227089138717686
2026-05-01T20:00:00Z,fwd_6h,elastic_net,-0.0089159047742873,-0.0554961652999852
2026-05-01T21:00:00Z,fwd_6h,elastic_net,-0.050243585246029,-0.01958727628393732
2026-05-01T22:00:00Z,fwd_6h,elastic_net,-0.0845390737655926,0.0048739985468159
2026-05-01T23:00:00Z,fwd_6h,elastic_net,-0.0919866825074269,0.03571790730306706
2026-05-02T00:00:00Z,fwd_6h,elastic_net,-0.1277916910216459,-0.013943660297803574
2026-05-02T01:00:00Z,fwd_6h,elastic_net,-0.0194026777526548,-0.032946435394928
2026-05-02T02:00:00Z,fwd_6h,elastic_net,-0.0203856809947263,-0.038977477099696185
2026-05-02T03:00:00Z,fwd_6h,elastic_net,-0.0002184584401603,-0.025546812448833535
2026-05-02T04:00:00Z,fwd_6h,elastic_net,0.0720354237870279,0.04161934905142729
2026-05-02T05:00:00Z,fwd_6h,elastic_net,0.0333521744669851,-0.047531699295208944
2026-05-02T06:00:00Z,fwd_6h,elastic_net,0.0390932933547718,0.02738366643590802
2026-05-02T07:00:00Z,fwd_6h,elastic_net,0.0191636834892445,-0.012639853619190329
2026-05-02T08:00:00Z,fwd_6h,elastic_net,0.0298660981011267,-0.008488749884686812
2026-05-02T09:00:00Z,fwd_6h,elastic_net,0.016656203788159,-0.0033722728587711613
2026-05-02T10:00:00Z,fwd_6h,elastic_net,0.0314833631493818,-0.03904434087146099
2026-05-02T11:00:00Z,fwd_6h,elastic_net,0.0548789365013491,-0.01992455191957828
2026-05-02T12:00:00Z,fwd_6h,elastic_net,0.0369406641734588,-0.053734485031227595
2026-05-02T13:00:00Z,fwd_6h,elastic_net,0.0193282761614421,-0.038193537059145105
2026-05-02T14:00:00Z,fwd_6h,elastic_net,0.0125132548230539,0.04888949538969127
2026-05-02T15:00:00Z,fwd_6h,elastic_net,-2.3693249990741627e-05,-0.0081038044828124
2026-05-02T16:00:00Z,fwd_6h,elastic_net,-0.0455028992730566,-0.0018816373155946592
2026-05-02T17:00:00Z,fwd_6h,elastic_net,-0.0392906690334862,-0.043197045936642954
2026-05-02T18:00:00Z,fwd_6h,elastic_net,-0.0081817813850811,-0.016766853978416936
2026-05-02T19:00:00Z,fwd_6h,elastic_net,-0.015398978075055,-0.0026346012777204533
2026-05-02T20:00:00Z,fwd_6h,elastic_net,0.0003198622059501,-0.01269478088144448
2026-05-02T21:00:00Z,fwd_6h,elastic_net,0.016902128678534,-0.019254529536031822
2026-05-02T22:00:00Z,fwd_6h,elastic_net,-0.0030287708350092,-0.04778577535299316
2026-05-02T23:00:00Z,fwd_6h,elastic_net,-0.0277955154684201,-0.008055840312044633
2026-05-03T00:00:00Z,fwd_6h,elastic_net,-0.0407688383602781,-0.03542419299139299
2026-05-03T01:00:00Z,fwd_6h,elastic_net,-0.0326511253716489,0.022002411712136405
2026-05-03T02:00:00Z,fwd_6h,elastic_net,-0.0514579201701941,-0.038229038322667885
2026-05-03T03:00:00Z,fwd_6h,elastic_net,-0.0368534541402075,0.024354725111065158
2026-05-03T04:00:00Z,fwd_6h,elastic_net,-0.0211755250950504,-0.03951012905040336
2026-05-03T05:00:00Z,fwd_6h,elastic_net,0.0046172011764706,-0.022749301186841812
2026-05-03T06:00:00Z,fwd_6h,elastic_net,-0.0119510595744971,-0.030378612575755193
2026-05-03T07:00:00Z,fwd_6h,elastic_net,-0.0046837991387309,-0.008055255138320339
2026-05-03T08:00:00Z,fwd_6h,elastic_net,-0.0159481906412061,-0.012772835413418844
2026-05-03T09:00:00Z,fwd_6h,elastic_net,-0.1151601817117941,-0.02525355649583389
2026-05-03T10:00:00Z,fwd_6h,elastic_net,-0.1238987097392663,-0.03779732452026552
2026-05-03T11:00:00Z,fwd_6h,elastic_net,-0.1254737991875355,-0.052830164747036175
2026-05-03T12:00:00Z,fwd_6h,elastic_net,-0.1121909208782037,-0.04572008707849327
2026-05-03T13:00:00Z,fwd_6h,elastic_net,-0.1152212022554067,-0.029650299996541264
2026-05-03T14:00:00Z,fwd_6h,elastic_net,-0.1018178866853295,0.016854588810562215
2026-05-03T15:00:00Z,fwd_6h,elastic_net,-0.0227804365011282,-0.07298559652905405
2026-05-03T16:00:00Z,fwd_6h,elastic_net,0.0077307316110635,0.11026922941110827
2026-05-03T17:00:00Z,fwd_6h,elastic_net,0.0077307316110635,-0.000735900713381529
2026-05-03T18:00:00Z,fwd_6h,elastic_net,0.0294578685723785,-0.024188970149330146
2026-05-03T19:00:00Z,fwd_6h,elastic_net,0.0169290094424159,-0.005976807477158751
2026-05-03T20:00:00Z,fwd_6h,elastic_net,0.0091277139247774,-0.019941738782651
2026-05-03T21:00:00Z,fwd_6h,elastic_net,0.0091277139247774,-0.011192381279261934
2026-05-03T22:00:00Z,fwd_6h,elastic_net,0.0931484352591538,0.04404144006388278
2026-05-03T23:00:00Z,fwd_6h,elastic_net,0.0915278031731725,-0.01227223792088702
2026-05-04T00:00:00Z,fwd_6h,elastic_net,0.0817861555070629,0.020656525116401734
2026-05-04T01:00:00Z,fwd_6h,elastic_net,0.0892430584622909,-0.01267077159377516
2026-05-04T02:00:00Z,fwd_6h,elastic_net,0.0904409234279999,-0.009110814049117079
2026-05-04T03:00:00Z,fwd_6h,elastic_net,0.0757731579083229,0.010559587465969137
2026-05-04T04:00:00Z,fwd_6h,elastic_net,-0.0411065197546121,-0.007865800931679792
2026-05-04T05:00:00Z,fwd_6h,elastic_net,-0.1130191963585222,0.005325774217676072
2026-05-04T06:00:00Z,fwd_6h,elastic_net,-0.0881720353284266,-0.0059525432952434836
2026-05-04T07:00:00Z,fwd_6h,elastic_net,-0.0832572868993678,-0.03112500214769288
2026-05-04T08:00:00Z,fwd_6h,elastic_net,-0.0842643418942775,0.01052193209271497
2026-05-04T09:00:00Z,fwd_6h,elastic_net,-0.0717786279569473,-0.05097551303860186
2026-05-04T10:00:00Z,fwd_6h,elastic_net,-0.0062459670175606,-0.015099213694111756
2026-05-04T11:00:00Z,fwd_6h,elastic_net,0.0927036940079977,-0.021298444208310324
2026-05-04T12:00:00Z,fwd_6h,elastic_net,0.0732340383400855,0.01473626179618598
2026-05-04T13:00:00Z,fwd_6h,elastic_net,0.0522824357939983,0.01870702824196584
2026-05-04T14:00:00Z,fwd_6h,elastic_net,0.0359994433088926,-0.03143723781395744
2026-05-04T15:00:00Z,fwd_6h,elastic_net,0.0455732765202678,-0.029552867332206915
2026-05-04T16:00:00Z,fwd_6h,elastic_net,0.0990993440381147,0.007845637026178838
2026-05-04T17:00:00Z,fwd_6h,elastic_net,0.0660074515142603,0.008997067970736667
2026-05-04T18:00:00Z,fwd_6h,elastic_net,0.0033426027728624,0.00029112822807548155
2026-05-04T19:00:00Z,fwd_6h,elastic_net,0.0390759370589048,-0.017669429446386723
2026-05-04T20:00:00Z,fwd_6h,elastic_net,0.048708095808142,0.0072408285937737085
2026-05-04T21:00:00Z,fwd_6h,elastic_net,0.0615541813585998,-0.004158747142151361
2026-05-04T22:00:00Z,fwd_6h,elastic_net,0.0026594395328298,0.08814371123103207
2026-05-04T23:00:00Z,fwd_6h,elastic_net,0.0086913362953964,-0.005850000168764434
2026-05-05T00:00:00Z,fwd_6h,elastic_net,0.0683058863950356,-0.014317535157518562
2026-05-05T01:00:00Z,fwd_6h,elastic_net,0.0407939996243256,-0.03763698428619574
2026-05-05T02:00:00Z,fwd_6h,elastic_net,0.0439697316050509,-0.029670406354992785
2026-05-05T03:00:00Z,fwd_6h,elastic_net,-0.0019096765116607,-0.025925748350359507
2026-05-05T04:00:00Z,fwd_6h,elastic_net,0.0272385780730075,-0.05143301471038545
2026-05-05T05:00:00Z,fwd_6h,elastic_net,0.0331429666366878,-0.03299675527521746
2026-05-05T06:00:00Z,fwd_6h,elastic_net,0.1119303954053929,-0.048650191213189906
2026-05-05T07:00:00Z,fwd_6h,elastic_net,0.2023888103466946,-0.020585034131016547
2026-05-05T08:00:00Z,fwd_6h,elastic_net,0.1151694236420812,-0.04852057590420818
2026-05-05T09:00:00Z,fwd_6h,elastic_net,0.1651573920535602,-0.0234928407463298
2026-05-05T10:00:00Z,fwd_6h,elastic_net,0.0841356084569775,0.04094241178005675
2026-05-05T11:00:00Z,fwd_6h,elastic_net,0.1079645349498676,-0.004296131612086765
2026-05-05T12:00:00Z,fwd_6h,elastic_net,0.0296548448886304,-0.042025251154385976
2026-05-05T13:00:00Z,fwd_6h,elastic_net,-0.064240253209671,0.016905854740387447
2026-05-05T14:00:00Z,fwd_6h,elastic_net,0.0382256937050167,-0.04889255433404022
2026-05-05T15:00:00Z,fwd_6h,elastic_net,0.0139638734062377,0.0453599485858143
2026-05-05T16:00:00Z,fwd_6h,elastic_net,-0.0280309855674741,0.009143464597997369
2026-05-05T17:00:00Z,fwd_6h,elastic_net,-0.0531285107075171,0.0012470989589338489
2026-05-05T18:00:00Z,fwd_6h,elastic_net,-0.0712479795914154,0.03401278607370956
2026-05-05T19:00:00Z,fwd_6h,elastic_net,-0.031056726082602,-0.044783589403847184
2026-05-05T20:00:00Z,fwd_6h,elastic_net,-0.0643614378213326,-0.036422249652238455
2026-05-05T21:00:00Z,fwd_6h,elastic_net,-0.0567188183125401,-0.01384497030445351
2026-05-05T22:00:00Z,fwd_6h,elastic_net,-0.006649110714517,-0.03723505186068849
2026-05-05T23:00:00Z,fwd_6h,elastic_net,0.0008352227680212,-0.028828265852650022
2026-05-06T00:00:00Z,fwd_6h,elastic_net,0.0459849683182767,-0.005471573673141324
2026-05-06T01:00:00Z,fwd_6h,elastic_net,0.1879195031976954,0.01781379738830545
2026-05-06T02:00:00Z,fwd_6h,elastic_net,0.085415015011341,0.004413002135007952
2026-05-06T03:00:00Z,fwd_6h,elastic_net,0.0719637708420559,-0.03351929958233759
2026-05-06T04:00:00Z,fwd_6h,elastic_net,0.1011154967676652,-0.02914899913708668
2026-05-06T05:00:00Z,fwd_6h,elastic_net,0.1610823449427811,-0.022497170597730144
2026-05-06T06:00:00Z,fwd_6h,elastic_net,0.2360917497050558,-0.021051207527761472
2026-05-06T07:00:00Z,fwd_6h,elastic_net,0.0319142884950001,0.07190327208965354
2026-05-06T08:00:00Z,fwd_6h,elastic_net,0.1046462254794187,-0.014910899984033702
2026-05-06T09:00:00Z,fwd_6h,elastic_net,0.1002871040692379,-0.004630048898350458
2026-05-06T10:00:00Z,fwd_6h,elastic_net,0.0650510391809433,-0.02180877651035983
2026-05-06T11:00:00Z,fwd_6h,elastic_net,0.033286528313364,-0.005747085472949278
2026-05-06T12:00:00Z,fwd_6h,elastic_net,-0.0822440410446244,0.18496988173330156
2026-05-06T13:00:00Z,fwd_6h,elastic_net,-0.0397960031844613,0.004937839807930491
2026-05-06T14:00:00Z,fwd_6h,elastic_net,-0.0133824657796017,-0.009929900465174371
2026-05-06T15:00:00Z,fwd_6h,elastic_net,0.180110594444766,0.015269989549579125
2026-05-06T16:00:00Z,fwd_6h,elastic_net,0.1053778762947148,-0.0031364861767730523
2026-05-06T17:00:00Z,fwd_6h,elastic_net,0.0900778065176826,0.03398736612941887
2026-05-06T18:00:00Z,fwd_6h,elastic_net,0.1043550055605224,-0.017644796653551485
2026-05-06T19:00:00Z,fwd_6h,elastic_net,0.1438767732744579,-0.04259306560322607
2026-04-17T06:00:00Z,fwd_6h,random_forest,-0.0716128838523734,
2026-04-17T07:00:00Z,fwd_6h,random_forest,-0.0716128838523734,
2026-04-17T08:00:00Z,fwd_6h,random_forest,0.0264294896106698,
2026-04-17T09:00:00Z,fwd_6h,random_forest,0.0264294896106698,
2026-04-17T10:00:00Z,fwd_6h,random_forest,0.1410374081587724,
2026-04-17T11:00:00Z,fwd_6h,random_forest,0.1410374081587724,
2026-04-17T12:00:00Z,fwd_6h,random_forest,0.111656884090084,
2026-04-17T13:00:00Z,fwd_6h,random_forest,0.111656884090084,
2026-04-17T14:00:00Z,fwd_6h,random_forest,0.074598142124217,
2026-04-17T15:00:00Z,fwd_6h,random_forest,0.074598142124217,
2026-04-17T16:00:00Z,fwd_6h,random_forest,-0.0333364930278827,
2026-04-17T17:00:00Z,fwd_6h,random_forest,-0.0333364930278827,
2026-04-17T18:00:00Z,fwd_6h,random_forest,-0.0739422823432793,
2026-04-17T19:00:00Z,fwd_6h,random_forest,-0.0739422823432793,
2026-04-17T20:00:00Z,fwd_6h,random_forest,-0.042006126250267,
2026-04-17T21:00:00Z,fwd_6h,random_forest,-0.042006126250267,
2026-04-17T22:00:00Z,fwd_6h,random_forest,-0.0903385107504372,
2026-04-17T23:00:00Z,fwd_6h,random_forest,-0.0903385107504372,
2026-04-18T00:00:00Z,fwd_6h,random_forest,-0.0504516634443494,
2026-04-18T01:00:00Z,fwd_6h,random_forest,-0.0504516634443494,
2026-04-18T02:00:00Z,fwd_6h,random_forest,-0.0809584446549221,
2026-04-18T03:00:00Z,fwd_6h,random_forest,-0.0809584446549221,
2026-04-18T04:00:00Z,fwd_6h,random_forest,-0.0321276759024523,
2026-04-18T05:00:00Z,fwd_6h,random_forest,-0.0321276759024523,
2026-04-18T06:00:00Z,fwd_6h,random_forest,-0.0154019938169761,
2026-04-18T07:00:00Z,fwd_6h,random_forest,-0.0154019938169761,
2026-04-18T08:00:00Z,fwd_6h,random_forest,0.0172808764844798,
2026-04-18T09:00:00Z,fwd_6h,random_forest,0.0172808764844798,
2026-04-18T10:00:00Z,fwd_6h,random_forest,0.0408354197382849,
2026-04-18T11:00:00Z,fwd_6h,random_forest,0.0408354197382849,
2026-04-18T12:00:00Z,fwd_6h,random_forest,0.0231544146737576,
2026-04-18T13:00:00Z,fwd_6h,random_forest,0.0231544146737576,
2026-04-18T14:00:00Z,fwd_6h,random_forest,-0.0792474639950555,
2026-04-18T15:00:00Z,fwd_6h,random_forest,-0.0792474639950555,
2026-04-18T16:00:00Z,fwd_6h,random_forest,-0.1000844810912191,
2026-04-18T17:00:00Z,fwd_6h,random_forest,-0.1000844810912191,
2026-04-18T18:00:00Z,fwd_6h,random_forest,-0.1664955547869308,
2026-04-18T19:00:00Z,fwd_6h,random_forest,-0.1664955547869308,
2026-04-18T20:00:00Z,fwd_6h,random_forest,-0.0737970090528501,
2026-04-18T21:00:00Z,fwd_6h,random_forest,-0.0737970090528501,
2026-04-18T22:00:00Z,fwd_6h,random_forest,-0.0939547730569839,
2026-04-18T23:00:00Z,fwd_6h,random_forest,-0.0939547730569839,
2026-04-19T00:00:00Z,fwd_6h,random_forest,-0.0217638727159802,
2026-04-19T01:00:00Z,fwd_6h,random_forest,-0.0217638727159802,
2026-04-19T02:00:00Z,fwd_6h,random_forest,0.0246358149986232,
2026-04-19T03:00:00Z,fwd_6h,random_forest,0.0246358149986232,
2026-04-19T04:00:00Z,fwd_6h,random_forest,0.0474319915411709,
2026-04-19T05:00:00Z,fwd_6h,random_forest,0.0474319915411709,
2026-04-19T06:00:00Z,fwd_6h,random_forest,0.0417999132988664,
2026-04-19T07:00:00Z,fwd_6h,random_forest,0.0417999132988664,
2026-04-19T08:00:00Z,fwd_6h,random_forest,-0.0053770347743699,
2026-04-19T09:00:00Z,fwd_6h,random_forest,-0.0053770347743699,
2026-04-19T10:00:00Z,fwd_6h,random_forest,-0.0006785786588269,
2026-04-19T11:00:00Z,fwd_6h,random_forest,-0.0006785786588269,
2026-04-19T12:00:00Z,fwd_6h,random_forest,0.0047238564559759,
2026-04-19T13:00:00Z,fwd_6h,random_forest,0.0047238564559759,
2026-04-19T14:00:00Z,fwd_6h,random_forest,-0.0911065843676309,
2026-04-19T15:00:00Z,fwd_6h,random_forest,-0.0911065843676309,
2026-04-19T16:00:00Z,fwd_6h,random_forest,-0.0953798799618788,
2026-04-19T17:00:00Z,fwd_6h,random_forest,-0.0953798799618788,
2026-04-19T18:00:00Z,fwd_6h,random_forest,-0.0555294259667564,
2026-04-19T19:00:00Z,fwd_6h,random_forest,-0.0555294259667564,
2026-04-19T20:00:00Z,fwd_6h,random_forest,0.0440521420123209,
2026-04-19T21:00:00Z,fwd_6h,random_forest,0.0440521420123209,
2026-04-19T22:00:00Z,fwd_6h,random_forest,-0.0221466535669736,
2026-04-19T23:00:00Z,fwd_6h,random_forest,-0.0221466535669736,
2026-04-20T00:00:00Z,fwd_6h,random_forest,-0.0634056412658684,
2026-04-20T01:00:00Z,fwd_6h,random_forest,-0.0634056412658684,
2026-04-20T02:00:00Z,fwd_6h,random_forest,-0.0229768002075646,
2026-04-20T03:00:00Z,fwd_6h,random_forest,-0.0229768002075646,
2026-04-20T04:00:00Z,fwd_6h,random_forest,0.0431657960367666,
2026-04-20T05:00:00Z,fwd_6h,random_forest,0.0431657960367666,
2026-04-20T06:00:00Z,fwd_6h,random_forest,0.1136855564149494,
2026-04-20T07:00:00Z,fwd_6h,random_forest,0.1136855564149494,
2026-04-20T08:00:00Z,fwd_6h,random_forest,0.067601680045592,
2026-04-20T09:00:00Z,fwd_6h,random_forest,0.067601680045592,
2026-04-20T10:00:00Z,fwd_6h,random_forest,0.0377722142137937,
2026-04-20T11:00:00Z,fwd_6h,random_forest,0.0377722142137937,
2026-04-20T12:00:00Z,fwd_6h,random_forest,-0.027940632156484,
2026-04-20T13:00:00Z,fwd_6h,random_forest,-0.027940632156484,
2026-04-20T14:00:00Z,fwd_6h,random_forest,0.0132486920343741,0.005627867229227307
2026-04-20T15:00:00Z,fwd_6h,random_forest,0.0132486920343741,0.02329969213377083
2026-04-20T16:00:00Z,fwd_6h,random_forest,0.0423732598578165,0.0028737020769396995
2026-04-20T17:00:00Z,fwd_6h,random_forest,0.0423732598578165,0.022691090803634743
2026-04-20T18:00:00Z,fwd_6h,random_forest,-0.0282685882433222,-0.018492181378294576
2026-04-20T19:00:00Z,fwd_6h,random_forest,-0.0282685882433222,-0.0068095284514295695
2026-04-20T20:00:00Z,fwd_6h,random_forest,-0.067770203651209,-0.034931595369144794
2026-04-20T21:00:00Z,fwd_6h,random_forest,-0.067770203651209,0.02528425149774582
2026-04-20T22:00:00Z,fwd_6h,random_forest,-0.0977456623052489,-0.027788273634489213
2026-04-20T23:00:00Z,fwd_6h,random_forest,-0.0977456623052489,-0.03779569447252671
2026-04-21T00:00:00Z,fwd_6h,random_forest,-0.032154581168123,-0.023969473284666268
2026-04-21T01:00:00Z,fwd_6h,random_forest,-0.032154581168123,-0.028494802291503057
2026-04-21T02:00:00Z,fwd_6h,random_forest,0.0494331502250009,-0.037380258297767956
2026-04-21T03:00:00Z,fwd_6h,random_forest,0.0494331502250009,-0.04425405041968503
2026-04-21T04:00:00Z,fwd_6h,random_forest,0.0842983081860269,-0.0354525595402274
2026-04-21T05:00:00Z,fwd_6h,random_forest,0.0842983081860269,0.01759080637420376
2026-04-21T06:00:00Z,fwd_6h,random_forest,0.1299143146737948,-0.019759363234219604
2026-04-21T07:00:00Z,fwd_6h,random_forest,0.1299143146737948,-0.03103807820584919
2026-04-21T08:00:00Z,fwd_6h,random_forest,0.0420696095745838,-0.006795547101277609
2026-04-21T09:00:00Z,fwd_6h,random_forest,0.0420696095745838,-0.03122379148715862
2026-04-21T10:00:00Z,fwd_6h,random_forest,-0.0171221507886399,-0.016687507947778655
2026-04-21T11:00:00Z,fwd_6h,random_forest,-0.0171221507886399,0.026585596774956616
2026-04-21T12:00:00Z,fwd_6h,random_forest,-0.0568021174587255,-0.04260208930661986
2026-04-21T13:00:00Z,fwd_6h,random_forest,-0.0568021174587255,-0.03603297302170044
2026-04-21T14:00:00Z,fwd_6h,random_forest,-0.0251125346511612,-0.041948219771643244
2026-04-21T15:00:00Z,fwd_6h,random_forest,-0.0251125346511612,-0.03212314413940989
2026-04-21T16:00:00Z,fwd_6h,random_forest,0.0335980215754752,-0.04139637213448802
2026-04-21T17:00:00Z,fwd_6h,random_forest,0.0335980215754752,-0.009590402625550658
2026-04-21T18:00:00Z,fwd_6h,random_forest,0.0358247708557331,-0.02681691154323635
2026-04-21T19:00:00Z,fwd_6h,random_forest,0.0358247708557331,-0.03810629046360259
2026-04-21T20:00:00Z,fwd_6h,random_forest,0.0021543668174439,-0.017025582475719874
2026-04-21T21:00:00Z,fwd_6h,random_forest,0.0021543668174439,-0.02740365609898214
2026-04-21T22:00:00Z,fwd_6h,random_forest,0.0319414168973191,-0.003915975113306306
2026-04-21T23:00:00Z,fwd_6h,random_forest,0.0319414168973191,-0.029537007677697322
2026-04-22T00:00:00Z,fwd_6h,random_forest,0.0297230158009194,-0.029134207381002156
2026-04-22T01:00:00Z,fwd_6h,random_forest,0.0297230158009194,-0.021948720166772635
2026-04-22T02:00:00Z,fwd_6h,random_forest,0.0923792060222381,0.030950214161195165
2026-04-22T03:00:00Z,fwd_6h,random_forest,0.0923792060222381,-0.030239525614444263
2026-04-22T04:00:00Z,fwd_6h,random_forest,0.0608476155819288,-0.01270875254542281
2026-04-22T05:00:00Z,fwd_6h,random_forest,0.0881586355632118,0.010905885298827297
2026-04-22T06:00:00Z,fwd_6h,random_forest,0.0804838162826517,-0.033692080505148235
2026-04-22T07:00:00Z,fwd_6h,random_forest,0.0804838162826517,0.01072446576991053
2026-04-22T08:00:00Z,fwd_6h,random_forest,0.0185099164218336,0.02881950902974419
2026-04-22T09:00:00Z,fwd_6h,random_forest,0.0185099164218336,-0.01749737790682932
2026-04-22T10:00:00Z,fwd_6h,random_forest,0.1535459112917467,-0.03463664358275718
2026-04-22T11:00:00Z,fwd_6h,random_forest,0.1245937765542322,-0.033887873720187874
2026-04-22T12:00:00Z,fwd_6h,random_forest,0.1325819147095921,-0.012240021681774125
2026-04-22T13:00:00Z,fwd_6h,random_forest,0.1325819147095921,-0.0266698038927804
2026-04-22T14:00:00Z,fwd_6h,random_forest,0.035518085605233,0.028522718669200482
2026-04-22T15:00:00Z,fwd_6h,random_forest,0.035518085605233,0.02670012613495239
2026-04-22T16:00:00Z,fwd_6h,random_forest,-0.0857013765130157,0.02981377636187898
2026-04-22T17:00:00Z,fwd_6h,random_forest,-0.0857013765130157,-0.03110201325487708
2026-04-22T18:00:00Z,fwd_6h,random_forest,-0.0497721057783605,-0.051004840423937776
2026-04-22T19:00:00Z,fwd_6h,random_forest,-0.0497721057783605,-0.03175048661175741
2026-04-22T20:00:00Z,fwd_6h,random_forest,0.0392970850132388,-0.03496161190156556
2026-04-22T21:00:00Z,fwd_6h,random_forest,0.0392970850132388,-0.015410569940101301
2026-04-22T22:00:00Z,fwd_6h,random_forest,0.0064650305738254,-0.038789191839308665
2026-04-22T23:00:00Z,fwd_6h,random_forest,0.0064650305738254,-0.02087777557397675
2026-04-23T00:00:00Z,fwd_6h,random_forest,-0.0315906345864475,0.01681018039351843
2026-04-23T01:00:00Z,fwd_6h,random_forest,-0.0315906345864475,-0.017123817154283887
2026-04-23T02:00:00Z,fwd_6h,random_forest,-0.0923520130930563,-0.02840701737533008
2026-04-23T03:00:00Z,fwd_6h,random_forest,-0.0923520130930563,-0.01688986545671731
2026-04-23T04:00:00Z,fwd_6h,random_forest,-0.0627434850143782,-0.025372378664168613
2026-04-23T05:00:00Z,fwd_6h,random_forest,-0.0627434850143782,-0.031872821578340135
2026-04-23T06:00:00Z,fwd_6h,random_forest,0.0479674350331693,-0.02905931472352005
2026-04-23T07:00:00Z,fwd_6h,random_forest,0.0479674350331693,-0.04881628600687851
2026-04-23T08:00:00Z,fwd_6h,random_forest,0.1181223264681665,-0.03792529255975606
2026-04-23T09:00:00Z,fwd_6h,random_forest,0.1181223264681665,-0.043780464347382614
2026-04-23T10:00:00Z,fwd_6h,random_forest,0.0853318512229093,-0.043560206776809
2026-04-23T11:00:00Z,fwd_6h,random_forest,0.0853318512229093,-0.045522087303451426
2026-04-23T12:00:00Z,fwd_6h,random_forest,-0.0293263755396362,0.02967459804509375
2026-04-23T13:00:00Z,fwd_6h,random_forest,-0.0293263755396362,-0.03359244289672506
2026-04-23T14:00:00Z,fwd_6h,random_forest,-0.0530172100638036,0.0266746834983307
2026-04-23T15:00:00Z,fwd_6h,random_forest,-0.0530172100638036,-0.02645291251497856
2026-04-23T16:00:00Z,fwd_6h,random_forest,-0.0244065913888801,-0.011413577584801564
2026-04-23T17:00:00Z,fwd_6h,random_forest,-0.0244065913888801,-0.031257735333477255
2026-04-23T18:00:00Z,fwd_6h,random_forest,0.0505713450874221,-0.005462706158277617
2026-04-23T19:00:00Z,fwd_6h,random_forest,0.0505713450874221,-0.03521247020140137
2026-04-23T20:00:00Z,fwd_6h,random_forest,0.0768536726616908,-0.02620109394952339
2026-04-23T21:00:00Z,fwd_6h,random_forest,0.0768536726616908,-0.0012364619146255497
2026-04-23T22:00:00Z,fwd_6h,random_forest,0.0225902030873015,-0.04173355268024445
2026-04-23T23:00:00Z,fwd_6h,random_forest,0.0225902030873015,0.008425851881000855
2026-04-24T00:00:00Z,fwd_6h,random_forest,-0.0503907549855541,-0.03562379299072769
2026-04-24T01:00:00Z,fwd_6h,random_forest,-0.0503907549855541,-0.03775980609828799
2026-04-24T02:00:00Z,fwd_6h,random_forest,-0.0130942512538422,-0.03881334362322253
2026-04-24T03:00:00Z,fwd_6h,random_forest,-0.0130942512538422,-0.03796812803376886
2026-04-24T04:00:00Z,fwd_6h,random_forest,0.0392756325062362,-0.030847794652521816
2026-04-24T05:00:00Z,fwd_6h,random_forest,0.0392756325062362,-0.0437201917370917
2026-04-24T06:00:00Z,fwd_6h,random_forest,0.2418066795474562,-0.04068506378594872
2026-04-24T07:00:00Z,fwd_6h,random_forest,0.2208872449356422,-0.016526673040580094
2026-04-24T08:00:00Z,fwd_6h,random_forest,0.2140757508293336,-0.035732213532892174
2026-04-24T09:00:00Z,fwd_6h,random_forest,0.2911588867237276,-0.037849801004235004
2026-04-24T10:00:00Z,fwd_6h,random_forest,0.2442765828953423,-0.016891396239322225
2026-04-24T11:00:00Z,fwd_6h,random_forest,0.3692102211549219,-0.014765852751550252
2026-04-24T12:00:00Z,fwd_6h,random_forest,0.1474819125746422,-0.017387033097053632
2026-04-24T13:00:00Z,fwd_6h,random_forest,0.1482779976679105,-0.03398645851493467
2026-04-24T14:00:00Z,fwd_6h,random_forest,0.2803333910879015,-0.014936694486727324
2026-04-24T15:00:00Z,fwd_6h,random_forest,0.1279678202632863,-0.013649862297516639
2026-04-24T16:00:00Z,fwd_6h,random_forest,0.1737946326157529,-0.017555212613391897
2026-04-24T17:00:00Z,fwd_6h,random_forest,-0.0160405270700146,-0.014852287939765785
2026-04-24T18:00:00Z,fwd_6h,random_forest,-0.036098364819574,-0.03230616632295476
2026-04-24T19:00:00Z,fwd_6h,random_forest,-0.0326599243657429,-0.019032151565115858
2026-04-24T20:00:00Z,fwd_6h,random_forest,-0.1763545162164508,-0.018213179948653863
2026-04-24T21:00:00Z,fwd_6h,random_forest,-0.1098560155171383,-0.018706024379321826
2026-04-24T22:00:00Z,fwd_6h,random_forest,-0.1218243617933239,-0.04493905199142096
2026-04-24T23:00:00Z,fwd_6h,random_forest,-0.07908599449663,-0.027739760772244035
2026-04-25T00:00:00Z,fwd_6h,random_forest,-0.036761936206702,-0.018381098208966055
2026-04-25T01:00:00Z,fwd_6h,random_forest,-0.04109968683417,-0.03148436173625643
2026-04-25T02:00:00Z,fwd_6h,random_forest,-0.0082191716268446,-0.03117183681438413
2026-04-25T03:00:00Z,fwd_6h,random_forest,-0.0204004674529858,-0.03065054165723884
2026-04-25T04:00:00Z,fwd_6h,random_forest,0.0120283332376476,-0.04140753530552201
2026-04-25T05:00:00Z,fwd_6h,random_forest,0.0552465504383399,-0.0427322886864595
2026-04-25T06:00:00Z,fwd_6h,random_forest,0.0533008689316494,-0.03326466553908065
2026-04-25T07:00:00Z,fwd_6h,random_forest,0.0752423642813515,-0.02907920005190113
2026-04-25T08:00:00Z,fwd_6h,random_forest,0.0581400283652306,-0.032205186534194526
2026-04-25T09:00:00Z,fwd_6h,random_forest,0.1313899102354414,-0.030247797449253905
2026-04-25T10:00:00Z,fwd_6h,random_forest,0.1109947728921079,-0.014371899977656422
2026-04-25T11:00:00Z,fwd_6h,random_forest,0.0789541402490798,-0.027086429723694058
2026-04-25T12:00:00Z,fwd_6h,random_forest,0.1256293048344894,-0.013119629053786943
2026-04-25T13:00:00Z,fwd_6h,random_forest,0.1244014109577089,-0.03670111062101183
2026-04-25T14:00:00Z,fwd_6h,random_forest,0.1106460283342785,-0.01776018955327341
2026-04-25T15:00:00Z,fwd_6h,random_forest,0.0741822781128307,-0.019034782542042907
2026-04-25T16:00:00Z,fwd_6h,random_forest,0.0892718696707308,-0.009197389739345106
2026-04-25T17:00:00Z,fwd_6h,random_forest,0.0819388407012482,-0.020393811483265512
2026-04-25T18:00:00Z,fwd_6h,random_forest,-0.0049292837148394,-0.027550121718402536
2026-04-25T19:00:00Z,fwd_6h,random_forest,0.0054193173683287,-0.03746590266213491
2026-04-25T20:00:00Z,fwd_6h,random_forest,-0.0021689336599187,-0.04161592397166088
2026-04-25T21:00:00Z,fwd_6h,random_forest,-0.0281917716124789,-0.02940655980650429
2026-04-25T22:00:00Z,fwd_6h,random_forest,-0.0632080588400769,-0.035054583661135695
2026-04-25T23:00:00Z,fwd_6h,random_forest,-0.0235182560774014,-0.04480865467474276
2026-04-26T00:00:00Z,fwd_6h,random_forest,-0.0075847329594496,-0.04579986958707373
2026-04-26T01:00:00Z,fwd_6h,random_forest,-0.0341465812584089,-0.0371125276457313
2026-04-26T02:00:00Z,fwd_6h,random_forest,-0.0234800947632519,-0.03324063220316207
2026-04-26T03:00:00Z,fwd_6h,random_forest,-0.019422471115063,-0.0403353858125642
2026-04-26T04:00:00Z,fwd_6h,random_forest,0.0084483496579541,-0.04202392368696678
2026-04-26T05:00:00Z,fwd_6h,random_forest,-0.0177278822234699,-0.040073975159557226
2026-04-26T06:00:00Z,fwd_6h,random_forest,-0.0062094547182306,-0.03755973196860369
2026-04-26T07:00:00Z,fwd_6h,random_forest,0.0266413981868842,-0.03321495522882184
2026-04-26T08:00:00Z,fwd_6h,random_forest,0.0078178100689636,-0.03429984744378185
2026-04-26T09:00:00Z,fwd_6h,random_forest,-0.0053384139867705,-0.015025612461471662
2026-04-26T10:00:00Z,fwd_6h,random_forest,-0.1285931838297752,-0.03032616835123476
2026-04-26T11:00:00Z,fwd_6h,random_forest,-0.09254186074135,-0.037381708357990595
2026-04-26T12:00:00Z,fwd_6h,random_forest,-0.1134591088590117,-0.04085870732061327
2026-04-26T13:00:00Z,fwd_6h,random_forest,-0.1179540841566614,-0.039682958568283966
2026-04-26T14:00:00Z,fwd_6h,random_forest,-0.0131234440157421,-0.04277305707470754
2026-04-26T15:00:00Z,fwd_6h,random_forest,-0.0426225156450805,-0.039419195542923655
2026-04-26T16:00:00Z,fwd_6h,random_forest,0.1098246051240092,-0.015710905884750836
2026-04-26T17:00:00Z,fwd_6h,random_forest,0.1060406611751803,-0.012989208747584163
2026-04-26T18:00:00Z,fwd_6h,random_forest,0.160226665030617,-0.04298044989519024
2026-04-26T19:00:00Z,fwd_6h,random_forest,0.152340083475186,-0.034806468235530984
2026-04-26T20:00:00Z,fwd_6h,random_forest,0.055820108989772,-0.018566568095236612
2026-04-26T21:00:00Z,fwd_6h,random_forest,0.080682869271649,-0.04269070683076547
2026-04-26T22:00:00Z,fwd_6h,random_forest,0.0810523031819678,-0.04185125028271792
2026-04-26T23:00:00Z,fwd_6h,random_forest,0.0165898603207377,-0.030410686523221497
2026-04-27T00:00:00Z,fwd_6h,random_forest,-0.0262775158337049,-0.020073977349580566
2026-04-27T01:00:00Z,fwd_6h,random_forest,-0.0305967580825137,-0.009871034897189882
2026-04-27T02:00:00Z,fwd_6h,random_forest,-0.0209829027217794,0.052945334842492975
2026-04-27T03:00:00Z,fwd_6h,random_forest,-0.0370498008915181,0.027195513780956054
2026-04-27T04:00:00Z,fwd_6h,random_forest,-0.1012684403420233,0.03212491267469863
2026-04-27T05:00:00Z,fwd_6h,random_forest,-0.0916989834058762,0.028675642283469256
2026-04-27T06:00:00Z,fwd_6h,random_forest,-0.0744945479495117,0.028955205248763483
2026-04-27T07:00:00Z,fwd_6h,random_forest,-0.0606428985475158,0.013504110808739367
2026-04-27T08:00:00Z,fwd_6h,random_forest,-0.0627916121607168,0.005520980210841839
2026-04-27T09:00:00Z,fwd_6h,random_forest,-0.105610553568446,0.014577737245242394
2026-04-27T10:00:00Z,fwd_6h,random_forest,-0.0858760862662857,-0.0037067002150574244
2026-04-27T11:00:00Z,fwd_6h,random_forest,-0.160059666240382,-0.0016615478392795345
2026-04-27T12:00:00Z,fwd_6h,random_forest,-0.1462046373993686,0.012664772185843987
2026-04-27T13:00:00Z,fwd_6h,random_forest,-0.1726058119049092,0.017475713575429038
2026-04-27T14:00:00Z,fwd_6h,random_forest,-0.1635971719146286,0.009983169894758167
2026-04-27T15:00:00Z,fwd_6h,random_forest,-0.1203371635898694,-0.015090674920235619
2026-04-27T16:00:00Z,fwd_6h,random_forest,-0.09481741807511,0.00982584527908276
2026-04-27T17:00:00Z,fwd_6h,random_forest,0.0156906379580779,0.014010646143244465
2026-04-27T18:00:00Z,fwd_6h,random_forest,0.0479284321272652,0.032651769510040306
2026-04-27T19:00:00Z,fwd_6h,random_forest,0.0731445007302784,0.030093177094930798
2026-04-27T20:00:00Z,fwd_6h,random_forest,0.0321023484284404,-0.0010391378883296497
2026-04-27T21:00:00Z,fwd_6h,random_forest,0.0766044579849121,-0.0029587864622310383
2026-04-27T22:00:00Z,fwd_6h,random_forest,0.0688441604125278,-0.0002175898056683198
2026-04-27T23:00:00Z,fwd_6h,random_forest,0.057677504942992,0.0035830976679933546
2026-04-28T00:00:00Z,fwd_6h,random_forest,-0.0637770186902214,0.010111829071085088
2026-04-28T01:00:00Z,fwd_6h,random_forest,-0.1130529283593214,-0.0010040266160099588
2026-04-28T02:00:00Z,fwd_6h,random_forest,-0.0868326167293377,0.02721663932484497
2026-04-28T03:00:00Z,fwd_6h,random_forest,-0.1053895909008496,0.0005207276610243867
2026-04-28T04:00:00Z,fwd_6h,random_forest,-0.1044376195769647,0.03713949300657933
2026-04-28T05:00:00Z,fwd_6h,random_forest,-0.0991068661709136,-1.989374103925445e-05
2026-04-28T06:00:00Z,fwd_6h,random_forest,-0.0350239152253811,-0.020989843723599515
2026-04-28T07:00:00Z,fwd_6h,random_forest,0.0095729146969008,0.04726701753919225
2026-04-28T08:00:00Z,fwd_6h,random_forest,0.004918587451135,0.02814834227896547
2026-04-28T09:00:00Z,fwd_6h,random_forest,0.004918587451135,0.03128389279335873
2026-04-28T10:00:00Z,fwd_6h,random_forest,-0.0127298036706265,0.04054519273408138
2026-04-28T11:00:00Z,fwd_6h,random_forest,-0.0127298036706265,0.020658995252983224
2026-04-28T12:00:00Z,fwd_6h,random_forest,-0.0175620108356487,0.011626527084967687
2026-04-28T13:00:00Z,fwd_6h,random_forest,-0.0175620108356487,0.000317961800488411
2026-04-28T14:00:00Z,fwd_6h,random_forest,-0.0706180786452631,-0.029720868937753504
2026-04-28T15:00:00Z,fwd_6h,random_forest,-0.0706180786452631,0.039607454675045686
2026-04-28T16:00:00Z,fwd_6h,random_forest,-0.054004495341984,0.05992540776693842
2026-04-28T17:00:00Z,fwd_6h,random_forest,-0.054004495341984,0.006580594012986028
2026-04-28T18:00:00Z,fwd_6h,random_forest,-0.0432673524934342,0.03149164380358925
2026-04-28T19:00:00Z,fwd_6h,random_forest,-0.0432673524934342,-0.024424932322792817
2026-04-28T20:00:00Z,fwd_6h,random_forest,0.0113500992295214,-0.01670542249856013
2026-04-28T21:00:00Z,fwd_6h,random_forest,0.0113500992295214,0.005242830110034473
2026-04-28T22:00:00Z,fwd_6h,random_forest,0.175492942076358,0.0024446646890791766
2026-04-28T23:00:00Z,fwd_6h,random_forest,0.1696226339652671,0.002591037899706298
2026-04-29T00:00:00Z,fwd_6h,random_forest,0.1674189701380568,0.0034683584176156365
2026-04-29T01:00:00Z,fwd_6h,random_forest,0.1237199828340478,0.03960692246943775
2026-04-29T02:00:00Z,fwd_6h,random_forest,0.1201551342632656,0.03174227249127761
2026-04-29T03:00:00Z,fwd_6h,random_forest,0.1660241014800443,-0.0023853561173284247
2026-04-29T04:00:00Z,fwd_6h,random_forest,-0.0002631954706728,0.039466784885407065
2026-04-29T05:00:00Z,fwd_6h,random_forest,-0.0221734520136729,0.024994574134045884
2026-04-29T06:00:00Z,fwd_6h,random_forest,-0.0868493691893784,-0.015190715989155489
2026-04-29T07:00:00Z,fwd_6h,random_forest,-0.0513389587383664,0.023152824192410233
2026-04-29T08:00:00Z,fwd_6h,random_forest,-0.0483198832070808,0.0014267294096908926
2026-04-29T09:00:00Z,fwd_6h,random_forest,-0.0857570030939046,0.03331426389125167
2026-04-29T10:00:00Z,fwd_6h,random_forest,-0.0746372213484127,0.0017041833725219607
2026-04-29T11:00:00Z,fwd_6h,random_forest,-0.0491540850291414,0.0032847673083290347
2026-04-29T12:00:00Z,fwd_6h,random_forest,0.0086652107630751,-0.0049205663601443565
2026-04-29T13:00:00Z,fwd_6h,random_forest,0.0086652107630751,-0.0041950667584537285
2026-04-29T14:00:00Z,fwd_6h,random_forest,-0.1220099291289938,0.017978540831790145
2026-04-29T15:00:00Z,fwd_6h,random_forest,-0.1220099291289938,0.019705481085755084
2026-04-29T16:00:00Z,fwd_6h,random_forest,-0.1295525398295541,0.010336814813614351
2026-04-29T17:00:00Z,fwd_6h,random_forest,-0.1295525398295541,0.0029699227744298153
2026-04-29T18:00:00Z,fwd_6h,random_forest,0.048936108241345,0.019525649569331904
2026-04-29T19:00:00Z,fwd_6h,random_forest,0.0589561334790069,-0.007126089642840291
2026-04-29T20:00:00Z,fwd_6h,random_forest,0.1910765982834577,0.011537789760646375
2026-04-29T21:00:00Z,fwd_6h,random_forest,0.1158471788685204,0.060550251149682176
2026-04-29T22:00:00Z,fwd_6h,random_forest,0.0765175642883255,-0.004501554670629874
2026-04-29T23:00:00Z,fwd_6h,random_forest,0.0765175642883255,-0.011291606414613166
2026-04-30T00:00:00Z,fwd_6h,random_forest,-0.1066643885157919,0.010389177828208307
2026-04-30T01:00:00Z,fwd_6h,random_forest,-0.1151172838622366,0.04382405162915446
2026-04-30T02:00:00Z,fwd_6h,random_forest,-0.0581087579213071,0.0004028033158231411
2026-04-30T03:00:00Z,fwd_6h,random_forest,0.0053927077233386,-0.02524081850565389
2026-04-30T04:00:00Z,fwd_6h,random_forest,0.0421238387408229,-0.0051668836532975885
2026-04-30T05:00:00Z,fwd_6h,random_forest,0.0421238387408229,0.032501889033623915
2026-04-30T06:00:00Z,fwd_6h,random_forest,0.0427230469081809,0.03413523363839267
2026-04-30T07:00:00Z,fwd_6h,random_forest,0.0427230469081809,0.001361603229763381
2026-04-30T08:00:00Z,fwd_6h,random_forest,0.0005749874871705,0.011257456727469556
2026-04-30T09:00:00Z,fwd_6h,random_forest,0.0005749874871705,-0.007347465650983882
2026-04-30T10:00:00Z,fwd_6h,random_forest,0.0334374562394106,0.00332402639272928
2026-04-30T11:00:00Z,fwd_6h,random_forest,0.0334374562394106,0.022269552982143323
2026-04-30T12:00:00Z,fwd_6h,random_forest,0.0328435841023473,-2.009826654363973e-05
2026-04-30T13:00:00Z,fwd_6h,random_forest,0.0328435841023473,0.026995462204601098
2026-04-30T14:00:00Z,fwd_6h,random_forest,0.0830335374928419,-0.0045806555992748904
2026-04-30T15:00:00Z,fwd_6h,random_forest,0.0799128391860135,0.057871811804384346
2026-04-30T16:00:00Z,fwd_6h,random_forest,0.0672407897463212,-0.009611928355987145
2026-04-30T17:00:00Z,fwd_6h,random_forest,0.0802325723342594,-0.02690874799429949
2026-04-30T18:00:00Z,fwd_6h,random_forest,0.0763254303225065,-0.002704572162969539
2026-04-30T19:00:00Z,fwd_6h,random_forest,0.0780774746063215,-0.03404947216080896
2026-04-30T20:00:00Z,fwd_6h,random_forest,0.0526279732816949,-0.023798703215554693
2026-04-30T21:00:00Z,fwd_6h,random_forest,0.097074392055072,-0.01922340486229159
2026-04-30T22:00:00Z,fwd_6h,random_forest,0.0962346822390729,-0.01271499090467247
2026-04-30T23:00:00Z,fwd_6h,random_forest,0.1356413646859233,-0.0035184562894448653
2026-05-01T00:00:00Z,fwd_6h,random_forest,0.1149957351158086,0.014288183152468473
2026-05-01T01:00:00Z,fwd_6h,random_forest,0.0979304639545972,-0.028239212714618916
2026-05-01T02:00:00Z,fwd_6h,random_forest,0.1671109972776485,-0.04102317285448895
2026-05-01T03:00:00Z,fwd_6h,random_forest,0.0561367031192867,0.01830692831376711
2026-05-01T04:00:00Z,fwd_6h,random_forest,0.009806886284613,0.00451312125078081
2026-05-01T05:00:00Z,fwd_6h,random_forest,-0.0465964945254071,-0.017724765208713685
2026-05-01T06:00:00Z,fwd_6h,random_forest,0.0005384761567601,-0.0022747694287792203
2026-05-01T07:00:00Z,fwd_6h,random_forest,0.0252222342509669,-0.038139822302598075
2026-05-01T08:00:00Z,fwd_6h,random_forest,-0.0599238460542288,-0.009558864331414193
2026-05-01T09:00:00Z,fwd_6h,random_forest,-0.023317897945377,-0.03629624994501635
2026-05-01T10:00:00Z,fwd_6h,random_forest,-8.355717998065337e-05,-0.011874108840118138
2026-05-01T11:00:00Z,fwd_6h,random_forest,0.0412765622072277,-0.04031372760001385
2026-05-01T12:00:00Z,fwd_6h,random_forest,0.0415942028497153,-0.011814616113540675
2026-05-01T13:00:00Z,fwd_6h,random_forest,-0.0130565017735793,0.030359567991521164
2026-05-01T14:00:00Z,fwd_6h,random_forest,-0.0351945119855304,-0.030853689535584046
2026-05-01T15:00:00Z,fwd_6h,random_forest,0.0255316912637895,-0.030970106493838294
2026-05-01T16:00:00Z,fwd_6h,random_forest,0.0087467312999849,-0.0011649178790592305
2026-05-01T17:00:00Z,fwd_6h,random_forest,-0.0048005718207516,0.03385553162076248
2026-05-01T18:00:00Z,fwd_6h,random_forest,0.0035672145992442,0.03481796844964517
2026-05-01T19:00:00Z,fwd_6h,random_forest,-0.0380452004818412,-0.01078193186649441
2026-05-01T20:00:00Z,fwd_6h,random_forest,-0.0089159047742873,-0.01882025610937534
2026-05-01T21:00:00Z,fwd_6h,random_forest,-0.050243585246029,-0.00661815308413765
2026-05-01T22:00:00Z,fwd_6h,random_forest,-0.0845390737655926,0.012293231411484142
2026-05-01T23:00:00Z,fwd_6h,random_forest,-0.0919866825074269,-0.001191255620071033
2026-05-02T00:00:00Z,fwd_6h,random_forest,-0.1277916910216459,-0.007234623566607271
2026-05-02T01:00:00Z,fwd_6h,random_forest,-0.0194026777526548,0.0016282005161940333
2026-05-02T02:00:00Z,fwd_6h,random_forest,-0.0203856809947263,0.011173912250647271
2026-05-02T03:00:00Z,fwd_6h,random_forest,-0.0002184584401603,-0.018967144408042737
2026-05-02T04:00:00Z,fwd_6h,random_forest,0.0720354237870279,0.017205734673292422
2026-05-02T05:00:00Z,fwd_6h,random_forest,0.0333521744669851,0.006061844255839263
2026-05-02T06:00:00Z,fwd_6h,random_forest,0.0390932933547718,-0.004288545328744266
2026-05-02T07:00:00Z,fwd_6h,random_forest,0.0191636834892445,-0.005102606327904416
2026-05-02T08:00:00Z,fwd_6h,random_forest,0.0298660981011267,0.00047465578998367157
2026-05-02T09:00:00Z,fwd_6h,random_forest,0.016656203788159,-0.009803222006920345
2026-05-02T10:00:00Z,fwd_6h,random_forest,0.0314833631493818,-0.011925149209071315
2026-05-02T11:00:00Z,fwd_6h,random_forest,0.0548789365013491,-0.01862654297302235
2026-05-02T12:00:00Z,fwd_6h,random_forest,0.0369406641734588,-0.030690247120669346
2026-05-02T13:00:00Z,fwd_6h,random_forest,0.0193282761614421,-0.013523472833136745
2026-05-02T14:00:00Z,fwd_6h,random_forest,0.0125132548230539,0.000644299392334724
2026-05-02T15:00:00Z,fwd_6h,random_forest,-2.3693249990741627e-05,0.005567842894667101
2026-05-02T16:00:00Z,fwd_6h,random_forest,-0.0455028992730566,0.01048633521800889
2026-05-02T17:00:00Z,fwd_6h,random_forest,-0.0392906690334862,-0.021310971888273397
2026-05-02T18:00:00Z,fwd_6h,random_forest,-0.0081817813850811,-0.01109348734629304
2026-05-02T19:00:00Z,fwd_6h,random_forest,-0.015398978075055,-0.020647279325303233
2026-05-02T20:00:00Z,fwd_6h,random_forest,0.0003198622059501,-0.025432868278936652
2026-05-02T21:00:00Z,fwd_6h,random_forest,0.016902128678534,-0.029695865927546694
2026-05-02T22:00:00Z,fwd_6h,random_forest,-0.0030287708350092,-0.024629513299239757
2026-05-02T23:00:00Z,fwd_6h,random_forest,-0.0277955154684201,-0.029560985437835093
2026-05-03T00:00:00Z,fwd_6h,random_forest,-0.0407688383602781,-0.001815383690682809
2026-05-03T01:00:00Z,fwd_6h,random_forest,-0.0326511253716489,-0.01564485306024372
2026-05-03T02:00:00Z,fwd_6h,random_forest,-0.0514579201701941,-0.03772522533796357
2026-05-03T03:00:00Z,fwd_6h,random_forest,-0.0368534541402075,-0.0027053825979233676
2026-05-03T04:00:00Z,fwd_6h,random_forest,-0.0211755250950504,-0.026260277126958498
2026-05-03T05:00:00Z,fwd_6h,random_forest,0.0046172011764706,-0.02013035452262311
2026-05-03T06:00:00Z,fwd_6h,random_forest,-0.0119510595744971,-0.016105500831602386
2026-05-03T07:00:00Z,fwd_6h,random_forest,-0.0046837991387309,-0.012955557653566055
2026-05-03T08:00:00Z,fwd_6h,random_forest,-0.0159481906412061,-0.007079034402840583
2026-05-03T09:00:00Z,fwd_6h,random_forest,-0.1151601817117941,-0.011741603102789403
2026-05-03T10:00:00Z,fwd_6h,random_forest,-0.1238987097392663,-0.03116749350729871
2026-05-03T11:00:00Z,fwd_6h,random_forest,-0.1254737991875355,-0.04171663448252311
2026-05-03T12:00:00Z,fwd_6h,random_forest,-0.1121909208782037,-0.022202505708072064
2026-05-03T13:00:00Z,fwd_6h,random_forest,-0.1152212022554067,0.009677658614164685
2026-05-03T14:00:00Z,fwd_6h,random_forest,-0.1018178866853295,0.0020554604473140867
2026-05-03T15:00:00Z,fwd_6h,random_forest,-0.0227804365011282,0.004278504950737598
2026-05-03T16:00:00Z,fwd_6h,random_forest,0.0077307316110635,0.05579042269500638
2026-05-03T17:00:00Z,fwd_6h,random_forest,0.0077307316110635,0.0189270873240414
2026-05-03T18:00:00Z,fwd_6h,random_forest,0.0294578685723785,0.0067923705087514575
2026-05-03T19:00:00Z,fwd_6h,random_forest,0.0169290094424159,-0.007810825332295267
2026-05-03T20:00:00Z,fwd_6h,random_forest,0.0091277139247774,0.0013605708978445717
2026-05-03T21:00:00Z,fwd_6h,random_forest,0.0091277139247774,0.007251868064729851
2026-05-03T22:00:00Z,fwd_6h,random_forest,0.0931484352591538,0.04804873559997739
2026-05-03T23:00:00Z,fwd_6h,random_forest,0.0915278031731725,0.007398720768961459
2026-05-04T00:00:00Z,fwd_6h,random_forest,0.0817861555070629,0.019901675997317698
2026-05-04T01:00:00Z,fwd_6h,random_forest,0.0892430584622909,0.003004230467116436
2026-05-04T02:00:00Z,fwd_6h,random_forest,0.0904409234279999,0.014520705167639592
2026-05-04T03:00:00Z,fwd_6h,random_forest,0.0757731579083229,0.01397946858624577
2026-05-04T04:00:00Z,fwd_6h,random_forest,-0.0411065197546121,0.00834696140520364
2026-05-04T05:00:00Z,fwd_6h,random_forest,-0.1130191963585222,0.008927165787355033
2026-05-04T06:00:00Z,fwd_6h,random_forest,-0.0881720353284266,-0.0028720737176806356
2026-05-04T07:00:00Z,fwd_6h,random_forest,-0.0832572868993678,-0.008706996358136168
2026-05-04T08:00:00Z,fwd_6h,random_forest,-0.0842643418942775,0.0006452066327499801
2026-05-04T09:00:00Z,fwd_6h,random_forest,-0.0717786279569473,-0.004569099275029497
2026-05-04T10:00:00Z,fwd_6h,random_forest,-0.0062459670175606,-0.0007079505816266813
2026-05-04T11:00:00Z,fwd_6h,random_forest,0.0927036940079977,0.013035288096386075
2026-05-04T12:00:00Z,fwd_6h,random_forest,0.0732340383400855,0.04111742649773421
2026-05-04T13:00:00Z,fwd_6h,random_forest,0.0522824357939983,0.021744051689755396
2026-05-04T14:00:00Z,fwd_6h,random_forest,0.0359994433088926,-0.002461187707559093
2026-05-04T15:00:00Z,fwd_6h,random_forest,0.0455732765202678,-0.002568904721576256
2026-05-04T16:00:00Z,fwd_6h,random_forest,0.0990993440381147,0.02638789360911349
2026-05-04T17:00:00Z,fwd_6h,random_forest,0.0660074515142603,0.010124598589350386
2026-05-04T18:00:00Z,fwd_6h,random_forest,0.0033426027728624,0.010394040483046185
2026-05-04T19:00:00Z,fwd_6h,random_forest,0.0390759370589048,-0.013940164283986749
2026-05-04T20:00:00Z,fwd_6h,random_forest,0.048708095808142,0.024121316792011196
2026-05-04T21:00:00Z,fwd_6h,random_forest,0.0615541813585998,0.00462768536782712
2026-05-04T22:00:00Z,fwd_6h,random_forest,0.0026594395328298,0.012287360647764119
2026-05-04T23:00:00Z,fwd_6h,random_forest,0.0086913362953964,0.0058115265398139505
2026-05-05T00:00:00Z,fwd_6h,random_forest,0.0683058863950356,-0.016576651603427594
2026-05-05T01:00:00Z,fwd_6h,random_forest,0.0407939996243256,0.0022932775458294765
2026-05-05T02:00:00Z,fwd_6h,random_forest,0.0439697316050509,-0.007347012762735922
2026-05-05T03:00:00Z,fwd_6h,random_forest,-0.0019096765116607,-0.005441011321879944
2026-05-05T04:00:00Z,fwd_6h,random_forest,0.0272385780730075,-0.014948152375930831
2026-05-05T05:00:00Z,fwd_6h,random_forest,0.0331429666366878,-0.014979718061270002
2026-05-05T06:00:00Z,fwd_6h,random_forest,0.1119303954053929,-0.01749668925187024
2026-05-05T07:00:00Z,fwd_6h,random_forest,0.2023888103466946,-0.009035239162036935
2026-05-05T08:00:00Z,fwd_6h,random_forest,0.1151694236420812,-0.01857744723628124
2026-05-05T09:00:00Z,fwd_6h,random_forest,0.1651573920535602,-0.011869240545720845
2026-05-05T10:00:00Z,fwd_6h,random_forest,0.0841356084569775,0.027162726739961448
2026-05-05T11:00:00Z,fwd_6h,random_forest,0.1079645349498676,-0.004602893261374451
2026-05-05T12:00:00Z,fwd_6h,random_forest,0.0296548448886304,-0.0015910411506415325
2026-05-05T13:00:00Z,fwd_6h,random_forest,-0.064240253209671,0.01271217746165488
2026-05-05T14:00:00Z,fwd_6h,random_forest,0.0382256937050167,-0.020362557238710464
2026-05-05T15:00:00Z,fwd_6h,random_forest,0.0139638734062377,-0.002879004797534021
2026-05-05T16:00:00Z,fwd_6h,random_forest,-0.0280309855674741,-0.007988261849022432
2026-05-05T17:00:00Z,fwd_6h,random_forest,-0.0531285107075171,-0.00834600810821359
2026-05-05T18:00:00Z,fwd_6h,random_forest,-0.0712479795914154,0.014325320134092615
2026-05-05T19:00:00Z,fwd_6h,random_forest,-0.031056726082602,-0.0273361642027176
2026-05-05T20:00:00Z,fwd_6h,random_forest,-0.0643614378213326,-0.01956567185148023
2026-05-05T21:00:00Z,fwd_6h,random_forest,-0.0567188183125401,-0.014268967996172182
2026-05-05T22:00:00Z,fwd_6h,random_forest,-0.006649110714517,-0.010940387881117815
2026-05-05T23:00:00Z,fwd_6h,random_forest,0.0008352227680212,-0.016279479845556853
2026-05-06T00:00:00Z,fwd_6h,random_forest,0.0459849683182767,-0.016693402656671904
2026-05-06T01:00:00Z,fwd_6h,random_forest,0.1879195031976954,0.020417350711842454
2026-05-06T02:00:00Z,fwd_6h,random_forest,0.085415015011341,-0.008811950146289329
2026-05-06T03:00:00Z,fwd_6h,random_forest,0.0719637708420559,-0.0278957543363463
2026-05-06T04:00:00Z,fwd_6h,random_forest,0.1011154967676652,-0.028000929327629886
2026-05-06T05:00:00Z,fwd_6h,random_forest,0.1610823449427811,-0.02629694268304504
2026-05-06T06:00:00Z,fwd_6h,random_forest,0.2360917497050558,-0.016055044897759916
2026-05-06T07:00:00Z,fwd_6h,random_forest,0.0319142884950001,0.022618145082066634
2026-05-06T08:00:00Z,fwd_6h,random_forest,0.1046462254794187,0.00020802285364240045
2026-05-06T09:00:00Z,fwd_6h,random_forest,0.1002871040692379,-0.008473589068324466
2026-05-06T10:00:00Z,fwd_6h,random_forest,0.0650510391809433,-0.020507133213986867
2026-05-06T11:00:00Z,fwd_6h,random_forest,0.033286528313364,-0.010087666229359065
2026-05-06T12:00:00Z,fwd_6h,random_forest,-0.0822440410446244,0.02313380980316343
2026-05-06T13:00:00Z,fwd_6h,random_forest,-0.0397960031844613,0.007484391856198268
2026-05-06T14:00:00Z,fwd_6h,random_forest,-0.0133824657796017,0.005456563453532654
2026-05-06T15:00:00Z,fwd_6h,random_forest,0.180110594444766,-0.010978871729414984
2026-05-06T16:00:00Z,fwd_6h,random_forest,0.1053778762947148,-0.016538755496998674
2026-05-06T17:00:00Z,fwd_6h,random_forest,0.0900778065176826,-0.015549628116242999
2026-05-06T18:00:00Z,fwd_6h,random_forest,0.1043550055605224,-0.023031467053034622
2026-05-06T19:00:00Z,fwd_6h,random_forest,0.1438767732744579,-0.024613389991071634
2026-04-17T06:00:00Z,fwd_6h,lightgbm,-0.0716128838523734,
2026-04-17T07:00:00Z,fwd_6h,lightgbm,-0.0716128838523734,
2026-04-17T08:00:00Z,fwd_6h,lightgbm,0.0264294896106698,
2026-04-17T09:00:00Z,fwd_6h,lightgbm,0.0264294896106698,
2026-04-17T10:00:00Z,fwd_6h,lightgbm,0.1410374081587724,
2026-04-17T11:00:00Z,fwd_6h,lightgbm,0.1410374081587724,
2026-04-17T12:00:00Z,fwd_6h,lightgbm,0.111656884090084,
2026-04-17T13:00:00Z,fwd_6h,lightgbm,0.111656884090084,
2026-04-17T14:00:00Z,fwd_6h,lightgbm,0.074598142124217,
2026-04-17T15:00:00Z,fwd_6h,lightgbm,0.074598142124217,
2026-04-17T16:00:00Z,fwd_6h,lightgbm,-0.0333364930278827,
2026-04-17T17:00:00Z,fwd_6h,lightgbm,-0.0333364930278827,
2026-04-17T18:00:00Z,fwd_6h,lightgbm,-0.0739422823432793,
2026-04-17T19:00:00Z,fwd_6h,lightgbm,-0.0739422823432793,
2026-04-17T20:00:00Z,fwd_6h,lightgbm,-0.042006126250267,
2026-04-17T21:00:00Z,fwd_6h,lightgbm,-0.042006126250267,
2026-04-17T22:00:00Z,fwd_6h,lightgbm,-0.0903385107504372,
2026-04-17T23:00:00Z,fwd_6h,lightgbm,-0.0903385107504372,
2026-04-18T00:00:00Z,fwd_6h,lightgbm,-0.0504516634443494,
2026-04-18T01:00:00Z,fwd_6h,lightgbm,-0.0504516634443494,
2026-04-18T02:00:00Z,fwd_6h,lightgbm,-0.0809584446549221,
2026-04-18T03:00:00Z,fwd_6h,lightgbm,-0.0809584446549221,
2026-04-18T04:00:00Z,fwd_6h,lightgbm,-0.0321276759024523,
2026-04-18T05:00:00Z,fwd_6h,lightgbm,-0.0321276759024523,
2026-04-18T06:00:00Z,fwd_6h,lightgbm,-0.0154019938169761,
2026-04-18T07:00:00Z,fwd_6h,lightgbm,-0.0154019938169761,
2026-04-18T08:00:00Z,fwd_6h,lightgbm,0.0172808764844798,
2026-04-18T09:00:00Z,fwd_6h,lightgbm,0.0172808764844798,
2026-04-18T10:00:00Z,fwd_6h,lightgbm,0.0408354197382849,
2026-04-18T11:00:00Z,fwd_6h,lightgbm,0.0408354197382849,
2026-04-18T12:00:00Z,fwd_6h,lightgbm,0.0231544146737576,
2026-04-18T13:00:00Z,fwd_6h,lightgbm,0.0231544146737576,
2026-04-18T14:00:00Z,fwd_6h,lightgbm,-0.0792474639950555,
2026-04-18T15:00:00Z,fwd_6h,lightgbm,-0.0792474639950555,
2026-04-18T16:00:00Z,fwd_6h,lightgbm,-0.1000844810912191,
2026-04-18T17:00:00Z,fwd_6h,lightgbm,-0.1000844810912191,
2026-04-18T18:00:00Z,fwd_6h,lightgbm,-0.1664955547869308,
2026-04-18T19:00:00Z,fwd_6h,lightgbm,-0.1664955547869308,
2026-04-18T20:00:00Z,fwd_6h,lightgbm,-0.0737970090528501,
2026-04-18T21:00:00Z,fwd_6h,lightgbm,-0.0737970090528501,
2026-04-18T22:00:00Z,fwd_6h,lightgbm,-0.0939547730569839,
2026-04-18T23:00:00Z,fwd_6h,lightgbm,-0.0939547730569839,
2026-04-19T00:00:00Z,fwd_6h,lightgbm,-0.0217638727159802,
2026-04-19T01:00:00Z,fwd_6h,lightgbm,-0.0217638727159802,
2026-04-19T02:00:00Z,fwd_6h,lightgbm,0.0246358149986232,
2026-04-19T03:00:00Z,fwd_6h,lightgbm,0.0246358149986232,
2026-04-19T04:00:00Z,fwd_6h,lightgbm,0.0474319915411709,
2026-04-19T05:00:00Z,fwd_6h,lightgbm,0.0474319915411709,
2026-04-19T06:00:00Z,fwd_6h,lightgbm,0.0417999132988664,
2026-04-19T07:00:00Z,fwd_6h,lightgbm,0.0417999132988664,
2026-04-19T08:00:00Z,fwd_6h,lightgbm,-0.0053770347743699,
2026-04-19T09:00:00Z,fwd_6h,lightgbm,-0.0053770347743699,
2026-04-19T10:00:00Z,fwd_6h,lightgbm,-0.0006785786588269,
2026-04-19T11:00:00Z,fwd_6h,lightgbm,-0.0006785786588269,
2026-04-19T12:00:00Z,fwd_6h,lightgbm,0.0047238564559759,
2026-04-19T13:00:00Z,fwd_6h,lightgbm,0.0047238564559759,
2026-04-19T14:00:00Z,fwd_6h,lightgbm,-0.0911065843676309,
2026-04-19T15:00:00Z,fwd_6h,lightgbm,-0.0911065843676309,
2026-04-19T16:00:00Z,fwd_6h,lightgbm,-0.0953798799618788,
2026-04-19T17:00:00Z,fwd_6h,lightgbm,-0.0953798799618788,
2026-04-19T18:00:00Z,fwd_6h,lightgbm,-0.0555294259667564,
2026-04-19T19:00:00Z,fwd_6h,lightgbm,-0.0555294259667564,
2026-04-19T20:00:00Z,fwd_6h,lightgbm,0.0440521420123209,
2026-04-19T21:00:00Z,fwd_6h,lightgbm,0.0440521420123209,
2026-04-19T22:00:00Z,fwd_6h,lightgbm,-0.0221466535669736,
2026-04-19T23:00:00Z,fwd_6h,lightgbm,-0.0221466535669736,
2026-04-20T00:00:00Z,fwd_6h,lightgbm,-0.0634056412658684,
2026-04-20T01:00:00Z,fwd_6h,lightgbm,-0.0634056412658684,
2026-04-20T02:00:00Z,fwd_6h,lightgbm,-0.0229768002075646,
2026-04-20T03:00:00Z,fwd_6h,lightgbm,-0.0229768002075646,
2026-04-20T04:00:00Z,fwd_6h,lightgbm,0.0431657960367666,
2026-04-20T05:00:00Z,fwd_6h,lightgbm,0.0431657960367666,
2026-04-20T06:00:00Z,fwd_6h,lightgbm,0.1136855564149494,
2026-04-20T07:00:00Z,fwd_6h,lightgbm,0.1136855564149494,
2026-04-20T08:00:00Z,fwd_6h,lightgbm,0.067601680045592,
2026-04-20T09:00:00Z,fwd_6h,lightgbm,0.067601680045592,
2026-04-20T10:00:00Z,fwd_6h,lightgbm,0.0377722142137937,
2026-04-20T11:00:00Z,fwd_6h,lightgbm,0.0377722142137937,
2026-04-20T12:00:00Z,fwd_6h,lightgbm,-0.027940632156484,
2026-04-20T13:00:00Z,fwd_6h,lightgbm,-0.027940632156484,
2026-04-20T14:00:00Z,fwd_6h,lightgbm,0.0132486920343741,0.005957657220188089
2026-04-20T15:00:00Z,fwd_6h,lightgbm,0.0132486920343741,0.01971393371415388
2026-04-20T16:00:00Z,fwd_6h,lightgbm,0.0423732598578165,0.0018905065757048108
2026-04-20T17:00:00Z,fwd_6h,lightgbm,0.0423732598578165,0.021594009513029252
2026-04-20T18:00:00Z,fwd_6h,lightgbm,-0.0282685882433222,-0.012693261193806937
2026-04-20T19:00:00Z,fwd_6h,lightgbm,-0.0282685882433222,-0.023102713948427913
2026-04-20T20:00:00Z,fwd_6h,lightgbm,-0.067770203651209,-0.06306070526028154
2026-04-20T21:00:00Z,fwd_6h,lightgbm,-0.067770203651209,0.021594009513029252
2026-04-20T22:00:00Z,fwd_6h,lightgbm,-0.0977456623052489,-0.027331155585970553
2026-04-20T23:00:00Z,fwd_6h,lightgbm,-0.0977456623052489,-0.03399485417743182
2026-04-21T00:00:00Z,fwd_6h,lightgbm,-0.032154581168123,-0.03100994790255065
2026-04-21T01:00:00Z,fwd_6h,lightgbm,-0.032154581168123,-0.03512348288128273
2026-04-21T02:00:00Z,fwd_6h,lightgbm,0.0494331502250009,-0.040081844403035034
2026-04-21T03:00:00Z,fwd_6h,lightgbm,0.0494331502250009,-0.06743541162155493
2026-04-21T04:00:00Z,fwd_6h,lightgbm,0.0842983081860269,-0.04846020797215101
2026-04-21T05:00:00Z,fwd_6h,lightgbm,0.0842983081860269,0.01306737084156774
2026-04-21T06:00:00Z,fwd_6h,lightgbm,0.1299143146737948,-0.024588352265647283
2026-04-21T07:00:00Z,fwd_6h,lightgbm,0.1299143146737948,-0.037518528101923736
2026-04-21T08:00:00Z,fwd_6h,lightgbm,0.0420696095745838,0.016951024521159656
2026-04-21T09:00:00Z,fwd_6h,lightgbm,0.0420696095745838,-0.043432593052005954
2026-04-21T10:00:00Z,fwd_6h,lightgbm,-0.0171221507886399,-0.003749835522636584
2026-04-21T11:00:00Z,fwd_6h,lightgbm,-0.0171221507886399,0.025233236324019935
2026-04-21T12:00:00Z,fwd_6h,lightgbm,-0.0568021174587255,-0.03434426396975212
2026-04-21T13:00:00Z,fwd_6h,lightgbm,-0.0568021174587255,-0.039594575877276474
2026-04-21T14:00:00Z,fwd_6h,lightgbm,-0.0251125346511612,-0.052086856814916024
2026-04-21T15:00:00Z,fwd_6h,lightgbm,-0.0251125346511612,-0.04459767676570237
2026-04-21T16:00:00Z,fwd_6h,lightgbm,0.0335980215754752,-0.060631869602940855
2026-04-21T17:00:00Z,fwd_6h,lightgbm,0.0335980215754752,-0.029865064717557708
2026-04-21T18:00:00Z,fwd_6h,lightgbm,0.0358247708557331,-0.024465036209858848
2026-04-21T19:00:00Z,fwd_6h,lightgbm,0.0358247708557331,-0.05860421425660658
2026-04-21T20:00:00Z,fwd_6h,lightgbm,0.0021543668174439,-0.0069465378745176476
2026-04-21T21:00:00Z,fwd_6h,lightgbm,0.0021543668174439,-0.05372244378491968
2026-04-21T22:00:00Z,fwd_6h,lightgbm,0.0319414168973191,-0.017792761421289285
2026-04-21T23:00:00Z,fwd_6h,lightgbm,0.0319414168973191,-0.01591070856272006
2026-04-22T00:00:00Z,fwd_6h,lightgbm,0.0297230158009194,-0.039334959138796956
2026-04-22T01:00:00Z,fwd_6h,lightgbm,0.0297230158009194,-0.020074409111273797
2026-04-22T02:00:00Z,fwd_6h,lightgbm,0.0923792060222381,0.044580277528907364
2026-04-22T03:00:00Z,fwd_6h,lightgbm,0.0923792060222381,-0.04059006940180295
2026-04-22T04:00:00Z,fwd_6h,lightgbm,0.0608476155819288,-0.02951945877177479
2026-04-22T05:00:00Z,fwd_6h,lightgbm,0.0881586355632118,0.024688621923552707
2026-04-22T06:00:00Z,fwd_6h,lightgbm,0.0804838162826517,-0.03842949216358006
2026-04-22T07:00:00Z,fwd_6h,lightgbm,0.0804838162826517,-0.003257162845627506
2026-04-22T08:00:00Z,fwd_6h,lightgbm,0.0185099164218336,0.025233236324019935
2026-04-22T09:00:00Z,fwd_6h,lightgbm,0.0185099164218336,-0.002003552122836144
2026-04-22T10:00:00Z,fwd_6h,lightgbm,0.1535459112917467,-0.038586430733805875
2026-04-22T11:00:00Z,fwd_6h,lightgbm,0.1245937765542322,-0.0291472538357378
2026-04-22T12:00:00Z,fwd_6h,lightgbm,0.1325819147095921,-0.0014607166508115493
2026-04-22T13:00:00Z,fwd_6h,lightgbm,0.1325819147095921,-0.026614535373505537
2026-04-22T14:00:00Z,fwd_6h,lightgbm,0.035518085605233,0.025233236324019935
2026-04-22T15:00:00Z,fwd_6h,lightgbm,0.035518085605233,0.02270617323416145
2026-04-22T16:00:00Z,fwd_6h,lightgbm,-0.0857013765130157,0.02270617323416145
2026-04-22T17:00:00Z,fwd_6h,lightgbm,-0.0857013765130157,-0.01491521503819358
2026-04-22T18:00:00Z,fwd_6h,lightgbm,-0.0497721057783605,-0.06132350128654519
2026-04-22T19:00:00Z,fwd_6h,lightgbm,-0.0497721057783605,-0.026368156958945226
2026-04-22T20:00:00Z,fwd_6h,lightgbm,0.0392970850132388,-0.02636256606945077
2026-04-22T21:00:00Z,fwd_6h,lightgbm,0.0392970850132388,0.01041450140285435
2026-04-22T22:00:00Z,fwd_6h,lightgbm,0.0064650305738254,-0.03499653457462756
2026-04-22T23:00:00Z,fwd_6h,lightgbm,0.0064650305738254,-0.004749560020771933
2026-04-23T00:00:00Z,fwd_6h,lightgbm,-0.0315906345864475,0.015594433931426219
2026-04-23T01:00:00Z,fwd_6h,lightgbm,-0.0315906345864475,0.02193603514762588
2026-04-23T02:00:00Z,fwd_6h,lightgbm,-0.0923520130930563,-0.013164136859781095
2026-04-23T03:00:00Z,fwd_6h,lightgbm,-0.0923520130930563,-0.012981687773901471
2026-04-23T04:00:00Z,fwd_6h,lightgbm,-0.0627434850143782,-0.012981687773901471
2026-04-23T05:00:00Z,fwd_6h,lightgbm,-0.0627434850143782,-0.03808008237125976
2026-04-23T06:00:00Z,fwd_6h,lightgbm,0.0479674350331693,-0.028565099196097322
2026-04-23T07:00:00Z,fwd_6h,lightgbm,0.0479674350331693,-0.06132350128654519
2026-04-23T08:00:00Z,fwd_6h,lightgbm,0.1181223264681665,-0.06341011505260184
2026-04-23T09:00:00Z,fwd_6h,lightgbm,0.1181223264681665,-0.052689532781368384
2026-04-23T10:00:00Z,fwd_6h,lightgbm,0.0853318512229093,-0.02878204804850989
2026-04-23T11:00:00Z,fwd_6h,lightgbm,0.0853318512229093,-0.04899494863504433
2026-04-23T12:00:00Z,fwd_6h,lightgbm,-0.0293263755396362,0.02270617323416145
2026-04-23T13:00:00Z,fwd_6h,lightgbm,-0.0293263755396362,-0.03708314834068425
2026-04-23T14:00:00Z,fwd_6h,lightgbm,-0.0530172100638036,0.032018894155889696
2026-04-23T15:00:00Z,fwd_6h,lightgbm,-0.0530172100638036,-0.005446269712988703
2026-04-23T16:00:00Z,fwd_6h,lightgbm,-0.0244065913888801,0.016110224096415212
2026-04-23T17:00:00Z,fwd_6h,lightgbm,-0.0244065913888801,-0.03708314834068425
2026-04-23T18:00:00Z,fwd_6h,lightgbm,0.0505713450874221,0.014933224410168216
2026-04-23T19:00:00Z,fwd_6h,lightgbm,0.0505713450874221,-0.02214050709843511
2026-04-23T20:00:00Z,fwd_6h,lightgbm,0.0768536726616908,-0.027091615912765703
2026-04-23T21:00:00Z,fwd_6h,lightgbm,0.0768536726616908,-0.02843990305791603
2026-04-23T22:00:00Z,fwd_6h,lightgbm,0.0225902030873015,-0.07114618317714133
2026-04-23T23:00:00Z,fwd_6h,lightgbm,0.0225902030873015,-0.0047412398640383074
2026-04-24T00:00:00Z,fwd_6h,lightgbm,-0.0503907549855541,-0.04866882705826738
2026-04-24T01:00:00Z,fwd_6h,lightgbm,-0.0503907549855541,-0.05223515473562706
2026-04-24T02:00:00Z,fwd_6h,lightgbm,-0.0130942512538422,-0.05992366296520546
2026-04-24T03:00:00Z,fwd_6h,lightgbm,-0.0130942512538422,-0.06175429438526974
2026-04-24T04:00:00Z,fwd_6h,lightgbm,0.0392756325062362,-0.06763000519578824
2026-04-24T05:00:00Z,fwd_6h,lightgbm,0.0392756325062362,-0.061932022090994444
2026-04-24T06:00:00Z,fwd_6h,lightgbm,0.2418066795474562,-0.05947275149008713
2026-04-24T07:00:00Z,fwd_6h,lightgbm,0.2208872449356422,-0.017457104829231313
2026-04-24T08:00:00Z,fwd_6h,lightgbm,0.2140757508293336,-0.05556693953980941
2026-04-24T09:00:00Z,fwd_6h,lightgbm,0.2911588867237276,-0.0641075162049437
2026-04-24T10:00:00Z,fwd_6h,lightgbm,0.2442765828953423,-0.03020631081224119
2026-04-24T11:00:00Z,fwd_6h,lightgbm,0.3692102211549219,-0.017804287386842976
2026-04-24T12:00:00Z,fwd_6h,lightgbm,0.1474819125746422,-0.010982765656166363
2026-04-24T13:00:00Z,fwd_6h,lightgbm,0.1482779976679105,-0.059517642255741875
2026-04-24T14:00:00Z,fwd_6h,lightgbm,0.2803333910879015,-0.02144641648494098
2026-04-24T15:00:00Z,fwd_6h,lightgbm,0.1279678202632863,-0.014658086658395955
2026-04-24T16:00:00Z,fwd_6h,lightgbm,0.1737946326157529,-0.005915789457412383
2026-04-24T17:00:00Z,fwd_6h,lightgbm,-0.0160405270700146,-0.013199431496566872
2026-04-24T18:00:00Z,fwd_6h,lightgbm,-0.036098364819574,-0.044443768361265686
2026-04-24T19:00:00Z,fwd_6h,lightgbm,-0.0326599243657429,-0.013165939429682623
2026-04-24T20:00:00Z,fwd_6h,lightgbm,-0.1763545162164508,-0.029335310257626517
2026-04-24T21:00:00Z,fwd_6h,lightgbm,-0.1098560155171383,-0.012845668815691177
2026-04-24T22:00:00Z,fwd_6h,lightgbm,-0.1218243617933239,-0.06226271392447499
2026-04-24T23:00:00Z,fwd_6h,lightgbm,-0.07908599449663,-0.04074157760939171
2026-04-25T00:00:00Z,fwd_6h,lightgbm,-0.036761936206702,-0.013699526538310788
2026-04-25T01:00:00Z,fwd_6h,lightgbm,-0.04109968683417,-0.03774374814247301
2026-04-25T02:00:00Z,fwd_6h,lightgbm,-0.0082191716268446,-0.038173792576640005
2026-04-25T03:00:00Z,fwd_6h,lightgbm,-0.0204004674529858,-0.0232265473958641
2026-04-25T04:00:00Z,fwd_6h,lightgbm,0.0120283332376476,-0.04641224871790569
2026-04-25T05:00:00Z,fwd_6h,lightgbm,0.0552465504383399,-0.052273261744769775
2026-04-25T06:00:00Z,fwd_6h,lightgbm,0.0533008689316494,-0.02493360835129061
2026-04-25T07:00:00Z,fwd_6h,lightgbm,0.0752423642813515,-0.01294504698936179
2026-04-25T08:00:00Z,fwd_6h,lightgbm,0.0581400283652306,-0.009758599931926555
2026-04-25T09:00:00Z,fwd_6h,lightgbm,0.1313899102354414,-0.016702131071097328
2026-04-25T10:00:00Z,fwd_6h,lightgbm,0.1109947728921079,-0.0006141827055383082
2026-04-25T11:00:00Z,fwd_6h,lightgbm,0.0789541402490798,-0.014740229336847047
2026-04-25T12:00:00Z,fwd_6h,lightgbm,0.1256293048344894,0.007068621367089766
2026-04-25T13:00:00Z,fwd_6h,lightgbm,0.1244014109577089,-0.04544892336267914
2026-04-25T14:00:00Z,fwd_6h,lightgbm,0.1106460283342785,-0.020105874675012424
2026-04-25T15:00:00Z,fwd_6h,lightgbm,0.0741822781128307,-0.024494244673100334
2026-04-25T16:00:00Z,fwd_6h,lightgbm,0.0892718696707308,-0.0004949475415978109
2026-04-25T17:00:00Z,fwd_6h,lightgbm,0.0819388407012482,-0.025018812370638452
2026-04-25T18:00:00Z,fwd_6h,lightgbm,-0.0049292837148394,-0.0484999013963151
2026-04-25T19:00:00Z,fwd_6h,lightgbm,0.0054193173683287,-0.03793428503840249
2026-04-25T20:00:00Z,fwd_6h,lightgbm,-0.0021689336599187,-0.03642114841374466
2026-04-25T21:00:00Z,fwd_6h,lightgbm,-0.0281917716124789,-0.041973311021162064
2026-04-25T22:00:00Z,fwd_6h,lightgbm,-0.0632080588400769,-0.037713600724931434
2026-04-25T23:00:00Z,fwd_6h,lightgbm,-0.0235182560774014,-0.05720190245367616
2026-04-26T00:00:00Z,fwd_6h,lightgbm,-0.0075847329594496,-0.07697495448625735
2026-04-26T01:00:00Z,fwd_6h,lightgbm,-0.0341465812584089,-0.04954034786769331
2026-04-26T02:00:00Z,fwd_6h,lightgbm,-0.0234800947632519,-0.04816279328741314
2026-04-26T03:00:00Z,fwd_6h,lightgbm,-0.019422471115063,-0.05769323645636181
2026-04-26T04:00:00Z,fwd_6h,lightgbm,0.0084483496579541,-0.06692110523412113
2026-04-26T05:00:00Z,fwd_6h,lightgbm,-0.0177278822234699,-0.07096779356335023
2026-04-26T06:00:00Z,fwd_6h,lightgbm,-0.0062094547182306,-0.05941289755202768
2026-04-26T07:00:00Z,fwd_6h,lightgbm,0.0266413981868842,-0.05016951244189444
2026-04-26T08:00:00Z,fwd_6h,lightgbm,0.0078178100689636,-0.05334586935568295
2026-04-26T09:00:00Z,fwd_6h,lightgbm,-0.0053384139867705,-0.02143080799457374
2026-04-26T10:00:00Z,fwd_6h,lightgbm,-0.1285931838297752,-0.06006279763351064
2026-04-26T11:00:00Z,fwd_6h,lightgbm,-0.09254186074135,-0.05794456101399544
2026-04-26T12:00:00Z,fwd_6h,lightgbm,-0.1134591088590117,-0.07496824231373037
2026-04-26T13:00:00Z,fwd_6h,lightgbm,-0.1179540841566614,-0.06595212384114243
2026-04-26T14:00:00Z,fwd_6h,lightgbm,-0.0131234440157421,-0.06001398944281836
2026-04-26T15:00:00Z,fwd_6h,lightgbm,-0.0426225156450805,-0.06841242249196156
2026-04-26T16:00:00Z,fwd_6h,lightgbm,0.1098246051240092,0.007175936272751369
2026-04-26T17:00:00Z,fwd_6h,lightgbm,0.1060406611751803,-0.012056129192640616
2026-04-26T18:00:00Z,fwd_6h,lightgbm,0.160226665030617,-0.028046844802342777
2026-04-26T19:00:00Z,fwd_6h,lightgbm,0.152340083475186,-0.06722690753983854
2026-04-26T20:00:00Z,fwd_6h,lightgbm,0.055820108989772,-0.02463649906142722
2026-04-26T21:00:00Z,fwd_6h,lightgbm,0.080682869271649,-0.052072341617640745
2026-04-26T22:00:00Z,fwd_6h,lightgbm,0.0810523031819678,-0.06567870086503218
2026-04-26T23:00:00Z,fwd_6h,lightgbm,0.0165898603207377,-0.0465844604280988
2026-04-27T00:00:00Z,fwd_6h,lightgbm,-0.0262775158337049,-0.019723438898245675
2026-04-27T01:00:00Z,fwd_6h,lightgbm,-0.0305967580825137,0.00351511102146616
2026-04-27T02:00:00Z,fwd_6h,lightgbm,-0.0209829027217794,0.12238651383348813
2026-04-27T03:00:00Z,fwd_6h,lightgbm,-0.0370498008915181,0.07066385773053904
2026-04-27T04:00:00Z,fwd_6h,lightgbm,-0.1012684403420233,0.0651325142919503
2026-04-27T05:00:00Z,fwd_6h,lightgbm,-0.0916989834058762,0.0687040508987015
2026-04-27T06:00:00Z,fwd_6h,lightgbm,-0.0744945479495117,0.07095413457912843
2026-04-27T07:00:00Z,fwd_6h,lightgbm,-0.0606428985475158,0.051052626926614074
2026-04-27T08:00:00Z,fwd_6h,lightgbm,-0.0627916121607168,0.033847823391088834
2026-04-27T09:00:00Z,fwd_6h,lightgbm,-0.105610553568446,0.05037181678839596
2026-04-27T10:00:00Z,fwd_6h,lightgbm,-0.0858760862662857,-0.0032339568453041314
2026-04-27T11:00:00Z,fwd_6h,lightgbm,-0.160059666240382,-0.025457873958235913
2026-04-27T12:00:00Z,fwd_6h,lightgbm,-0.1462046373993686,0.05522315630174518
2026-04-27T13:00:00Z,fwd_6h,lightgbm,-0.1726058119049092,0.05582356255753006
2026-04-27T14:00:00Z,fwd_6h,lightgbm,-0.1635971719146286,-0.004047804577155963
2026-04-27T15:00:00Z,fwd_6h,lightgbm,-0.1203371635898694,-0.042540400870311135
2026-04-27T16:00:00Z,fwd_6h,lightgbm,-0.09481741807511,0.011141554160167738
2026-04-27T17:00:00Z,fwd_6h,lightgbm,0.0156906379580779,-0.02377021452493074
2026-04-27T18:00:00Z,fwd_6h,lightgbm,0.0479284321272652,0.014314599039929718
2026-04-27T19:00:00Z,fwd_6h,lightgbm,0.0731445007302784,0.05021406503332957
2026-04-27T20:00:00Z,fwd_6h,lightgbm,0.0321023484284404,-0.009010815540011107
2026-04-27T21:00:00Z,fwd_6h,lightgbm,0.0766044579849121,-0.010562437937627647
2026-04-27T22:00:00Z,fwd_6h,lightgbm,0.0688441604125278,-0.0004174583535040438
2026-04-27T23:00:00Z,fwd_6h,lightgbm,0.057677504942992,-0.0004969686530387708
2026-04-28T00:00:00Z,fwd_6h,lightgbm,-0.0637770186902214,0.005812462953897974
2026-04-28T01:00:00Z,fwd_6h,lightgbm,-0.1130529283593214,-0.006019544399118533
2026-04-28T02:00:00Z,fwd_6h,lightgbm,-0.0868326167293377,0.03451977882475861
2026-04-28T03:00:00Z,fwd_6h,lightgbm,-0.1053895909008496,-0.0025574805142169425
2026-04-28T04:00:00Z,fwd_6h,lightgbm,-0.1044376195769647,0.028857766189826793
2026-04-28T05:00:00Z,fwd_6h,lightgbm,-0.0991068661709136,-0.004420247108173301
2026-04-28T06:00:00Z,fwd_6h,lightgbm,-0.0350239152253811,-0.03136494272365182
2026-04-28T07:00:00Z,fwd_6h,lightgbm,0.0095729146969008,0.02432766316104318
2026-04-28T08:00:00Z,fwd_6h,lightgbm,0.004918587451135,0.04915241437961785
2026-04-28T09:00:00Z,fwd_6h,lightgbm,0.004918587451135,0.007435120574262044
2026-04-28T10:00:00Z,fwd_6h,lightgbm,-0.0127298036706265,0.046111468981420996
2026-04-28T11:00:00Z,fwd_6h,lightgbm,-0.0127298036706265,0.021879410816449018
2026-04-28T12:00:00Z,fwd_6h,lightgbm,-0.0175620108356487,0.009386675692169496
2026-04-28T13:00:00Z,fwd_6h,lightgbm,-0.0175620108356487,-0.011993273287903006
2026-04-28T14:00:00Z,fwd_6h,lightgbm,-0.0706180786452631,-0.050509185430623736
2026-04-28T15:00:00Z,fwd_6h,lightgbm,-0.0706180786452631,0.05144206795431645
2026-04-28T16:00:00Z,fwd_6h,lightgbm,-0.054004495341984,0.05216144328915473
2026-04-28T17:00:00Z,fwd_6h,lightgbm,-0.054004495341984,0.03394307182742197
2026-04-28T18:00:00Z,fwd_6h,lightgbm,-0.0432673524934342,0.030363106553047404
2026-04-28T19:00:00Z,fwd_6h,lightgbm,-0.0432673524934342,-0.038570665545722416
2026-04-28T20:00:00Z,fwd_6h,lightgbm,0.0113500992295214,-0.020259434228756684
2026-04-28T21:00:00Z,fwd_6h,lightgbm,0.0113500992295214,0.0031889085787920866
2026-04-28T22:00:00Z,fwd_6h,lightgbm,0.175492942076358,0.0031889085787920866
2026-04-28T23:00:00Z,fwd_6h,lightgbm,0.1696226339652671,0.003227892084999699
2026-04-29T00:00:00Z,fwd_6h,lightgbm,0.1674189701380568,0.01308748248894202
2026-04-29T01:00:00Z,fwd_6h,lightgbm,0.1237199828340478,0.0836758269120334
2026-04-29T02:00:00Z,fwd_6h,lightgbm,0.1201551342632656,0.043067500855169874
2026-04-29T03:00:00Z,fwd_6h,lightgbm,0.1660241014800443,-0.00965113556160425
2026-04-29T04:00:00Z,fwd_6h,lightgbm,-0.0002631954706728,0.09100056504922789
2026-04-29T05:00:00Z,fwd_6h,lightgbm,-0.0221734520136729,0.04320986724347389
2026-04-29T06:00:00Z,fwd_6h,lightgbm,-0.0868493691893784,-0.01893600608812363
2026-04-29T07:00:00Z,fwd_6h,lightgbm,-0.0513389587383664,0.03906334012464754
2026-04-29T08:00:00Z,fwd_6h,lightgbm,-0.0483198832070808,0.01075104463770039
2026-04-29T09:00:00Z,fwd_6h,lightgbm,-0.0857570030939046,0.02246360485090161
2026-04-29T10:00:00Z,fwd_6h,lightgbm,-0.0746372213484127,-0.003243800250504715
2026-04-29T11:00:00Z,fwd_6h,lightgbm,-0.0491540850291414,0.024891688694243165
2026-04-29T12:00:00Z,fwd_6h,lightgbm,0.0086652107630751,-0.007690867730939835
2026-04-29T13:00:00Z,fwd_6h,lightgbm,0.0086652107630751,-0.01954532970019417
2026-04-29T14:00:00Z,fwd_6h,lightgbm,-0.1220099291289938,0.013722912785718452
2026-04-29T15:00:00Z,fwd_6h,lightgbm,-0.1220099291289938,0.021199559090562627
2026-04-29T16:00:00Z,fwd_6h,lightgbm,-0.1295525398295541,0.0076352996860096075
2026-04-29T17:00:00Z,fwd_6h,lightgbm,-0.1295525398295541,0.003967090629115317
2026-04-29T18:00:00Z,fwd_6h,lightgbm,0.048936108241345,-0.04700102462192021
2026-04-29T19:00:00Z,fwd_6h,lightgbm,0.0589561334790069,-0.007164951442317952
2026-04-29T20:00:00Z,fwd_6h,lightgbm,0.1910765982834577,0.016508417226377088
2026-04-29T21:00:00Z,fwd_6h,lightgbm,0.1158471788685204,0.03685099466598054
2026-04-29T22:00:00Z,fwd_6h,lightgbm,0.0765175642883255,-0.007757997365189273
2026-04-29T23:00:00Z,fwd_6h,lightgbm,0.0765175642883255,-0.0370583954842859
2026-04-30T00:00:00Z,fwd_6h,lightgbm,-0.1066643885157919,-0.010042231791870715
2026-04-30T01:00:00Z,fwd_6h,lightgbm,-0.1151172838622366,0.048199290758697944
2026-04-30T02:00:00Z,fwd_6h,lightgbm,-0.0581087579213071,-0.00594124052561042
2026-04-30T03:00:00Z,fwd_6h,lightgbm,0.0053927077233386,-0.04546282785934454
2026-04-30T04:00:00Z,fwd_6h,lightgbm,0.0421238387408229,0.026678298781905824
2026-04-30T05:00:00Z,fwd_6h,lightgbm,0.0421238387408229,0.026853546092525125
2026-04-30T06:00:00Z,fwd_6h,lightgbm,0.0427230469081809,0.013893589049565185
2026-04-30T07:00:00Z,fwd_6h,lightgbm,0.0427230469081809,-0.0050306685362266484
2026-04-30T08:00:00Z,fwd_6h,lightgbm,0.0005749874871705,0.02139167448928872
2026-04-30T09:00:00Z,fwd_6h,lightgbm,0.0005749874871705,0.00611562120882613
2026-04-30T10:00:00Z,fwd_6h,lightgbm,0.0334374562394106,-0.008217428848726841
2026-04-30T11:00:00Z,fwd_6h,lightgbm,0.0334374562394106,0.014158327158058013
2026-04-30T12:00:00Z,fwd_6h,lightgbm,0.0328435841023473,0.010763727682372968
2026-04-30T13:00:00Z,fwd_6h,lightgbm,0.0328435841023473,0.01999075875220565
2026-04-30T14:00:00Z,fwd_6h,lightgbm,0.0830335374928419,-0.005589954537922671
2026-04-30T15:00:00Z,fwd_6h,lightgbm,0.0799128391860135,0.08010652854289105
2026-04-30T16:00:00Z,fwd_6h,lightgbm,0.0672407897463212,-0.009437454239136773
2026-04-30T17:00:00Z,fwd_6h,lightgbm,0.0802325723342594,-0.02401816006293072
2026-04-30T18:00:00Z,fwd_6h,lightgbm,0.0763254303225065,-0.009129815441901315
2026-04-30T19:00:00Z,fwd_6h,lightgbm,0.0780774746063215,-0.06114383339026261
2026-04-30T20:00:00Z,fwd_6h,lightgbm,0.0526279732816949,-0.03606901768003211
2026-04-30T21:00:00Z,fwd_6h,lightgbm,0.097074392055072,-0.03350469493176267
2026-04-30T22:00:00Z,fwd_6h,lightgbm,0.0962346822390729,-0.026174211336740406
2026-04-30T23:00:00Z,fwd_6h,lightgbm,0.1356413646859233,-0.02301405702578544
2026-05-01T00:00:00Z,fwd_6h,lightgbm,0.1149957351158086,0.05250364572308548
2026-05-01T01:00:00Z,fwd_6h,lightgbm,0.0979304639545972,-0.03454853302683395
2026-05-01T02:00:00Z,fwd_6h,lightgbm,0.1671109972776485,-0.05575609345094727
2026-05-01T03:00:00Z,fwd_6h,lightgbm,0.0561367031192867,0.034491709848278485
2026-05-01T04:00:00Z,fwd_6h,lightgbm,0.009806886284613,-0.03445769137486444
2026-05-01T05:00:00Z,fwd_6h,lightgbm,-0.0465964945254071,-0.04819324493089427
2026-05-01T06:00:00Z,fwd_6h,lightgbm,0.0005384761567601,-0.04675222325114723
2026-05-01T07:00:00Z,fwd_6h,lightgbm,0.0252222342509669,-0.03637597976627997
2026-05-01T08:00:00Z,fwd_6h,lightgbm,-0.0599238460542288,-0.015921334992040778
2026-05-01T09:00:00Z,fwd_6h,lightgbm,-0.023317897945377,-0.07108769176463957
2026-05-01T10:00:00Z,fwd_6h,lightgbm,-8.355717998065337e-05,-0.031249022145721266
2026-05-01T11:00:00Z,fwd_6h,lightgbm,0.0412765622072277,-0.058153048552363695
2026-05-01T12:00:00Z,fwd_6h,lightgbm,0.0415942028497153,-0.06268487080776444
2026-05-01T13:00:00Z,fwd_6h,lightgbm,-0.0130565017735793,0.03857028047666544
2026-05-01T14:00:00Z,fwd_6h,lightgbm,-0.0351945119855304,-0.047350501128122134
2026-05-01T15:00:00Z,fwd_6h,lightgbm,0.0255316912637895,-0.03217480941667695
2026-05-01T16:00:00Z,fwd_6h,lightgbm,0.0087467312999849,-0.018571094178741743
2026-05-01T17:00:00Z,fwd_6h,lightgbm,-0.0048005718207516,0.00725900073119258
2026-05-01T18:00:00Z,fwd_6h,lightgbm,0.0035672145992442,0.0439120955605817
2026-05-01T19:00:00Z,fwd_6h,lightgbm,-0.0380452004818412,-0.0024657790820590744
2026-05-01T20:00:00Z,fwd_6h,lightgbm,-0.0089159047742873,-0.04407447039487742
2026-05-01T21:00:00Z,fwd_6h,lightgbm,-0.050243585246029,-0.0048059179548775284
2026-05-01T22:00:00Z,fwd_6h,lightgbm,-0.0845390737655926,0.01786728087365388
2026-05-01T23:00:00Z,fwd_6h,lightgbm,-0.0919866825074269,0.007367115512999071
2026-05-02T00:00:00Z,fwd_6h,lightgbm,-0.1277916910216459,-0.03073286994898658
2026-05-02T01:00:00Z,fwd_6h,lightgbm,-0.0194026777526548,-0.01717022793270286
2026-05-02T02:00:00Z,fwd_6h,lightgbm,-0.0203856809947263,-0.019399075196336994
2026-05-02T03:00:00Z,fwd_6h,lightgbm,-0.0002184584401603,-0.027227810067567946
2026-05-02T04:00:00Z,fwd_6h,lightgbm,0.0720354237870279,0.018071324065267427
2026-05-02T05:00:00Z,fwd_6h,lightgbm,0.0333521744669851,0.004869043465577522
2026-05-02T06:00:00Z,fwd_6h,lightgbm,0.0390932933547718,-0.012338515779495102
2026-05-02T07:00:00Z,fwd_6h,lightgbm,0.0191636834892445,-0.0416036525211628
2026-05-02T08:00:00Z,fwd_6h,lightgbm,0.0298660981011267,-0.0014726196652466547
2026-05-02T09:00:00Z,fwd_6h,lightgbm,0.016656203788159,-5.33377391946072e-05
2026-05-02T10:00:00Z,fwd_6h,lightgbm,0.0314833631493818,-0.03648487484609833
2026-05-02T11:00:00Z,fwd_6h,lightgbm,0.0548789365013491,-0.0006190697851220276
2026-05-02T12:00:00Z,fwd_6h,lightgbm,0.0369406641734588,-0.0638009259522472
2026-05-02T13:00:00Z,fwd_6h,lightgbm,0.0193282761614421,-0.02049815161216131
2026-05-02T14:00:00Z,fwd_6h,lightgbm,0.0125132548230539,-0.0021311248757373996
2026-05-02T15:00:00Z,fwd_6h,lightgbm,-2.3693249990741627e-05,0.04048126775253856
2026-05-02T16:00:00Z,fwd_6h,lightgbm,-0.0455028992730566,0.051842512519532834
2026-05-02T17:00:00Z,fwd_6h,lightgbm,-0.0392906690334862,-0.011260854467995124
2026-05-02T18:00:00Z,fwd_6h,lightgbm,-0.0081817813850811,-0.03137931657098834
2026-05-02T19:00:00Z,fwd_6h,lightgbm,-0.015398978075055,-0.014350950652928603
2026-05-02T20:00:00Z,fwd_6h,lightgbm,0.0003198622059501,-0.026538214671048506
2026-05-02T21:00:00Z,fwd_6h,lightgbm,0.016902128678534,-0.026273407430776326
2026-05-02T22:00:00Z,fwd_6h,lightgbm,-0.0030287708350092,0.0014148856036460334
2026-05-02T23:00:00Z,fwd_6h,lightgbm,-0.0277955154684201,-0.04594816367943875
2026-05-03T00:00:00Z,fwd_6h,lightgbm,-0.0407688383602781,-0.02960713357566576
2026-05-03T01:00:00Z,fwd_6h,lightgbm,-0.0326511253716489,-0.03251605719540373
2026-05-03T02:00:00Z,fwd_6h,lightgbm,-0.0514579201701941,-0.05205264061950653
2026-05-03T03:00:00Z,fwd_6h,lightgbm,-0.0368534541402075,-0.0039979074208289535
2026-05-03T04:00:00Z,fwd_6h,lightgbm,-0.0211755250950504,-0.015213018251130273
2026-05-03T05:00:00Z,fwd_6h,lightgbm,0.0046172011764706,0.02894014961678883
2026-05-03T06:00:00Z,fwd_6h,lightgbm,-0.0119510595744971,-0.030113163285037572
2026-05-03T07:00:00Z,fwd_6h,lightgbm,-0.0046837991387309,-0.024338157523955243
2026-05-03T08:00:00Z,fwd_6h,lightgbm,-0.0159481906412061,-0.02510267490459069
2026-05-03T09:00:00Z,fwd_6h,lightgbm,-0.1151601817117941,-0.04180928855224752
2026-05-03T10:00:00Z,fwd_6h,lightgbm,-0.1238987097392663,-0.04361199349434591
2026-05-03T11:00:00Z,fwd_6h,lightgbm,-0.1254737991875355,-0.04053373856155878
2026-05-03T12:00:00Z,fwd_6h,lightgbm,-0.1121909208782037,-0.03599920962645951
2026-05-03T13:00:00Z,fwd_6h,lightgbm,-0.1152212022554067,0.00973506448225114
2026-05-03T14:00:00Z,fwd_6h,lightgbm,-0.1018178866853295,0.021028803441457244
2026-05-03T15:00:00Z,fwd_6h,lightgbm,-0.0227804365011282,0.010639558416251908
2026-05-03T16:00:00Z,fwd_6h,lightgbm,0.0077307316110635,0.10689516610411202
2026-05-03T17:00:00Z,fwd_6h,lightgbm,0.0077307316110635,0.036888098215600386
2026-05-03T18:00:00Z,fwd_6h,lightgbm,0.0294578685723785,0.03463937594530517
2026-05-03T19:00:00Z,fwd_6h,lightgbm,0.0169290094424159,0.015128556598100591
2026-05-03T20:00:00Z,fwd_6h,lightgbm,0.0091277139247774,0.008637932553167412
2026-05-03T21:00:00Z,fwd_6h,lightgbm,0.0091277139247774,0.04040836051022828
2026-05-03T22:00:00Z,fwd_6h,lightgbm,0.0931484352591538,0.0820280212304153
2026-05-03T23:00:00Z,fwd_6h,lightgbm,0.0915278031731725,0.04040836051022828
2026-05-04T00:00:00Z,fwd_6h,lightgbm,0.0817861555070629,0.03134019932396406
2026-05-04T01:00:00Z,fwd_6h,lightgbm,0.0892430584622909,0.02928400747935224
2026-05-04T02:00:00Z,fwd_6h,lightgbm,0.0904409234279999,0.026500802914308685
2026-05-04T03:00:00Z,fwd_6h,lightgbm,0.0757731579083229,0.03785780431343451
2026-05-04T04:00:00Z,fwd_6h,lightgbm,-0.0411065197546121,0.0074842137229789996
2026-05-04T05:00:00Z,fwd_6h,lightgbm,-0.1130191963585222,0.006420253164659555
2026-05-04T06:00:00Z,fwd_6h,lightgbm,-0.0881720353284266,-0.0077467430314015085
2026-05-04T07:00:00Z,fwd_6h,lightgbm,-0.0832572868993678,-0.037330763015587416
2026-05-04T08:00:00Z,fwd_6h,lightgbm,-0.0842643418942775,-0.008533242578497741
2026-05-04T09:00:00Z,fwd_6h,lightgbm,-0.0717786279569473,-0.026358392002527594
2026-05-04T10:00:00Z,fwd_6h,lightgbm,-0.0062459670175606,-0.005720376096930546
2026-05-04T11:00:00Z,fwd_6h,lightgbm,0.0927036940079977,0.022093254962546428
2026-05-04T12:00:00Z,fwd_6h,lightgbm,0.0732340383400855,0.07198984007456065
2026-05-04T13:00:00Z,fwd_6h,lightgbm,0.0522824357939983,0.01981357605424441
2026-05-04T14:00:00Z,fwd_6h,lightgbm,0.0359994433088926,-0.014872140836262267
2026-05-04T15:00:00Z,fwd_6h,lightgbm,0.0455732765202678,0.0011444130729657013
2026-05-04T16:00:00Z,fwd_6h,lightgbm,0.0990993440381147,0.06964270603771204
2026-05-04T17:00:00Z,fwd_6h,lightgbm,0.0660074515142603,0.03732427064257522
2026-05-04T18:00:00Z,fwd_6h,lightgbm,0.0033426027728624,0.04781450784296247
2026-05-04T19:00:00Z,fwd_6h,lightgbm,0.0390759370589048,-0.008973310884006144
2026-05-04T20:00:00Z,fwd_6h,lightgbm,0.048708095808142,0.05665815191779906
2026-05-04T21:00:00Z,fwd_6h,lightgbm,0.0615541813585998,0.008789811167053014
2026-05-04T22:00:00Z,fwd_6h,lightgbm,0.0026594395328298,0.01692336463244169
2026-05-04T23:00:00Z,fwd_6h,lightgbm,0.0086913362953964,0.019487414974372504
2026-05-05T00:00:00Z,fwd_6h,lightgbm,0.0683058863950356,-0.019573515170907687
2026-05-05T01:00:00Z,fwd_6h,lightgbm,0.0407939996243256,-0.010198544102075019
2026-05-05T02:00:00Z,fwd_6h,lightgbm,0.0439697316050509,-0.015628355831983933
2026-05-05T03:00:00Z,fwd_6h,lightgbm,-0.0019096765116607,-0.027600829053617663
2026-05-05T04:00:00Z,fwd_6h,lightgbm,0.0272385780730075,-0.04671922350918329
2026-05-05T05:00:00Z,fwd_6h,lightgbm,0.0331429666366878,-0.031362903168573784
2026-05-05T06:00:00Z,fwd_6h,lightgbm,0.1119303954053929,-0.04468097069810595
2026-05-05T07:00:00Z,fwd_6h,lightgbm,0.2023888103466946,-0.007580530397775665
2026-05-05T08:00:00Z,fwd_6h,lightgbm,0.1151694236420812,-0.02406977736781349
2026-05-05T09:00:00Z,fwd_6h,lightgbm,0.1651573920535602,-0.013072120105557037
2026-05-05T10:00:00Z,fwd_6h,lightgbm,0.0841356084569775,0.06006837943441467
2026-05-05T11:00:00Z,fwd_6h,lightgbm,0.1079645349498676,-0.006658691034960297
2026-05-05T12:00:00Z,fwd_6h,lightgbm,0.0296548448886304,0.002207429375551132
2026-05-05T13:00:00Z,fwd_6h,lightgbm,-0.064240253209671,0.02305485610206176
2026-05-05T14:00:00Z,fwd_6h,lightgbm,0.0382256937050167,-0.04356475625044043
2026-05-05T15:00:00Z,fwd_6h,lightgbm,0.0139638734062377,-0.023939360714946
2026-05-05T16:00:00Z,fwd_6h,lightgbm,-0.0280309855674741,-0.010541451430853138
2026-05-05T17:00:00Z,fwd_6h,lightgbm,-0.0531285107075171,-0.016860889852773318
2026-05-05T18:00:00Z,fwd_6h,lightgbm,-0.0712479795914154,-0.008460939616596377
2026-05-05T19:00:00Z,fwd_6h,lightgbm,-0.031056726082602,-0.045905763388974424
2026-05-05T20:00:00Z,fwd_6h,lightgbm,-0.0643614378213326,-0.04682122219702523
2026-05-05T21:00:00Z,fwd_6h,lightgbm,-0.0567188183125401,-0.005843273303013787
2026-05-05T22:00:00Z,fwd_6h,lightgbm,-0.006649110714517,0.008837382470402923
2026-05-05T23:00:00Z,fwd_6h,lightgbm,0.0008352227680212,-0.03281635808155461
2026-05-06T00:00:00Z,fwd_6h,lightgbm,0.0459849683182767,-0.013933398775207063
2026-05-06T01:00:00Z,fwd_6h,lightgbm,0.1879195031976954,-0.008822081505633066
2026-05-06T02:00:00Z,fwd_6h,lightgbm,0.085415015011341,-0.005652959913615004
2026-05-06T03:00:00Z,fwd_6h,lightgbm,0.0719637708420559,-0.04796650857490395
2026-05-06T04:00:00Z,fwd_6h,lightgbm,0.1011154967676652,-0.047144215668018505
2026-05-06T05:00:00Z,fwd_6h,lightgbm,0.1610823449427811,-0.048918959062415494
2026-05-06T06:00:00Z,fwd_6h,lightgbm,0.2360917497050558,-0.061867525463451964
2026-05-06T07:00:00Z,fwd_6h,lightgbm,0.0319142884950001,0.03712731092188004
2026-05-06T08:00:00Z,fwd_6h,lightgbm,0.1046462254794187,-0.04351084494562564
2026-05-06T09:00:00Z,fwd_6h,lightgbm,0.1002871040692379,-0.008739170999746406
2026-05-06T10:00:00Z,fwd_6h,lightgbm,0.0650510391809433,-0.04686021864907163
2026-05-06T11:00:00Z,fwd_6h,lightgbm,0.033286528313364,-0.015236112876682736
2026-05-06T12:00:00Z,fwd_6h,lightgbm,-0.0822440410446244,-0.0036172362314952373
2026-05-06T13:00:00Z,fwd_6h,lightgbm,-0.0397960031844613,-0.03447482617946832
2026-05-06T14:00:00Z,fwd_6h,lightgbm,-0.0133824657796017,-0.00446316301513065
2026-05-06T15:00:00Z,fwd_6h,lightgbm,0.180110594444766,-0.008053156681638517
2026-05-06T16:00:00Z,fwd_6h,lightgbm,0.1053778762947148,-0.014065587661246572
2026-05-06T17:00:00Z,fwd_6h,lightgbm,0.0900778065176826,-0.03310307122908783
2026-05-06T18:00:00Z,fwd_6h,lightgbm,0.1043550055605224,-0.021027252036988364
2026-05-06T19:00:00Z,fwd_6h,lightgbm,0.1438767732744579,-0.029886337223056093
2026-04-17T06:00:00Z,fwd_6h,xgboost,-0.0716128838523734,
2026-04-17T07:00:00Z,fwd_6h,xgboost,-0.0716128838523734,
2026-04-17T08:00:00Z,fwd_6h,xgboost,0.0264294896106698,
2026-04-17T09:00:00Z,fwd_6h,xgboost,0.0264294896106698,
2026-04-17T10:00:00Z,fwd_6h,xgboost,0.1410374081587724,
2026-04-17T11:00:00Z,fwd_6h,xgboost,0.1410374081587724,
2026-04-17T12:00:00Z,fwd_6h,xgboost,0.111656884090084,
2026-04-17T13:00:00Z,fwd_6h,xgboost,0.111656884090084,
2026-04-17T14:00:00Z,fwd_6h,xgboost,0.074598142124217,
2026-04-17T15:00:00Z,fwd_6h,xgboost,0.074598142124217,
2026-04-17T16:00:00Z,fwd_6h,xgboost,-0.0333364930278827,
2026-04-17T17:00:00Z,fwd_6h,xgboost,-0.0333364930278827,
2026-04-17T18:00:00Z,fwd_6h,xgboost,-0.0739422823432793,
2026-04-17T19:00:00Z,fwd_6h,xgboost,-0.0739422823432793,
2026-04-17T20:00:00Z,fwd_6h,xgboost,-0.042006126250267,
2026-04-17T21:00:00Z,fwd_6h,xgboost,-0.042006126250267,
2026-04-17T22:00:00Z,fwd_6h,xgboost,-0.0903385107504372,
2026-04-17T23:00:00Z,fwd_6h,xgboost,-0.0903385107504372,
2026-04-18T00:00:00Z,fwd_6h,xgboost,-0.0504516634443494,
2026-04-18T01:00:00Z,fwd_6h,xgboost,-0.0504516634443494,
2026-04-18T02:00:00Z,fwd_6h,xgboost,-0.0809584446549221,
2026-04-18T03:00:00Z,fwd_6h,xgboost,-0.0809584446549221,
2026-04-18T04:00:00Z,fwd_6h,xgboost,-0.0321276759024523,
2026-04-18T05:00:00Z,fwd_6h,xgboost,-0.0321276759024523,
2026-04-18T06:00:00Z,fwd_6h,xgboost,-0.0154019938169761,
2026-04-18T07:00:00Z,fwd_6h,xgboost,-0.0154019938169761,
2026-04-18T08:00:00Z,fwd_6h,xgboost,0.0172808764844798,
2026-04-18T09:00:00Z,fwd_6h,xgboost,0.0172808764844798,
2026-04-18T10:00:00Z,fwd_6h,xgboost,0.0408354197382849,
2026-04-18T11:00:00Z,fwd_6h,xgboost,0.0408354197382849,
2026-04-18T12:00:00Z,fwd_6h,xgboost,0.0231544146737576,
2026-04-18T13:00:00Z,fwd_6h,xgboost,0.0231544146737576,
2026-04-18T14:00:00Z,fwd_6h,xgboost,-0.0792474639950555,
2026-04-18T15:00:00Z,fwd_6h,xgboost,-0.0792474639950555,
2026-04-18T16:00:00Z,fwd_6h,xgboost,-0.1000844810912191,
2026-04-18T17:00:00Z,fwd_6h,xgboost,-0.1000844810912191,
2026-04-18T18:00:00Z,fwd_6h,xgboost,-0.1664955547869308,
2026-04-18T19:00:00Z,fwd_6h,xgboost,-0.1664955547869308,
2026-04-18T20:00:00Z,fwd_6h,xgboost,-0.0737970090528501,
2026-04-18T21:00:00Z,fwd_6h,xgboost,-0.0737970090528501,
2026-04-18T22:00:00Z,fwd_6h,xgboost,-0.0939547730569839,
2026-04-18T23:00:00Z,fwd_6h,xgboost,-0.0939547730569839,
2026-04-19T00:00:00Z,fwd_6h,xgboost,-0.0217638727159802,
2026-04-19T01:00:00Z,fwd_6h,xgboost,-0.0217638727159802,
2026-04-19T02:00:00Z,fwd_6h,xgboost,0.0246358149986232,
2026-04-19T03:00:00Z,fwd_6h,xgboost,0.0246358149986232,
2026-04-19T04:00:00Z,fwd_6h,xgboost,0.0474319915411709,
2026-04-19T05:00:00Z,fwd_6h,xgboost,0.0474319915411709,
2026-04-19T06:00:00Z,fwd_6h,xgboost,0.0417999132988664,
2026-04-19T07:00:00Z,fwd_6h,xgboost,0.0417999132988664,
2026-04-19T08:00:00Z,fwd_6h,xgboost,-0.0053770347743699,
2026-04-19T09:00:00Z,fwd_6h,xgboost,-0.0053770347743699,
2026-04-19T10:00:00Z,fwd_6h,xgboost,-0.0006785786588269,
2026-04-19T11:00:00Z,fwd_6h,xgboost,-0.0006785786588269,
2026-04-19T12:00:00Z,fwd_6h,xgboost,0.0047238564559759,
2026-04-19T13:00:00Z,fwd_6h,xgboost,0.0047238564559759,
2026-04-19T14:00:00Z,fwd_6h,xgboost,-0.0911065843676309,
2026-04-19T15:00:00Z,fwd_6h,xgboost,-0.0911065843676309,
2026-04-19T16:00:00Z,fwd_6h,xgboost,-0.0953798799618788,
2026-04-19T17:00:00Z,fwd_6h,xgboost,-0.0953798799618788,
2026-04-19T18:00:00Z,fwd_6h,xgboost,-0.0555294259667564,
2026-04-19T19:00:00Z,fwd_6h,xgboost,-0.0555294259667564,
2026-04-19T20:00:00Z,fwd_6h,xgboost,0.0440521420123209,
2026-04-19T21:00:00Z,fwd_6h,xgboost,0.0440521420123209,
2026-04-19T22:00:00Z,fwd_6h,xgboost,-0.0221466535669736,
2026-04-19T23:00:00Z,fwd_6h,xgboost,-0.0221466535669736,
2026-04-20T00:00:00Z,fwd_6h,xgboost,-0.0634056412658684,
2026-04-20T01:00:00Z,fwd_6h,xgboost,-0.0634056412658684,
2026-04-20T02:00:00Z,fwd_6h,xgboost,-0.0229768002075646,
2026-04-20T03:00:00Z,fwd_6h,xgboost,-0.0229768002075646,
2026-04-20T04:00:00Z,fwd_6h,xgboost,0.0431657960367666,
2026-04-20T05:00:00Z,fwd_6h,xgboost,0.0431657960367666,
2026-04-20T06:00:00Z,fwd_6h,xgboost,0.1136855564149494,
2026-04-20T07:00:00Z,fwd_6h,xgboost,0.1136855564149494,
2026-04-20T08:00:00Z,fwd_6h,xgboost,0.067601680045592,
2026-04-20T09:00:00Z,fwd_6h,xgboost,0.067601680045592,
2026-04-20T10:00:00Z,fwd_6h,xgboost,0.0377722142137937,
2026-04-20T11:00:00Z,fwd_6h,xgboost,0.0377722142137937,
2026-04-20T12:00:00Z,fwd_6h,xgboost,-0.027940632156484,
2026-04-20T13:00:00Z,fwd_6h,xgboost,-0.027940632156484,
2026-04-20T14:00:00Z,fwd_6h,xgboost,0.0132486920343741,0.032420940697193146
2026-04-20T15:00:00Z,fwd_6h,xgboost,0.0132486920343741,0.014782228507101536
2026-04-20T16:00:00Z,fwd_6h,xgboost,0.0423732598578165,-0.00409809872508049
2026-04-20T17:00:00Z,fwd_6h,xgboost,0.0423732598578165,0.007453262805938721
2026-04-20T18:00:00Z,fwd_6h,xgboost,-0.0282685882433222,-0.021319953724741936
2026-04-20T19:00:00Z,fwd_6h,xgboost,-0.0282685882433222,-0.030253315344452858
2026-04-20T20:00:00Z,fwd_6h,xgboost,-0.067770203651209,-0.061083514243364334
2026-04-20T21:00:00Z,fwd_6h,xgboost,-0.067770203651209,0.009704888798296452
2026-04-20T22:00:00Z,fwd_6h,xgboost,-0.0977456623052489,-0.05232817679643631
2026-04-20T23:00:00Z,fwd_6h,xgboost,-0.0977456623052489,-0.051038842648267746
2026-04-21T00:00:00Z,fwd_6h,xgboost,-0.032154581168123,-0.03463064134120941
2026-04-21T01:00:00Z,fwd_6h,xgboost,-0.032154581168123,-0.02552306465804577
2026-04-21T02:00:00Z,fwd_6h,xgboost,0.0494331502250009,-0.040493134409189224
2026-04-21T03:00:00Z,fwd_6h,xgboost,0.0494331502250009,-0.04658076539635658
2026-04-21T04:00:00Z,fwd_6h,xgboost,0.0842983081860269,-0.04608674719929695
2026-04-21T05:00:00Z,fwd_6h,xgboost,0.0842983081860269,0.006654743570834398
2026-04-21T06:00:00Z,fwd_6h,xgboost,0.1299143146737948,-0.03141360729932785
2026-04-21T07:00:00Z,fwd_6h,xgboost,0.1299143146737948,-0.04792561009526253
2026-04-21T08:00:00Z,fwd_6h,xgboost,0.0420696095745838,-0.012919846922159195
2026-04-21T09:00:00Z,fwd_6h,xgboost,0.0420696095745838,-0.023806050419807434
2026-04-21T10:00:00Z,fwd_6h,xgboost,-0.0171221507886399,-0.010762894526124
2026-04-21T11:00:00Z,fwd_6h,xgboost,-0.0171221507886399,0.019833363592624664
2026-04-21T12:00:00Z,fwd_6h,xgboost,-0.0568021174587255,-0.050987180322408676
2026-04-21T13:00:00Z,fwd_6h,xgboost,-0.0568021174587255,-0.041223619133234024
2026-04-21T14:00:00Z,fwd_6h,xgboost,-0.0251125346511612,-0.05295513570308685
2026-04-21T15:00:00Z,fwd_6h,xgboost,-0.0251125346511612,-0.026022154837846756
2026-04-21T16:00:00Z,fwd_6h,xgboost,0.0335980215754752,-0.04117939621210098
2026-04-21T17:00:00Z,fwd_6h,xgboost,0.0335980215754752,-0.01850864849984646
2026-04-21T18:00:00Z,fwd_6h,xgboost,0.0358247708557331,-0.025054141879081726
2026-04-21T19:00:00Z,fwd_6h,xgboost,0.0358247708557331,-0.058833394199609756
2026-04-21T20:00:00Z,fwd_6h,xgboost,0.0021543668174439,-0.014247043058276176
2026-04-21T21:00:00Z,fwd_6h,xgboost,0.0021543668174439,-0.006220391020178795
2026-04-21T22:00:00Z,fwd_6h,xgboost,0.0319414168973191,-0.010753943584859371
2026-04-21T23:00:00Z,fwd_6h,xgboost,0.0319414168973191,-0.038990143686532974
2026-04-22T00:00:00Z,fwd_6h,xgboost,0.0297230158009194,-0.0344526544213295
2026-04-22T01:00:00Z,fwd_6h,xgboost,0.0297230158009194,-0.04195917397737503
2026-04-22T02:00:00Z,fwd_6h,xgboost,0.0923792060222381,0.037818390876054764
2026-04-22T03:00:00Z,fwd_6h,xgboost,0.0923792060222381,-0.05185050889849663
2026-04-22T04:00:00Z,fwd_6h,xgboost,0.0608476155819288,-0.009015928953886032
2026-04-22T05:00:00Z,fwd_6h,xgboost,0.0881586355632118,0.01793777383863926
2026-04-22T06:00:00Z,fwd_6h,xgboost,0.0804838162826517,-0.04492967203259468
2026-04-22T07:00:00Z,fwd_6h,xgboost,0.0804838162826517,-0.010399830527603626
2026-04-22T08:00:00Z,fwd_6h,xgboost,0.0185099164218336,0.02288270741701126
2026-04-22T09:00:00Z,fwd_6h,xgboost,0.0185099164218336,-0.015062384307384491
2026-04-22T10:00:00Z,fwd_6h,xgboost,0.1535459112917467,-0.03226478397846222
2026-04-22T11:00:00Z,fwd_6h,xgboost,0.1245937765542322,-0.042559877038002014
2026-04-22T12:00:00Z,fwd_6h,xgboost,0.1325819147095921,-0.03189137950539589
2026-04-22T13:00:00Z,fwd_6h,xgboost,0.1325819147095921,-0.004804468248039484
2026-04-22T14:00:00Z,fwd_6h,xgboost,0.035518085605233,0.03856588900089264
2026-04-22T15:00:00Z,fwd_6h,xgboost,0.035518085605233,0.014882740564644337
2026-04-22T16:00:00Z,fwd_6h,xgboost,-0.0857013765130157,0.025660105049610138
2026-04-22T17:00:00Z,fwd_6h,xgboost,-0.0857013765130157,-0.042359113693237305
2026-04-22T18:00:00Z,fwd_6h,xgboost,-0.0497721057783605,-0.06058242544531822
2026-04-22T19:00:00Z,fwd_6h,xgboost,-0.0497721057783605,-0.037390388548374176
2026-04-22T20:00:00Z,fwd_6h,xgboost,0.0392970850132388,-0.04828477278351784
2026-04-22T21:00:00Z,fwd_6h,xgboost,0.0392970850132388,-0.016415560618042946
2026-04-22T22:00:00Z,fwd_6h,xgboost,0.0064650305738254,-0.04724038392305374
2026-04-22T23:00:00Z,fwd_6h,xgboost,0.0064650305738254,-0.02920684590935707
2026-04-23T00:00:00Z,fwd_6h,xgboost,-0.0315906345864475,0.010406576097011566
2026-04-23T01:00:00Z,fwd_6h,xgboost,-0.0315906345864475,-0.019140928983688354
2026-04-23T02:00:00Z,fwd_6h,xgboost,-0.0923520130930563,-0.031131556257605553
2026-04-23T03:00:00Z,fwd_6h,xgboost,-0.0923520130930563,-0.01606055721640587
2026-04-23T04:00:00Z,fwd_6h,xgboost,-0.0627434850143782,-0.02949170395731926
2026-04-23T05:00:00Z,fwd_6h,xgboost,-0.0627434850143782,-0.04779250919818878
2026-04-23T06:00:00Z,fwd_6h,xgboost,0.0479674350331693,-0.03903074190020561
2026-04-23T07:00:00Z,fwd_6h,xgboost,0.0479674350331693,-0.059987448155879974
2026-04-23T08:00:00Z,fwd_6h,xgboost,0.1181223264681665,-0.06110469251871109
2026-04-23T09:00:00Z,fwd_6h,xgboost,0.1181223264681665,-0.05356098711490631
2026-04-23T10:00:00Z,fwd_6h,xgboost,0.0853318512229093,-0.0431649386882782
2026-04-23T11:00:00Z,fwd_6h,xgboost,0.0853318512229093,-0.044276900589466095
2026-04-23T12:00:00Z,fwd_6h,xgboost,-0.0293263755396362,0.026010947301983833
2026-04-23T13:00:00Z,fwd_6h,xgboost,-0.0293263755396362,-0.05919705703854561
2026-04-23T14:00:00Z,fwd_6h,xgboost,-0.0530172100638036,0.04456859827041626
2026-04-23T15:00:00Z,fwd_6h,xgboost,-0.0530172100638036,-0.025641383603215218
2026-04-23T16:00:00Z,fwd_6h,xgboost,-0.0244065913888801,-0.0012982626212760806
2026-04-23T17:00:00Z,fwd_6h,xgboost,-0.0244065913888801,-0.03719523921608925
2026-04-23T18:00:00Z,fwd_6h,xgboost,0.0505713450874221,0.01666262187063694
2026-04-23T19:00:00Z,fwd_6h,xgboost,0.0505713450874221,-0.02091517113149166
2026-04-23T20:00:00Z,fwd_6h,xgboost,0.0768536726616908,-0.027757996693253517
2026-04-23T21:00:00Z,fwd_6h,xgboost,0.0768536726616908,-0.008514860644936562
2026-04-23T22:00:00Z,fwd_6h,xgboost,0.0225902030873015,-0.05990825593471527
2026-04-23T23:00:00Z,fwd_6h,xgboost,0.0225902030873015,0.012200923636555672
2026-04-24T00:00:00Z,fwd_6h,xgboost,-0.0503907549855541,-0.04010753706097603
2026-04-24T01:00:00Z,fwd_6h,xgboost,-0.0503907549855541,-0.03486612066626549
2026-04-24T02:00:00Z,fwd_6h,xgboost,-0.0130942512538422,-0.05056505650281906
2026-04-24T03:00:00Z,fwd_6h,xgboost,-0.0130942512538422,-0.033997055143117905
2026-04-24T04:00:00Z,fwd_6h,xgboost,0.0392756325062362,-0.03764613717794418
2026-04-24T05:00:00Z,fwd_6h,xgboost,0.0392756325062362,-0.04813101887702942
2026-04-24T06:00:00Z,fwd_6h,xgboost,0.2418066795474562,-0.04056829959154129
2026-04-24T07:00:00Z,fwd_6h,xgboost,0.2208872449356422,0.0016142930835485458
2026-04-24T08:00:00Z,fwd_6h,xgboost,0.2140757508293336,-0.04313787817955017
2026-04-24T09:00:00Z,fwd_6h,xgboost,0.2911588867237276,-0.043086156249046326
2026-04-24T10:00:00Z,fwd_6h,xgboost,0.2442765828953423,-0.0030301630031317472
2026-04-24T11:00:00Z,fwd_6h,xgboost,0.3692102211549219,-0.004866113420575857
2026-04-24T12:00:00Z,fwd_6h,xgboost,0.1474819125746422,-0.004987593740224838
2026-04-24T13:00:00Z,fwd_6h,xgboost,0.1482779976679105,-0.03900836780667305
2026-04-24T14:00:00Z,fwd_6h,xgboost,0.2803333910879015,-0.0023648955393582582
2026-04-24T15:00:00Z,fwd_6h,xgboost,0.1279678202632863,-0.0011199221480637789
2026-04-24T16:00:00Z,fwd_6h,xgboost,0.1737946326157529,-0.002491674618795514
2026-04-24T17:00:00Z,fwd_6h,xgboost,-0.0160405270700146,-0.0011199221480637789
2026-04-24T18:00:00Z,fwd_6h,xgboost,-0.036098364819574,-0.011356079950928688
2026-04-24T19:00:00Z,fwd_6h,xgboost,-0.0326599243657429,6.154202856123447e-05
2026-04-24T20:00:00Z,fwd_6h,xgboost,-0.1763545162164508,-0.012478283606469631
2026-04-24T21:00:00Z,fwd_6h,xgboost,-0.1098560155171383,-0.017103735357522964
2026-04-24T22:00:00Z,fwd_6h,xgboost,-0.1218243617933239,-0.054802533239126205
2026-04-24T23:00:00Z,fwd_6h,xgboost,-0.07908599449663,-0.03570595011115074
2026-04-25T00:00:00Z,fwd_6h,xgboost,-0.036761936206702,0.006636962294578552
2026-04-25T01:00:00Z,fwd_6h,xgboost,-0.04109968683417,-0.02608446031808853
2026-04-25T02:00:00Z,fwd_6h,xgboost,-0.0082191716268446,-0.02904786914587021
2026-04-25T03:00:00Z,fwd_6h,xgboost,-0.0204004674529858,-0.017237570136785507
2026-04-25T04:00:00Z,fwd_6h,xgboost,0.0120283332376476,-0.05467904731631279
2026-04-25T05:00:00Z,fwd_6h,xgboost,0.0552465504383399,-0.0615726038813591
2026-04-25T06:00:00Z,fwd_6h,xgboost,0.0533008689316494,-0.017862360924482346
2026-04-25T07:00:00Z,fwd_6h,xgboost,0.0752423642813515,0.000315565790515393
2026-04-25T08:00:00Z,fwd_6h,xgboost,0.0581400283652306,-0.01227539498358965
2026-04-25T09:00:00Z,fwd_6h,xgboost,0.1313899102354414,-0.0016569430008530617
2026-04-25T10:00:00Z,fwd_6h,xgboost,0.1109947728921079,0.00603265268728137
2026-04-25T11:00:00Z,fwd_6h,xgboost,0.0789541402490798,0.00482717901468277
2026-04-25T12:00:00Z,fwd_6h,xgboost,0.1256293048344894,0.014433554373681545
2026-04-25T13:00:00Z,fwd_6h,xgboost,0.1244014109577089,-0.02509228326380253
2026-04-25T14:00:00Z,fwd_6h,xgboost,0.1106460283342785,0.004950328730046749
2026-04-25T15:00:00Z,fwd_6h,xgboost,0.0741822781128307,-0.01390144694596529
2026-04-25T16:00:00Z,fwd_6h,xgboost,0.0892718696707308,0.013722873292863369
2026-04-25T17:00:00Z,fwd_6h,xgboost,0.0819388407012482,0.007695031352341175
2026-04-25T18:00:00Z,fwd_6h,xgboost,-0.0049292837148394,-0.03817005828022957
2026-04-25T19:00:00Z,fwd_6h,xgboost,0.0054193173683287,-0.015593402087688446
2026-04-25T20:00:00Z,fwd_6h,xgboost,-0.0021689336599187,-0.03661685064435005
2026-04-25T21:00:00Z,fwd_6h,xgboost,-0.0281917716124789,-0.024200810119509697
2026-04-25T22:00:00Z,fwd_6h,xgboost,-0.0632080588400769,-0.04156545177102089
2026-04-25T23:00:00Z,fwd_6h,xgboost,-0.0235182560774014,-0.047548774629831314
2026-04-26T00:00:00Z,fwd_6h,xgboost,-0.0075847329594496,-0.06282311677932739
2026-04-26T01:00:00Z,fwd_6h,xgboost,-0.0341465812584089,-0.03614242374897003
2026-04-26T02:00:00Z,fwd_6h,xgboost,-0.0234800947632519,-0.033341072499752045
2026-04-26T03:00:00Z,fwd_6h,xgboost,-0.019422471115063,-0.04595605656504631
2026-04-26T04:00:00Z,fwd_6h,xgboost,0.0084483496579541,-0.051790013909339905
2026-04-26T05:00:00Z,fwd_6h,xgboost,-0.0177278822234699,-0.0490652471780777
2026-04-26T06:00:00Z,fwd_6h,xgboost,-0.0062094547182306,-0.03794462978839874
2026-04-26T07:00:00Z,fwd_6h,xgboost,0.0266413981868842,-0.0245829988270998
2026-04-26T08:00:00Z,fwd_6h,xgboost,0.0078178100689636,-0.022459084168076515
2026-04-26T09:00:00Z,fwd_6h,xgboost,-0.0053384139867705,0.001260276883840561
2026-04-26T10:00:00Z,fwd_6h,xgboost,-0.1285931838297752,-0.029539262875914574
2026-04-26T11:00:00Z,fwd_6h,xgboost,-0.09254186074135,-0.03715508431196213
2026-04-26T12:00:00Z,fwd_6h,xgboost,-0.1134591088590117,-0.05756483972072601
2026-04-26T13:00:00Z,fwd_6h,xgboost,-0.1179540841566614,-0.04668911173939705
2026-04-26T14:00:00Z,fwd_6h,xgboost,-0.0131234440157421,-0.060249511152505875
2026-04-26T15:00:00Z,fwd_6h,xgboost,-0.0426225156450805,-0.06359279900789261
2026-04-26T16:00:00Z,fwd_6h,xgboost,0.1098246051240092,-0.016242602840065956
2026-04-26T17:00:00Z,fwd_6h,xgboost,0.1060406611751803,0.012407023459672928
2026-04-26T18:00:00Z,fwd_6h,xgboost,0.160226665030617,-0.036602843552827835
2026-04-26T19:00:00Z,fwd_6h,xgboost,0.152340083475186,-0.03351552411913872
2026-04-26T20:00:00Z,fwd_6h,xgboost,0.055820108989772,-0.005397374276071787
2026-04-26T21:00:00Z,fwd_6h,xgboost,0.080682869271649,-0.059604350477457047
2026-04-26T22:00:00Z,fwd_6h,xgboost,0.0810523031819678,-0.05977094918489456
2026-04-26T23:00:00Z,fwd_6h,xgboost,0.0165898603207377,-0.03231014683842659
2026-04-27T00:00:00Z,fwd_6h,xgboost,-0.0262775158337049,0.0009298650547862053
2026-04-27T01:00:00Z,fwd_6h,xgboost,-0.0305967580825137,0.020443998277187347
2026-04-27T02:00:00Z,fwd_6h,xgboost,-0.0209829027217794,0.051990315318107605
2026-04-27T03:00:00Z,fwd_6h,xgboost,-0.0370498008915181,0.024820515885949135
2026-04-27T04:00:00Z,fwd_6h,xgboost,-0.1012684403420233,0.04450344294309616
2026-04-27T05:00:00Z,fwd_6h,xgboost,-0.0916989834058762,0.02895328402519226
2026-04-27T06:00:00Z,fwd_6h,xgboost,-0.0744945479495117,0.03530946746468544
2026-04-27T07:00:00Z,fwd_6h,xgboost,-0.0606428985475158,0.015298412181437016
2026-04-27T08:00:00Z,fwd_6h,xgboost,-0.0627916121607168,0.006858412176370621
2026-04-27T09:00:00Z,fwd_6h,xgboost,-0.105610553568446,0.003902324242517352
2026-04-27T10:00:00Z,fwd_6h,xgboost,-0.0858760862662857,0.0008051622426137328
2026-04-27T11:00:00Z,fwd_6h,xgboost,-0.160059666240382,-0.01575828716158867
2026-04-27T12:00:00Z,fwd_6h,xgboost,-0.1462046373993686,0.013272379525005817
2026-04-27T13:00:00Z,fwd_6h,xgboost,-0.1726058119049092,0.02255166321992874
2026-04-27T14:00:00Z,fwd_6h,xgboost,-0.1635971719146286,-0.0007408738601952791
2026-04-27T15:00:00Z,fwd_6h,xgboost,-0.1203371635898694,-0.015161576680839062
2026-04-27T16:00:00Z,fwd_6h,xgboost,-0.09481741807511,0.003661456285044551
2026-04-27T17:00:00Z,fwd_6h,xgboost,0.0156906379580779,0.012250064872205257
2026-04-27T18:00:00Z,fwd_6h,xgboost,0.0479284321272652,0.029198115691542625
2026-04-27T19:00:00Z,fwd_6h,xgboost,0.0731445007302784,0.045129768550395966
2026-04-27T20:00:00Z,fwd_6h,xgboost,0.0321023484284404,2.9079063097015023e-05
2026-04-27T21:00:00Z,fwd_6h,xgboost,0.0766044579849121,-0.007133181672543287
2026-04-27T22:00:00Z,fwd_6h,xgboost,0.0688441604125278,-0.005855713039636612
2026-04-27T23:00:00Z,fwd_6h,xgboost,0.057677504942992,0.008795974776148796
2026-04-28T00:00:00Z,fwd_6h,xgboost,-0.0637770186902214,0.006981773301959038
2026-04-28T01:00:00Z,fwd_6h,xgboost,-0.1130529283593214,-0.008818118833005428
2026-04-28T02:00:00Z,fwd_6h,xgboost,-0.0868326167293377,0.02657332830131054
2026-04-28T03:00:00Z,fwd_6h,xgboost,-0.1053895909008496,0.0018452245276421309
2026-04-28T04:00:00Z,fwd_6h,xgboost,-0.1044376195769647,0.04108048602938652
2026-04-28T05:00:00Z,fwd_6h,xgboost,-0.0991068661709136,-0.00450009573251009
2026-04-28T06:00:00Z,fwd_6h,xgboost,-0.0350239152253811,-0.016798852011561394
2026-04-28T07:00:00Z,fwd_6h,xgboost,0.0095729146969008,0.06480007618665695
2026-04-28T08:00:00Z,fwd_6h,xgboost,0.004918587451135,0.022389603778719902
2026-04-28T09:00:00Z,fwd_6h,xgboost,0.004918587451135,0.004227119963616133
2026-04-28T10:00:00Z,fwd_6h,xgboost,-0.0127298036706265,0.03723384067416191
2026-04-28T11:00:00Z,fwd_6h,xgboost,-0.0127298036706265,0.021016335114836693
2026-04-28T12:00:00Z,fwd_6h,xgboost,-0.0175620108356487,0.01245393417775631
2026-04-28T13:00:00Z,fwd_6h,xgboost,-0.0175620108356487,-0.009758195839822292
2026-04-28T14:00:00Z,fwd_6h,xgboost,-0.0706180786452631,-0.05011085420846939
2026-04-28T15:00:00Z,fwd_6h,xgboost,-0.0706180786452631,0.021679412573575974
2026-04-28T16:00:00Z,fwd_6h,xgboost,-0.054004495341984,0.04058711975812912
2026-04-28T17:00:00Z,fwd_6h,xgboost,-0.054004495341984,0.00570685975253582
2026-04-28T18:00:00Z,fwd_6h,xgboost,-0.0432673524934342,0.029745418578386307
2026-04-28T19:00:00Z,fwd_6h,xgboost,-0.0432673524934342,-0.021418357267975807
2026-04-28T20:00:00Z,fwd_6h,xgboost,0.0113500992295214,-0.021594461053609848
2026-04-28T21:00:00Z,fwd_6h,xgboost,0.0113500992295214,0.011154071427881718
2026-04-28T22:00:00Z,fwd_6h,xgboost,0.175492942076358,0.003847671439871192
2026-04-28T23:00:00Z,fwd_6h,xgboost,0.1696226339652671,-0.0053474982269108295
2026-04-29T00:00:00Z,fwd_6h,xgboost,0.1674189701380568,0.012528430670499802
2026-04-29T01:00:00Z,fwd_6h,xgboost,0.1237199828340478,0.030572347342967987
2026-04-29T02:00:00Z,fwd_6h,xgboost,0.1201551342632656,0.02927294746041298
2026-04-29T03:00:00Z,fwd_6h,xgboost,0.1660241014800443,-0.008063974790275097
2026-04-29T04:00:00Z,fwd_6h,xgboost,-0.0002631954706728,0.06342806667089462
2026-04-29T05:00:00Z,fwd_6h,xgboost,-0.0221734520136729,0.03142237290740013
2026-04-29T06:00:00Z,fwd_6h,xgboost,-0.0868493691893784,-0.024684881791472435
2026-04-29T07:00:00Z,fwd_6h,xgboost,-0.0513389587383664,0.02774728089570999
2026-04-29T08:00:00Z,fwd_6h,xgboost,-0.0483198832070808,-0.002042188076302409
2026-04-29T09:00:00Z,fwd_6h,xgboost,-0.0857570030939046,0.04596855491399765
2026-04-29T10:00:00Z,fwd_6h,xgboost,-0.0746372213484127,-0.002831739606335759
2026-04-29T11:00:00Z,fwd_6h,xgboost,-0.0491540850291414,-7.75112712290138e-05
2026-04-29T12:00:00Z,fwd_6h,xgboost,0.0086652107630751,-0.022849515080451965
2026-04-29T13:00:00Z,fwd_6h,xgboost,0.0086652107630751,-0.002457182854413986
2026-04-29T14:00:00Z,fwd_6h,xgboost,-0.1220099291289938,0.0142187075689435
2026-04-29T15:00:00Z,fwd_6h,xgboost,-0.1220099291289938,0.021078526973724365
2026-04-29T16:00:00Z,fwd_6h,xgboost,-0.1295525398295541,0.00330746709369123
2026-04-29T17:00:00Z,fwd_6h,xgboost,-0.1295525398295541,0.002223085379227996
2026-04-29T18:00:00Z,fwd_6h,xgboost,0.048936108241345,-0.003362351795658469
2026-04-29T19:00:00Z,fwd_6h,xgboost,0.0589561334790069,-0.004790402017533779
2026-04-29T20:00:00Z,fwd_6h,xgboost,0.1910765982834577,0.014576048590242863
2026-04-29T21:00:00Z,fwd_6h,xgboost,0.1158471788685204,0.062033433467149734
2026-04-29T22:00:00Z,fwd_6h,xgboost,0.0765175642883255,-0.005838009063154459
2026-04-29T23:00:00Z,fwd_6h,xgboost,0.0765175642883255,-0.02381182461977005
2026-04-30T00:00:00Z,fwd_6h,xgboost,-0.1066643885157919,-0.009866764768958092
2026-04-30T01:00:00Z,fwd_6h,xgboost,-0.1151172838622366,0.03558291494846344
2026-04-30T02:00:00Z,fwd_6h,xgboost,-0.0581087579213071,-0.004114437848329544
2026-04-30T03:00:00Z,fwd_6h,xgboost,0.0053927077233386,-0.04625413566827774
2026-04-30T04:00:00Z,fwd_6h,xgboost,0.0421238387408229,0.012864247895777225
2026-04-30T05:00:00Z,fwd_6h,xgboost,0.0421238387408229,0.010621055029332638
2026-04-30T06:00:00Z,fwd_6h,xgboost,0.0427230469081809,0.020193088799715042
2026-04-30T07:00:00Z,fwd_6h,xgboost,0.0427230469081809,-0.007590302266180515
2026-04-30T08:00:00Z,fwd_6h,xgboost,0.0005749874871705,0.006872634869068861
2026-04-30T09:00:00Z,fwd_6h,xgboost,0.0005749874871705,-0.0012792423367500305
2026-04-30T10:00:00Z,fwd_6h,xgboost,0.0334374562394106,0.0018119645537808537
2026-04-30T11:00:00Z,fwd_6h,xgboost,0.0334374562394106,0.017457380890846252
2026-04-30T12:00:00Z,fwd_6h,xgboost,0.0328435841023473,-0.014411387965083122
2026-04-30T13:00:00Z,fwd_6h,xgboost,0.0328435841023473,0.014942887239158154
2026-04-30T14:00:00Z,fwd_6h,xgboost,0.0830335374928419,-0.014117750339210033
2026-04-30T15:00:00Z,fwd_6h,xgboost,0.0799128391860135,0.06036539748311043
2026-04-30T16:00:00Z,fwd_6h,xgboost,0.0672407897463212,-0.016677170991897583
2026-04-30T17:00:00Z,fwd_6h,xgboost,0.0802325723342594,-0.03467775136232376
2026-04-30T18:00:00Z,fwd_6h,xgboost,0.0763254303225065,-0.001304526929743588
2026-04-30T19:00:00Z,fwd_6h,xgboost,0.0780774746063215,-0.04890668764710426
2026-04-30T20:00:00Z,fwd_6h,xgboost,0.0526279732816949,-0.03128363564610481
2026-04-30T21:00:00Z,fwd_6h,xgboost,0.097074392055072,-0.03219621628522873
2026-04-30T22:00:00Z,fwd_6h,xgboost,0.0962346822390729,-0.024925487115979195
2026-04-30T23:00:00Z,fwd_6h,xgboost,0.1356413646859233,-0.0016125667607411742
2026-05-01T00:00:00Z,fwd_6h,xgboost,0.1149957351158086,0.035831842571496964
2026-05-01T01:00:00Z,fwd_6h,xgboost,0.0979304639545972,-0.027229323983192444
2026-05-01T02:00:00Z,fwd_6h,xgboost,0.1671109972776485,-0.05481988191604614
2026-05-01T03:00:00Z,fwd_6h,xgboost,0.0561367031192867,0.035507574677467346
2026-05-01T04:00:00Z,fwd_6h,xgboost,0.009806886284613,-0.003493929049000144
2026-05-01T05:00:00Z,fwd_6h,xgboost,-0.0465964945254071,-0.04026537016034126
2026-05-01T06:00:00Z,fwd_6h,xgboost,0.0005384761567601,-0.011507025919854641
2026-05-01T07:00:00Z,fwd_6h,xgboost,0.0252222342509669,-0.05059247836470604
2026-05-01T08:00:00Z,fwd_6h,xgboost,-0.0599238460542288,-0.011307590641081333
2026-05-01T09:00:00Z,fwd_6h,xgboost,-0.023317897945377,-0.05157172307372093
2026-05-01T10:00:00Z,fwd_6h,xgboost,-8.355717998065337e-05,-0.01200854405760765
2026-05-01T11:00:00Z,fwd_6h,xgboost,0.0412765622072277,-0.051806122064590454
2026-05-01T12:00:00Z,fwd_6h,xgboost,0.0415942028497153,-0.03783147782087326
2026-05-01T13:00:00Z,fwd_6h,xgboost,-0.0130565017735793,0.037619393318891525
2026-05-01T14:00:00Z,fwd_6h,xgboost,-0.0351945119855304,-0.03726029396057129
2026-05-01T15:00:00Z,fwd_6h,xgboost,0.0255316912637895,-0.03897131606936455
2026-05-01T16:00:00Z,fwd_6h,xgboost,0.0087467312999849,-0.004913012497127056
2026-05-01T17:00:00Z,fwd_6h,xgboost,-0.0048005718207516,0.022366514429450035
2026-05-01T18:00:00Z,fwd_6h,xgboost,0.0035672145992442,0.03252289816737175
2026-05-01T19:00:00Z,fwd_6h,xgboost,-0.0380452004818412,-0.00729574728757143
2026-05-01T20:00:00Z,fwd_6h,xgboost,-0.0089159047742873,-0.03801526501774788
2026-05-01T21:00:00Z,fwd_6h,xgboost,-0.050243585246029,0.0005977426772005856
2026-05-01T22:00:00Z,fwd_6h,xgboost,-0.0845390737655926,0.00772694731131196
2026-05-01T23:00:00Z,fwd_6h,xgboost,-0.0919866825074269,0.00447224173694849
2026-05-02T00:00:00Z,fwd_6h,xgboost,-0.1277916910216459,-0.014444020576775074
2026-05-02T01:00:00Z,fwd_6h,xgboost,-0.0194026777526548,-0.002122120000422001
2026-05-02T02:00:00Z,fwd_6h,xgboost,-0.0203856809947263,-0.01205151341855526
2026-05-02T03:00:00Z,fwd_6h,xgboost,-0.0002184584401603,-0.021242130547761917
2026-05-02T04:00:00Z,fwd_6h,xgboost,0.0720354237870279,0.02220110222697258
2026-05-02T05:00:00Z,fwd_6h,xgboost,0.0333521744669851,0.005279762204736471
2026-05-02T06:00:00Z,fwd_6h,xgboost,0.0390932933547718,-0.011338707059621811
2026-05-02T07:00:00Z,fwd_6h,xgboost,0.0191636834892445,-0.018947705626487732
2026-05-02T08:00:00Z,fwd_6h,xgboost,0.0298660981011267,0.0013303046580404043
2026-05-02T09:00:00Z,fwd_6h,xgboost,0.016656203788159,-0.001798060955479741
2026-05-02T10:00:00Z,fwd_6h,xgboost,0.0314833631493818,-0.02538403496146202
2026-05-02T11:00:00Z,fwd_6h,xgboost,0.0548789365013491,-0.0007209269679151475
2026-05-02T12:00:00Z,fwd_6h,xgboost,0.0369406641734588,-0.03739488497376442
2026-05-02T13:00:00Z,fwd_6h,xgboost,0.0193282761614421,-0.009674004279077053
2026-05-02T14:00:00Z,fwd_6h,xgboost,0.0125132548230539,0.021766487509012222
2026-05-02T15:00:00Z,fwd_6h,xgboost,-2.3693249990741627e-05,0.0092597845941782
2026-05-02T16:00:00Z,fwd_6h,xgboost,-0.0455028992730566,0.01869194209575653
2026-05-02T17:00:00Z,fwd_6h,xgboost,-0.0392906690334862,-0.028647294268012047
2026-05-02T18:00:00Z,fwd_6h,xgboost,-0.0081817813850811,-0.02281155437231064
2026-05-02T19:00:00Z,fwd_6h,xgboost,-0.015398978075055,-0.02153870277106762
2026-05-02T20:00:00Z,fwd_6h,xgboost,0.0003198622059501,-0.03213915228843689
2026-05-02T21:00:00Z,fwd_6h,xgboost,0.016902128678534,-0.039323098957538605
2026-05-02T22:00:00Z,fwd_6h,xgboost,-0.0030287708350092,-0.015665216371417046
2026-05-02T23:00:00Z,fwd_6h,xgboost,-0.0277955154684201,-0.04182372987270355
2026-05-03T00:00:00Z,fwd_6h,xgboost,-0.0407688383602781,-0.027133917436003685
2026-05-03T01:00:00Z,fwd_6h,xgboost,-0.0326511253716489,-0.01953452080488205
2026-05-03T02:00:00Z,fwd_6h,xgboost,-0.0514579201701941,-0.047967392951250076
2026-05-03T03:00:00Z,fwd_6h,xgboost,-0.0368534541402075,0.0017347753746435046
2026-05-03T04:00:00Z,fwd_6h,xgboost,-0.0211755250950504,-0.01787940412759781
2026-05-03T05:00:00Z,fwd_6h,xgboost,0.0046172011764706,0.00096691440558061
2026-05-03T06:00:00Z,fwd_6h,xgboost,-0.0119510595744971,-0.023580679669976234
2026-05-03T07:00:00Z,fwd_6h,xgboost,-0.0046837991387309,-0.020828252658247948
2026-05-03T08:00:00Z,fwd_6h,xgboost,-0.0159481906412061,-0.028489619493484497
2026-05-03T09:00:00Z,fwd_6h,xgboost,-0.1151601817117941,-0.019838964566588402
2026-05-03T10:00:00Z,fwd_6h,xgboost,-0.1238987097392663,-0.04310360923409462
2026-05-03T11:00:00Z,fwd_6h,xgboost,-0.1254737991875355,-0.04846939817070961
2026-05-03T12:00:00Z,fwd_6h,xgboost,-0.1121909208782037,-0.030695097520947456
2026-05-03T13:00:00Z,fwd_6h,xgboost,-0.1152212022554067,0.0050467620603740215
2026-05-03T14:00:00Z,fwd_6h,xgboost,-0.1018178866853295,0.0232219435274601
2026-05-03T15:00:00Z,fwd_6h,xgboost,-0.0227804365011282,-0.008896473795175552
2026-05-03T16:00:00Z,fwd_6h,xgboost,0.0077307316110635,0.07223328948020935
2026-05-03T17:00:00Z,fwd_6h,xgboost,0.0077307316110635,0.024710802361369133
2026-05-03T18:00:00Z,fwd_6h,xgboost,0.0294578685723785,0.012909043580293655
2026-05-03T19:00:00Z,fwd_6h,xgboost,0.0169290094424159,0.0014658165164291859
2026-05-03T20:00:00Z,fwd_6h,xgboost,0.0091277139247774,0.0014292781706899405
2026-05-03T21:00:00Z,fwd_6h,xgboost,0.0091277139247774,0.014124518260359764
2026-05-03T22:00:00Z,fwd_6h,xgboost,0.0931484352591538,0.06312678754329681
2026-05-03T23:00:00Z,fwd_6h,xgboost,0.0915278031731725,0.014124518260359764
2026-05-04T00:00:00Z,fwd_6h,xgboost,0.0817861555070629,0.04471028223633766
2026-05-04T01:00:00Z,fwd_6h,xgboost,0.0892430584622909,0.005460607353597879
2026-05-04T02:00:00Z,fwd_6h,xgboost,0.0904409234279999,0.01632099598646164
2026-05-04T03:00:00Z,fwd_6h,xgboost,0.0757731579083229,0.024648036807775497
2026-05-04T04:00:00Z,fwd_6h,xgboost,-0.0411065197546121,0.012551161460578442
2026-05-04T05:00:00Z,fwd_6h,xgboost,-0.1130191963585222,0.011786126531660557
2026-05-04T06:00:00Z,fwd_6h,xgboost,-0.0881720353284266,-0.003027054015547037
2026-05-04T07:00:00Z,fwd_6h,xgboost,-0.0832572868993678,-0.01690818928182125
2026-05-04T08:00:00Z,fwd_6h,xgboost,-0.0842643418942775,-0.002718821633607149
2026-05-04T09:00:00Z,fwd_6h,xgboost,-0.0717786279569473,-0.018596813082695007
2026-05-04T10:00:00Z,fwd_6h,xgboost,-0.0062459670175606,-0.0030074212700128555
2026-05-04T11:00:00Z,fwd_6h,xgboost,0.0927036940079977,0.010614483617246151
2026-05-04T12:00:00Z,fwd_6h,xgboost,0.0732340383400855,0.04339040443301201
2026-05-04T13:00:00Z,fwd_6h,xgboost,0.0522824357939983,0.02798178791999817
2026-05-04T14:00:00Z,fwd_6h,xgboost,0.0359994433088926,-0.004785624332726002
2026-05-04T15:00:00Z,fwd_6h,xgboost,0.0455732765202678,-0.00032662181183695793
2026-05-04T16:00:00Z,fwd_6h,xgboost,0.0990993440381147,0.05532923340797424
2026-05-04T17:00:00Z,fwd_6h,xgboost,0.0660074515142603,0.02564067579805851
2026-05-04T18:00:00Z,fwd_6h,xgboost,0.0033426027728624,0.02737501449882984
2026-05-04T19:00:00Z,fwd_6h,xgboost,0.0390759370589048,-0.006669214460998774
2026-05-04T20:00:00Z,fwd_6h,xgboost,0.048708095808142,0.04727810248732567
2026-05-04T21:00:00Z,fwd_6h,xgboost,0.0615541813585998,0.005908402148634195
2026-05-04T22:00:00Z,fwd_6h,xgboost,0.0026594395328298,0.01906597800552845
2026-05-04T23:00:00Z,fwd_6h,xgboost,0.0086913362953964,0.008291411213576794
2026-05-05T00:00:00Z,fwd_6h,xgboost,0.0683058863950356,-0.023858994245529175
2026-05-05T01:00:00Z,fwd_6h,xgboost,0.0407939996243256,-0.008939090184867382
2026-05-05T02:00:00Z,fwd_6h,xgboost,0.0439697316050509,-0.008002877235412598
2026-05-05T03:00:00Z,fwd_6h,xgboost,-0.0019096765116607,-0.016473978757858276
2026-05-05T04:00:00Z,fwd_6h,xgboost,0.0272385780730075,-0.034016016870737076
2026-05-05T05:00:00Z,fwd_6h,xgboost,0.0331429666366878,-0.018770119175314903
2026-05-05T06:00:00Z,fwd_6h,xgboost,0.1119303954053929,-0.02499527297914028
2026-05-05T07:00:00Z,fwd_6h,xgboost,0.2023888103466946,-0.005894157569855452
2026-05-05T08:00:00Z,fwd_6h,xgboost,0.1151694236420812,-0.02398138865828514
2026-05-05T09:00:00Z,fwd_6h,xgboost,0.1651573920535602,-0.015798255801200867
2026-05-05T10:00:00Z,fwd_6h,xgboost,0.0841356084569775,0.047783151268959045
2026-05-05T11:00:00Z,fwd_6h,xgboost,0.1079645349498676,-0.011079596355557442
2026-05-05T12:00:00Z,fwd_6h,xgboost,0.0296548448886304,-0.01136854663491249
2026-05-05T13:00:00Z,fwd_6h,xgboost,-0.064240253209671,-0.00335032120347023
2026-05-05T14:00:00Z,fwd_6h,xgboost,0.0382256937050167,-0.020084872841835022
2026-05-05T15:00:00Z,fwd_6h,xgboost,0.0139638734062377,-0.024653460830450058
2026-05-05T16:00:00Z,fwd_6h,xgboost,-0.0280309855674741,-0.012907369062304497
2026-05-05T17:00:00Z,fwd_6h,xgboost,-0.0531285107075171,-0.019992412999272346
2026-05-05T18:00:00Z,fwd_6h,xgboost,-0.0712479795914154,-0.007897988893091679
2026-05-05T19:00:00Z,fwd_6h,xgboost,-0.031056726082602,-0.045837558805942535
2026-05-05T20:00:00Z,fwd_6h,xgboost,-0.0643614378213326,-0.04296495392918587
2026-05-05T21:00:00Z,fwd_6h,xgboost,-0.0567188183125401,-0.011042731814086437
2026-05-05T22:00:00Z,fwd_6h,xgboost,-0.006649110714517,-0.015309317968785763
2026-05-05T23:00:00Z,fwd_6h,xgboost,0.0008352227680212,-0.012331987731158733
2026-05-06T00:00:00Z,fwd_6h,xgboost,0.0459849683182767,-0.020566828548908234
2026-05-06T01:00:00Z,fwd_6h,xgboost,0.1879195031976954,0.004098955076187849
2026-05-06T02:00:00Z,fwd_6h,xgboost,0.085415015011341,-0.01469992846250534
2026-05-06T03:00:00Z,fwd_6h,xgboost,0.0719637708420559,-0.03551264852285385
2026-05-06T04:00:00Z,fwd_6h,xgboost,0.1011154967676652,-0.03974612429738045
2026-05-06T05:00:00Z,fwd_6h,xgboost,0.1610823449427811,-0.04250866547226906
2026-05-06T06:00:00Z,fwd_6h,xgboost,0.2360917497050558,-0.03557315841317177
2026-05-06T07:00:00Z,fwd_6h,xgboost,0.0319142884950001,0.05351189896464348
2026-05-06T08:00:00Z,fwd_6h,xgboost,0.1046462254794187,-0.00296672317199409
2026-05-06T09:00:00Z,fwd_6h,xgboost,0.1002871040692379,-0.011845599859952927
2026-05-06T10:00:00Z,fwd_6h,xgboost,0.0650510391809433,-0.04473055154085159
2026-05-06T11:00:00Z,fwd_6h,xgboost,0.033286528313364,-0.011685981415212154
2026-05-06T12:00:00Z,fwd_6h,xgboost,-0.0822440410446244,0.03861396014690399
2026-05-06T13:00:00Z,fwd_6h,xgboost,-0.0397960031844613,-0.00019528593111317605
2026-05-06T14:00:00Z,fwd_6h,xgboost,-0.0133824657796017,0.006148818880319595
2026-05-06T15:00:00Z,fwd_6h,xgboost,0.180110594444766,-0.00010273711814079434
2026-05-06T16:00:00Z,fwd_6h,xgboost,0.1053778762947148,-0.007745902985334396
2026-05-06T17:00:00Z,fwd_6h,xgboost,0.0900778065176826,-0.013866670429706573
2026-05-06T18:00:00Z,fwd_6h,xgboost,0.1043550055605224,-0.02057712897658348
2026-05-06T19:00:00Z,fwd_6h,xgboost,0.1438767732744579,-0.025662953034043312
