hour_utc,hour_timestamp,date,price_usd,return_1h,fwd_1h,fwd_3h,fwd_6h,symbol,confidence,source_timestamp,source_datetime_utc,source_offset_seconds,fill_method,events,unique_txs,pools,dexes,active_blocks,buy_events,sell_events,buy_chog,sell_chog,net_buy_chog,chog_volume,quote_volume,avg_price_quote_per_chog,effective_gas_gwei_mean,base_fee_gwei_mean,priority_fee_gwei_mean,gas_used_mean,receipt_success_rate,same_block_pool_event_count_mean,same_block_pool_event_count_max,main_pool_net_flow,main_pool_volume,non_main_net_flow,non_main_volume,small_buy_count,small_sell_count,small_net_flow,small_volume,small_trade_mean,small_trade_std,large_p01_buy_flow,large_p01_sell_flow,large_p01_buy_count,large_p01_sell_count,large_p01_volume,large_p05_buy_flow,large_p05_sell_flow,large_p05_buy_count,large_p05_sell_count,large_p05_volume,large_p10_buy_flow,large_p10_sell_flow,large_p10_buy_count,large_p10_sell_count,large_p10_volume,pool_feature_rows,hourly_feature_events_sum,hourly_feature_volume_sum,log_chog_volume,net_buy_pressure,net_buy_usd_at_price,volume_usd_at_price,net_buy_usd_pressure,buy_sell_count_imbalance,small_count_imbalance,small_net_flow_pressure,small_tx_dispersion,small_trade_density,main_pool_flow_pressure,non_main_flow_pressure,main_vs_other_divergence,main_minus_non_main_net_flow,non_main_flow_opposes_main,large_p01_net_flow,large_p01_flow_pressure,large_p01_volume_share,large_p01_count,large_p01_count_share,large_p01_count_imbalance,large_p05_net_flow,large_p05_flow_pressure,large_p05_volume_share,large_p05_count,large_p05_count_share,large_p05_count_imbalance,large_p10_net_flow,large_p10_flow_pressure,large_p10_volume_share,large_p10_count,large_p10_count_share,large_p10_count_imbalance,net_buy_chog_z24,net_buy_chog_z72,net_buy_pressure_z24,net_buy_pressure_z72,large_p05_net_flow_z24,large_p05_net_flow_z72,large_p05_flow_pressure_z24,large_p05_flow_pressure_z72,main_pool_net_flow_z24,main_pool_net_flow_z72,main_pool_flow_pressure_z24,main_pool_flow_pressure_z72,log_chog_volume_z24,log_chog_volume_z72,gas_regime_rank,priority_fee_regime_rank,volume_regime_rank,active_block_regime_rank,gas_regime,priority_fee_regime,volume_regime,active_block_regime,prev_price_up,large_p05_net_flow_x_high_volume,large_p05_net_flow_x_high_gas,main_pool_net_flow_x_non_main_opposes,net_buy_pressure_x_prev_up,calibration_source,calibration_events,main_pool_address,large_p01_threshold_chog,large_p05_threshold_chog,large_p10_threshold_chog,small_threshold_chog,resid_fwd_1h,resid_fwd_3h,resid_fwd_6h
2026-04-17T06:00:00Z,1776405600,2026-04-17,0.0009246718521196,,0.0,-0.0955178845263217,-0.07161288385237341,CHOG,0.99,1776401937,2026-04-17T04:58:57Z,-3663,forward_fill,15,14,3,3,14,5,10,99707.7782831798,705586.9225701616,-605879.1442869819,805294.7008533415,20710.76630886968,0.02594157885074248,109.3585847722,100.0,9.3585847722,650489.2666666667,1.0,1.0,1,-605357.708156063,804773.2647224226,-521.436130918905,521.436130918905,4,8,-1338.5474596948488,9835.29768062849,819.6081400523741,1715.8519334367995,0.0,0.0,0,0,0.0,0.0,500000.0,0,1,500000.0,0.0,700000.0,0,2,700000.0,3,15,805294.7008533415,13.598964819204058,-0.7523694662897369,-560.239390508482,744.6333425401585,-0.752369466289737,-0.3333333333333333,-0.3333333333333333,-0.13609628332157545,2.093502796747668,0.8,-0.75220901922588,-1.0,0.24779098077411998,-604836.2720251441,0,0.0,0.0,0.0,0,0.0,0.0,-500000.0,-0.6208907117731784,0.6208907117731784,1,0.06666666666666667,-1.0,-700000.0,-0.8692469964824499,0.8692469964824499,2,0.13333333333333333,-1.0,,,,,,,,,,,,,,,,,,,unknown,unknown,unknown,unknown,0,-0.0,-0.0,-0.0,-0.0,pre_price_events,7114,0x116e7d070f1888b81e1e0324f56d6746b2d7d8f1,1000863.055673601,300642.46895390877,149669.25197770135,5177.998050260203,,,
2026-04-17T07:00:00Z,1776409200,2026-04-17,0.0009246718521196,0.0,-0.0955178845263217,-0.0955178845263217,-0.07161288385237341,CHOG,0.99,1776401937,2026-04-17T04:58:57Z,-7263,forward_fill,18,17,2,2,17,11,7,691323.58208825,181.55694866374787,691142.0251395862,691505.1390369138,18186.801359307716,0.026079950483112332,105.73776357783333,100.0,5.737763577833333,663780.6666666666,1.0,1.0,1,691065.3030354038,691428.4169327313,76.7221041824334,76.7221041824334,5,7,9286.910795061282,9650.024692388777,804.1687243657315,1585.8589796178094,0.0,0.0,0,0,0.0,0.0,0.0,0,0,0.0,553343.8695965931,0.0,3,0,553343.8695965931,2,18,691505.1390369138,13.446627307902805,0.9994748934218576,639.0795764635122,639.4153376634846,0.9994748934218575,0.2222222222222222,-0.16666666666666666,0.962371713140393,1.972047571072373,0.6666666666666666,0.9994748351551151,1.0,-0.0005251648448848512,690988.5809312214,0,0.0,0.0,0.0,0,0.0,0.0,0.0,0.0,0.0,0,0.0,0.0,553343.8695965931,0.8002021074886829,0.8002021074886829,3,0.16666666666666666,1.0,,,,,,,,,,,,,,,,,,,unknown,unknown,unknown,unknown,0,0.0,0.0,0.0,0.0,pre_price_events,7114,0x116e7d070f1888b81e1e0324f56d6746b2d7d8f1,1000863.055673601,300642.46895390877,149669.25197770135,5177.998050260203,-0.0956589451751047,-0.10028159916194958,-0.07926517648280117
2026-04-17T08:00:00Z,1776412800,2026-04-17,0.0008363491529241,-0.0955178845263217,0.0,0.0,0.02642948961066982,CHOG,0.99,1776416334,2026-04-17T08:58:54Z,3534,observed,69,58,5,4,54,35,34,860957.8066290998,2855482.021605256,-1994524.2149761561,3716439.828234356,93150.18747823231,0.024674778277973736,127.54971702294202,100.0,27.54971702294203,971567.4347826086,1.0,1.144927536231884,3,-1896789.1525475197,3609613.3275009156,-97735.06242863662,106826.50073344025,26,10,28405.249228441655,39792.01648143917,1105.333791151088,1553.5945328835862,0.0,0.0,0,0,0.0,0.0,1334864.5104337053,0,2,1334864.5104337053,611724.2019386871,2096798.637053284,3,5,2708522.838991971,5,69,3716439.828234355,15.128277001652343,-0.5366760413618038,-1668.1186376819137,3108.2413022371916,-0.5366760413618037,0.014492753623188406,0.4444444444444444,0.7138429197648521,1.4055433257547316,0.5217391304347826,-0.5254826432782331,-0.9148952905656892,0.38941264728745606,-1799054.090118883,0,0.0,0.0,0.0,0,0.0,0.0,-1334864.5104337053,-0.359178292163521,0.359178292163521,2,0.028985507246376812,-1.0,-1485074.435114597,-0.3995959853385118,0.7287950200121399,8,0.11594202898550725,-0.25,,,,,,,,,,,,,,,,,,,unknown,unknown,unknown,unknown,0,-0.0,-0.0,-0.0,-0.0,pre_price_events,7114,0x116e7d070f1888b81e1e0324f56d6746b2d7d8f1,1000863.055673601,300642.46895390877,149669.25197770135,5177.998050260203,-0.009308689238317926,-0.02123594418633382,-0.01400557983098693
2026-04-17T09:00:00Z,1776416400,2026-04-17,0.0008363491529241,0.0,0.0,0.02642948961066982,0.02642948961066982,CHOG,0.99,1776416334,2026-04-17T08:58:54Z,-66,forward_fill,65,52,5,4,46,35,30,3257600.478727224,814408.9556877583,2443191.523039466,4072009.4344149823,106194.10357771635,0.025288210526047822,366.60412301693844,100.0,266.60412301693844,940905.9076923077,1.0,1.2153846153846153,3,2326687.856460943,3955505.7678364594,116503.6665785229,116503.6665785229,16,20,-970.2181226418458,55038.06227275445,1528.835063132068,1731.3948152280038,0.0,0.0,0,0,0.0,1885421.600896799,0.0,3,0,1885421.600896799,2864050.969445026,194803.64605121335,8,1,3058854.615496239,5,65,4072009.4344149823,15.219647399688334,0.5999965281000078,2043.361160725399,3405.6216411719142,0.5999965281000078,0.07692307692307693,-0.1111111111111111,-0.01762813010810037,1.132492874464142,0.5538461538461539,0.5882150078960876,1.0,-0.4117849921039124,2210184.18988242,0,0.0,0.0,0.0,0,0.0,0.0,1885421.600896799,0.4630199490605242,0.4630199490605242,3,0.046153846153846156,1.0,2669247.323393813,0.6555110852235289,0.7511904539424769,9,0.13846153846153847,0.7777777777777778,,,,,,,,,,,,,,,,,,,unknown,unknown,unknown,unknown,0,0.0,0.0,0.0,0.0,pre_price_events,7114,0x116e7d070f1888b81e1e0324f56d6746b2d7d8f1,1000863.055673601,300642.46895390877,149669.25197770135,5177.998050260203,-0.0017114729614765185,0.014119138582159319,0.0006535183959809274
2026-04-17T10:00:00Z,1776420000,2026-04-17,0.0008363491529241,0.0,0.0,0.02642948961066982,0.14103740815877241,CHOG,0.99,1776416334,2026-04-17T08:58:54Z,-3666,forward_fill,48,41,5,4,35,23,25,2585070.7415163233,4994300.227623501,-2409229.486107177,7579370.969139824,184906.3686878427,0.02347531853267194,218.407057706125,100.0,118.407057706125,866123.5208333334,1.0,1.625,6,-2278818.6060050866,7342303.1130571,-130410.88010209058,237067.85608272345,14,10,-724.4391763689948,24612.938009180587,1025.5390837158577,1143.8929308195495,1177754.87487397,3588251.153453518,1,1,4766006.028327488,1984675.2221897654,4323621.153453518,3,3,6308296.375643283,2461484.860451692,4683671.524269721,5,5,7145156.384721412,5,48,7579370.969139822,15.840940900510514,-0.3178666799549196,-2014.9570399055024,6339.000489737607,-0.3178666799549196,-0.041666666666666664,0.16666666666666666,-0.029433267011795997,1.1154064715650405,0.5,-0.3103683641107891,-0.5500993776928765,0.23973101358208743,-2148407.725902996,0,-2410496.278579548,-0.31803381684233795,0.6288128721674614,2,0.041666666666666664,0.0,-2338945.9312637523,-0.30859367364218054,0.8322981420658984,6,0.125,0.0,-2222186.6638180288,-0.29318879797095126,0.9427109998723694,10,0.20833333333333334,0.0,,,,,,,,,,,,,,,,,,,unknown,unknown,unknown,unknown,0,-0.0,-0.0,-0.0,-0.0,pre_price_events,7114,0x116e7d070f1888b81e1e0324f56d6746b2d7d8f1,1000863.055673601,300642.46895390877,149669.25197770135,5177.998050260203,0.0011436076429283699,0.01708156069574351,0.12379061830833192
2026-04-17T11:00:00Z,1776423600,2026-04-17,0.0008363491529241,0.0,0.02642948961066982,0.02642948961066982,0.14103740815877241,CHOG,0.99,1776416334,2026-04-17T08:58:54Z,-7266,forward_fill,43,42,2,2,33,31,12,938019.0632776031,587233.2116314544,350785.8516461488,1525252.2749090577,37606.38011121512,0.02470213445681466,111.2165796341628,100.0,11.216579634162791,873067.8837209302,1.0,2.0232558139534884,6,307309.6211442243,1481776.044407133,43476.230501924525,43476.230501924525,24,9,25247.58142176192,34286.55983313366,1038.9866616101108,1537.6362102664143,0.0,0.0,0,0,0.0,547585.3567770498,552055.3680940997,1,1,1099640.7248711495,713152.417920041,552055.3680940997,2,1,1265207.7860141408,2,43,1525252.2749090574,14.237671036141155,0.2299854636617829,293.37944988201554,1275.6434481157469,0.22998546366178288,0.4418604651162791,0.45454545454545453,0.7363696312676812,1.4799383544381115,0.7674418604651163,0.20739275837542687,1.0,-0.7926072416245731,263833.3906422998,0,0.0,0.0,0.0,0,0.0,0.0,-4470.011317049852,-0.0029306701524614174,0.7209566200691063,2,0.046511627906976744,0.0,161097.04982594133,0.105619937420219,0.8295072276417867,3,0.06976744186046512,0.3333333333333333,0.3666206252597394,,0.3076515142168214,,0.2899298707825053,,0.3930036574413351,,0.35029193986253426,,0.2780889653552626,,-0.38679285881711417,,,,,,unknown,unknown,unknown,unknown,0,-0.0,-0.0,0.0,0.0,pre_price_events,7114,0x116e7d070f1888b81e1e0324f56d6746b2d7d8f1,1000863.055673601,300642.46895390877,149669.25197770135,5177.998050260203,0.025177677603495402,0.01762357255719898,0.12350715943726706
2026-04-17T12:00:00Z,1776427200,2026-04-17,0.0008584534341722,0.02642948961066982,0.0,0.0,0.11165688409008401,CHOG,0.99,1776430735,2026-04-17T12:58:55Z,3535,observed,25,21,3,3,21,14,11,257127.0080459993,423012.55909129867,-165885.5510452994,680139.5671372979,16963.504711601305,0.024102438517158906,114.72097001956001,100.0,14.72097001956,1217145.8,1.0,1.0,1,-161057.70572272147,645915.1468662004,-4827.8453225779185,34224.42027109755,8,7,2763.5623174409725,18586.3859855384,1239.0923990358933,1719.82399005279,0.0,0.0,0,0,0.0,0.0,0.0,0,0,0.0,0.0,247205.56002163267,0,1,247205.56002163267,3,25,680139.567137298,13.430054772167782,-0.24389928047196308,-142.40502097438505,583.8681471254071,-0.24389928047196308,0.12,0.06666666666666667,0.14868744895275665,1.3879707367997267,0.6,-0.24934808620625853,-0.14106434190369685,-0.10828374430256169,-156229.86040014355,0,0.0,0.0,0.0,0,0.0,0.0,0.0,0.0,0.0,0,0.0,0.0,-247205.56002163267,-0.3634629890187376,0.3634629890187376,1,0.04,-1.0,0.04948350944944528,,-0.4090851193867387,,0.26994552268666755,,0.3675314120195347,,0.048105347127321604,,-0.41654565012422556,,-1.0820972629198748,,,,,,unknown,unknown,unknown,unknown,1,0.0,0.0,-0.0,-0.24389928047196308,pre_price_events,7114,0x116e7d070f1888b81e1e0324f56d6746b2d7d8f1,1000863.055673601,300642.46895390877,149669.25197770135,5177.998050260203,0.001060419751863589,-0.0036598134034378574,0.1043911422481414
2026-04-17T13:00:00Z,1776430800,2026-04-17,0.0008584534341722,0.0,0.0,0.11165688409008401,0.11165688409008401,CHOG,0.99,1776430735,2026-04-17T12:58:55Z,-65,forward_fill,73,59,5,4,51,34,39,4773612.212375319,3489811.8861110257,1283800.326264293,8263424.098486344,216101.28574159672,0.024962691004170562,2232.9250318760546,100.0,2132.9250318760546,947334.205479452,1.0,1.356164383561644,4,1176962.4817084721,8025040.803541078,106837.84455582051,238383.29494526633,16,20,-18542.784368419903,43339.01095457495,1203.8614154048598,1419.1813054510055,3751326.1001923415,1011766.0028475048,2,1,4763092.103039846,3751326.1001923415,2772721.220603729,2,5,6524047.320796071,4154979.7983000074,2922469.31883539,4,6,7077449.117135397,5,73,8263424.098486342,15.927349720382814,0.15535936567741374,1102.0827988729732,7093.764795366918,0.15535936567741374,-0.0684931506849315,-0.1111111111111111,-0.4278543501570723,1.1788577051235862,0.4931506849315068,0.1466612457832156,0.4481767255560037,-0.3015154797727881,1070124.6371526516,0,2739560.0973448367,0.33152843962669865,0.5764065896015583,3,0.0410958904109589,0.3333333333333333,978604.8795886124,0.11842607470284246,0.7895089545254146,7,0.0958904109589041,-0.42857142857142855,1232510.4794646176,0.1491525141122048,0.8564789889498484,10,0.136986301369863,-0.2,0.8806359193884645,,0.25055322436948474,,0.9410728279951814,,0.6656361459877936,,0.8570561169928146,,0.24352037964325093,,1.340768544933226,,,,,,unknown,unknown,unknown,unknown,0,0.0,0.0,0.0,0.0,pre_price_events,7114,0x116e7d070f1888b81e1e0324f56d6746b2d7d8f1,1000863.055673601,300642.46895390877,149669.25197770135,5177.998050260203,-0.001243512664900655,0.09813683790091415,0.08343058920227464
2026-04-17T14:00:00Z,1776434400,2026-04-17,0.0008584534341722,0.0,0.0,0.11165688409008401,0.074598142124217,CHOG,0.99,1776430735,2026-04-17T12:58:55Z,-3665,forward_fill,20,18,3,3,18,7,13,412664.39607400197,120652.37537257312,292012.0207014289,533316.7714465751,14059.828792280561,0.026166469987093276,695.27066727475,100.0,595.27066727475,1160993.2,1.0,1.0,1,308546.6358089111,516782.1563390928,-16534.615107482274,16534.615107482274,2,8,-132.69306973275124,2095.1285498221628,209.51285498221628,422.9470022908038,0.0,0.0,0,0,0.0,0.0,0.0,0,0,0.0,180821.41121522788,0.0,1,0,180821.41121522788,3,20,533316.7714465751,13.186872719578526,0.5475395418549689,250.67872199070518,457.8276139499427,0.5475395418549689,-0.3,-0.6,-0.0633340945805041,2.0187162373721845,0.5,0.5970535786194107,-1.0,1.5970535786194107,325081.2509163934,1,0.0,0.0,0.0,0,0.0,0.0,0.0,0.0,0.0,0,0.0,0.0,180821.41121522788,0.3390506747514533,0.3390506747514533,1,0.05,1.0,0.21267533550224182,,0.8616037620210292,,0.12740664566283286,,0.26766248233494777,,0.23760608972880676,,0.9457289709241133,,-1.2205833744040866,,,,,,unknown,unknown,unknown,unknown,0,0.0,0.0,308546.6358089111,0.0,pre_price_events,7114,0x116e7d070f1888b81e1e0324f56d6746b2d7d8f1,1000863.055673601,300642.46895390877,149669.25197770135,5177.998050260203,-0.000815068865084721,0.10651023412461334,0.06565061068592118
2026-04-17T15:00:00Z,1776438000,2026-04-17,0.0008584534341722,0.0,0.11165688409008401,0.11165688409008401,0.074598142124217,CHOG,0.99,1776430735,2026-04-17T12:58:55Z,-7265,forward_fill,12,9,3,3,9,8,4,420180.7276243943,13583.89952442453,406596.8280999697,433764.6271488188,11579.406109844931,0.02442175952765162,109.80220263874999,100.0,9.80220263875,830220.6666666666,1.0,1.0,1,385460.3051486832,412628.10419753223,21136.522951286566,21136.522951286566,1,3,-746.2911194351171,1835.7909294139433,458.94773235348583,313.264209971478,0.0,0.0,0,0,0.0,0.0,0.0,0,0,0.0,180894.69952160597,0.0,1,0,180894.69952160597,3,12,433764.6271488188,12.980259637603018,0.9373674169158838,349.0444434059427,372.3667337983274,0.9373674169158838,0.3333333333333333,-0.5,-0.40652293650528204,0.6825705584491242,0.3333333333333333,0.9341591162296513,1.0,-0.06584088377034869,364323.7821973966,0,0.0,0.0,0.0,0,0.0,0.0,0.0,0.0,0.0,0,0.0,0.0,180894.69952160597,0.4170342351580076,0.4170342351580076,1,0.08333333333333333,1.0,0.27644341513710424,,1.3364416491959954,,0.12077057640896521,,0.25302217810888367,,0.27786400609068335,,1.3271404169950565,,-1.229513703394489,,,,,,unknown,unknown,unknown,unknown,0,0.0,0.0,0.0,0.0,pre_price_events,7114,0x116e7d070f1888b81e1e0324f56d6746b2d7d8f1,1000863.055673601,300642.46895390877,149669.25197770135,5177.998050260203,0.11128152319408076,0.10781231604573423,0.06888428232598916
2026-04-17T16:00:00Z,1776441600,2026-04-17,0.0009543056697683,0.11165688409008401,0.0,0.0,-0.033336493027882774,CHOG,0.99,1776445142,2026-04-17T16:59:02Z,3542,observed,15,9,2,2,9,3,12,36786.234847856234,138289.88277800794,-101503.6479301517,175076.11762586416,4636.331003409771,0.02646045206878555,152.08165137013333,100.0,52.081651370133336,3073829.466666667,1.0,3.8,7,-101509.830383598,175069.93517241787,6.182453446300139,6.182453446300139,2,11,-15288.372582732427,15374.273720573512,1182.6364400441164,1318.8234488141686,0.0,0.0,0,0,0.0,0.0,0.0,0,0,0.0,0.0,0.0,0,0,0.0,2,15,175076.11762586416,12.072981827985991,-0.5797686703737852,-96.86550672190913,167.07613169138398,-0.5797686703737852,-0.6,-0.6923076923076923,-0.9944126701916245,1.1151554308312805,0.8666666666666667,-0.5798244586292095,1.0,-1.5798244586292096,-101516.0128370443,1,0.0,0.0,0.0,0,0.0,0.0,0.0,0.0,0.0,0,0.0,0.0,0.0,0.0,0.0,0,0.0,0.0,-0.09124793550867917,,-1.1371584295984587,,0.11507396017235497,,0.24054819893037055,,-0.09334066203630603,,-1.1387771220397933,,-1.6772166010670035,,,,,,unknown,unknown,unknown,unknown,1,0.0,0.0,-101509.830383598,-0.5797686703737852,pre_price_events,7114,0x116e7d070f1888b81e1e0324f56d6746b2d7d8f1,1000863.055673601,300642.46895390877,149669.25197770135,5177.998050260203,0.005887613892712725,0.005116278410257225,-0.026912276426662298
2026-04-17T17:00:00Z,1776445200,2026-04-17,0.0009543056697683,0.0,0.0,-0.033336493027882774,-0.033336493027882774,CHOG,0.99,1776445142,2026-04-17T16:59:02Z,-58,forward_fill,6,4,2,2,4,0,6,0.0,365799.69034819456,-365799.69034819456,365799.69034819456,9558.265941455058,0.02616200686890041,110.52278453033334,100.0,10.522784530333334,1325516.3333333333,1.0,1.0,1,-351612.99036741146,351612.99036741146,-14186.699980783073,14186.699980783073,0,1,-2.8e-15,2.8e-15,2.8e-15,,0.0,0.0,0,0,0.0,0.0,0.0,0,0,0.0,0.0,159438.02400180997,0,1,159438.02400180997,2,6,365799.69034819456,12.809843902165646,-1.0,-349.08471849877054,349.08471849877054,-1.0,-1.0,-1.0,-1.0,,0.16666666666666666,-1.0,-1.0,0.0,-337426.29038662836,0,0.0,0.0,0.0,0,0.0,0.0,0.0,0.0,0.0,0,0.0,0.0,-159438.02400180997,-0.43586156087241446,0.43586156087241446,1,0.16666666666666666,-1.0,-0.2806743459920383,,-1.559708355731443,,0.11011419003842608,,0.22975410079311506,,-0.2820681991434206,,-1.5602951827958838,,-0.9760460709950737,,,,,,unknown,unknown,unknown,unknown,0,0.0,0.0,-0.0,-0.0,pre_price_events,7114,0x116e7d070f1888b81e1e0324f56d6746b2d7d8f1,1000863.055673601,300642.46895390877,149669.25197770135,5177.998050260203,-7.357663236624682e-05,-0.036207349269009065,-0.036649261192693315
2026-04-17T18:00:00Z,1776448800,2026-04-17,0.0009543056697683,0.0,0.0,-0.033336493027882774,-0.07394228234327938,CHOG,0.99,1776445142,2026-04-17T16:59:02Z,-3658,forward_fill,12,11,2,2,11,5,7,6150.4802201622815,4093.6338043232454,2056.846415839036,10244.114024485527,256.0351129600998,0.02409419577021413,112.67213500016668,100.0,12.672135000166667,673755.25,1.0,1.0,1,2581.85568721383,9719.104753110732,-525.0092713747943,525.0092713747943,5,7,2056.846415839036,10244.114024485527,853.6761687071272,1384.2073624798654,0.0,0.0,0,0,0.0,0.0,0.0,0,0,0.0,0.0,0.0,0,0,0.0,2,12,10244.114024485529,9.234556190380271,0.20078324108095172,1.9628601964777985,9.776016095319497,0.2007832410809517,-0.16666666666666666,-0.16666666666666666,0.20078324108095172,1.6214665621698394,1.0,0.2656474801742899,-1.0,1.2656474801742899,3106.864958588624,1,0.0,0.0,0.0,0,0.0,0.0,0.0,0.0,0.0,0,0.0,0.0,0.0,0.0,0.0,0,0.0,0.0,0.012795855488231648,,0.29396296355915297,,0.10574498892779714,,0.22029379777043512,,0.015510496187614266,,0.38701966081569494,,-2.5535054720218384,,,,,,unknown,unknown,unknown,unknown,0,0.0,0.0,2581.85568721383,0.0,pre_price_events,7114,0x116e7d070f1888b81e1e0324f56d6746b2d7d8f1,1000863.055673601,300642.46895390877,149669.25197770135,5177.998050260203,-0.007160292379064114,-0.03787166342486575,-0.0855117641613922
2026-04-17T19:00:00Z,1776452400,2026-04-17,0.0009543056697683,0.0,-0.033336493027882774,-0.033336493027882774,-0.07394228234327938,CHOG,0.99,1776445142,2026-04-17T16:59:02Z,-7258,forward_fill,10,8,3,3,8,7,3,197856.9108279282,6188.748006450885,191668.1628214773,204045.65883437908,5421.894197328595,0.026424631718775533,111.60806750039998,100.0,11.6080675004,756553.0,1.0,1.0,1,191450.5363405687,203774.78599656196,217.62648090859776,270.87283781711994,6,2,4188.181195157721,4241.427570461261,530.1784463076576,899.2954601632812,0.0,0.0,0,0,0.0,0.0,0.0,0,0,0.0,193642.1064451187,0.0,1,0,193642.1064451187,3,10,204045.65883437908,12.22610396645034,0.9393395768201646,182.91001449460947,194.72192911725617,0.9393395768201644,0.4,0.5,0.987446119397543,1.6962127872724355,0.8,0.9395202424297912,0.803426739507667,0.1360935029221242,191232.9098596601,0,0.0,0.0,0.0,0,0.0,0.0,0.0,0.0,0.0,0,0.0,0.0,193642.1064451187,0.949013605833659,0.949013605833659,1,0.1,1.0,0.16414763372284172,,1.3298439731158196,,0.10185775150681486,,0.21191344637039913,,0.1742303101358559,,1.3180508863681968,,-0.765806968622809,,,,,,unknown,unknown,unknown,unknown,0,0.0,0.0,0.0,0.0,pre_price_events,7114,0x116e7d070f1888b81e1e0324f56d6746b2d7d8f1,1000863.055673601,300642.46895390877,149669.25197770135,5177.998050260203,-0.034874433076940596,-0.03698506227391708,-0.07994593944908032
2026-04-17T20:00:00Z,1776456000,2026-04-17,0.0009224924654616,-0.033336493027882774,0.0,0.0,-0.042006126250267006,CHOG,0.99,1776459540,2026-04-17T20:59:00Z,3540,observed,4,4,2,2,4,2,2,8858.768905626777,3070.979951168916,5787.788954457861,11929.748856795693,316.6092413280414,0.02640515851297842,102.1312606185,100.0,2.1312606185,521738.0,1.0,1.0,1,5750.265913702988,11892.22581604082,37.52304075487285,37.52304075487285,1,2,-3033.4569104140433,3108.502991923789,1036.1676639745963,1705.4542401840033,0.0,0.0,0,0,0.0,0.0,0.0,0,0,0.0,0.0,0.0,0,0,0.0,2,4,11929.748856795693,9.38687428401849,0.4851559763691832,5.3391917021692485,11.005103435243164,0.4851559763691831,0.0,-0.3333333333333333,-0.9758578062479839,1.6459249786295358,0.75,0.48353151064006417,1.0,-0.5164684893599358,5712.742872948115,0,0.0,0.0,0.0,0,0.0,0.0,0.0,0.0,0.0,0,0.0,0.0,0.0,0.0,0.0,0,0.0,0.0,0.0037249728066556928,,0.5947075089740843,,0.09836992305074573,,0.2044220664535209,,0.005364542969494874,,0.582624400890404,,-1.9948515110654153,,,,,,unknown,unknown,unknown,unknown,0,0.0,0.0,0.0,0.0,pre_price_events,7114,0x116e7d070f1888b81e1e0324f56d6746b2d7d8f1,1000863.055673601,300642.46895390877,149669.25197770135,5177.998050260203,-0.008522104652279457,-0.006042268544203661,-0.0542264590969449
2026-04-17T21:00:00Z,1776459600,2026-04-17,0.0009224924654616,0.0,0.0,-0.042006126250267006,-0.042006126250267006,CHOG,0.99,1776459540,2026-04-17T20:59:00Z,-60,forward_fill,8,7,2,2,7,2,6,46344.66167605933,63408.2516792427,-17063.590003183363,109752.91335530202,2896.4745657071126,0.02632436969378585,108.257812500625,100.0,8.257812500625,685680.875,1.0,1.0,1,-17026.3175533474,109715.64090546606,-37.27244983596552,37.27244983596552,0,4,-4783.0995100716345,4783.0995100716345,1195.7748775179086,2324.490058677921,0.0,0.0,0,0,0.0,0.0,0.0,0,0,0.0,0.0,0.0,0,0,0.0,2,8,109752.91335530204,11.605995987297641,-0.1554727749954443,-15.741033211662533,101.24623563272593,-0.1554727749954443,-0.5,-1.0,-1.0,1.943919463756344,0.5,-0.15518587334341627,-1.0,0.8448141266565837,-16989.045103511435,0,0.0,0.0,0.0,0,0.0,0.0,0.0,0.0,0.0,0,0.0,0.0,0.0,0.0,0.0,0,0.0,0.0,-0.016142735494692268,,-0.40771972744901097,,0.09521747949301862,,0.1976728446917989,,-0.015540482666234609,,-0.41463330093835954,,-0.8036566902209019,,,,,,unknown,unknown,unknown,unknown,0,0.0,0.0,-0.0,-0.0,pre_price_events,7114,0x116e7d070f1888b81e1e0324f56d6746b2d7d8f1,1000863.055673601,300642.46895390877,149669.25197770135,5177.998050260203,-0.0024577064918972604,-0.04543398207421367,-0.048090025201483
2026-04-17T22:00:00Z,1776463200,2026-04-17,0.0009224924654616,0.0,0.0,-0.042006126250267006,-0.0903385107504372,CHOG,0.99,1776459540,2026-04-17T20:59:00Z,-3660,forward_fill,9,6,2,2,6,1,8,1870.9429316164806,219164.1938326642,-217293.25090104772,221035.13676428067,5754.582189602797,0.02604573889359839,107.44444444444444,100.0,7.444444444444445,918710.8888888889,1.0,1.0,1,-217265.19754024813,221007.08340348108,-28.053360799572747,28.053360799572747,1,5,-798.9412649753901,4540.8271282083515,756.8045213680585,930.8199298356548,0.0,0.0,0,0,0.0,0.0,0.0,0,0,0.0,0.0,0.0,0,0,0.0,2,9,221035.13676428067,12.306081481903307,-0.9830710812859431,-200.45138675187357,203.90324826732322,-0.9830710812859432,-0.7777777777777778,-0.6666666666666666,-0.17594619711731327,1.2299344197270816,0.6666666666666666,-0.9830689324269233,-1.0,0.01693106757307672,-217237.14417944857,0,0.0,0.0,0.0,0,0.0,0.0,0.0,0.0,0.0,0,0.0,0.0,0.0,0.0,0.0,0,0.0,0.0,-0.19450500222619635,,-1.5693154275679624,,0.09234990106521197,,0.1915508140385302,,-0.20344705928319054,,-1.5728970270523615,,-0.4228028158643305,,,,,,unknown,unknown,unknown,unknown,0,0.0,0.0,-0.0,-0.0,pre_price_events,7114,0x116e7d070f1888b81e1e0324f56d6746b2d7d8f1,1000863.055673601,300642.46895390877,149669.25197770135,5177.998050260203,-0.0012913239239205814,-0.04547242794694112,-0.09577255629438608
2026-04-17T23:00:00Z,1776466800,2026-04-17,0.0009224924654616,0.0,-0.042006126250267006,-0.042006126250267006,-0.0903385107504372,CHOG,0.99,1776459540,2026-04-17T20:59:00Z,-7260,forward_fill,17,14,4,3,11,11,6,1083301.0723176103,2561271.7239309964,-1477970.651613386,3644572.7962486064,90406.96334642451,0.022141959881130196,221.4961929009412,100.0,121.49619290094118,947853.8235294118,1.0,1.7058823529411764,4,-1366542.1895315675,3529505.1324389335,-111428.46208181865,115067.66380967287,8,3,4008.9764540209726,9960.18850207859,905.4716820071445,920.7673882083902,0.0,2430486.3143968564,0,1,2430486.3143968564,965919.3831306985,2430486.3143968564,2,1,3396405.697527555,965919.3831306985,2430486.3143968564,2,1,3396405.697527555,4,17,3644572.796248606,15.108749988261389,-0.4055264455506762,-1363.41679028672,3362.0909443656547,-0.40552644555067613,0.29411764705882354,0.45454545454545453,0.4025000584260368,1.0168925285077275,0.6470588235294118,-0.3871767112539285,-0.9683733760870159,0.5811966648330874,-1255113.727449749,0,-2430486.3143968564,-0.6668782461688182,0.6668782461688182,1,0.058823529411764705,-1.0,-1464566.931266158,-0.40184872497913904,0.9319077673584975,3,0.17647058823529413,0.3333333333333333,-1464566.931266158,-0.40184872497913904,0.9319077673584975,3,0.17647058823529413,0.3333333333333333,-1.2845626983928184,-1.2845626983928184,-0.6482871271811478,-0.6482871271811478,-1.5000951625152452,-1.5000951625152452,-1.49534916519277,-1.49534916519277,-1.252129763031535,-1.252129763031535,-0.6270742250068754,-0.6270742250068754,1.0140622301981708,1.0140622301981708,,,,,unknown,unknown,unknown,unknown,0,-0.0,-0.0,-0.0,-0.0,pre_price_events,7114,0x116e7d070f1888b81e1e0324f56d6746b2d7d8f1,1000863.055673601,300642.46895390877,149669.25197770135,5177.998050260203,-0.03903468811892044,-0.04629587027234759,-0.09494783956440635
2026-04-18T00:00:00Z,1776470400,2026-04-18,0.0008837421304925,-0.042006126250267006,0.0,0.0,-0.05045166344434948,CHOG,0.99,1776473921,2026-04-18T00:58:41Z,3521,observed,13,12,2,2,10,5,8,799215.8552076734,39437.62427718061,759778.2309304927,838653.479484854,21410.034523843304,0.02535173439771637,118.63306070776925,100.0,18.63306070776923,953537.4615384615,1.0,1.3076923076923077,2,734004.3133477452,812879.5619021065,25773.917582747523,25773.917582747523,0,6,-6518.306514493926,6518.306514493926,1086.384419082321,1530.4904816726885,0.0,0.0,0,0,0.0,562405.4690500402,0.0,1,0,562405.4690500402,754190.3718108854,0.0,2,0,754190.3718108854,2,13,838653.4794848539,13.63955407641294,0.905950132582994,671.4480325043363,741.1534127048931,0.905950132582994,-0.23076923076923078,-1.0,-1.0,1.4087927392823876,0.46153846153846156,0.9029680997640089,1.0,-0.09703190023599106,708230.3957649977,0,0.0,0.0,0.0,0,0.0,0.0,562405.4690500402,0.6706053010064417,0.6706053010064417,1,0.07692307692307693,1.0,754190.3718108854,0.8992872387224216,0.8992872387224216,2,0.15384615384615385,1.0,0.7585771703376589,0.7585771703376589,1.3093571709968663,1.3093571709968663,0.7849988380877784,0.7849988380877784,2.521085805188872,2.521085805188872,0.7718597185445628,0.7718597185445628,1.2963720261558247,1.2963720261558247,0.22369857060409443,0.22369857060409443,,,,,unknown,unknown,unknown,unknown,0,0.0,0.0,0.0,0.0,pre_price_events,7114,0x116e7d070f1888b81e1e0324f56d6746b2d7d8f1,1000863.055673601,300642.46895390877,149669.25197770135,5177.998050260203,-0.0023721473944372596,-0.007513669324788556,-0.061181225901957494
2026-04-18T01:00:00Z,1776474000,2026-04-18,0.0008837421304925,0.0,0.0,-0.05045166344434948,-0.05045166344434948,CHOG,0.99,1776473921,2026-04-18T00:58:41Z,-79,forward_fill,10,9,2,2,8,3,7,202036.5800642641,86195.61594089698,115840.96412336713,288232.1960051611,7436.4068182613,0.025556005809812588,117.24156624739999,100.0,17.241566247399998,904253.4,1.0,1.2,2,108305.14797543967,280696.3798572336,7535.816147927459,7535.816147927459,1,3,-633.7726304983839,8251.525386034209,2062.8813465085523,2024.0485096982427,0.0,0.0,0,0,0.0,0.0,0.0,0,0,0.0,190691.88753856873,0.0,1,0,190691.88753856873,2,10,288232.1960051612,12.571525139832378,0.40190154232906333,102.37354043268972,254.72293497413293,0.4019015423290633,-0.4,-0.5,-0.07680672370844918,0.9811754384826668,0.4,0.3858444773335705,1.0,-0.6141555226664295,100769.33182751221,0,0.0,0.0,0.0,0,0.0,0.0,0.0,0.0,0.0,0,0.0,0.0,190691.88753856873,0.6615912107721449,0.6615912107721449,1,0.1,1.0,0.15050234532886492,0.15050234532886492,0.5174501337039105,0.5174501337039105,0.13137828063071644,0.13137828063071644,0.08225922833213804,0.08225922833213804,0.14842212109226152,0.14842212109226152,0.4862352474617881,0.4862352474617881,-0.3506866887224796,-0.3506866887224796,,,,,unknown,unknown,unknown,unknown,0,0.0,0.0,0.0,0.0,pre_price_events,7114,0x116e7d070f1888b81e1e0324f56d6746b2d7d8f1,1000863.055673601,300642.46895390877,149669.25197770135,5177.998050260203,-0.000912247431578101,-0.05403654674237746,-0.05591532696617088
2026-04-18T02:00:00Z,1776477600,2026-04-18,0.0008837421304925,0.0,0.0,-0.05045166344434948,-0.08095844465492219,CHOG,0.99,1776473921,2026-04-18T00:58:41Z,-3679,forward_fill,15,13,3,3,12,4,11,221245.3409512499,1657471.7510707395,-1436226.4101194895,1878717.0920219894,46568.44206957319,0.025195152322131695,237.9002530526,100.0,137.9002530526,962745.1333333333,1.0,1.1333333333333333,2,-1413493.3537056444,1855984.0356081442,-22733.056413845163,22733.056413845163,1,7,-4740.9694389031065,5221.852495849742,652.7315619812177,1727.1178780523271,0.0,1599805.787590164,0,1,1599805.787590164,0.0,1599805.787590164,0,1,1599805.787590164,160251.95672277917,1599805.787590164,1,1,1760057.7443129432,3,15,1878717.0920219894,14.446100236284067,-0.7644718921323782,-1269.2537875485928,1660.3014454961872,-0.7644718921323782,-0.4666666666666667,-0.75,-0.9079094904865974,2.6459849326269054,0.5333333333333333,-0.7615870215405649,-1.0,0.2384129784594351,-1390760.2972917992,0,-1599805.787590164,-0.851541615490577,0.851541615490577,1,0.06666666666666667,-1.0,-1599805.787590164,-0.851541615490577,0.851541615490577,1,0.06666666666666667,-1.0,-1439553.8308673848,-0.7662430053894115,0.9368402255917426,2,0.13333333333333333,0.0,-1.257228859729335,-1.257228859729335,-1.2280980000504964,-1.2280980000504964,-1.6075180779976523,-1.6075180779976523,-2.501166974867976,-2.501166974867976,-1.3036790697384706,-1.3036790697384706,-1.2299531149668286,-1.2299531149668286,0.674116838755556,0.674116838755556,,,,,unknown,unknown,unknown,unknown,0,-0.0,-0.0,-0.0,-0.0,pre_price_events,7114,0x116e7d070f1888b81e1e0324f56d6746b2d7d8f1,1000863.055673601,300642.46895390877,149669.25197770135,5177.998050260203,0.001974611927143207,-0.05452853755059213,-0.08571452045685884
2026-04-18T03:00:00Z,1776481200,2026-04-18,0.0008837421304925,0.0,-0.05045166344434948,-0.05045166344434948,-0.08095844465492219,CHOG,0.99,1776473921,2026-04-18T00:58:41Z,-7279,forward_fill,7,7,1,1,7,4,3,12126.87844117257,83.7763241249599,12043.10211704761,12210.65476529753,301.8297565959743,0.0245120746492896,102.96441406257144,100.0,2.9644140625714286,579228.1428571428,1.0,1.0,1,12043.10211704761,12210.65476529753,0.0,0.0,4,3,12043.10211704761,12210.65476529753,1744.3792521853613,2137.107338840133,0.0,0.0,0,0,0.0,0.0,0.0,0,0,0.0,0.0,0.0,0,0,0.0,1,7,12210.65476529753,9.410146083335404,0.9862781602239628,10.642996722658392,10.791070056992437,0.9862781602239626,0.14285714285714285,0.14285714285714285,0.9862781602239628,1.2251391640681124,1.0,0.9862781602239628,0.0,0.9862781602239628,12043.10211704761,0,0.0,0.0,0.0,0,0.0,0.0,0.0,0.0,0.0,0,0.0,0.0,0.0,0.0,0.0,0,0.0,0.0,0.1100568733681082,0.1100568733681082,1.3728137460909198,1.3728137460909198,0.20107076698942503,0.20107076698942503,0.19028751381354844,0.19028751381354844,0.11220043424380512,0.11220043424380512,1.3679187705445743,1.3679187705445743,-1.9327317136180768,-1.9327317136180768,,,,,unknown,unknown,unknown,unknown,0,0.0,0.0,0.0,0.0,pre_price_events,7114,0x116e7d070f1888b81e1e0324f56d6746b2d7d8f1,1000863.055673601,300642.46895390877,149669.25197770135,5177.998050260203,-0.05678516588285329,-0.0541168502782401,-0.09003051106720009
2026-04-18T04:00:00Z,1776484800,2026-04-18,0.0008391558699533,-0.05045166344434948,0.0,0.0,-0.03212767590245236,CHOG,0.99,1776488337,2026-04-18T04:58:57Z,3537,observed,35,35,1,1,35,31,4,97750.60333541523,0.003455071589059293,97750.59988034364,97750.60679048683,2421.2750840235276,0.02475153795286429,110.45763909865714,100.0,10.457639098657143,336118.2571428571,1.0,1.0,1,97750.59988034364,97750.60679048683,0.0,0.0,29,4,5815.1536303860175,5815.160540529196,176.21698607664229,66.4597378738239,0.0,0.0,0,0,0.0,0.0,0.0,0,0,0.0,0.0,0.0,0,0,0.0,1,35,97750.60679048678,11.490184915466855,0.999999929308437,82.0279896810467,82.02799547973393,0.9999999293084368,0.7714285714285715,0.7575757575757576,0.9999988117020794,0.3771471715270313,0.9428571428571428,0.999999929308437,0.0,0.999999929308437,97750.59988034364,0,0.0,0.0,0.0,0,0.0,0.0,0.0,0.0,0.0,0,0.0,0.0,0.0,0.0,0.0,0,0.0,0.0,0.18861566120713572,0.18861566120713572,1.3087292085700803,1.3087292085700803,0.19647848019950348,0.19647848019950348,0.18595853841989504,0.18595853841989504,0.1949160291987707,0.1949160291987707,1.3044980059947784,1.3044980059947784,-0.8073716973520023,-0.8073716973520023,,,,,unknown,unknown,unknown,unknown,0,0.0,0.0,0.0,0.0,pre_price_events,7114,0x116e7d070f1888b81e1e0324f56d6746b2d7d8f1,1000863.055673601,300642.46895390877,149669.25197770135,5177.998050260203,-0.009125012718772769,-0.012323884286997273,-0.057124429910607816
2026-04-18T05:00:00Z,1776488400,2026-04-18,0.0008391558699533,0.0,0.0,-0.03212767590245236,-0.03212767590245236,CHOG,0.99,1776488337,2026-04-18T04:58:57Z,-63,forward_fill,5,5,1,1,5,2,3,4029.5020366489803,1.7549133683400002e-07,4029.502036473489,4029.502036824472,99.99000000426777,0.024510864457345148,111.888602608,100.0,11.888602608,511790.6,1.0,1.0,1,4029.502036473489,4029.502036824472,0.0,0.0,2,3,4029.502036473489,4029.502036824472,805.9004073648944,1779.827800064555,0.0,0.0,0,0,0.0,0.0,0.0,0,0,0.0,0.0,0.0,0,0,0.0,1,5,4029.502036824472,8.30164622207633,0.9999999999128968,3.3813802868955047,3.381380287190034,0.9999999999128967,-0.2,-0.2,0.9999999999128968,2.2084959677389606,1.0,0.9999999999128968,0.0,0.9999999999128968,4029.502036473489,0,0.0,0.0,0.0,0,0.0,0.0,0.0,0.0,0.0,0,0.0,0.0,0.0,0.0,0.0,0,0.0,0.0,0.09390379659554675,0.09390379659554675,1.2377681261381706,1.2377681261381706,0.19218712427471873,0.19218712427471873,0.18191217574231183,0.18191217574231183,0.09535725993159799,0.09535725993159799,1.234031705336487,1.234031705336487,-2.1782458133785254,-2.1782458133785254,0.4791666666666667,0.4791666666666667,0.020833333333333332,0.10416666666666667,mid,mid,low,low,0,0.0,0.0,0.0,0.0,pre_price_events,7114,0x116e7d070f1888b81e1e0324f56d6746b2d7d8f1,1000863.055673601,300642.46895390877,149669.25197770135,5177.998050260203,-0.0081379372763898,-0.03566219503932193,-0.042043482472142096
2026-04-18T06:00:00Z,1776492000,2026-04-18,0.0008391558699533,0.0,0.0,-0.03212767590245236,-0.015401993816976156,CHOG,0.99,1776488337,2026-04-18T04:58:57Z,-3663,forward_fill,3,3,2,2,3,1,2,2022.7959453421936,189.76218025705447,1833.033765085139,2212.5581255992483,54.90620534317717,0.02464726327516438,102.50916754366666,100.0,2.5091675436666665,507606.6666666667,1.0,1.0,1,2022.7959453421847,2022.7959453422025,-189.76218025704554,189.76218025704554,1,2,1833.033765085139,2212.5581255992483,737.5193751997494,1117.1187571524435,0.0,0.0,0,0,0.0,0.0,0.0,0,0,0.0,0.0,0.0,0,0,0.0,2,3,2212.558125599248,7.702356511415966,0.8284680722630421,1.5382010437937927,1.8566811387094801,0.828468072263042,-0.3333333333333333,-0.3333333333333333,0.8284680722630421,1.5146975045230284,1.0,0.9999999999999912,-1.0,1.9999999999999911,2212.55812559923,1,0.0,0.0,0.0,0,0.0,0.0,0.0,0.0,0.0,0,0.0,0.0,0.0,0.0,0.0,0,0.0,0.0,0.06650239427345088,0.08981806052101489,0.9101908578648952,0.9490925341063928,0.1675246580121291,0.18816520615582832,0.10310612977700219,0.17811895602125905,0.06677711086618257,0.09132600446651189,1.139512862188371,1.1738753234468786,-2.114702990405047,-2.1679108386173103,0.06,0.06,0.02,0.02,low,low,low,low,0,0.0,0.0,2022.7959453421847,0.0,pre_price_events,7114,0x116e7d070f1888b81e1e0324f56d6746b2d7d8f1,1000863.055673601,300642.46895390877,149669.25197770135,5177.998050260203,-0.009019993706328675,-0.03543764331412216,-0.025365497234027232
2026-04-18T07:00:00Z,1776495600,2026-04-18,0.0008391558699533,0.0,-0.03212767590245236,-0.03212767590245236,-0.015401993816976156,CHOG,0.99,1776488337,2026-04-18T04:58:57Z,-7263,forward_fill,8,8,1,1,8,4,4,218859.03551137913,0.009467772140786753,218859.02604360698,218859.04497915128,5452.740777454888,0.024746250951036428,102.07903681275,100.0,2.07903681275,547097.625,1.0,1.0,1,218859.02604360698,218859.04497915128,0.0,0.0,3,4,3998.1140651737023,3998.133000717984,571.1618572454263,1493.754635374854,0.0,0.0,0,0,0.0,0.0,0.0,0,0,0.0,214860.9119784333,0.0,1,0,214860.9119784333,1,8,218859.04497915128,12.296187740488046,0.9999999134806409,183.65683639675495,183.6568522866281,0.999999913480641,0.0,-0.14285714285714285,0.9999952639033574,2.615291298650205,0.875,0.9999999134806409,0.0,0.9999999134806409,218859.02604360698,0,0.0,0.0,0.0,0,0.0,0.0,0.0,0.0,0.0,0,0.0,0.0,214860.9119784333,0.9817319270441902,0.9817319270441902,1,0.125,1.0,0.31030398688787886,0.30680768811602704,1.165842991852831,1.1452355368852094,0.1675246580121291,0.18438566183211869,0.10310612977700219,0.1745535397007657,0.32354072568571113,0.31940167387793406,1.139438475637459,1.1217374171200372,-0.0989453597592238,-0.13684307252602446,0.019230769230769232,0.019230769230769232,0.36538461538461536,0.3269230769230769,low,low,mid,low,0,0.0,0.0,0.0,0.0,pre_price_events,7114,0x116e7d070f1888b81e1e0324f56d6746b2d7d8f1,1000863.055673601,300642.46895390877,149669.25197770135,5177.998050260203,-0.033335175638381606,-0.03542827978154078,-0.020406922666882786
2026-04-18T08:00:00Z,1776499200,2026-04-18,0.0008121957421318,-0.03212767590245236,0.0,0.0,0.017280876484479846,CHOG,0.99,1776502724,2026-04-18T08:58:44Z,3524,observed,35,28,5,4,26,17,18,730217.5888563705,1916772.7137364214,-1186555.1248800508,2646990.302592792,63481.689408733095,0.022718283003800455,266.5019080911143,100.0,166.50190809111427,970769.3142857143,1.0,1.1142857142857143,2,-1103495.434038136,2540796.978458029,-83059.69084191497,106193.32413476256,10,10,-4960.401551161067,15516.597395407594,775.8298697703797,1151.1686786549578,0.0,0.0,0,0,0.0,0.0,1591318.707397088,0,2,1591318.707397088,600583.8421230566,1755098.0056937833,3,3,2355681.84781684,5,35,2646990.302592792,14.788934195443655,-0.44826576195530105,-963.7150202322434,2149.8742532300307,-0.448265761955301,-0.02857142857142857,0.0,-0.3196835894336721,1.4837900982024141,0.5714285714285714,-0.43431074713723505,-0.7821554840538723,0.3478447369166372,-1020435.743196221,0,0.0,0.0,0.0,0,0.0,0.0,-1591318.707397088,-0.601180406984624,0.601180406984624,2,0.05714285714285714,-1.0,-1154514.1635707268,-0.43616108545613175,0.8899472905168528,6,0.17142857142857143,0.0,-1.2363229334991432,-1.1177554285268412,-1.0045959980423564,-0.9227888456861402,-1.7136795557536282,-1.6811723693657932,-1.9571994570814197,-1.7800014229951824,-1.2127602513585003,-1.0922798653483174,-0.9905139212160224,-0.9098011477442001,0.9996418830714447,0.949814928180084,0.8703703703703703,0.8703703703703703,0.7962962962962963,0.7592592592592593,high,high,high,high,0,-1591318.707397088,-1591318.707397088,-0.0,-0.0,pre_price_events,7114,0x116e7d070f1888b81e1e0324f56d6746b2d7d8f1,1000863.055673601,300642.46895390877,149669.25197770135,5177.998050260203,-0.0018020782668065165,-0.01013519741657701,-0.00011535273930666709
2026-04-18T09:00:00Z,1776502800,2026-04-18,0.0008121957421318,0.0,0.0,0.017280876484479846,0.017280876484479846,CHOG,0.99,1776502724,2026-04-18T08:58:44Z,-76,forward_fill,28,23,4,3,17,12,16,3932973.7010843856,2021105.9211951818,1911867.7798892043,5954079.622279568,152356.60202352676,0.02267532033529632,15627.028781584071,100.0,15527.028781584071,984968.9642857143,1.0,1.5,4,1783679.8015960334,5730195.3449516455,128187.97829317066,223884.2773279224,5,5,-4278.135987626057,10203.321392191834,1020.3321392191834,1413.5394445309028,2905801.3022547173,0.0,1,0,2905801.3022547173,3717614.6860363847,1550395.0528772457,3,2,5268009.73891363,3870269.4688075795,1703049.8356484403,4,3,5573319.30445602,4,28,5954079.622279567,15.599587361326035,0.32110215199930936,1552.810870344989,4835.878117529181,0.3211021519993094,-0.14285714285714285,0.0,-0.41928856528031466,1.3853718707837863,0.35714285714285715,0.31127731154357097,0.5725635574909722,-0.26128624594740124,1655491.8233028627,0,2905801.3022547173,0.48803534493920786,0.48803534493920786,1,0.03571428571428571,1.0,2167219.633159139,0.3639890244412623,0.8847731426367338,5,0.17857142857142858,0.2,2167219.633159139,0.3639890244412623,0.9360505162882302,7,0.25,0.14285714285714285,2.295822437051921,1.9275865448032412,0.1676251241261743,0.1923585289825431,2.6442097475603723,2.4715427712236293,1.4449209794954945,1.3778592852628009,2.2758065522836244,1.8996975518397823,0.13518409808374696,0.1629308321091495,1.3364476322605845,1.2533085323978759,0.9821428571428571,0.9821428571428571,0.9107142857142857,0.6428571428571429,high,high,high,mid,0,2167219.633159139,2167219.633159139,0.0,0.0,pre_price_events,7114,0x116e7d070f1888b81e1e0324f56d6746b2d7d8f1,1000863.055673601,300642.46895390877,149669.25197770135,5177.998050260203,0.0027413344807391436,0.011238887669995609,0.008548450666120866
2026-04-18T10:00:00Z,1776506400,2026-04-18,0.0008121957421318,0.0,0.0,0.017280876484479846,0.04083541973828497,CHOG,0.99,1776502724,2026-04-18T08:58:44Z,-3676,forward_fill,7,6,3,3,6,2,5,11757.397297754109,185.9911363823812,11571.406161371728,11943.388434136492,301.847827239498,0.0217633649733317,103.47630715185714,100.0,3.4763071518571427,515051.85714285716,1.0,1.0,1,11571.406161371728,11571.827159060464,0.0,371.56127507602815,1,5,-0.21049884436713015,371.7717739203953,61.96196232006588,95.90956806334195,0.0,0.0,0,0,0.0,0.0,0.0,0,0,0.0,0.0,0.0,0,0,0.0,3,7,11943.388434136492,9.388016859967557,0.9688545445192448,9.398246814743793,9.700369232831845,0.9688545445192448,-0.42857142857142855,-0.6666666666666666,-0.0005662044811723729,1.5478781573753098,0.8571428571428571,0.9999636187368728,0.0,0.9999636187368728,11571.406161371728,0,0.0,0.0,0.0,0,0.0,0.0,0.0,0.0,0.0,0,0.0,0.0,0.0,0.0,0.0,0,0.0,0.0,-0.024544588681606243,0.052362876798378366,1.0529907894788981,1.105949936076496,0.053544158350902614,0.12307363806839906,0.10648822414729754,0.17663405020063874,-0.021132434917977606,0.05407810936946235,1.0701643271921573,1.1274454026787275,-1.2611441133084393,-1.431388742815792,0.15517241379310345,0.15517241379310345,0.15517241379310345,0.1724137931034483,low,low,low,low,0,0.0,0.0,0.0,0.0,pre_price_events,7114,0x116e7d070f1888b81e1e0324f56d6746b2d7d8f1,1000863.055673601,300642.46895390877,149669.25197770135,5177.998050260203,-0.0063735871025568346,0.01361160964427396,0.031728758924858796
2026-04-18T11:00:00Z,1776510000,2026-04-18,0.0008121957421318,0.0,0.017280876484479846,0.017280876484479846,0.04083541973828497,CHOG,0.99,1776502724,2026-04-18T08:58:44Z,-7276,forward_fill,8,5,4,4,5,1,7,552.1116742401063,71175.27662050007,-70623.16494625996,71727.38829474017,1790.726225392567,0.022204316415238415,103.28945250025001,100.0,3.28945250025,1077856.75,1.0,1.0,1,-58365.71452173374,59469.93787021395,-12257.450424526212,12257.450424526212,1,4,-3874.109098239809,4978.332446720022,995.6664893440044,1343.9999749603935,0.0,0.0,0,0,0.0,0.0,0.0,0,0,0.0,0.0,0.0,0,0,0.0,4,8,71727.38829474016,11.180641879813818,-0.9846052759659564,-57.359833865224125,58.256679367222276,-0.9846052759659564,-0.75,-0.6,-0.7781941322123372,1.3498495624231452,0.625,-0.9814322431126454,-1.0,0.01856775688735457,-46108.264097207524,0,0.0,0.0,0.0,0,0.0,0.0,0.0,0.0,0.0,0,0.0,0.0,0.0,0.0,0.0,0,0.0,0.0,-0.1156200029557134,-0.029630940533601227,-1.6756744187109498,-1.6568650402331264,0.05329205420953551,0.12097448983773798,0.10604048663085258,0.17357496492531654,-0.10295365162066163,-0.019670596232047644,-1.6717107150432384,-1.6525692666660832,-0.4223110736616743,-0.6338205659035682,0.15,0.15,0.21666666666666667,0.13333333333333333,low,low,low,low,0,0.0,0.0,-0.0,-0.0,pre_price_events,7114,0x116e7d070f1888b81e1e0324f56d6746b2d7d8f1,1000863.055673601,300642.46895390877,149669.25197770135,5177.998050260203,0.014052687620985316,0.01377459732791503,0.03408656881926771
2026-04-18T12:00:00Z,1776513600,2026-04-18,0.0008262311964328,0.017280876484479846,0.0,0.0,0.023154414673757673,CHOG,0.99,1776517139,2026-04-18T12:58:59Z,3539,observed,9,6,4,4,6,2,7,1959.6100597509246,372558.36075519765,-370598.75069544674,374517.97081494855,9345.946852992929,0.025063779312210974,104.47916666666667,100.0,4.479166666666667,2128785.777777778,1.0,1.0,1,-342809.51835420955,346720.9759780738,-27789.232341237173,27796.994836874772,2,2,-527.7175017981219,4446.937621299971,1111.7344053249928,1278.2373289208476,0.0,0.0,0,0,0.0,0.0,0.0,0,0,0.0,0.0,0.0,0,0,0.0,4,9,374517.9708149486,12.833397737038124,-0.9895352948992712,-306.2002491835999,309.43843111201943,-0.9895352948992711,-0.5555555555555556,0.0,-0.11866986828653883,1.1497686163154959,0.4444444444444444,-0.9887187165044448,-0.9997207433507416,0.011002026846296808,-315020.28601297236,0,0.0,0.0,0.0,0,0.0,0.0,0.0,0.0,0.0,0,0.0,0.0,0.0,0.0,0.0,0,0.0,0.0,-0.5233919490474627,-0.32980570693783057,-1.5635061716866552,-1.5683016770150664,0.05329205420953551,0.11897921265376714,0.10604048663085258,0.1706695046986073,-0.5144648823606629,-0.32028152252614955,-1.5642901762027508,-1.5674170634666533,0.326560970469049,0.09304650342905614,0.20967741935483872,0.20967741935483872,0.5,0.20967741935483872,low,low,mid,low,1,0.0,0.0,-0.0,-0.9895352948992712,pre_price_events,7114,0x116e7d070f1888b81e1e0324f56d6746b2d7d8f1,1000863.055673601,300642.46895390877,149669.25197770135,5177.998050260203,0.0009347490793338653,-0.0018785600865559385,0.02084923384948821
2026-04-18T13:00:00Z,1776517200,2026-04-18,0.0008262311964328,0.0,0.0,0.023154414673757673,0.023154414673757673,CHOG,0.99,1776517139,2026-04-18T12:58:59Z,-61,forward_fill,9,9,2,2,9,2,7,78222.4278514981,4146.826743312611,74075.60110818548,82369.25459481071,2085.6626574301354,0.024887791230794837,105.30033654011112,100.0,5.300336540111111,646683.1111111111,1.0,1.0,1,74175.60110818548,82269.25459481071,-100.0,100.0,1,7,-4127.320236010064,4166.333250615158,520.7916563268948,1406.1967433305372,0.0,0.0,0,0,0.0,0.0,0.0,0,0,0.0,0.0,0.0,0,0,0.0,2,9,82369.25459481071,11.318979662798682,0.8993112960967874,61.20357253009494,68.05604777314836,0.8993112960967874,-0.5555555555555556,-0.75,-0.9906361271990584,2.7001138099030606,0.8888888888888888,0.9016199487100282,-1.0,1.901619948710028,74275.60110818548,1,0.0,0.0,0.0,0,0.0,0.0,0.0,0.0,0.0,0,0.0,0.0,0.0,0.0,0.0,0,0.0,0.0,0.18339478911107107,0.12872068366673975,0.8997533076227566,1.0196743802481731,0.11304701826762067,0.11707951340141105,0.12467899936346427,0.16790522728732682,0.18705678803115305,0.1334539195814838,0.8771242825479194,1.0024179658420471,-0.28364129960700907,-0.5730595851725533,0.234375,0.234375,0.234375,0.453125,low,low,low,mid,0,0.0,0.0,74175.60110818548,0.0,pre_price_events,7114,0x116e7d070f1888b81e1e0324f56d6746b2d7d8f1,1000863.055673601,300642.46895390877,149669.25197770135,5177.998050260203,-0.0030793507401906785,0.01950611916786527,0.01617724239026319
2026-04-18T14:00:00Z,1776520800,2026-04-18,0.0008262311964328,0.0,0.0,0.023154414673757673,-0.07924746399505556,CHOG,0.99,1776517139,2026-04-18T12:58:59Z,-3661,forward_fill,9,9,2,2,9,4,5,9988.877940908513,411.79374650329834,9577.084194405215,10400.671687411812,263.7607027859438,0.024940337777181232,105.10073418711112,100.0,5.100734187111112,668470.0,1.0,1.0,1,9542.670196589599,10366.257689596196,34.41399781561568,34.41399781561568,3,5,1767.6845911385133,2591.27208414511,323.90901051813876,672.9042456590203,0.0,0.0,0,0,0.0,0.0,0.0,0,0,0.0,0.0,0.0,0,0,0.0,2,9,10400.671687411812,9.24972181138652,0.9208140091564082,7.9128857322810795,8.59335941199501,0.9208140091564082,-0.1111111111111111,-0.25,0.6821686545207747,2.077448369165815,0.8888888888888888,0.9205511267742102,1.0,-0.07944887322578975,9508.256198773983,0,0.0,0.0,0.0,0,0.0,0.0,0.0,0.0,0.0,0,0.0,0.0,0.0,0.0,0.0,0,0.0,0.0,0.10436636469840466,0.05992569656564931,0.895348747966746,1.0166389489709668,0.11304701826762067,0.11526799729037152,0.12467899936346427,0.1652710570349756,0.1044563662608249,0.060732337514077896,0.873820645819795,0.996914752054188,-1.1685290080198645,-1.4379282130822002,0.22727272727272727,0.22727272727272727,0.10606060606060606,0.45454545454545453,low,low,low,mid,0,0.0,0.0,0.0,0.0,pre_price_events,7114,0x116e7d070f1888b81e1e0324f56d6746b2d7d8f1,1000863.055673601,300642.46895390877,149669.25197770135,5177.998050260203,-0.006827584667526022,0.019124606226297643,-0.08945948709102772
2026-04-18T15:00:00Z,1776524400,2026-04-18,0.0008262311964328,0.0,0.023154414673757673,0.023154414673757673,-0.07924746399505556,CHOG,0.99,1776517139,2026-04-18T12:58:59Z,-7261,forward_fill,21,18,3,3,17,10,11,1162828.5822402074,1469936.4484600807,-307107.8662198735,2632765.030700288,64311.24645083644,0.023408540220667188,198.84242400614286,100.0,98.84242400614286,1127250.4761904762,1.0,1.0952380952380953,2,-307803.7665787462,2551637.7053376674,695.9003588729242,81127.32536262077,5,7,1584.5080836213497,11176.757735958456,931.396477996538,1382.319540095313,0.0,1413583.531762594,0,1,1413583.531762594,804359.9155913491,1413583.531762594,1,1,2217943.4473539433,1063164.3529396695,1413583.531762594,2,1,2476747.8847022634,3,21,2632765.030700288,14.78354557418083,-0.11664841436236564,-253.74209974077036,2175.272601241936,-0.11664841436236566,-0.047619047619047616,-0.16666666666666666,0.14176813357272536,1.4841365334220762,0.5714285714285714,-0.1206298864195587,0.008577878732750122,-0.1292077651523088,-308499.6669376191,1,-1413583.531762594,-0.5369197460764645,0.5369197460764645,1,0.047619047619047616,-1.0,-609223.6161712448,-0.23140067915943022,0.842438812993499,2,0.09523809523809523,0.0,-350419.1788229244,-0.13309929854610555,0.9407401936068235,3,0.14285714285714285,0.3333333333333333,-0.33404200698764186,-0.27398601168415404,-0.3955872481184757,-0.41309167560213383,-0.701926577267868,-0.5879143064809302,-0.6779291790181977,-0.6456410379899598,-0.3620791213249587,-0.29235038161286336,-0.4122960839873563,-0.42762219792017453,1.3394390112957502,0.992230495370323,0.75,0.75,0.7794117647058824,0.6911764705882353,high,high,high,high,0,-609223.6161712448,-609223.6161712448,-307803.7665787462,-0.0,pre_price_events,7114,0x116e7d070f1888b81e1e0324f56d6746b2d7d8f1,1000863.055673601,300642.46895390877,149669.25197770135,5177.998050260203,0.025129798165374112,0.018134624324603,-0.08614351566619732
2026-04-18T16:00:00Z,1776528000,2026-04-18,0.0008453620961714,0.023154414673757673,0.0,0.0,-0.10008448109121915,CHOG,0.99,1776531538,2026-04-18T16:58:58Z,3538,observed,6,6,1,1,6,4,2,4855.855410651858,0.0059045924110115895,4855.849506059447,4855.861315244269,121.99226609069586,0.024955151999040363,102.49752662383332,100.0,2.4975266238333336,629173.6666666666,1.0,1.0,1,4855.849506059447,4855.861315244269,0.0,0.0,4,2,4855.849506059447,4855.861315244269,809.310219207378,1774.84772742618,0.0,0.0,0,0,0.0,0.0,0.0,0,0,0.0,0.0,0.0,0,0,0.0,1,6,4855.861315244269,8.488147688354445,0.9999975680555817,4.104951117135271,4.104961100172506,0.9999975680555816,0.3333333333333333,0.3333333333333333,0.9999975680555817,2.19303758349231,1.0,0.9999975680555817,0.0,0.9999975680555817,4855.849506059447,0,0.0,0.0,0.0,0,0.0,0.0,0.0,0.0,0.0,0,0.0,0.0,0.0,0.0,0.0,0,0.0,0.0,0.13672308335223843,0.06302221456463804,0.9851017736526955,1.1152511115130694,0.14724276640911324,0.1322375876082261,0.15831216058981082,0.18348741579004435,0.13728912542258412,0.06412698374858669,0.9630036522259431,1.0964608808687422,-1.380574309046855,-1.7026442842394118,0.07142857142857142,0.07142857142857142,0.07142857142857142,0.2,low,low,low,low,1,0.0,0.0,0.0,0.9999975680555817,pre_price_events,7114,0x116e7d070f1888b81e1e0324f56d6746b2d7d8f1,1000863.055673601,300642.46895390877,149669.25197770135,5177.998050260203,-0.006198997572343942,-0.0016705286005731712,-0.10706552470139546
2026-04-18T17:00:00Z,1776531600,2026-04-18,0.0008453620961714,0.0,0.0,-0.10008448109121915,-0.10008448109121915,CHOG,0.99,1776531538,2026-04-18T16:58:58Z,-62,forward_fill,4,3,2,2,3,1,3,197908.3437805737,249192.26858683632,-51283.92480626263,447100.61236741004,11063.192716556625,0.024683361832190796,102.2750106185,100.0,2.2750106185,777489.5,1.0,1.0,1,-32246.837646262633,428063.52520741004,-19037.08716,19037.08716,0,1,-1635.8685868363261,1635.8685868363261,1635.8685868363261,,0.0,0.0,0,0,0.0,0.0,0.0,0,0,0.0,197908.3437805737,228519.31284,1,1,426427.6566205737,2,4,447100.61236741004,13.010541168494724,-0.11470332043320816,-43.35348617411863,377.9619108704303,-0.11470332043320816,-0.5,-1.0,-1.0,,0.25,-0.07533189759776435,-1.0,0.9246681024022356,-13209.750486262634,0,0.0,0.0,0.0,0,0.0,0.0,0.0,0.0,0.0,0,0.0,0.0,-30610.96905942631,-0.0684655046597686,0.9537621842265604,2,0.5,0.0,0.030878570619724453,0.0013065251444518708,-0.5585705801460038,-0.4341218195262301,0.14724276640911324,0.1303563637101078,0.15831216058981082,0.1808364913682114,0.055874349035968135,0.020801157409369532,-0.5188693292108207,-0.38914811991293885,0.5746821024716974,0.24444230317944995,0.06944444444444445,0.06944444444444445,0.5694444444444444,0.027777777777777776,low,low,mid,low,0,0.0,0.0,-0.0,-0.0,pre_price_events,7114,0x116e7d070f1888b81e1e0324f56d6746b2d7d8f1,1000863.055673601,300642.46895390877,149669.25197770135,5177.998050260203,0.0004934557143941746,-0.1025832905114529,-0.10219433418921137
2026-04-18T18:00:00Z,1776535200,2026-04-18,0.0008453620961714,0.0,0.0,-0.10008448109121915,-0.1664955547869308,CHOG,0.99,1776531538,2026-04-18T16:58:58Z,-3662,forward_fill,7,6,2,2,6,3,4,1980.0793671564709,2162.0278190529893,-181.94845189651875,4142.10718620946,102.90624152319549,0.0248440722416389,112.66289804371429,100.0,12.662898043714288,828281.0,1.0,1.0,1,-72.28976814432224,4032.4485024572637,-109.65868375219652,109.65868375219652,3,4,-181.94845189651875,4142.10718620946,591.729598029923,967.0340911870564,0.0,0.0,0,0,0.0,0.0,0.0,0,0,0.0,0.0,0.0,0,0,0.0,2,7,4142.10718620946,8.32920131338393,-0.043926543596527264,-0.15381232469038222,3.5015804135006485,-0.04392654359652727,-0.14285714285714285,-0.14285714285714285,-0.043926543596527264,1.6342499925754177,1.0,-0.017927015831763465,-1.0,0.9820729841682365,37.368915607874285,0,0.0,0.0,0.0,0,0.0,0.0,0.0,0.0,0.0,0,0.0,0.0,0.0,0.0,0.0,0,0.0,0.0,0.10954299049177516,0.057468447450595504,-0.44428790487053443,-0.3291049546844494,0.14724276640911324,0.1285532085311535,0.15831216058981082,0.17829724116451903,0.1083856262241311,0.05784473590735273,-0.4216624139716456,-0.3039569061927671,-1.4056615747100176,-1.7040793562636076,0.581081081081081,0.581081081081081,0.06756756756756757,0.22972972972972974,mid,mid,low,low,0,0.0,0.0,-0.0,-0.0,pre_price_events,7114,0x116e7d070f1888b81e1e0324f56d6746b2d7d8f1,1000863.055673601,300642.46895390877,149669.25197770135,5177.998050260203,-0.00829151548049506,-0.10394896373475228,-0.17725745171739893
2026-04-18T19:00:00Z,1776538800,2026-04-18,0.0008453620961714,0.0,-0.10008448109121915,-0.10008448109121915,-0.1664955547869308,CHOG,0.99,1776531538,2026-04-18T16:58:58Z,-7262,forward_fill,73,58,5,4,44,40,33,6634359.3275891375,11367333.387628056,-4732974.060038919,18001692.715217195,381131.86775491684,0.019974857481177687,172.59227983294522,100.0,72.59227983294521,1105980.9315068494,1.0,1.821917808219178,7,-4457824.106680404,17299564.013814013,-275149.9533585159,702128.7014031814,18,19,-17553.535611005937,32928.895633313456,889.970152251715,1211.5653884529988,1673210.795984043,10018709.975837076,1,1,11691920.771821119,5493018.57965762,10496924.925849153,8,2,15989943.505506773,6108567.534014252,10996927.519617256,11,4,17105495.053631507,5,73,18001692.715217195,16.7059764067236,-0.2629182785704391,-4001.0768725193616,15217.948688369428,-0.2629182785704391,0.0958904109589041,-0.02702702702702703,-0.5330739240840924,1.3613550807154768,0.5068493150684932,-0.25768418805934945,-0.3918796551239647,0.13419546706461527,-4182674.1533218883,0,-8345499.179853033,-0.46359524695132776,0.6494900761158812,2,0.0273972602739726,0.0,-5003906.346191533,-0.2779686569120041,0.8882466642700855,10,0.136986301369863,0.6,-4888359.985603004,-0.2715500182641588,0.950215922704418,15,0.2054794520547945,0.4666666666666667,-3.9327721034003935,-3.96134848781828,-0.6836920056871431,-0.6303135083445778,-3.867418959964172,-4.262205421903115,-0.793702693185935,-0.8430661891567964,-3.9292713870178138,-3.9472258584130655,-0.6878988335662113,-0.6328125010192389,1.900428094756219,1.7528528529044367,0.75,0.75,0.9868421052631579,0.9078947368421053,high,high,high,high,0,-5003906.346191533,-5003906.346191533,-0.0,-0.0,pre_price_events,7114,0x116e7d070f1888b81e1e0324f56d6746b2d7d8f1,1000863.055673601,300642.46895390877,149669.25197770135,5177.998050260203,-0.09991759680608309,-0.11346097042144743,-0.19350463009661586
2026-04-18T20:00:00Z,1776542400,2026-04-18,0.0007607544694419,-0.10008448109121915,0.0,0.0,-0.07379700905285014,CHOG,0.99,1776545944,2026-04-18T20:59:04Z,3544,observed,46,37,5,4,33,27,19,1967101.2109503716,68871.95028669975,1898229.260663672,2035973.1612370715,45200.342299151605,0.020692276671337974,177.6459225573913,100.0,77.6459225573913,861419.3478260869,1.0,1.2173913043478262,3,1808817.7879069368,1946355.119993932,89411.47275673515,89618.04124313935,12,13,-2987.9645204733447,13221.434518943719,528.8573807577487,730.6042445791172,0.0,0.0,0,0,0.0,1191193.1149992573,0.0,2,0,1191193.1149992573,1629170.1189509607,0.0,4,0,1629170.1189509607,5,46,2035973.1612370717,14.526484965627557,0.9323449330296154,1444.086394075282,1548.8756820748563,0.9323449330296155,0.17391304347826086,-0.04,-0.22599397336137605,1.3814768804631314,0.5434782608695652,0.9293359517622745,0.9976950122593757,-0.06835906049710128,1719406.3151502018,0,0.0,0.0,0.0,0,0.0,0.0,1191193.1149992573,0.5850730931420923,0.5850730931420923,2,0.043478260869565216,1.0,1629170.1189509607,0.8001923355222745,0.8001923355222745,4,0.08695652173913043,1.0,1.7278998963684435,1.7080621358944117,0.9422123758188129,1.0621376446031476,1.1661120642314293,1.2306226141382732,1.9987256113251224,2.212028176318116,1.7416460934339324,1.7198686985143046,0.9164636517830766,1.0392065517309972,0.9667343708524907,0.8354007375997485,0.7564102564102564,0.7564102564102564,0.7564102564102564,0.8205128205128205,high,high,high,high,0,1191193.1149992573,1191193.1149992573,0.0,0.0,pre_price_events,7114,0x116e7d070f1888b81e1e0324f56d6746b2d7d8f1,1000863.055673601,300642.46895390877,149669.25197770135,5177.998050260203,-0.008394464223708861,-0.01788777347968694,-0.10555641912847695
2026-04-18T21:00:00Z,1776546000,2026-04-18,0.0007607544694419,0.0,0.0,-0.07379700905285014,-0.07379700905285014,CHOG,0.99,1776545944,2026-04-18T20:59:04Z,-56,forward_fill,31,27,5,4,24,20,11,824426.4678647894,2114058.475245253,-1289632.0073804639,2938484.9431100427,64556.89265410307,0.021370486794004186,112.96482860941936,100.0,12.964828609419353,1103382.7096774194,1.0,1.2580645161290323,3,-1254766.094392287,2846562.5201570704,-34865.9129881768,91922.42295297259,8,7,3458.192566206505,13948.688161679043,929.9125441119362,1428.894643911381,0.0,2017921.9695809437,0,1,2017921.9695809437,0.0,2017921.9695809437,0,1,2017921.9695809437,470987.4935004517,2017921.9695809437,2,1,2488909.4630813953,5,31,2938484.9431100423,14.893405021327652,-0.43887650688981894,-981.0933135500173,2235.4655538586926,-0.4388765068898189,0.2903225806451613,0.06666666666666667,0.24792242296355363,1.5365903524572533,0.4838709677419355,-0.4408004691648404,-0.37929714935836895,-0.061503319806471446,-1219900.1814041103,0,-2017921.9695809437,-0.6867219021531583,0.6867219021531583,1,0.03225806451612903,-1.0,-2017921.9695809437,-0.6867219021531583,0.6867219021531583,1,0.03225806451612903,-1.0,-1546934.4760804921,-0.5264394768153016,0.8470043274910151,3,0.0967741935483871,0.3333333333333333,-0.8434026962995076,-0.9642575121095267,-0.9122407949075814,-0.8894194857120077,-1.289288725699187,-1.545396241818486,-1.8732499830248284,-2.1410473031807142,-0.8745203515619576,-0.9946424952905479,-0.9245590009641659,-0.9001825074891577,1.0322182802275264,0.9631707027297187,0.5875,0.5875,0.8125,0.7625,mid,mid,high,high,0,-2017921.9695809437,-0.0,-0.0,-0.0,pre_price_events,7114,0x116e7d070f1888b81e1e0324f56d6746b2d7d8f1,1000863.055673601,300642.46895390877,149669.25197770135,5177.998050260203,0.001156925678051552,-0.08047176386220391,-0.08496715335572877
2026-04-18T22:00:00Z,1776549600,2026-04-18,0.0007607544694419,0.0,0.0,-0.07379700905285014,-0.09395477305698396,CHOG,0.99,1776545944,2026-04-18T20:59:04Z,-3656,forward_fill,25,14,3,3,14,14,11,304481.82489377074,75811.12307226715,228670.70182150358,380292.9479660379,8374.222855135074,0.02197541951161224,111.2927680574,100.0,11.292768057399998,2758461.44,1.0,3.88,9,222494.2493158917,358397.242364876,6176.452505611873,21895.705601161895,5,9,5173.5956594236495,7104.928962841842,507.49492591727443,985.7464891811447,0.0,0.0,0,0,0.0,0.0,0.0,0,0,0.0,0.0,0.0,0,0,0.0,3,25,380292.9479660378,12.84869977994812,0.6013014520635419,173.96225844112487,289.3095598623993,0.6013014520635418,0.12,-0.2857142857142857,0.7281699347707913,1.9423770344096583,0.56,0.6208034633519178,0.2820851092044332,0.33871835414748463,216317.79681027983,0,0.0,0.0,0.0,0,0.0,0.0,0.0,0.0,0.0,0,0.0,0.0,0.0,0.0,0.0,0,0.0,0.0,0.3731020792244763,0.3164314120789958,0.4335516965377609,0.600027775323488,0.26922021133986634,0.20789487350896915,0.17810973947633696,0.17870635593338904,0.37775070510704023,0.3220130320939748,0.4411413055534585,0.6115997765459099,0.24488064535435689,0.11497940525941791,0.47560975609756095,0.47560975609756095,0.5,0.6097560975609756,mid,mid,mid,mid,0,0.0,0.0,0.0,0.0,pre_price_events,7114,0x116e7d070f1888b81e1e0324f56d6746b2d7d8f1,1000863.055673601,300642.46895390877,149669.25197770135,5177.998050260203,-0.0019363601850366382,-0.07984361832191537,-0.10565388440761818
2026-04-18T23:00:00Z,1776553200,2026-04-18,0.0007607544694419,0.0,-0.07379700905285014,-0.07379700905285014,-0.09395477305698396,CHOG,0.99,1776545944,2026-04-18T20:59:04Z,-7256,forward_fill,16,12,4,4,11,9,7,367283.0242848431,1590375.561120124,-1223092.5368352807,1957658.585404967,41918.47265813859,0.021708644149002577,119.58973155925,100.0,19.58973155925,1033329.9375,1.0,1.125,2,-1183117.037368378,1891924.4213255595,-39975.499466902984,65734.16407940755,3,4,358.8582629028265,1273.5214416410336,181.93163452014764,199.05919415966827,0.0,1526134.9895960954,0,1,1526134.9895960954,0.0,1526134.9895960954,0,1,1526134.9895960954,200696.19716849993,1526134.9895960954,1,1,1726831.1867645953,4,16,1957658.5854049667,14.487260228635199,-0.6247731580745823,-930.4731139384716,1489.2975184881361,-0.6247731580745823,0.125,-0.14285714285714285,0.2817842332049071,1.094142833843577,0.4375,-0.6253511102411997,-0.6081388578793239,-0.017212252361875846,-1143141.5379014749,0,-1526134.9895960954,-0.779571576460762,0.779571576460762,1,0.0625,-1.0,-1526134.9895960954,-0.779571576460762,0.779571576460762,1,0.0625,-1.0,-1325438.7924275955,-0.6770530889855911,0.8820900639359329,2,0.125,0.0,-0.8170499070472698,-0.9056920991926469,-1.297059290667218,-1.1484450377880253,-0.9058973100918616,-1.105456664909252,-1.964211389151203,-2.2956829369536687,-0.8376753124909492,-0.9276993200880452,-1.3047277596685252,-1.1555248975196624,0.8864373051698551,0.7862496927457614,0.6785714285714286,0.6785714285714286,0.7261904761904762,0.5357142857142857,high,high,high,mid,0,-1526134.9895960954,-1526134.9895960954,-0.0,-0.0,pre_price_events,7114,0x116e7d070f1888b81e1e0324f56d6746b2d7d8f1,1000863.055673601,300642.46895390877,149669.25197770135,5177.998050260203,-0.0718495859250934,-0.07803381635949547,-0.09909108732487061
2026-04-19T00:00:00Z,1776556800,2026-04-19,0.0007046130649735,-0.07379700905285014,0.0,0.0,-0.021763872715980237,CHOG,0.99,1776560338,2026-04-19T00:58:58Z,3538,observed,22,19,3,3,19,14,8,1527365.5104774735,52469.268200577346,1474896.2422768963,1579834.778678051,34394.296714791475,0.02156529414309952,116.62500965359091,100.0,16.625009653590908,823363.3636363636,1.0,1.0,1,1419232.5282888147,1488387.8440183513,55663.713988081356,91446.9346596997,3,6,6646.621925828661,7436.375344158807,826.2639271287563,1562.3615201888422,0.0,0.0,0,0,0.0,585339.3187325083,0.0,1,0,585339.3187325083,1029533.1319556094,0.0,3,0,1029533.1319556094,3,22,1579834.778678051,14.27283146205573,0.9335762588484325,1039.2311617886216,1113.1722255560726,0.9335762588484324,0.2727272727272727,-0.3333333333333333,0.8937986072811012,1.8908746574693198,0.4090909090909091,0.9535367639506979,0.608699615741326,0.34483714820937184,1363568.8143007334,0,0.0,0.0,0.0,0,0.0,0.0,585339.3187325083,0.3705066672999181,0.3705066672999181,1,0.045454545454545456,1.0,1029533.1319556094,0.6516713936485724,0.6516713936485724,3,0.13636363636363635,1.0,1.3254654671329318,1.3602693190564754,0.9078106029622074,1.0780355225506242,0.7208990406408772,0.734528176351675,1.36071091454622,1.3741544761385138,1.344167308095881,1.379688913121305,0.910655764026623,1.0869922461965762,0.7885727069535134,0.6839804188062772,0.6162790697674418,0.6162790697674418,0.686046511627907,0.7325581395348837,mid,mid,high,high,0,585339.3187325083,0.0,0.0,0.0,pre_price_events,7114,0x116e7d070f1888b81e1e0324f56d6746b2d7d8f1,1000863.055673601,300642.46895390877,149669.25197770135,5177.998050260203,-0.0044787603850814685,-0.01164665238285053,-0.039744209331776234
2026-04-19T01:00:00Z,1776560400,2026-04-19,0.0007046130649735,0.0,0.0,-0.021763872715980237,-0.021763872715980237,CHOG,0.99,1776560338,2026-04-19T00:58:58Z,-62,forward_fill,14,12,3,3,12,8,6,116714.8562348569,32720.81079835223,83994.04543650468,149435.66703320912,3326.150416559446,0.02212501747166102,110.08121999992856,100.0,10.081219999928573,912261.3571428572,1.0,1.0,1,83985.04767360241,149271.06396156113,8.997762902251859,164.60307164800395,3,5,3201.040490093303,3841.10968077442,480.1387100968025,1196.3818847930434,0.0,0.0,0,0,0.0,0.0,0.0,0,0,0.0,0.0,0.0,0,0,0.0,3,14,149435.66703320915,11.914627950170653,0.5620749524130585,59.18330179453898,105.29432336462888,0.5620749524130586,0.14285714285714285,-0.25,0.833363469446134,2.4917421978990957,0.5714285714285714,0.5626344814908631,0.054663396084692506,0.5079710854061706,83976.04991070017,0,0.0,0.0,0.0,0,0.0,0.0,0.0,0.0,0.0,0,0.0,0.0,0.0,0.0,0.0,0,0.0,0.0,0.2204657400057014,0.17826532114212548,0.3718742197618686,0.5337870877746509,0.26984896973756295,0.21536633180706485,0.2608394929235136,0.1873668155891689,0.22442960717504457,0.18215954055519015,0.35109720540322015,0.5184547679861913,-0.10037989521889815,-0.31115509099323363,0.375,0.375,0.3068181818181818,0.5681818181818182,mid,mid,low,mid,0,0.0,0.0,0.0,0.0,pre_price_events,7114,0x116e7d070f1888b81e1e0324f56d6746b2d7d8f1,1000863.055673601,300642.46895390877,149669.25197770135,5177.998050260203,-0.002509127200006856,-0.026139957158700777,-0.030032791207272123
2026-04-19T02:00:00Z,1776564000,2026-04-19,0.0007046130649735,0.0,0.0,-0.021763872715980237,0.024635814998623218,CHOG,0.99,1776560338,2026-04-19T00:58:58Z,-3662,forward_fill,6,5,2,2,5,3,3,137275.15093329328,493140.17954906967,-355865.0286157764,630415.330482363,13869.478522763282,0.022198180934879033,102.18334041416666,100.0,2.1833404141666666,1248436.1666666667,1.0,1.0,1,-365403.04438489507,620877.3147132442,9538.015769118698,9538.015769118698,1,2,3887.6036636452154,3887.6303439845606,1295.8767813281868,2244.512872693037,0.0,0.0,0,0,0.0,0.0,493140.1662089,0,1,493140.1662089,0.0,493140.1662089,0,1,493140.1662089,2,6,630415.3304823629,13.354135722143265,-0.5644929801175455,-250.74714852984448,444.1988782174597,-0.5644929801175455,0.0,-0.3333333333333333,0.9999931371203061,1.7320418924340646,0.5,-0.5885269693798663,1.0,-1.5885269693798663,-374941.06015401374,1,0.0,0.0,0.0,0,0.0,0.0,-493140.1662089,-0.7822464688978507,0.7822464688978507,1,0.16666666666666666,-1.0,-493140.1662089,-0.7822464688978507,0.7822464688978507,1,0.16666666666666666,-1.0,-0.1687461964002845,-0.19672267513902295,-1.249919558112939,-1.0788917540651042,-0.14864366229621062,-0.22198309122691132,-2.1094551304853772,-2.1859368736224356,-0.1938539683461819,-0.22200528319681023,-1.2881796673339114,-1.1181356609406905,0.471567593220655,0.3013493000561844,0.05555555555555555,0.05555555555555555,0.5666666666666667,0.12222222222222222,low,low,mid,low,0,-0.0,-0.0,-365403.04438489507,-0.0,pre_price_events,7114,0x116e7d070f1888b81e1e0324f56d6746b2d7d8f1,1000863.055673601,300642.46895390877,149669.25197770135,5177.998050260203,0.0009123483767470098,-0.024534376855907952,0.022173932978754918
2026-04-19T03:00:00Z,1776567600,2026-04-19,0.0007046130649735,0.0,-0.021763872715980237,-0.021763872715980237,0.024635814998623218,CHOG,0.99,1776560338,2026-04-19T00:58:58Z,-7262,forward_fill,12,10,4,4,10,5,7,964743.644720562,1402459.8561267562,-437716.2114061941,2367203.5008473177,52394.095238327296,0.02033825573541225,120.25288984383333,100.0,20.252889843833334,956584.0833333334,1.0,1.0,1,-421003.6930977309,2350296.00849501,-16712.518308463154,16907.492352307974,2,3,-3745.2358306006013,3940.209874445423,788.0419748890846,1606.7060652351165,0.0,1171783.016708629,0,1,1171783.016708629,835268.0907003926,1171783.016708629,1,1,2007051.1074090216,835268.0907003926,1371783.016708629,1,2,2207051.107409022,4,12,2367203.5008473173,14.677220281404331,-0.18490856880260517,-308.4205613075069,1667.9625141480278,-0.18490856880260517,-0.16666666666666666,-0.2,-0.9505168379204004,2.038858482711225,0.4166666666666667,-0.17912794455508466,-0.988468186778851,0.8093402422237663,-404291.17478926777,0,-1171783.016708629,-0.49500730135334814,0.49500730135334814,1,0.08333333333333333,-1.0,-336514.92600823636,-0.14215715965601777,0.8478574430506786,2,0.16666666666666666,0.0,-536514.9260082364,-0.22664503741068143,0.9323453208053423,3,0.25,-0.3333333333333333,-0.21986755071609004,-0.2645626874364273,-0.6431204171689113,-0.520306624824791,-0.014495848021512043,-0.07985279857437791,-0.1552014957502108,-0.20781143548017694,-0.2259439431104588,-0.26967631099230716,-0.6450239590963481,-0.5203068880746808,0.9033789523147501,0.8569185007411566,0.7065217391304348,0.7065217391304348,0.7717391304347826,0.4782608695652174,high,high,high,mid,0,-336514.92600823636,-336514.92600823636,-0.0,-0.0,pre_price_events,7114,0x116e7d070f1888b81e1e0324f56d6746b2d7d8f1,1000863.055673601,300642.46895390877,149669.25197770135,5177.998050260203,-0.019065375294080714,-0.02529556895148353,0.021574797384174966
2026-04-19T04:00:00Z,1776571200,2026-04-19,0.0006892779559134,-0.021763872715980237,0.0,0.0,0.04743199154117095,CHOG,0.99,1776574736,2026-04-19T04:58:56Z,3536,observed,8,7,3,3,6,4,4,74038.01445576013,35020.97798066043,39017.036475099696,109058.99243642055,2374.445535312906,0.021643159792032608,2640.931119857125,100.0,2540.931119857125,1039848.375,1.0,1.0,1,73417.03775468734,74577.2951818904,-34400.00127958764,34481.697254530154,2,3,1704.283028969239,2864.540456172296,572.9080912344592,955.7553789868776,0.0,0.0,0,0,0.0,0.0,0.0,0,0,0.0,0.0,0.0,0,0,0.0,3,8,109058.99243642055,11.599653399127588,0.3577608375379585,26.89358314735529,75.17195938055092,0.35776083753795845,0.0,-0.2,0.594958617287802,1.6682525410445643,0.625,0.9844422163022506,-0.9976307438018649,1.9820729601041154,107817.03903427497,1,0.0,0.0,0.0,0,0.0,0.0,0.0,0.0,0.0,0,0.0,0.0,0.0,0.0,0.0,0,0.0,0.0,0.169218512386133,0.15137223181780818,0.18820909657865378,0.27093754380171375,0.2504069131749752,0.22439248211534207,0.2752633240116084,0.23295537793347884,0.19930392719781867,0.18524799285895746,1.02645001266964,1.1422992221500632,-0.2940980893736733,-0.47146773437796746,0.9680851063829787,0.9680851063829787,0.26595744680851063,0.2127659574468085,high,high,low,low,0,0.0,0.0,73417.03775468734,0.0,pre_price_events,7114,0x116e7d070f1888b81e1e0324f56d6746b2d7d8f1,1000863.055673601,300642.46895390877,149669.25197770135,5177.998050260203,-0.00406978831849393,-0.0053062143134305195,0.03843582451671314
2026-04-19T05:00:00Z,1776574800,2026-04-19,0.0006892779559134,0.0,0.0,0.04743199154117095,0.04743199154117095,CHOG,0.99,1776574736,2026-04-19T04:58:56Z,-64,forward_fill,19,16,3,3,16,6,13,154085.64901190283,113792.84043473055,40292.80857717229,267878.4894466334,5825.178564469278,0.02163449919570972,115.85485867531578,100.0,15.85485867531579,869502.7894736842,1.0,1.0,1,31190.947846683874,258709.48901979948,9101.860730488424,9169.000426833889,2,10,-3660.7309619564157,8437.081011011434,703.0900842509528,912.8050197816325,0.0,0.0,0,0,0.0,0.0,0.0,0,0,0.0,0.0,0.0,0,0,0.0,3,19,267878.4894466334,12.498292492118905,0.1504144982316671,27.77294473408323,184.64273763894477,0.15041449823166708,-0.3684210526315789,-0.6666666666666666,-0.43388595619488646,1.2982760534222333,0.631578947368421,0.12056360191835397,0.9926775337310516,-0.8721139318126976,22089.08711619545,0,0.0,0.0,0.0,0,0.0,0.0,0.0,0.0,0.0,0,0.0,0.0,0.0,0.0,0.0,0,0.0,0.0,0.16899537016659746,0.15086812153356496,-0.06976728429985514,-0.0352515322526486,0.2504069131749752,0.2219263880181905,0.2752633240116084,0.23038578850723604,0.16206112405987072,0.14425205013603662,-0.16556953831344423,-0.1079615881887411,-0.013526421384509591,-0.07767042516824435,0.59375,0.59375,0.40625,0.65625,mid,mid,mid,mid,0,0.0,0.0,0.0,0.0,pre_price_events,7114,0x116e7d070f1888b81e1e0324f56d6746b2d7d8f1,1000863.055673601,300642.46895390877,149669.25197770135,5177.998050260203,-0.0019606109019355018,0.042325908696057374,0.03785259276860987
2026-04-19T06:00:00Z,1776578400,2026-04-19,0.0006892779559134,0.0,0.0,0.04743199154117095,0.04179991329886645,CHOG,0.99,1776574736,2026-04-19T04:58:56Z,-3664,forward_fill,14,13,3,3,13,9,5,176617.7692319487,12936.827715955147,163680.94151599356,189554.59694790383,4154.352074346117,0.02033941193847209,159.255433554,100.0,59.255433554,765549.8571428572,1.0,1.0,1,159411.35514662418,184861.01057853448,4269.586369369369,4693.586369369369,2,4,7238.635104208789,7894.5268972433905,1315.7544828738985,1963.0966423739683,0.0,0.0,0,0,0.0,0.0,0.0,0,0,0.0,0.0,0.0,0,0,0.0,3,14,189554.59694790383,12.15243764806278,0.8635028859837082,112.82166479012483,130.65580511823958,0.8635028859837082,0.2857142857142857,-0.3333333333333333,0.9169181634856896,1.4919931248010125,0.42857142857142855,0.8623308649440791,0.9096639612797902,-0.047333096335711144,155141.7687772548,0,0.0,0.0,0.0,0,0.0,0.0,0.0,0.0,0.0,0,0.0,0.0,0.0,0.0,0.0,0,0.0,0.0,0.2634216391484688,0.2583651768437201,1.018722227794876,1.0087636595392235,0.2504069131749752,0.21953985453642327,0.2752633240116084,0.22789939608560034,0.2661808001869644,0.26233542566425494,0.9422331990064308,0.9584660461156332,-0.2547383544323016,-0.2280139001598047,0.7448979591836735,0.7448979591836735,0.336734693877551,0.6020408163265306,high,high,mid,mid,0,0.0,0.0,0.0,0.0,pre_price_events,7114,0x116e7d070f1888b81e1e0324f56d6746b2d7d8f1,1000863.055673601,300642.46895390877,149669.25197770135,5177.998050260203,-0.0020783609824084424,0.04309975251738368,0.033902760411322994
2026-04-19T07:00:00Z,1776582000,2026-04-19,0.0006892779559134,0.0,0.04743199154117095,0.04743199154117095,0.04179991329886645,CHOG,0.99,1776574736,2026-04-19T04:58:56Z,-7264,forward_fill,15,12,2,2,12,7,8,317085.4728004682,91247.64052634392,225837.8322741243,408333.11332681216,8965.206856930143,0.021170402391169445,102.41797065166666,100.0,2.4179706516666664,1007459.8,1.0,1.0,1,211778.70238958165,387480.78344226955,14059.12988454263,20852.329884542632,2,6,927.6882461852908,9026.169298873167,1128.2711623591458,1792.0119934208426,0.0,0.0,0,0,0.0,0.0,0.0,0,0,0.0,0.0,0.0,0,0,0.0,2,15,408333.11332681216,12.919841023479142,0.5530725402947506,155.6650393978217,281.4550136856598,0.5530725402947506,-0.06666666666666667,-0.5,0.10277762531011955,1.5882813043575938,0.5333333333333333,0.5465527877491101,0.6742234542800106,-0.12767066653090053,197719.57250503902,0,0.0,0.0,0.0,0,0.0,0.0,0.0,0.0,0.0,0,0.0,0.0,0.0,0.0,0.0,0,0.0,0.0,0.3135789867163037,0.31102594273033507,0.5877041712728793,0.5380521815333514,0.2504069131749752,0.21722869371819092,0.2752633240116084,0.22549180592085602,0.3113538943577838,0.3087880063532233,0.5136789577929465,0.48975862305694134,0.08010009906900986,0.11326091216720889,0.09,0.09,0.51,0.57,low,low,mid,mid,0,0.0,0.0,0.0,0.0,pre_price_events,7114,0x116e7d070f1888b81e1e0324f56d6746b2d7d8f1,1000863.055673601,300642.46895390877,149669.25197770135,5177.998050260203,0.0466419520936972,0.0430737181682905,0.03465785121144868
2026-04-19T08:00:00Z,1776585600,2026-04-19,0.0007219717820878,0.04743199154117095,0.0,0.0,-0.005377034774369904,CHOG,0.99,1776589138,2026-04-19T08:58:58Z,3538,observed,13,12,4,4,12,7,6,410570.4992211276,27003.302439114148,383567.19678201346,437573.8016602418,9759.427270487746,0.02028782177449434,102.13755824892307,100.0,2.137558248923077,1251401.6923076923,1.0,1.0,1,361227.90588394995,415234.5107621783,22339.29089806351,22339.29089806351,3,5,322.8727311288651,329.4776093571625,41.184701169645315,82.51353392840917,0.0,0.0,0,0,0.0,334092.17757308704,0.0,1,0,334092.17757308704,334092.17757308704,0.0,1,0,334092.17757308704,4,13,437573.80166024173,12.989002945388618,0.8765771518465764,276.9246926111321,315.9159373795783,0.8765771518465764,0.07692307692307693,-0.25,0.9799534838158378,2.0034996390656046,0.6153846153846154,0.8699370994499055,1.0,-0.1300629005500945,338888.61498588644,0,0.0,0.0,0.0,0,0.0,0.0,334092.17757308704,0.7635104668183402,0.7635104668183402,1,0.07692307692307693,1.0,334092.17757308704,0.7635104668183402,0.7635104668183402,1,0.07692307692307693,1.0,0.3930980953011717,0.449372324264145,1.0079072923524242,1.0042956206631597,0.45830906095277035,0.5273945062904767,2.2522680550292344,2.5030485455654925,0.39158506496738543,0.4471224395153295,0.9245535986515642,0.9488674282427454,0.1479435753428575,0.14298014729541045,0.049019607843137254,0.049019607843137254,0.5392156862745098,0.5686274509803921,low,low,mid,mid,1,0.0,0.0,0.0,0.8765771518465764,pre_price_events,7114,0x116e7d070f1888b81e1e0324f56d6746b2d7d8f1,1000863.055673601,300642.46895390877,149669.25197770135,5177.998050260203,0.003027049079074332,8.065132624330011e-05,-0.005196447801215567
2026-04-19T09:00:00Z,1776589200,2026-04-19,0.0007219717820878,0.0,0.0,-0.005377034774369904,-0.005377034774369904,CHOG,0.99,1776589138,2026-04-19T08:58:58Z,-62,forward_fill,4,3,2,2,3,1,3,2212.7408344788355,130204.47243968547,-127991.73160520663,132417.2132741643,2910.243043568861,0.022063216932309955,102.28397839525,100.0,2.28397839525,1160554.75,1.0,1.0,1,-121370.9221003215,125796.40376927919,-6620.80950488513,6620.80950488513,1,1,1103.460444845573,3322.021224112098,1661.010612056049,780.264363321429,0.0,0.0,0,0,0.0,0.0,0.0,0,0,0.0,0.0,0.0,0,0,0.0,2,4,132417.21327416433,11.793720475517881,-0.9665792568841115,-92.40641855951442,95.60149144664868,-0.9665792568841115,-0.5,0.0,0.33216538077371954,0.4697527864410175,0.5,-0.9648202847112038,-1.0,0.035179715288796154,-114750.11259543638,0,0.0,0.0,0.0,0,0.0,0.0,0.0,0.0,0.0,0,0.0,0.0,0.0,0.0,0.0,0,0.0,0.0,0.04577115031878777,-0.020294869992843606,-1.6848871645603465,-1.7000358166314773,0.286654819916801,0.2061333946674467,0.14287850057306456,0.16131360410010023,0.04455421851552327,-0.020356219010753972,-1.6760312682333742,-1.6945074815531587,-0.34219884172725207,-0.3964996571250338,0.10576923076923077,0.10576923076923077,0.27884615384615385,0.028846153846153848,low,low,low,low,0,0.0,0.0,-0.0,-0.0,pre_price_events,7114,0x116e7d070f1888b81e1e0324f56d6746b2d7d8f1,1000863.055673601,300642.46895390877,149669.25197770135,5177.998050260203,-0.001710681678046745,-0.008100191702393057,-0.00938913190861382
2026-04-19T10:00:00Z,1776592800,2026-04-19,0.0007219717820878,0.0,0.0,-0.005377034774369904,-0.0006785786588269227,CHOG,0.99,1776589138,2026-04-19T08:58:58Z,-3662,forward_fill,22,19,2,2,19,7,15,201563.74553321203,768892.8803879917,-567329.1348547796,970456.6259212036,21210.782695584665,0.021990456804731644,129.70682963477273,100.0,29.706829634772728,1508012.5454545454,1.0,1.0,1,-535484.1513768448,926230.4196316188,-31844.98347793475,44226.20628958488,2,9,-2823.7782061237967,7645.1850098594105,695.0168190781283,1008.6843076224529,0.0,0.0,0,0,0.0,0.0,400481.7,0,1,400481.7,0.0,584481.7,0,2,584481.7,2,22,970456.6259212036,13.785523018526911,-0.5846001971661987,-409.595626521435,700.6422996552449,-0.5846001971661987,-0.36363636363636365,-0.6363636363636364,-0.3693538092907086,1.451309205668395,0.5,-0.5781327626767193,-0.7200478211814006,0.14191505850468134,-503639.1678989101,0,0.0,0.0,0.0,0,0.0,0.0,-400481.7,-0.4126734665960405,0.4126734665960405,1,0.045454545454545456,-1.0,-584481.7,-0.602274933663503,0.602274933663503,2,0.09090909090909091,-1.0,-0.3165937652903776,-0.4229760216458379,-1.03504536151316,-1.112435542349907,-0.04866678346401775,-0.17826349578775308,-0.9844598562959049,-1.0922016091480284,-0.3156187301870828,-0.42082667930073414,-1.0351219321533265,-1.1100692706657214,0.5468231621566626,0.5111973195613848,0.7264150943396226,0.7264150943396226,0.6886792452830188,0.7735849056603774,high,high,high,high,0,-400481.7,-400481.7,-0.0,-0.0,pre_price_events,7114,0x116e7d070f1888b81e1e0324f56d6746b2d7d8f1,1000863.055673601,300642.46895390877,149669.25197770135,5177.998050260203,6.582934058029693e-05,-0.010748354354573985,-0.009579412835914769
2026-04-19T11:00:00Z,1776596400,2026-04-19,0.0007219717820878,0.0,-0.005377034774369904,-0.005377034774369904,-0.0006785786588269227,CHOG,0.99,1776589138,2026-04-19T08:58:58Z,-7262,forward_fill,12,11,2,2,11,4,8,100299.76710569496,233724.07496285654,-133424.3078571616,334023.8420685515,7200.736934800753,0.021571729144399962,105.02182821116666,100.0,5.0218282111666666,911857.5833333334,1.0,1.0,1,-123135.01457801503,323734.548789405,-10289.293279146552,10289.293279146552,1,5,-2469.947594417248,6998.394355680034,1166.3990592800058,1951.4772603832985,0.0,0.0,0,0,0.0,0.0,0.0,0,0,0.0,0.0,0.0,0,0,0.0,2,12,334023.8420685516,12.718970646643726,-0.399445461829575,-96.3285853174662,241.155788518046,-0.399445461829575,-0.3333333333333333,-0.6666666666666666,-0.3529306107782552,1.6730785616270176,0.5,-0.3803579662364567,-1.0,0.6196420337635433,-112845.72129886848,0,0.0,0.0,0.0,0,0.0,0.0,0.0,0.0,0.0,0,0.0,0.0,0.0,0.0,0.0,0,0.0,0.0,0.06430202224694681,-0.017235686665069805,-0.8346750581211393,-0.8268540384421373,0.30175434935004775,0.20941664790946643,0.1887830558874785,0.1802341827573296,0.06633602504248151,-0.01403116638372876,-0.8238007659914943,-0.8114517748013411,-0.01891563537405497,0.018224234715716013,0.25,0.25,0.4351851851851852,0.5,low,low,mid,mid,0,0.0,0.0,-0.0,-0.0,pre_price_events,7114,0x116e7d070f1888b81e1e0324f56d6746b2d7d8f1,1000863.055673601,300642.46895390877,149669.25197770135,5177.998050260203,-0.006225692055395676,-0.009269777158844618,-0.006800909012872309
2026-04-19T12:00:00Z,1776600000,2026-04-19,0.0007180897147094,-0.005377034774369904,0.0,0.0,0.00472385645597595,CHOG,0.99,1776603542,2026-04-19T12:59:02Z,3542,observed,10,9,3,3,9,6,4,618006.4785003936,1.4128098422969757,618005.0656905512,618007.8913102357,13651.830069481204,0.021938690865417033,106.27268857649999,100.0,6.2726885765,1071605.9,1.0,1.0,1,581655.8917168519,581658.7173365365,36349.173973699275,36349.173973699275,3,4,2367.196046783008,2370.0216664676022,338.57452378108604,832.2621010508143,0.0,0.0,0,0,0.0,525636.2896118098,0.0,1,0,525636.2896118098,525636.2896118098,0.0,1,0,525636.2896118098,3,10,618007.8913102357,13.334258123569724,0.9999954278582454,443.78308131069195,443.7851103591251,0.9999954278582454,0.2,-0.14285714285714285,0.9988077663067082,2.4581356321686343,0.7,0.9999951421347254,1.0,-4.8578652745989714e-06,545306.7177431525,0,0.0,0.0,0.0,0,0.0,0.0,525636.2896118098,0.8505332973943273,0.8505332973943273,1,0.1,1.0,525636.2896118098,0.8505332973943273,0.8505332973943273,1,0.1,1.0,0.6775781557077762,0.682452226123053,1.2468904423175655,1.2097149774618947,0.7352017349478426,0.715494207353199,2.222491292550706,2.6200594967074387,0.67314540572984,0.6783790192919763,1.1674716771887035,1.1641303483433454,0.2816713469430365,0.3021443204010406,0.3181818181818182,0.3181818181818182,0.5909090909090909,0.39090909090909093,low,low,mid,mid,0,0.0,0.0,0.0,0.0,pre_price_events,7114,0x116e7d070f1888b81e1e0324f56d6746b2d7d8f1,1000863.055673601,300642.46895390877,149669.25197770135,5177.998050260203,7.391347738862158e-05,-0.003908039646500316,-0.0002644962193229265
2026-04-19T13:00:00Z,1776603600,2026-04-19,0.0007180897147094,0.0,0.0,0.00472385645597595,0.00472385645597595,CHOG,0.99,1776603542,2026-04-19T12:59:02Z,-58,forward_fill,26,20,4,4,20,16,10,555358.3800268598,16221.21149894444,539137.1685279154,571579.5915258043,12842.86418350698,0.0214877515294822,118.55456783400001,100.0,18.554567834,1232690.6538461538,1.0,1.0,1,507313.81220699556,539756.2352048844,31823.356320919767,31823.356320919767,8,9,17745.241943933866,28587.66494182275,1681.6273495189853,2036.6700113783554,0.0,0.0,0,0,0.0,0.0,0.0,0,0,0.0,264413.1668678029,0.0,1,0,264413.1668678029,4,26,571579.5915258044,13.256160769817928,0.9432407603789957,387.1488555374445,410.4454258124802,0.9432407603789956,0.23076923076923078,-0.058823529411764705,0.6207307235496944,1.2111304041058366,0.6538461538461539,0.9398943062036622,1.0,-0.06010569379633779,475490.4558860758,0,0.0,0.0,0.0,0,0.0,0.0,0.0,0.0,0.0,0,0.0,0.0,264413.1668678029,0.462600783491875,0.462600783491875,1,0.038461538461538464,1.0,0.5887282408207768,0.6002537394965647,1.1491207011173135,1.1038296175140396,0.2798046469166737,0.19525731676232225,0.07806656694425888,0.1203164083066134,0.5850786913244224,0.5966528697128142,1.0684322234176244,1.0567429545364222,0.20360990248425728,0.2628702451228846,0.6517857142857143,0.6517857142857143,0.5803571428571429,0.7946428571428571,mid,mid,mid,high,0,0.0,0.0,0.0,0.0,pre_price_events,7114,0x116e7d070f1888b81e1e0324f56d6746b2d7d8f1,1000863.055673601,300642.46895390877,149669.25197770135,5177.998050260203,-0.0013000348527360832,-0.0014151504132442084,-0.0067828585492308215
2026-04-19T14:00:00Z,1776607200,2026-04-19,0.0007180897147094,0.0,0.0,0.00472385645597595,-0.09110658436763097,CHOG,0.99,1776603542,2026-04-19T12:59:02Z,-3658,forward_fill,24,20,3,3,20,9,15,517128.1833761529,571778.9599305005,-54650.776554347656,1088907.1433066532,24676.82892645713,0.02163718356065204,104.37473782229166,100.0,4.374737822291666,1034352.625,1.0,1.0,1,-58493.757923300494,1055034.1619377004,3842.9813689528983,33872.9813689529,4,12,-2550.5299412756303,7954.156599293154,497.1347874558221,1073.1086714969604,0.0,0.0,0,0,0.0,364663.10590617626,539940.0,1,1,904603.1059061763,364663.10590617626,539940.0,1,1,904603.1059061763,3,24,1088907.1433066535,13.900686048776803,-0.050188647296766926,-39.244160544558675,781.9330198821024,-0.050188647296766926,-0.25,-0.5,-0.3206537248087727,2.1585869638871777,0.6666666666666666,-0.055442525022952334,0.1134527051839398,-0.16889523020689212,-62336.73929225339,1,0.0,0.0,0.0,0,0.0,0.0,-175276.89409382374,-0.16096587773459303,0.8307440275937522,2,0.08333333333333333,0.0,-175276.89409382374,-0.16096587773459303,0.8307440275937522,2,0.08333333333333333,0.0,0.08121094898691933,0.0337681327100534,-0.38420022243857943,-0.3484390126001101,0.1344530275134167,0.02070483649066137,-0.31025198991352737,-0.3532371349123614,0.07517924153365604,0.027131680471942164,-0.42585617013635374,-0.37566893432629156,0.4679812260085369,0.5619341172644641,0.21929824561403508,0.21929824561403508,0.7105263157894737,0.7894736842105263,low,low,high,high,0,-175276.89409382374,-0.0,-58493.757923300494,-0.0,pre_price_events,7114,0x116e7d070f1888b81e1e0324f56d6746b2d7d8f1,1000863.055673601,300642.46895390877,149669.25197770135,5177.998050260203,7.094332112632298e-05,-0.0009612741912777886,-0.10071655226073997
2026-04-19T15:00:00Z,1776610800,2026-04-19,0.0007180897147094,0.0,0.00472385645597595,0.00472385645597595,-0.09110658436763097,CHOG,0.99,1776603542,2026-04-19T12:59:02Z,-7258,forward_fill,9,7,2,2,7,3,6,71936.67208346825,74065.5580895739,-2128.886006105653,146002.23017304216,3282.087813180297,0.02237179085543899,101.88222909955556,100.0,1.8822290995555555,1274480.111111111,1.0,1.2222222222222223,2,5668.056247552786,138205.2879193837,-7796.942253658439,7796.942253658439,2,4,5522.90803787647,7568.902259862578,1261.4837099770964,1717.4690039749448,0.0,0.0,0,0,0.0,0.0,0.0,0,0,0.0,0.0,0.0,0,0,0.0,2,9,146002.23017304213,11.891384024918622,-0.014581188270771567,-1.5287311447732423,104.84269981189601,-0.014581188270771565,-0.3333333333333333,-0.3333333333333333,0.7296841534292379,1.3614674453514166,0.6666666666666666,0.0410118623743182,-1.0,1.0410118623743183,13464.998501211225,1,0.0,0.0,0.0,0,0.0,0.0,0.0,0.0,0.0,0,0.0,0.0,0.0,0.0,0.0,0,0.0,0.0,0.11541739383143385,0.08355819892375718,-0.33377616353867384,-0.29307136335470846,0.26442090629550813,0.19485516662563604,0.07088796730993188,0.1264362496537234,0.12149760970668357,0.09145513586208542,-0.28463044291980605,-0.23327930347977655,-0.5805612631687213,-0.39275979008205336,0.008620689655172414,0.008620689655172414,0.2672413793103448,0.2672413793103448,low,low,low,low,0,0.0,0.0,5668.056247552786,-0.0,pre_price_events,7114,0x116e7d070f1888b81e1e0324f56d6746b2d7d8f1,1000863.055673601,300642.46895390877,149669.25197770135,5177.998050260203,0.002681353515487231,0.0011810962132743964,-0.09718892244058673
2026-04-19T16:00:00Z,1776614400,2026-04-19,0.0007214818674442,0.00472385645597595,0.0,0.0,-0.0953798799618788,CHOG,0.99,1776617937,2026-04-19T16:58:57Z,3537,observed,7,7,1,1,7,3,4,18887.66451421896,4.358140398281751,18883.306373820677,18892.022654617238,428.7688678454521,0.022443301194629225,102.29017857314285,100.0,2.290178573142857,733305.0,1.0,1.0,1,18883.306373820677,18892.022654617238,0.0,0.0,2,4,4209.924334025175,4218.640614821739,703.1067691369566,1719.0502894950423,0.0,0.0,0,0,0.0,0.0,0.0,0,0,0.0,0.0,0.0,0,0,0.0,1,7,18892.022654617238,9.846547961173707,0.9995386263844845,13.623963146105107,13.630251784651376,0.9995386263844847,-0.14285714285714285,-0.3333333333333333,0.9979338650545533,2.4449349159376284,0.8571428571428571,0.9995386263844845,0.0,0.9995386263844845,18883.306373820677,0,0.0,0.0,0.0,0,0.0,0.0,0.0,0.0,0.0,0,0.0,0.0,0.0,0.0,0.0,0,0.0,0.0,0.13295471784004967,0.10305269240191352,1.3331242429931434,1.1913184169568605,0.26442090629550813,0.1931346602093143,0.07088796730993188,0.12534319709686864,0.13293421654665832,0.10408252222426312,1.2441519190956782,1.1486066723688186,-1.8844931184492606,-1.3424983976340792,0.1271186440677966,0.1271186440677966,0.16101694915254236,0.2711864406779661,low,low,low,low,1,0.0,0.0,0.0,0.9995386263844845,pre_price_events,7114,0x116e7d070f1888b81e1e0324f56d6746b2d7d8f1,1000863.055673601,300642.46895390877,149669.25197770135,5177.998050260203,-0.005195598967444796,-0.003177282030265142,-0.10313976681447277
2026-04-19T17:00:00Z,1776618000,2026-04-19,0.0007214818674442,0.0,0.0,-0.0953798799618788,-0.0953798799618788,CHOG,0.99,1776617937,2026-04-19T16:58:57Z,-63,forward_fill,22,18,4,4,17,9,13,142947.10507189154,937761.6060608469,-794814.5009889554,1080708.7111327385,23656.640903349944,0.019975775120375065,279.7522640519091,100.0,179.7522640519091,736443.8181818182,1.0,1.0909090909090908,2,-753862.0567242352,1039756.2668680182,-40952.44426472028,40952.44426472028,4,9,-373.5135117829715,8627.908968448175,663.6853052652442,880.4623616442004,0.0,0.0,0,0,0.0,0.0,890010.3079539686,0,1,890010.3079539686,0.0,890010.3079539686,0,1,890010.3079539686,4,22,1080708.7111327385,13.89312852321622,-0.7354567357524815,-573.4442504452414,779.7117390712626,-0.7354567357524815,-0.18181818181818182,-0.38461538461538464,-0.04329131347455002,1.3266262710040273,0.5909090909090909,-0.7250372810880369,-1.0,0.2749627189119631,-712909.6124595149,0,0.0,0.0,0.0,0,0.0,0.0,-890010.3079539686,-0.823543197890123,0.823543197890123,1,0.045454545454545456,-1.0,-890010.3079539686,-0.823543197890123,0.823543197890123,1,0.045454545454545456,-1.0,-0.5359785508064207,-0.6846637603923994,-1.417822911880266,-1.3486118652736352,-0.47371454586599504,-0.7060842848475011,-1.7867788076905624,-2.2530706929408577,-0.5367032374049865,-0.6852709532038946,-1.4057176964347982,-1.3397284519162562,0.518025225308667,0.5817743924295464,0.9083333333333333,0.9083333333333333,0.7083333333333334,0.7,high,high,high,high,0,-890010.3079539686,-890010.3079539686,-0.0,-0.0,pre_price_events,7114,0x116e7d070f1888b81e1e0324f56d6746b2d7d8f1,1000863.055673601,300642.46895390877,149669.25197770135,5177.998050260203,0.000260744925010365,-0.1007313601138575,-0.10411249549283044
2026-04-19T18:00:00Z,1776621600,2026-04-19,0.0007214818674442,0.0,0.0,-0.0953798799618788,-0.055529425966756474,CHOG,0.99,1776617937,2026-04-19T16:58:57Z,-3663,forward_fill,27,24,3,3,24,17,10,771280.5179220099,797553.2022035484,-26272.684281538503,1568833.7201255583,33838.65274570747,0.019296222396476208,120.60311584566668,100.0,20.603115845666665,1216867.2222222222,1.0,1.0,1,-9587.735919243278,1551934.3359480123,-16684.948362295218,16899.384177546013,8,7,10803.395011833554,14529.163993330758,968.6109328887172,1277.016645995046,0.0,0.0,0,0,0.0,0.0,774789.5778995443,0,1,774789.5778995443,420171.5145972079,774789.5778995443,2,1,1194961.0924967523,3,27,1568833.7201255583,14.265843685264935,-0.016746634104368833,-18.955265318216277,1131.8850821056192,-0.016746634104368833,0.25925925925925924,0.06666666666666667,0.7435661829402281,1.3183999918177274,0.5555555555555556,-0.0061779262802292,-0.9873110278458718,0.9811331015656426,7097.21244305194,0,0.0,0.0,0.0,0,0.0,0.0,-774789.5778995443,-0.49386341456093613,0.49386341456093613,1,0.037037037037037035,-1.0,-354618.0633023364,-0.22603929196139108,0.7616875371604813,3,0.1111111111111111,0.3333333333333333,0.12097966769545225,0.07014468066336084,-0.2851036721647793,-0.287969491151493,-0.3459726631028854,-0.5815322942054272,-0.9460977684334176,-1.2598630891776232,0.13392188067136687,0.08591097113581347,-0.3050757971456216,-0.2937535915744622,0.7218841675850688,0.7507933140655347,0.7131147540983607,0.7131147540983607,0.7459016393442623,0.8360655737704918,high,high,high,high,0,-774789.5778995443,-774789.5778995443,-0.0,-0.0,pre_price_events,7114,0x116e7d070f1888b81e1e0324f56d6746b2d7d8f1,1000863.055673601,300642.46895390877,149669.25197770135,5177.998050260203,0.0004271495291958199,-0.10150025164810089,-0.06590229690704749
2026-04-19T19:00:00Z,1776625200,2026-04-19,0.0007214818674442,0.0,-0.0953798799618788,-0.0953798799618788,-0.055529425966756474,CHOG,0.99,1776617937,2026-04-19T16:58:57Z,-7263,forward_fill,9,9,2,2,9,4,5,169938.32644763036,53377.45145807923,116560.87498955111,223315.7779057096,4928.4688465484605,0.021884551495541023,105.92293709022222,100.0,5.922937090222223,638836.4444444445,1.0,1.0,1,105218.98390663543,211973.8868227939,11341.8910829157,11341.8910829157,2,4,327.27376068177784,1151.457866257283,191.90964437621383,306.4630290431699,0.0,0.0,0,0,0.0,0.0,0.0,0,0,0.0,157857.06955124513,0.0,1,0,157857.06955124513,2,9,223315.7779057096,12.31634657117096,0.5219553946553946,84.09655775839128,161.11828447316557,0.5219553946553946,-0.1111111111111111,-0.3333333333333333,0.2842255633248255,1.5969131204390599,0.6666666666666666,0.49637710325421586,1.0,-0.5036228967457841,93877.09282371974,0,0.0,0.0,0.0,0,0.0,0.0,0.0,0.0,0.0,0,0.0,0.0,157857.06955124513,0.7068782646333971,0.7068782646333971,1,0.1111111111111111,1.0,0.12077881727490473,0.20990389955862426,0.5163136888222477,0.5059080181940102,0.2589748731231314,0.21488625345191759,0.164866572915962,0.17771375354534136,0.11198368035930827,0.20422225541493627,0.4197601212195241,0.43690143629357103,-0.6509539299998026,-0.1863344410409071,0.33064516129032256,0.33064516129032256,0.3790322580645161,0.3870967741935484,low,low,mid,mid,0,0.0,0.0,0.0,0.0,pre_price_events,7114,0x116e7d070f1888b81e1e0324f56d6746b2d7d8f1,1000863.055673601,300642.46895390877,149669.25197770135,5177.998050260203,-0.09665260980104871,-0.09884428906483904,-0.06094742419580211
2026-04-19T20:00:00Z,1776628800,2026-04-19,0.0006526670135327,-0.0953798799618788,0.0,0.0,0.044052142012320994,CHOG,0.99,1776632337,2026-04-19T20:58:57Z,3537,observed,9,9,2,2,9,4,5,277499.4380300671,701.608810648781,276797.8292194183,278201.04684071586,6202.587578732054,0.022097605112558462,104.65686865577779,100.0,4.656868655777777,656760.6666666666,1.0,1.0,1,267889.9629982104,269293.18061950797,8907.866221207914,8907.866221207914,1,5,-692.7579299732951,710.4596913242667,118.40994855404445,273.2939249985889,0.0,0.0,0,0,0.0,0.0,0.0,0,0,0.0,222154.54540397602,0.0,1,0,222154.54540397602,2,9,278201.0468407158,12.536102915887676,0.9949561022964051,180.65681254897206,181.57264640320082,0.9949561022964051,-0.1111111111111111,-0.6666666666666666,-0.9750840736397355,2.3080317856387937,0.6666666666666666,0.9947892567570056,1.0,-0.00521074324299442,258982.09677700247,0,0.0,0.0,0.0,0,0.0,0.0,0.0,0.0,0.0,0,0.0,0.0,222154.54540397602,0.7985395739045177,0.7985395739045177,1,0.1111111111111111,1.0,0.5489399363599121,0.3665927870657505,1.2561372333406486,1.1883483874121432,0.37403295474698195,0.21309590465797618,0.23290323000484534,0.17625351233645853,0.5518448377401892,0.37224088479104084,1.178877677233973,1.1488020140990116,-0.4077272118523272,-0.07904717501732596,0.2619047619047619,0.2619047619047619,0.40476190476190477,0.3888888888888889,low,low,mid,mid,0,0.0,0.0,0.0,0.0,pre_price_events,7114,0x116e7d070f1888b81e1e0324f56d6746b2d7d8f1,1000863.055673601,300642.46895390877,149669.25197770135,5177.998050260203,-0.007889242287283821,-0.011650648217411007,0.026258164724429066
2026-04-19T21:00:00Z,1776632400,2026-04-19,0.0006526670135327,0.0,0.0,0.044052142012320994,0.044052142012320994,CHOG,0.99,1776632337,2026-04-19T20:58:57Z,-63,forward_fill,19,15,2,2,14,13,6,439882.11045069166,1007376.6329355587,-567494.522484867,1447258.7433862502,31583.330004759857,0.021886026993280176,112.91027209989474,100.0,12.910272099894735,1474574.2105263157,1.0,1.105263157894737,2,-546529.259148868,1368024.006722249,-20965.263335998883,79234.73666400112,7,3,23908.125159196934,24021.805031758307,2402.180503175831,1891.527731452446,0.0,0.0,0,0,0.0,0.0,949900.0,0,1,949900.0,149805.96333732447,949900.0,1,1,1099705.9633373246,2,19,1447258.7433862502,14.185182494263554,-0.39211683817992443,-370.38495518636387,944.5780418549922,-0.39211683817992443,0.3684210526315789,0.4,0.9952676381974177,0.7874211488069817,0.5263157894736842,-0.3995026815781825,-0.26459687024522005,-0.13490581133296242,-525563.9958128692,0,0.0,0.0,0.0,0,0.0,0.0,-949900.0,-0.6563442814499458,0.6563442814499458,1,0.05263157894736842,-1.0,-800094.0366626756,-0.5528341357887677,0.7598544271111242,2,0.10526315789473684,0.0,-1.0963839071129617,-0.4778322028643425,-0.9389052029037649,-0.8623332268808511,-1.673426564869772,-0.7709599979204164,-1.3731809380959825,-1.7113126047264808,-1.1007887702284103,-0.4871713382111193,-0.9672054851939905,-0.8853157885607683,1.0865255127580469,0.7189680639559936,0.5703125,0.5703125,0.7265625,0.6328125,mid,mid,high,mid,0,-949900.0,-0.0,-0.0,-0.0,pre_price_events,7114,0x116e7d070f1888b81e1e0324f56d6746b2d7d8f1,1000863.055673601,300642.46895390877,149669.25197770135,5177.998050260203,0.0010950055517637489,0.039257074233009885,0.03710984208670838
2026-04-19T22:00:00Z,1776636000,2026-04-19,0.0006526670135327,0.0,0.0,0.044052142012320994,-0.02214665356697365,CHOG,0.99,1776632337,2026-04-19T20:58:57Z,-3663,forward_fill,14,12,2,2,11,7,7,1093601.575473094,896319.2453845837,197282.3300885102,1989920.8208576776,42772.644806135024,0.021437316303433745,125.53519797957142,100.0,25.53519797957143,765516.3571428572,1.0,1.1428571428571428,2,194131.91931571273,1953085.1816389884,3150.4107727974188,36835.639218689284,2,3,-497.44578299242903,6592.746993140894,1318.5493986281788,1649.4072718383604,0.0,0.0,0,0,0.0,918254.0733962981,807935.1661489331,1,1,1726189.2395452312,918254.0733962981,807935.1661489331,1,1,1726189.2395452312,2,14,1989920.8208576774,14.503605909927792,0.09914079395555013,128.7596692016403,1298.7556793157194,0.09914079395555014,0.0,-0.2,-0.07545349207393709,1.2509256562965383,0.35714285714285715,0.09939756910796961,0.0855261599803865,0.013871409127583112,190981.5085429153,0,0.0,0.0,0.0,0,0.0,0.0,110318.90724736499,0.05543884263687252,0.8674662938604888,2,0.14285714285714285,0.0,110318.90724736499,0.05543884263687252,0.8674662938604888,2,0.14285714285714285,0.0,0.3929955374947892,0.293470098630395,-0.1292123691857576,-0.12935855377147268,0.5913816632440365,0.3388432963051064,0.36006082139290185,0.3589686222180986,0.4016599934442225,0.3009168788402609,-0.16691696639038625,-0.15058419061774722,1.2647563052698672,0.8634855652885218,0.7307692307692307,0.7307692307692307,0.8076923076923077,0.5,high,high,high,mid,0,110318.90724736499,110318.90724736499,0.0,0.0,pre_price_events,7114,0x116e7d070f1888b81e1e0324f56d6746b2d7d8f1,1000863.055673601,300642.46895390877,149669.25197770135,5177.998050260203,0.0021805227724519165,0.04015339227992021,-0.026368247820306653
2026-04-19T23:00:00Z,1776639600,2026-04-19,0.0006526670135327,0.0,0.044052142012320994,0.044052142012320994,-0.02214665356697365,CHOG,0.99,1776632337,2026-04-19T20:58:57Z,-7263,forward_fill,4,3,2,2,3,2,2,27599.528498996253,1944.9144187598818,25654.61408023637,29544.442917756136,652.7269401526678,0.021912817760841637,102.50000000025,100.0,2.50000000025,968169.0,1.0,1.0,1,14445.910156151998,18335.738993671763,11208.703924084373,11208.703924084373,0,2,-1944.9144187598818,1944.9144187598818,972.4572093799409,1374.6944786370243,0.0,0.0,0,0,0.0,0.0,0.0,0,0,0.0,0.0,0.0,0,0,0.0,2,4,29544.442917756136,10.293684794960557,0.8683397467216419,16.743920355081826,19.282683325619228,0.8683397467216418,0.0,-1.0,-1.0,1.4136297878994166,0.5,0.7878553551148243,1.0,-0.2121446448851757,3237.206232067625,0,0.0,0.0,0.0,0,0.0,0.0,0.0,0.0,0.0,0,0.0,0.0,0.0,0.0,0.0,0,0.0,0.0,-0.04851230475177421,0.11767279629081945,1.0139064021488113,1.0096695113466165,0.2756262637430684,0.22048960698020817,0.15528221247929955,0.19483089254908134,-0.07342325217402892,0.10692001541530681,0.8279091447523546,0.8578429583031728,-2.0852112555969025,-1.185363829142087,0.1590909090909091,0.1590909090909091,0.1590909090909091,0.030303030303030304,low,low,low,low,0,0.0,0.0,0.0,0.0,pre_price_events,7114,0x116e7d070f1888b81e1e0324f56d6746b2d7d8f1,1000863.055673601,300642.46895390877,149669.25197770135,5177.998050260203,0.0396243100157475,0.04105242069936376,-0.028503741992024968
2026-04-20T00:00:00Z,1776643200,2026-04-20,0.0006814183934996,0.044052142012320994,0.0,0.0,-0.06340564126586845,CHOG,0.99,1776646732,2026-04-20T00:58:52Z,3532,observed,20,17,2,2,17,11,9,493561.5191635582,11484.052633239542,482077.46653031866,505045.57179679774,11273.048481140346,0.02210681076941585,102.6666000937,100.0,2.6666000937,1393200.1,1.0,1.0,1,450350.37644800136,473318.48171448044,31727.090082317307,31727.090082317307,2,8,-431.658362924335,6885.992401263783,688.5992401263783,1125.280148621942,0.0,0.0,0,0,0.0,0.0,0.0,0,0,0.0,228190.06383726757,0.0,1,0,228190.06383726757,2,20,505045.5717967976,13.132405925385164,0.9545227073573468,328.49645278544693,344.1473421778608,0.9545227073573468,0.1,-0.6,-0.06268644194918266,1.6341582782104436,0.5,0.9514743113700468,1.0,-0.04852568862995321,418623.28636568406,0,0.0,0.0,0.0,0,0.0,0.0,0.0,0.0,0.0,0,0.0,0.0,228190.06383726757,0.45182073971154146,0.45182073971154146,1,0.05,1.0,1.3694074680660204,0.5803881500346513,1.150224312740531,1.1197044538594914,0.36848645396484453,0.2187586241828426,0.2008431855982088,0.19331671020110786,1.343608341318411,0.5733096757369014,1.0877368953363593,1.082721172008364,0.2570558879671328,0.2049313569603167,0.1865671641791045,0.1865671641791045,0.5447761194029851,0.7089552238805971,low,low,mid,high,1,0.0,0.0,0.0,0.9545227073573468,pre_price_events,7114,0x116e7d070f1888b81e1e0324f56d6746b2d7d8f1,1000863.055673601,300642.46895390877,149669.25197770135,5177.998050260203,0.002326022346694004,-0.001357083388921727,-0.06656368291915354
2026-04-20T01:00:00Z,1776646800,2026-04-20,0.0006814183934996,0.0,0.0,-0.06340564126586845,-0.06340564126586845,CHOG,0.99,1776646732,2026-04-20T00:58:52Z,-68,forward_fill,29,27,2,2,25,17,12,427880.8974046351,1870991.5854909164,-1443110.6880862813,2298872.4828955512,49243.04980225702,0.021443075295559975,175.57422984806897,100.0,75.57422984806897,975805.0,1.0,1.206896551724138,3,-1363870.5075984579,2219632.302407728,-79240.18048782348,79240.18048782348,10,6,25509.59788787811,44386.26323423284,2774.1414521395527,2196.240321878056,0.0,1020964.5194558869,0,1,1020964.5194558869,0.0,1773240.8402877888,0,2,1773240.8402877888,307734.75761101407,1773240.8402877888,2,2,2080975.5978988027,2,29,2298872.4828955517,14.647929770867641,-0.6277471668496406,-983.3621667178562,1566.4939941551233,-0.6277471668496406,0.1724137931034483,0.25,0.5747183031214006,0.7916828899204864,0.5517241379310345,-0.614457856879723,-1.0,0.385542143120277,-1284630.3271106344,0,-1020964.5194558869,-0.44411533351772875,0.44411533351772875,1,0.034482758620689655,-1.0,-1773240.8402877888,-0.7713524144907326,0.7713524144907326,2,0.06896551724137931,-1.0,-1465506.0826767748,-0.6374890706555818,0.9052157583258833,4,0.13793103448275862,0.0,-3.066891601555752,-1.3757363695176357,-1.2868157659838768,-1.2270349771356261,-3.3093133104676196,-1.6362261686360906,-1.6668884089970757,-2.0219007377237674,-3.0528626352685926,-1.371681779205428,-1.2772295659683377,-1.215563733555031,1.379694344347593,0.9401081159774114,0.8161764705882353,0.8161764705882353,0.8308823529411765,0.8602941176470589,high,high,high,high,0,-1773240.8402877888,-1773240.8402877888,-0.0,-0.0,pre_price_events,7114,0x116e7d070f1888b81e1e0324f56d6746b2d7d8f1,1000863.055673601,300642.46895390877,149669.25197770135,5177.998050260203,0.0009157653852469431,-0.06979061091602191,-0.07407036768791524
2026-04-20T02:00:00Z,1776650400,2026-04-20,0.0006814183934996,0.0,0.0,-0.06340564126586845,-0.02297680020756465,CHOG,0.99,1776646732,2026-04-20T00:58:52Z,-3668,forward_fill,9,8,2,2,8,4,5,331550.2850820728,2.9867731916260905,331547.2983088812,331553.2718552644,7154.61004650813,0.021340553338033322,128.69488127,100.0,28.694881270000003,830631.6666666666,1.0,1.0,1,322365.0185906477,322370.992137031,9182.279718233402,9182.279718233402,1,5,0.9601311136376965,6.933677496889878,1.155612916148313,1.807130324958097,0.0,0.0,0,0,0.0,0.0,0.0,0,0,0.0,322364.0584595341,0.0,2,0,322364.0584595341,2,9,331553.2718552644,12.711546791211866,0.9999819831475353,225.92242738277048,225.9264978671504,0.9999819831475354,-0.1111111111111111,-0.6666666666666666,0.13847357539608185,1.563785156522227,0.6666666666666666,0.9999814699630892,1.0,-1.853003691076882e-05,313182.73887241434,0,0.0,0.0,0.0,0,0.0,0.0,0.0,0.0,0.0,0,0.0,0.0,322364.0584595341,0.9722843531469002,0.9722843531469002,2,0.2222222222222222,1.0,0.794710063165141,0.4388352207552048,1.162842856514167,1.180398772158379,0.38170195366832765,0.23851043423327345,0.20008571206872483,0.21722916402810125,0.8104720275353657,0.4475538669981285,1.109415835430828,1.148642709103174,-0.1606724526623733,-0.01682979128071956,0.7463768115942029,0.7463768115942029,0.41304347826086957,0.30434782608695654,high,high,mid,low,0,0.0,0.0,0.0,0.0,pre_price_events,7114,0x116e7d070f1888b81e1e0324f56d6746b2d7d8f1,1000863.055673601,300642.46895390877,149669.25197770135,5177.998050260203,-0.0005568679315604763,-0.06679718656485517,-0.027776985749796885
2026-04-20T03:00:00Z,1776654000,2026-04-20,0.0006814183934996,0.0,-0.06340564126586845,-0.06340564126586845,-0.02297680020756465,CHOG,0.99,1776646732,2026-04-20T00:58:52Z,-7268,forward_fill,7,6,2,2,6,3,4,118389.08501730171,0.0007740667647165851,118389.08424323495,118389.08579136847,2574.2477256443544,0.021508910377227047,102.56039132271428,100.0,2.5603913227142856,865555.7142857143,1.0,1.0,1,112201.032217192,112201.03376532553,6188.052026042946,6188.052026042946,0,4,-0.0007740667647165851,0.0007740667647165851,0.00019351669117914627,0.00027743013850926504,0.0,0.0,0,0,0.0,0.0,0.0,0,0,0.0,0.0,0.0,0,0,0.0,2,7,118389.08579136847,11.681740263055884,0.9999999869233425,80.67249959291397,80.67250064784064,0.9999999869233424,-0.14285714285714285,-1.0,-1.0,1.4336238224145568,0.5714285714285714,0.9999999862021456,1.0,-1.3797854414576705e-08,106012.98019114905,0,0.0,0.0,0.0,0,0.0,0.0,0.0,0.0,0.0,0,0.0,0.0,0.0,0.0,0.0,0,0.0,0.0,0.2783259998409148,0.21748758161810416,1.0694098109190713,1.1604704885449384,0.35192449715336555,0.23670449763018012,0.1842032732989863,0.2155992878204088,0.2747587129385087,0.21735014364003746,1.0211410819862619,1.129837141324187,-0.9170385696281103,-0.5246956324276694,0.17857142857142858,0.17857142857142858,0.2357142857142857,0.17857142857142858,low,low,low,low,0,0.0,0.0,0.0,0.0,pre_price_events,7114,0x116e7d070f1888b81e1e0324f56d6746b2d7d8f1,1000863.055673601,300642.46895390877,149669.25197770135,5177.998050260203,-0.06562439968261823,-0.06665201003077767,-0.028497705379655142
2026-04-20T04:00:00Z,1776657600,2026-04-20,0.0006382126232894,-0.06340564126586845,0.0,0.0,0.043165796036766624,CHOG,0.99,1776661140,2026-04-20T04:59:00Z,3540,observed,3,3,1,1,3,1,2,2728.419988733737,25192.6464101727,-22464.22642143896,27921.066398906434,597.1602641485434,0.021485129144381776,118.03334749333334,100.0,18.033347493333334,592528.0,1.0,1.0,1,-22464.22642143896,27921.066398906434,0.0,0.0,1,1,2535.7735785610384,2921.066398906435,1460.5331994532175,1793.0626929541888,0.0,0.0,0,0,0.0,0.0,0.0,0,0,0.0,0.0,0.0,0,0,0.0,1,3,27921.066398906438,10.23717256555975,-0.8045619067872996,-14.33695287459361,17.819577031483597,-0.8045619067872996,-0.3333333333333333,0.0,0.8680985750650381,1.2276767783337352,0.6666666666666666,-0.8045619067872996,0.0,-0.8045619067872996,-22464.22642143896,0,0.0,0.0,0.0,0,0.0,0.0,0.0,0.0,0.0,0,0.0,0.0,0.0,0.0,0.0,0,0.0,0.0,-0.03147832266034184,0.07080545162047039,-1.5562528591178604,-1.4819422442862822,0.35192449715336555,0.2349389716437828,0.1842032732989863,0.21400555656758002,-0.03432718132271447,0.0693945361204378,-1.5687897691518546,-1.4877365201702915,-1.9352415933505143,-1.2254731745883436,0.6408450704225352,0.6408450704225352,0.14788732394366197,0.035211267605633804,mid,mid,low,low,0,0.0,0.0,-0.0,-0.0,pre_price_events,7114,0x116e7d070f1888b81e1e0324f56d6746b2d7d8f1,1000863.055673601,300642.46895390877,149669.25197770135,5177.998050260203,-0.00909152938647853,-0.008311515638639966,0.028709394953065858
2026-04-20T05:00:00Z,1776661200,2026-04-20,0.0006382126232894,0.0,0.0,0.043165796036766624,0.043165796036766624,CHOG,0.99,1776661140,2026-04-20T04:59:00Z,-60,forward_fill,5,5,2,2,5,3,2,60008.67158192481,1.495944960529445,60007.17563696428,60010.16752688534,1307.901972060781,0.021622930806064485,102.9900169912,100.0,2.9900169912,569345.0,1.0,1.0,1,59639.479116201146,59642.47100612221,367.69652076313474,367.69652076313474,1,2,366.2005758026053,369.1924657236642,123.0641552412214,211.85912342080778,0.0,0.0,0,0,0.0,0.0,0.0,0,0,0.0,0.0,0.0,0,0,0.0,2,5,60010.16752688534,11.002285949333135,0.9999501436165843,38.29733697945475,38.29924644136986,0.9999501436165843,0.2,-0.3333333333333333,0.9918961241118655,1.7215339674297276,0.6,0.9999498362514062,1.0,-5.0163748593790025e-05,59271.78259543801,0,0.0,0.0,0.0,0,0.0,0.0,0.0,0.0,0.0,0,0.0,0.0,0.0,0.0,0.0,0,0.0,0.0,0.15143225993544243,0.1558784529772285,1.00818189558162,1.1522578518108757,0.35192449715336555,0.2332123713293496,0.1842032732989863,0.21244665377347915,0.15714082089881348,0.15879262812358674,1.0195188337610077,1.1228694001140218,-1.2488459318449638,-0.8339972905797531,0.2152777777777778,0.2152777777777778,0.1736111111111111,0.125,low,low,low,low,0,0.0,0.0,0.0,0.0,pre_price_events,7114,0x116e7d070f1888b81e1e0324f56d6746b2d7d8f1,1000863.055673601,300642.46895390877,149669.25197770135,5177.998050260203,-0.003246024243750852,0.04012919889920564,0.03747187346764461
2026-04-20T06:00:00Z,1776664800,2026-04-20,0.0006382126232894,0.0,0.0,0.043165796036766624,0.11368555641494948,CHOG,0.99,1776661140,2026-04-20T04:59:00Z,-3660,forward_fill,11,10,2,2,10,5,6,705351.9501130003,148181.8915399445,557170.0585730558,853533.841652945,18818.101085439434,0.02175028834229644,122.962242999,100.0,22.962242999,802759.5454545454,1.0,1.0,1,543433.4586486311,839797.2417285203,13736.599924424712,13736.599924424712,2,4,8003.553495057673,10269.826851763835,1711.637808627306,2255.9359748732013,0.0,0.0,0,0,0.0,656819.400584383,0.0,1,0,656819.400584383,656819.400584383,0.0,1,0,656819.400584383,2,11,853533.8416529449,13.657141642472414,0.6527802781598511,355.5929647002186,544.7360721476055,0.6527802781598511,-0.09090909090909091,-0.3333333333333333,0.7793270140365676,1.3179984477454432,0.5454545454545454,0.6471007901027447,1.0,-0.3528992098972553,529696.8587242065,0,0.0,0.0,0.0,0,0.0,0.0,656819.400584383,0.7695294182037272,0.7695294182037272,1,0.09090909090909091,1.0,656819.400584383,0.7695294182037272,0.7695294182037272,1,0.09090909090909091,1.0,1.1935679244362871,0.6613810626236355,0.5286137127503528,0.6216039379601761,1.5920033236526165,0.9248591719627369,1.9714265630566052,2.396668347921196,1.2260814359897017,0.6776433609352526,0.5273672027596005,0.5886746965663525,0.6913320598344035,0.4919361115820674,0.7191780821917808,0.7191780821917808,0.678082191780822,0.4726027397260274,high,high,high,mid,0,656819.400584383,656819.400584383,0.0,0.0,pre_price_events,7114,0x116e7d070f1888b81e1e0324f56d6746b2d7d8f1,1000863.055673601,300642.46895390877,149669.25197770135,5177.998050260203,0.0009524823256423158,0.03961354793927635,0.10947444320147216
2026-04-20T07:00:00Z,1776668400,2026-04-20,0.0006382126232894,0.0,0.043165796036766624,0.043165796036766624,0.11368555641494948,CHOG,0.99,1776661140,2026-04-20T04:59:00Z,-7260,forward_fill,17,15,2,2,15,7,10,252778.2920419983,367202.3909549827,-114424.09891298444,619980.6829969811,13645.196586047066,0.021999610741543475,141.6987436887059,100.0,41.69874368870588,909295.5882352941,1.0,1.0,1,-131925.5793260554,590149.0729292257,17501.480413070985,29831.610067755293,3,7,-2776.7177154733135,2797.7761801164183,279.77761801164183,622.4106473002333,0.0,0.0,0,0,0.0,0.0,0.0,0,0,0.0,0.0,239455.0478157715,0,1,239455.0478157715,2,17,619980.6829969812,13.337445213031598,-0.18456074850567822,-73.02690433478158,395.6794980842572,-0.18456074850567822,-0.17647058823529413,-0.4,-0.9924731417785434,2.2246620431028696,0.5882352941176471,-0.22354619430517467,0.5866756897572944,-0.8102218840624691,-149427.0597391264,1,0.0,0.0,0.0,0,0.0,0.0,0.0,0.0,0.0,0,0.0,0.0,-239455.0478157715,-0.38622985261129095,0.38622985261129095,1,0.058823529411764705,-1.0,-0.23821718401294237,-0.03301539445699111,-0.6314580765944133,-0.6005228434158298,0.2781209399970117,0.21458625017333852,0.0896364061752945,0.15130043223697748,-0.2919269298984047,-0.05916971341385003,-0.6896317045321155,-0.6711715252700656,0.43854419127236166,0.3330869250139954,0.777027027027027,0.777027027027027,0.6013513513513513,0.668918918918919,high,high,mid,high,0,0.0,0.0,-131925.5793260554,-0.0,pre_price_events,7114,0x116e7d070f1888b81e1e0324f56d6746b2d7d8f1,1000863.055673601,300642.46895390877,149669.25197770135,5177.998050260203,0.04292870959992733,0.03854947323923304,0.10630716395461683
2026-04-20T08:00:00Z,1776672000,2026-04-20,0.0006657615792144,0.043165796036766624,0.0,0.0,0.06760168004559208,CHOG,0.99,1776675535,2026-04-20T08:58:55Z,3535,observed,13,12,2,2,12,5,8,77150.23835254824,47777.05502987873,29373.183322669516,124927.29338242697,2746.710806214749,0.021883860249475032,135.74946328853846,100.0,35.749463288538465,743692.8461538461,1.0,1.0,1,31269.377630464653,123031.09907463183,-1896.1943077951332,1896.1943077951332,2,7,-2258.957222859963,2277.826062731103,253.0917847479003,626.7378078357715,0.0,0.0,0,0,0.0,0.0,0.0,0,0,0.0,0.0,0.0,0,0,0.0,2,13,124927.29338242697,11.735495198742054,0.23512222611557296,19.555536915454535,83.17179212926524,0.23512222611557299,-0.23076923076923078,-0.5555555555555556,-0.9917162946812031,2.4763261615150904,0.6923076923076923,0.2541583214785097,-1.0,1.2541583214785097,33165.57193825979,1,0.0,0.0,0.0,0,0.0,0.0,0.0,0.0,0.0,0,0.0,0.0,0.0,0.0,0.0,0,0.0,0.0,0.10985909573386254,0.09182250404214037,0.00912474069741229,0.010483565832408337,0.31144606501732364,0.1965867174018389,0.1832554606794216,0.13750718905131715,0.11713728825632909,0.09572244560306231,0.03928311520535818,0.0198109960149272,-0.7044375445573055,-0.44796022449390005,0.7666666666666667,0.7666666666666667,0.26,0.58,high,high,low,mid,1,0.0,0.0,31269.377630464653,0.23512222611557296,pre_price_events,7114,0x116e7d070f1888b81e1e0324f56d6746b2d7d8f1,1000863.055673601,300642.46895390877,149669.25197770135,5177.998050260203,0.00044270585480489077,-0.0005184304000168333,0.06525374578567332
2026-04-20T09:00:00Z,1776675600,2026-04-20,0.0006657615792144,0.0,0.0,0.06760168004559208,0.06760168004559208,CHOG,0.99,1776675535,2026-04-20T08:58:55Z,-65,forward_fill,19,17,3,3,17,7,12,127421.43925757869,35545.9649877952,91875.47426978349,162967.4042453739,3603.7840031439187,0.021922816467683296,136.67187274378946,100.0,36.67187274378947,721455.5789473684,1.0,1.0,1,83430.90665017425,154477.91406530078,8444.567619609248,8489.490180073122,4,10,2111.2500649569365,2380.360989009448,170.0257849292463,594.4749142322177,0.0,0.0,0,0,0.0,0.0,0.0,0,0,0.0,0.0,0.0,0,0,0.0,3,19,162967.4042453739,12.001311622014258,0.5637659548865983,61.16716084092303,108.49743641087166,0.5637659548865982,-0.2631578947368421,-0.42857142857142855,0.8869453308573595,3.4963809429234485,0.7368421052631579,0.5400830737195635,0.9947084501529528,-0.4546253764333893,74986.339030565,0,0.0,0.0,0.0,0,0.0,0.0,0.0,0.0,0.0,0,0.0,0.0,0.0,0.0,0.0,0,0.0,0.0,0.22825136649464095,0.20628243441942362,0.42333874989865306,0.506823958677134,0.31144606501732364,0.23365329744231628,0.1832554606794216,0.15887242303584115,0.2191604753303339,0.20228865690016265,0.39405814475631545,0.4478620352358693,-0.5174442159120597,-0.2947557019484806,0.7697368421052632,0.7697368421052632,0.3092105263157895,0.7236842105263158,high,high,low,high,0,0.0,0.0,0.0,0.0,pre_price_events,7114,0x116e7d070f1888b81e1e0324f56d6746b2d7d8f1,1000863.055673601,300642.46895390877,149669.25197770135,5177.998050260203,-0.0028608373078866066,0.062403967907625,0.05724535587905619
2026-04-20T10:00:00Z,1776679200,2026-04-20,0.0006657615792144,0.0,0.0,0.06760168004559208,0.03777221421379373,CHOG,0.99,1776675535,2026-04-20T08:58:55Z,-3665,forward_fill,39,33,4,4,31,23,16,1071955.7706304973,256937.19646984665,815018.5741606506,1328892.967100344,30046.806547487246,0.021293925280973177,114.70277621987181,100.0,14.702776219871794,662992.8974358974,1.0,1.1025641025641026,2,785305.8626084543,1299180.2555481477,29712.711552196244,29712.711552196244,12,12,9770.118357630363,26137.220516510075,1089.0508548545865,1300.6972180293146,0.0,0.0,0,0,0.0,436509.6790609253,0.0,1,0,436509.6790609253,652287.5806887074,155024.28848571674,2,1,807311.8691744241,4,39,1328892.967100344,14.099857550539818,0.6133064094236486,542.6080530222633,884.7258803836347,0.6133064094236484,0.1794871794871795,0.0,0.3738009690609176,1.1943402020495983,0.6153846153846154,0.6044625903563471,1.0,-0.3955374096436529,755593.151056258,0,0.0,0.0,0.0,0,0.0,0.0,436509.6790609253,0.32847617518316263,0.32847617518316263,1,0.02564102564102564,1.0,497263.2922029907,0.37419363674414163,0.6075070672817132,3,0.07692307692307693,0.3333333333333333,1.6562090698894234,1.0310886634835068,0.4392772133253534,0.5634598056978751,1.1049879879611113,0.7123682260935726,0.9774073538858125,1.1065654607360045,1.6779192973130639,1.048579688608904,0.4342332173365869,0.5265264144352698,1.0115857977790579,0.8005294428445385,0.551948051948052,0.551948051948052,0.7337662337662337,0.8896103896103896,mid,mid,high,high,0,436509.6790609253,0.0,0.0,0.0,pre_price_events,7114,0x116e7d070f1888b81e1e0324f56d6746b2d7d8f1,1000863.055673601,300642.46895390877,149669.25197770135,5177.998050260203,-0.0010944635728438934,0.059440441842742095,0.021804856939105093
2026-04-20T11:00:00Z,1776682800,2026-04-20,0.0006657615792144,0.0,0.06760168004559208,0.06760168004559208,0.03777221421379373,CHOG,0.99,1776675535,2026-04-20T08:58:55Z,-7265,forward_fill,13,12,3,3,12,7,6,164065.13218788363,80441.26603023554,83623.8661576481,244506.39821811917,5543.160817545621,0.02091221156125317,134.94765396115383,100.0,34.94765396115385,591338.3076923077,1.0,1.0,1,75965.56397589343,236848.0960363645,7658.30218175467,7658.30218175467,4,5,9495.591887969847,15353.835461007471,1705.981717889719,2011.0141402222532,0.0,0.0,0,0,0.0,0.0,0.0,0,0,0.0,0.0,0.0,0,0,0.0,3,13,244506.39821811917,12.407000846000097,0.34201095254386327,55.67355719312942,162.78296580571998,0.3420109525438633,0.07692307692307693,-0.1111111111111111,0.6184508041710365,1.1788016947273363,0.6923076923076923,0.3207353795414511,1.0,-0.6792646204585489,68307.26179413876,0,0.0,0.0,0.0,0,0.0,0.0,0.0,0.0,0.0,0,0.0,0.0,0.0,0.0,0.0,0,0.0,0.0,0.06044901571885227,0.15676965991868555,-0.05268012220111181,0.15094087603529885,0.23526846982380512,0.1975035954334257,0.10035955232785822,0.13176503074702642,0.05215245503493594,0.1523366011657529,-0.08102224701950206,0.09920362209956174,-0.21623581614225998,-0.06375689613473486,0.75,0.75,0.391025641025641,0.5641025641025641,high,high,mid,mid,0,0.0,0.0,0.0,0.0,pre_price_events,7114,0x116e7d070f1888b81e1e0324f56d6746b2d7d8f1,1000863.055673601,300642.46895390877,149669.25197770135,5177.998050260203,0.06608617802768875,0.06348389726008782,0.030717600999234575
2026-04-20T12:00:00Z,1776686400,2026-04-20,0.0007107681804791,0.06760168004559208,0.0,0.0,-0.027940632156484013,CHOG,0.99,1776689934,2026-04-20T12:58:54Z,3534,observed,17,14,3,3,14,8,9,118991.46447522574,1304956.4776043242,-1185965.0131290986,1423947.9420795501,31486.98799885574,0.019723314076301443,110.66821468282353,100.0,10.668214682823528,912791.1176470588,1.0,1.0,1,-1127463.4284478214,1353855.3198101488,-58501.58468127726,70092.62226940141,5,5,-384.5278779779819,21045.530073635324,2104.5530073635323,2192.769384341194,0.0,0.0,0,0,0.0,0.0,1179944.3451531783,0,2,1179944.3451531783,0.0,1179944.3451531783,0,2,1179944.3451531783,3,17,1423947.94207955,14.168944515030027,-0.8328710468144653,-842.9461944936413,1012.0968878888407,-0.8328710468144653,-0.058823529411764705,0.0,-0.018271237485231944,1.0419169185423247,0.5882352941176471,-0.8327798487403556,-0.8346325588508597,0.001852710110504141,-1068961.8437665442,0,0.0,0.0,0.0,0,0.0,0.0,-1179944.3451531783,-0.8286428950695865,0.8286428950695865,2,0.11764705882352941,-1.0,-1179944.3451531783,-0.8286428950695865,0.8286428950695865,2,0.11764705882352941,-1.0,-2.290799777612238,-1.3371674694081048,-1.7991023227852971,-1.5896875593434234,-1.8840198387132856,-1.1637547733331226,-2.0109379287937608,-2.2126607707652153,-2.288469178239863,-1.3430297511051879,-1.8068586885578628,-1.5935462573770964,1.0256726550137993,0.8457403607523093,0.43670886075949367,0.43670886075949367,0.740506329113924,0.6329113924050633,mid,mid,high,mid,1,-1179944.3451531783,-0.0,-0.0,-0.8328710468144653,pre_price_events,7114,0x116e7d070f1888b81e1e0324f56d6746b2d7d8f1,1000863.055673601,300642.46895390877,149669.25197770135,5177.998050260203,0.006240752435081598,0.0013677982526087522,-0.025004029840071548
2026-04-20T13:00:00Z,1776690000,2026-04-20,0.0007107681804791,0.0,0.0,-0.027940632156484013,-0.027940632156484013,CHOG,0.99,1776689934,2026-04-20T12:58:54Z,-66,forward_fill,20,17,3,3,17,10,10,487969.2666033589,190704.3816006775,297264.8850026814,678673.6482040364,14886.063202335194,0.02190380124813037,106.820402074,100.0,6.820402074,802213.05,1.0,1.0,1,276898.3530831252,658020.2466728224,20366.531919556197,20653.40153121409,1,6,591.5646894631931,3870.702499805749,552.9574999722498,918.1459065362479,0.0,0.0,0,0,0.0,0.0,0.0,0,0,0.0,179067.81965568956,0.0,1,0,179067.81965568956,3,20,678673.6482040365,13.42789712853027,0.43800858599612474,211.28642143368475,482.37963407309576,0.43800858599612474,0.0,-0.7142857142857143,0.1528313502504728,1.6604276216206943,0.35,0.42080521759507994,0.9861102970750683,-0.5653050794799883,256531.821163569,0,0.0,0.0,0.0,0,0.0,0.0,0.0,0.0,0.0,0,0.0,0.0,179067.81965568956,0.26384967226818656,0.26384967226818656,1,0.05,1.0,0.653212676290124,0.44934829771406276,0.2636625707577752,0.29802338369621467,0.3596652648996775,0.2336574348244327,0.29993762112508054,0.16507978210328902,0.6395387136746642,0.44204815438807865,0.2466551432027509,0.251841854444201,0.4883462585128033,0.4890537371966818,0.34375,0.34375,0.61875,0.71875,mid,mid,mid,high,0,0.0,0.0,0.0,0.0,pre_price_events,7114,0x116e7d070f1888b81e1e0324f56d6746b2d7d8f1,1000863.055673601,300642.46895390877,149669.25197770135,5177.998050260203,-0.0003784795505474615,-0.03304284400072874,-0.0365113724642823
2026-04-20T14:00:00Z,1776693600,2026-04-20,0.0007107681804791,0.0,0.0,-0.027940632156484013,0.013248692034374177,CHOG,0.99,1776689934,2026-04-20T12:58:54Z,-3666,forward_fill,22,20,4,4,19,11,11,140402.95178581658,283080.1003763962,-142677.14859057963,423483.0521622128,9272.877361399815,0.021034805370170676,124.23156754627271,100.0,24.23156754627273,931408.0454545454,1.0,1.0,1,-136842.9272372982,417424.6468597363,-5834.221353281417,6058.405302476477,8,9,-1471.0918482755098,28597.63059810527,1682.2135645944275,1819.444302547516,0.0,0.0,0,0,0.0,0.0,0.0,0,0,0.0,0.0,196207.9055424421,0,1,196207.9055424421,4,22,423483.0521622127,12.956271135133111,-0.33691347944646427,-101.41037729967246,300.99827844907173,-0.33691347944646427,0.0,-0.058823529411764705,-0.05144103960742037,1.0815774767493176,0.7727272727272727,-0.3278266586957918,-0.9629962113786905,0.6351695526828987,-131008.70588401677,0,0.0,0.0,0.0,0,0.0,0.0,0.0,0.0,0.0,0,0.0,0.0,-196207.9055424421,-0.4633193808834781,0.4633193808834781,1,0.045454545454545456,-1.0,-0.2184972624164649,-0.07519892639397702,-0.9641789257966801,-0.8348992156015091,0.34488802883865066,0.2336574348244327,0.2808864820601252,0.16507978210328902,-0.2218150941400235,-0.07770373183713436,-0.9514437442709883,-0.8317867540541137,0.18180002592801162,0.2409693118171936,0.6975308641975309,0.6975308641975309,0.5,0.7839506172839507,high,high,mid,high,0,0.0,0.0,-0.0,-0.0,pre_price_events,7114,0x116e7d070f1888b81e1e0324f56d6746b2d7d8f1,1000863.055673601,300642.46895390877,149669.25197770135,5177.998050260203,-0.0014362696083361785,-0.033464842457928155,0.003051496397589849
2026-04-20T15:00:00Z,1776697200,2026-04-20,0.0007107681804791,0.0,-0.027940632156484013,-0.027940632156484013,0.013248692034374177,CHOG,0.99,1776689934,2026-04-20T12:58:54Z,-7266,forward_fill,7,5,2,2,5,3,4,80560.11266168242,39741.99500975573,40818.11765192668,120302.10767143813,2652.057705337773,0.021946596033471242,102.14288748214287,100.0,2.142887482142857,1126363.4285714286,1.0,1.2857142857142858,2,35492.80468775818,114976.79470726964,5325.312964168496,5325.312964168496,0,2,-4454.381734021868,4454.381734021868,2227.190867010934,3133.395162687479,0.0,0.0,0,0,0.0,0.0,0.0,0,0,0.0,0.0,0.0,0,0,0.0,2,7,120302.10767143813,11.697769734309396,0.3392967791005513,29.01221921404176,85.50691017742885,0.33929677910055134,-0.14285714285714285,-1.0,-1.0,1.4068821891734598,0.2857142857142857,0.30869537438508954,1.0,-0.6913046256149105,30167.491723589683,0,0.0,0.0,0.0,0,0.0,0.0,0.0,0.0,0.0,0,0.0,0.0,0.0,0.0,0.0,0,0.0,0.0,0.1442442382380114,0.15338320695787913,0.09742677059324682,0.1824521523517148,0.34488802883865066,0.2336574348244327,0.2808864820601252,0.16507978210328902,0.13691105779484855,0.14892233418249,0.062089944790257805,0.11864270732318118,-0.7225860683666294,-0.4164612946845573,0.054878048780487805,0.054878048780487805,0.23780487804878048,0.11585365853658537,low,low,low,low,0,0.0,0.0,0.0,0.0,pre_price_events,7114,0x116e7d070f1888b81e1e0324f56d6746b2d7d8f1,1000863.055673601,300642.46895390877,149669.25197770135,5177.998050260203,-0.030130354941957253,-0.031184045537787686,0.00775284557986817
2026-04-20T16:00:00Z,1776700800,2026-04-20,0.0006909088681998,-0.027940632156484013,0.0,0.0,0.04237325985781659,CHOG,0.99,1776704338,2026-04-20T16:58:58Z,3538,observed,22,20,2,2,20,12,10,620336.8540287889,539020.7866443731,81316.06738441574,1159357.640673162,25494.048777030486,0.02201103186240567,107.245534623,100.0,7.245534623,687082.0454545454,1.0,1.0,1,81396.30539905591,1159277.402658522,-80.23801464016175,80.23801464016175,2,6,841.4532181681789,9839.461107750798,1229.9326384688497,1287.5243110891822,0.0,0.0,0,0,0.0,0.0,0.0,0,0,0.0,0.0,523414.69311287085,0,3,523414.69311287085,2,22,1159357.6406731617,13.963377514207796,0.07013889806876238,56.18199208302535,801.0104753562847,0.07013889806876238,0.09090909090909091,-0.5,0.08551822187755226,1.0468250624619806,0.36363636363636365,0.07021296646720897,-1.0,1.0702129664672089,81476.54341369607,1,0.0,0.0,0.0,0,0.0,0.0,0.0,0.0,0.0,0,0.0,0.0,-523414.69311287085,-0.45146956793156484,0.45146956793156484,3,0.13636363636363635,-1.0,0.21969822510074133,0.1993743764346196,-0.281709054169004,-0.23589403897305714,0.34488802883865066,0.2336574348244327,0.2808864820601252,0.16507978210328902,0.22747411821498056,0.204366367760417,-0.2704269907419128,-0.2507525402151275,0.8615030500923421,0.766879052366781,0.35542168674698793,0.35542168674698793,0.7289156626506024,0.8132530120481928,mid,mid,high,high,0,0.0,0.0,81396.30539905591,0.0,pre_price_events,7114,0x116e7d070f1888b81e1e0324f56d6746b2d7d8f1,1000863.055673601,300642.46895390877,149669.25197770135,5177.998050260203,-0.0016668605936877722,-0.007748478440576383,0.03002440042861923
2026-04-20T17:00:00Z,1776704400,2026-04-20,0.0006909088681998,0.0,0.0,0.04237325985781659,0.04237325985781659,CHOG,0.99,1776704338,2026-04-20T16:58:58Z,-62,forward_fill,12,11,2,2,11,5,7,453803.6785154965,56380.26213797772,397423.4163775188,510183.94065347424,11392.013098273497,0.022159003783731857,101.97621030508333,100.0,1.9762103050833335,715322.75,1.0,1.0,1,376717.3694369856,489477.89371294103,20706.046940533197,20706.046940533197,1,5,-460.07102751736227,4908.450050863395,818.0750084772325,1099.892155359691,0.0,0.0,0,0,0.0,382032.2407766869,0.0,1,0,382032.2407766869,382032.2407766869,0.0,1,0,382032.2407766869,2,12,510183.94065347424,13.142528567698903,0.7789806473886164,274.58336280548934,352.4906090106058,0.7789806473886164,-0.16666666666666666,-0.6666666666666666,-0.09373040832644022,1.3444881507956512,0.5,0.7696310176122378,1.0,-0.23036898238776216,356011.32249645237,0,0.0,0.0,0.0,0,0.0,0.0,382032.2407766869,0.7488127522935297,0.7488127522935297,1,0.08333333333333333,1.0,382032.2407766869,0.7488127522935297,0.7488127522935297,1,0.08333333333333333,1.0,0.7816832121508288,0.5690417964923877,0.8251832956760563,0.8134882524041019,0.9876889839484703,0.6775188506203141,2.1507521590475145,2.2037626487708004,0.7776443943029127,0.5685053426638316,0.8318438341512767,0.7753436333819472,0.2430114045341016,0.33106497609905156,0.017857142857142856,0.017857142857142856,0.5535714285714286,0.47619047619047616,low,low,mid,mid,0,0.0,0.0,0.0,0.0,pre_price_events,7114,0x116e7d070f1888b81e1e0324f56d6746b2d7d8f1,1000863.055673601,300642.46895390877,149669.25197770135,5177.998050260203,-8.14285043862677e-05,0.038558609639707586,0.036913073510677664
2026-04-20T18:00:00Z,1776708000,2026-04-20,0.0006909088681998,0.0,0.0,0.04237325985781659,-0.028268588243322235,CHOG,0.99,1776704338,2026-04-20T16:58:58Z,-3662,forward_fill,18,15,3,3,15,10,8,332071.5445016975,160894.901714595,171176.64278710252,492966.44621629256,11026.99144044577,0.021192275926372087,102.48757551161111,100.0,2.487575511611111,781842.7777777778,1.0,1.0,1,170402.00875355673,492191.81218274677,774.6340335457932,774.6340335457932,5,7,1131.0114025793744,6088.25999001094,507.35499916757834,658.9335641675715,0.0,0.0,0,0,0.0,0.0,0.0,0,0,0.0,0.0,158416.27742087923,0,1,158416.27742087923,3,18,492966.44621629256,13.108198418828984,0.34723791872844334,118.26746053027846,340.59488941577627,0.3472379187284433,0.1111111111111111,-0.16666666666666666,0.18576923528808467,1.2987623365270657,0.6666666666666666,0.3462105718456931,1.0,-0.6537894281543069,169627.37472001094,0,0.0,0.0,0.0,0,0.0,0.0,0.0,0.0,0.0,0,0.0,0.0,-158416.27742087923,-0.3213530629453286,0.3213530629453286,1,0.05555555555555555,-1.0,0.29450453426949963,0.292062078154703,0.050414693722771194,0.14507593555239498,0.1931932802028837,0.2267295185993491,0.04193172684154566,0.1305701028354349,0.3110370336140612,0.30172582492333766,0.06596611825259349,0.12654325183897366,0.2611994453079521,0.29060619566003,0.13529411764705881,0.13529411764705881,0.5352941176470588,0.6470588235294118,low,low,mid,mid,0,0.0,0.0,0.0,0.0,pre_price_events,7114,0x116e7d070f1888b81e1e0324f56d6746b2d7d8f1,1000863.055673601,300642.46895390877,149669.25197770135,5177.998050260203,-0.0007540875091866992,0.037547148454722595,-0.036449943487207884
2026-04-20T19:00:00Z,1776711600,2026-04-20,0.0006909088681998,0.0,0.04237325985781659,0.04237325985781659,-0.028268588243322235,CHOG,0.99,1776704338,2026-04-20T16:58:58Z,-7262,forward_fill,11,5,3,3,5,8,3,313014.9315137073,254356.3499797908,58658.581533916564,567371.2814934981,12713.053476109151,0.02244237382648685,105.25336363654546,100.0,5.253363636545455,2644186.909090909,1.0,2.8181818181818183,5,41015.25068657187,536754.2429388012,17643.330847344667,30617.038554696945,2,1,1184.1716999144282,4958.0960394121585,1652.6986798040527,1503.9605732662253,0.0,0.0,0,0,0.0,0.0,0.0,0,0,0.0,246192.01576434763,245982.5339563658,1,1,492174.5497207134,3,11,567371.2814934981,13.248770948372092,0.10338658907710113,40.52773417780398,392.0018499457429,0.10338658907710113,0.45454545454545453,0.3333333333333333,0.23883597463651107,0.910002888998821,0.2727272727272727,0.07641346337945629,0.5762585697445912,-0.4998451063651349,23371.9198392272,0,0.0,0.0,0.0,0,0.0,0.0,0.0,0.0,0.0,0,0.0,0.0,209.48180798182148,0.00036921468325009336,0.8674646845451122,2,0.18181818181818182,0.0,0.06639031971799195,0.15820081742573167,-0.3449542393151905,-0.21436639690093662,0.1931932802028837,0.2267295185993491,0.04193172684154566,0.1305701028354349,0.035464974900095286,0.13925005569673185,-0.37766826690462546,-0.2692952689334753,0.344842699696276,0.3584252915243349,0.3081395348837209,0.3081395348837209,0.5755813953488372,0.11627906976744186,low,low,mid,low,0,0.0,0.0,0.0,0.0,pre_price_events,7114,0x116e7d070f1888b81e1e0324f56d6746b2d7d8f1,1000863.055673601,300642.46895390877,149669.25197770135,5177.998050260203,0.04258602340480998,0.038745719691409,-0.03311810341849851
2026-04-20T20:00:00Z,1776715200,2026-04-20,0.0007201849292101,0.04237325985781659,0.0,0.0,-0.067770203651209,CHOG,0.99,1776718740,2026-04-20T20:59:00Z,3540,observed,14,10,4,4,8,6,8,19838.609837189266,2387165.1113577103,-2367326.501520521,2407003.7211948996,51513.19102498389,0.020041372153087888,126.50203709328571,100.0,26.502037093285715,944346.7142857143,1.0,1.1428571428571428,2,-2251091.156853719,2288661.867020995,-116235.34466680208,118341.8541739047,5,4,672.0348247327544,4082.787024360424,453.6430027067138,403.1798733898512,0.0,2203490.7512961756,0,1,2203490.7512961756,0.0,2203490.7512961756,0,1,2203490.7512961756,0.0,2203490.7512961756,0,1,2203490.7512961756,4,14,2407003.7211949,14.69389367820695,-0.9835159292339266,-1704.9128689147503,1733.4878045571961,-0.9835159292339267,-0.14285714285714285,0.1111111111111111,0.1646019791683917,0.888760260787076,0.6428571428571429,-0.9835839838515861,-0.9821997929489334,-0.0013841909026526267,-2134855.8121869173,0,-2203490.7512961756,-0.9154496654464269,0.9154496654464269,1,0.07142857142857142,-1.0,-2203490.7512961756,-0.9154496654464269,0.9154496654464269,1,0.07142857142857142,-1.0,-2203490.7512961756,-0.9154496654464269,0.9154496654464269,1,0.07142857142857142,-1.0,-3.3795840475113157,-2.605524232031477,-1.9766193020591427,-1.8274328437883862,-3.0876041283388043,-2.2529499028256814,-2.1829250414750976,-2.280635972236837,-3.3760520028298537,-2.614110112998654,-1.976899123882675,-1.8263453095443944,1.3955025382669828,1.1103483495590214,0.7298850574712644,0.7298850574712644,0.8793103448275862,0.3045977011494253,high,high,high,low,1,-2203490.7512961756,-2203490.7512961756,-0.0,-0.9835159292339266,pre_price_events,7114,0x116e7d070f1888b81e1e0324f56d6746b2d7d8f1,1000863.055673601,300642.46895390877,149669.25197770135,5177.998050260203,0.0056414890739785815,-0.00020886513343355926,-0.0660435754372842
2026-04-20T21:00:00Z,1776718800,2026-04-20,0.0007201849292101,0.0,0.0,-0.067770203651209,-0.067770203651209,CHOG,0.99,1776718740,2026-04-20T20:59:00Z,-60,forward_fill,10,9,2,2,9,6,4,947209.9372830184,136838.5086415183,810371.4286415002,1084048.4459245366,23119.272678284276,0.021133888316430934,111.5752265629,100.0,11.5752265629,656177.4,1.0,1.0,1,784166.8950338508,1057843.9123168874,26204.533607649333,26204.533607649333,1,2,2171.784539347217,2537.825098437639,845.9416994792131,1307.4794481395043,0.0,0.0,0,0,0.0,880679.5276786956,0.0,1,0,880679.5276786956,880679.5276786956,0.0,1,0,880679.5276786956,2,10,1084048.4459245366,13.896214074262955,0.747541709679193,583.6172899700665,780.7153532884813,0.747541709679193,0.2,-0.3333333333333333,0.855766041830161,1.5455904927543205,0.3,0.7412879025945994,1.0,-0.2587120974054006,757962.3614262014,0,0.0,0.0,0.0,0,0.0,0.0,880679.5276786956,0.8123986810641136,0.8123986810641136,1,0.1,1.0,880679.5276786956,0.8123986810641136,0.8123986810641136,1,0.1,1.0,1.2113001786971893,1.0331285865794757,0.7985540778287751,0.778127430389487,1.490600664436228,1.2284556431745508,1.9593981848025013,2.2147702405022383,1.2301270180521793,1.0515593553839764,0.8106111365176779,0.747345925677692,0.7846206696536623,0.6577973542944225,0.4943181818181818,0.4943181818181818,0.7102272727272727,0.375,mid,mid,high,mid,0,880679.5276786956,0.0,0.0,0.0,pre_price_events,7114,0x116e7d070f1888b81e1e0324f56d6746b2d7d8f1,1000863.055673601,300642.46895390877,149669.25197770135,5177.998050260203,0.0014872814641609532,-0.07111085157195339,-0.07116299375679641
2026-04-20T22:00:00Z,1776722400,2026-04-20,0.0007201849292101,0.0,0.0,-0.067770203651209,-0.09774566230524895,CHOG,0.99,1776718740,2026-04-20T20:59:00Z,-3660,forward_fill,6,6,2,2,6,4,2,8854.808802746407,1014.1162344624543,7840.692568283954,9868.925037208863,212.671534976873,0.02137624855887374,104.1666666675,100.0,4.1666666675,574603.5,1.0,1.0,1,7835.977218295012,9864.20968721992,4.715349988941836,4.715349988941836,4,2,7840.692568283954,9868.925037208863,1644.8208395348104,1642.1723387878696,0.0,0.0,0,0,0.0,0.0,0.0,0,0,0.0,0.0,0.0,0,0,0.0,2,6,9868.925037208863,9.197247537384385,0.7944829389950929,5.6467486222477365,7.107451079302049,0.7944829389950929,0.3333333333333333,0.3333333333333333,0.7944829389950929,0.9983897937797956,1.0,0.7943846964696333,1.0,-0.20561530353036672,7831.26186830607,0,0.0,0.0,0.0,0,0.0,0.0,0.0,0.0,0.0,0,0.0,0.0,0.0,0.0,0.0,0,0.0,0.0,0.060743512924504715,0.11221507418525695,0.8175858002573009,0.8279192162989967,0.17551720768913714,0.236999951823528,-0.014601565314302034,0.12499482644600575,0.06156346613738337,0.1119774971695168,0.8390888866174666,0.8058542380223539,-2.460482241917946,-1.8332538763634738,0.24157303370786518,0.24157303370786518,0.05056179775280899,0.19101123595505617,low,low,low,low,0,0.0,0.0,0.0,0.0,pre_price_events,7114,0x116e7d070f1888b81e1e0324f56d6746b2d7d8f1,1000863.055673601,300642.46895390877,149669.25197770135,5177.998050260203,-0.006617399216391002,-0.07130712104314046,-0.10670596747362399
2026-04-20T23:00:00Z,1776726000,2026-04-20,0.0007201849292101,0.0,-0.067770203651209,-0.067770203651209,-0.09774566230524895,CHOG,0.99,1776718740,2026-04-20T20:59:00Z,-7260,forward_fill,3,2,2,2,2,0,3,0.0,553532.8535131505,-553532.8535131505,553532.8535131505,11603.595177018531,0.020999590059175847,102.40002831600002,100.0,2.4000283159999998,992852.3333333334,1.0,1.0,1,-553485.4329713954,553485.4329713954,-47.4205417550927,47.4205417550927,0,1,-47.4205417550927,47.4205417550927,47.4205417550927,,0.0,0.0,0,0,0.0,0.0,513485.43297139544,0,1,513485.43297139544,0.0,513485.43297139544,0,1,513485.43297139544,2,3,553532.8535131505,13.224078191885857,-1.0,-398.646018922833,398.646018922833,-1.0,-1.0,-1.0,-1.0,,0.3333333333333333,-1.0,-1.0,0.0,-553438.0124296404,0,0.0,0.0,0.0,0,0.0,0.0,-513485.43297139544,-0.9276512310198339,0.9276512310198339,1,0.3333333333333333,-1.0,-513485.43297139544,-0.9276512310198339,0.9276512310198339,1,0.3333333333333333,-1.0,-0.7111009276569965,-0.5528951383227658,-1.8704205025121237,-1.8948151339836863,-0.5611294997903109,-0.36071804829680965,-1.985722160752357,-2.1789014087495038,-0.7487133958813253,-0.5868763225082332,-1.8663120035246175,-1.8932177482922898,0.31336151991753686,0.32545266191183403,0.11666666666666667,0.11666666666666667,0.5611111111111111,0.005555555555555556,low,low,mid,low,0,-0.0,-0.0,-0.0,-0.0,pre_price_events,7114,0x116e7d070f1888b81e1e0324f56d6746b2d7d8f1,1000863.055673601,300642.46895390877,149669.25197770135,5177.998050260203,-0.0667882033934138,-0.07006212090571926,-0.09907711155265957
2026-04-21T00:00:00Z,1776729600,2026-04-21,0.000671377849891,-0.067770203651209,0.0,0.0,-0.032154581168123086,CHOG,0.99,1776733143,2026-04-21T00:59:03Z,3543,observed,1,1,1,1,1,1,0,49.05232301129792,0.0,49.05232301129792,49.05232301129792,1.0315508232294486,0.021029601859872325,107.1,100.0,7.1,1023802.0,1.0,1.0,1,0.0,0.0,49.05232301129792,49.05232301129792,1,0,49.05232301129792,49.05232301129792,49.05232301129792,,0.0,0.0,0,0,0.0,0.0,0.0,0,0,0.0,0.0,0.0,0,0,0.0,1,1,49.05232301129792,3.9130689184962884,1.0,0.032932643155484026,0.032932643155484026,1.0,1.0,1.0,1.0,,1.0,0.0,1.0,-1.0,-49.05232301129792,0,0.0,0.0,0.0,0,0.0,0.0,0.0,0.0,0.0,0,0.0,0.0,0.0,0.0,0.0,0,0.0,0.0,0.11383550095739016,0.10298584576508073,1.1961851322279902,1.132424547354138,0.20640930408451752,0.23517541287722926,0.07246668286122207,0.16687330785516363,0.11432274525234902,0.10340827952457401,-0.2711702855876954,-0.37350993773948526,-3.839516579819933,-4.050743062626783,0.3791208791208791,0.3791208791208791,0.005494505494505495,0.005494505494505495,mid,mid,low,low,0,0.0,0.0,0.0,0.0,pre_price_events,7114,0x116e7d070f1888b81e1e0324f56d6746b2d7d8f1,1000863.055673601,300642.46895390877,149669.25197770135,5177.998050260203,-0.02066444465963605,-0.009518913119945065,-0.05619026796893489
2026-04-21T01:00:00Z,1776733200,2026-04-21,0.000671377849891,0.0,0.0,-0.032154581168123086,-0.032154581168123086,CHOG,0.99,1776733143,2026-04-21T00:59:03Z,-57,forward_fill,9,8,2,2,8,5,4,293063.75881700276,206191.306109631,86872.45270737179,499255.0649266338,10550.93215888882,0.021103477455193417,101.62129493655556,100.0,1.6212949365555556,1318471.0,1.0,1.0,1,107562.72524746289,478564.79238654266,-20690.272540091097,20690.272540091097,1,2,-2866.668101621945,5803.309189033317,1934.4363963444391,2170.976519008807,0.0,0.0,0,0,0.0,0.0,0.0,0,0,0.0,0.0,181166.04492421227,0,1,181166.04492421227,2,9,499255.0649266337,13.120874399279655,0.17400414900174888,58.32424051343286,335.18879203763504,0.17400414900174888,0.1111111111111111,-0.3333333333333333,-0.49397128573455495,1.1222785732895455,0.3333333333333333,0.22476105003684257,-1.0,1.2247610500368427,128252.99778755399,1,0.0,0.0,0.0,0,0.0,0.0,0.0,0.0,0.0,0,0.0,0.0,-181166.04492421227,-0.3628727230856133,0.3628727230856133,1,0.1111111111111111,-1.0,0.16181333015650726,0.2049874287958051,-0.12467300276207269,-0.11223418794221054,0.1115113626592888,0.23517541287722926,0.0012322411285956088,0.16687330785516363,0.20245255124178213,0.23591307283604393,0.03060506016862306,-0.03041868594739708,0.3503092263259079,0.29726838212157625,0.005434782608695652,0.005434782608695652,0.5271739130434783,0.32608695652173914,low,low,mid,low,0,0.0,0.0,107562.72524746289,0.0,pre_price_events,7114,0x116e7d070f1888b81e1e0324f56d6746b2d7d8f1,1000863.055673601,300642.46895390877,149669.25197770135,5177.998050260203,0.00018458419191831632,-0.03547065797017395,-0.0363148688142937
2026-04-21T02:00:00Z,1776736800,2026-04-21,0.000671377849891,0.0,0.0,-0.032154581168123086,0.049433150225000944,CHOG,0.99,1776733143,2026-04-21T00:59:03Z,-3657,forward_fill,19,15,4,3,15,7,12,537626.7974186371,608603.1461668023,-70976.34874816514,1146229.9435854394,23845.630872369868,0.01982018337564517,118.60390257099999,100.0,18.603902571000003,904209.052631579,1.0,1.0,1,-68185.4468709498,1086878.0183767462,-2790.9018772153468,59351.925208693116,4,10,-400.02333700591305,15564.377537591046,1111.7412526850746,1608.5594036958005,0.0,0.0,0,0,0.0,0.0,570529.8363484556,0,1,570529.8363484556,506547.43056657794,570529.8363484556,2,1,1077077.2669150336,4,19,1146229.9435854391,13.951989677407365,-0.06192156220081735,-47.65194841565688,769.5533950050745,-0.06192156220081734,-0.2631578947368421,-0.42857142857142855,-0.025701210089499413,1.4468828963671285,0.7368421052631579,-0.06273514204729695,-0.04702293762842542,-0.015712204418871535,-65394.54499373445,0,0.0,0.0,0.0,0,0.0,0.0,-570529.8363484556,-0.4977446624399135,0.4977446624399135,1,0.05263157894736842,-1.0,-63982.40578187769,-0.05581986942492441,0.9396694554549027,3,0.15789473684210525,0.3333333333333333,-0.06383430371803818,-0.001784206786044781,-0.4414625490318229,-0.4913294775240834,-0.8258272188005858,-0.44278172413957423,-1.095180896140208,-1.1421843651104133,-0.06429030509715175,-0.0036519391465816248,-0.3816134634882862,-0.48697157690676307,0.7017373838880449,0.6948950049050537,0.6612903225806451,0.6612903225806451,0.7365591397849462,0.6720430107526881,mid,mid,high,high,0,-570529.8363484556,-0.0,-0.0,-0.0,pre_price_events,7114,0x116e7d070f1888b81e1e0324f56d6746b2d7d8f1,1000863.055673601,300642.46895390877,149669.25197770135,5177.998050260203,0.0006726023084198795,-0.03699264314337287,0.042126302221169656
2026-04-21T03:00:00Z,1776740400,2026-04-21,0.000671377849891,0.0,-0.032154581168123086,-0.032154581168123086,0.049433150225000944,CHOG,0.99,1776733143,2026-04-21T00:59:03Z,-7257,forward_fill,11,9,3,3,9,5,6,26442.702720925685,23079.287811334725,3363.4149095909606,49521.99053226041,1027.9737913208312,0.019142280187906178,111.10266927618181,100.0,11.102669276181818,791920.7272727273,1.0,1.0,1,3978.8976053935667,48890.56931587366,-615.482695802606,631.4212163867453,3,5,4545.367318241379,6151.273983361863,768.9092479202329,1618.1350273518503,0.0,0.0,0,0,0.0,0.0,0.0,0,0,0.0,0.0,0.0,0,0,0.0,3,11,49521.99053226041,10.810192295928033,0.06791760334027588,2.2581222702925117,33.24796752587145,0.0679176033402759,-0.09090909090909091,-0.25,0.7389310459159866,2.1044551508889078,0.7272727272727273,0.08138374457631256,-0.9747577050461717,1.0561414496224841,4594.380301196173,1,0.0,0.0,0.0,0,0.0,0.0,0.0,0.0,0.0,0,0.0,0.0,0.0,0.0,0.0,0,0.0,0.0,0.06340969310348998,0.08684539250560416,-0.17202252249566186,-0.2745813853023361,0.15055809476163926,0.22252671637544666,0.04886840182560222,0.15742944244899426,0.06469508260326005,0.08710715574331135,-0.07503581350998811,-0.2486252381303428,-0.706611669743794,-0.8106614335249029,0.48404255319148937,0.48404255319148937,0.15425531914893617,0.39893617021276595,mid,mid,low,mid,0,0.0,0.0,3978.8976053935667,0.0,pre_price_events,7114,0x116e7d070f1888b81e1e0324f56d6746b2d7d8f1,1000863.055673601,300642.46895390877,149669.25197770135,5177.998050260203,-0.036359035723421154,-0.03623172664316973,0.040771428596305156
2026-04-21T04:00:00Z,1776744000,2026-04-21,0.0006497899763222,-0.032154581168123086,0.0,0.0,0.0842983081860269,CHOG,0.99,1776747538,2026-04-21T04:58:58Z,3538,observed,10,7,2,2,7,3,7,65863.27528797346,405586.570774849,-339723.2954868755,471449.8460628224,9795.587217677938,0.02083535709680078,101.70324726380001,100.0,1.7032472638000002,1190135.1,1.0,1.2,2,-319440.40236988856,451166.9529458354,-20282.89311698695,20282.89311698695,0,4,-7387.552886589851,7387.552886589851,1846.8882216474628,2413.7204325108773,0.0,0.0,0,0,0.0,0.0,0.0,0,0,0.0,0.0,288886.0878078628,0,1,288886.0878078628,2,10,471449.8460628223,13.063570125489354,-0.7205926533309466,-220.7487921305166,306.3433843102662,-0.7205926533309467,-0.4,-1.0,-1.0,1.3069120286867109,0.4,-0.7080314732365577,-1.0,0.2919685267634423,-299157.5092529016,0,0.0,0.0,0.0,0,0.0,0.0,0.0,0.0,0.0,0,0.0,0.0,-288886.0878078628,-0.6127610184209662,0.6127610184209662,1,0.1,-1.0,-0.46512659828588104,-0.31416547091301167,-1.5301188221568056,-1.451180813897726,0.15055809476163926,0.22252671637544666,0.04886840182560222,0.15742944244899426,-0.45678443707390876,-0.3116209984532523,-1.5039031168167112,-1.4269295828352473,0.2627711058345998,0.2576012867644271,0.015789473684210527,0.015789473684210527,0.5105263157894737,0.26842105263157895,low,low,mid,low,0,0.0,0.0,-0.0,-0.0,pre_price_events,7114,0x116e7d070f1888b81e1e0324f56d6746b2d7d8f1,1000863.055673601,300642.46895390877,149669.25197770135,5177.998050260203,-0.0023857245695022844,-0.00626757803546118,0.07531583309689602
2026-04-21T05:00:00Z,1776747600,2026-04-21,0.0006497899763222,0.0,0.0,0.0842983081860269,0.0842983081860269,CHOG,0.99,1776747538,2026-04-21T04:58:58Z,-62,forward_fill,13,11,3,3,11,8,5,1010530.9592208621,11555.718849030467,998975.2403718317,1022086.6780698926,21808.95910676955,0.021343967757679327,137.85233747730769,100.0,37.85233747730769,965137.3076923077,1.0,1.0,1,954011.7982202122,977123.2359182732,44963.44215161941,44963.44215161941,3,4,2848.0753320586705,4570.2735971423,652.8962281631857,1337.508919248114,0.0,0.0,0,0,0.0,647086.699171202,0.0,1,0,647086.699171202,876146.607492858,0.0,2,0,876146.607492858,3,13,1022086.6780698927,13.837357836741019,0.9773879865632291,649.1240977876765,664.1416783422715,0.9773879865632292,0.23076923076923078,-0.14285714285714285,0.6231739241693353,2.048578107138054,0.5384615384615384,0.9763474689286848,1.0,-0.023652531071315153,909048.3560685928,0,0.0,0.0,0.0,0,0.0,0.0,647086.699171202,0.6331035449881413,0.6331035449881413,1,0.07692307692307693,1.0,876146.607492858,0.8572136065283351,0.8572136065283351,2,0.15384615384615385,1.0,1.5322852197469832,1.248325353860205,1.3827003118588728,1.1660954030332993,1.1754361211561353,0.9606619119648933,1.3822259511952304,1.7488866122813307,1.531127743104598,1.2561833155607223,1.5335853612395005,1.1689228361735424,0.5664588230063784,0.6077755044095762,0.8177083333333334,0.8177083333333334,0.703125,0.515625,high,high,high,mid,0,647086.699171202,647086.699171202,0.0,0.0,pre_price_events,7114,0x116e7d070f1888b81e1e0324f56d6746b2d7d8f1,1000863.055673601,300642.46895390877,149669.25197770135,5177.998050260203,0.0010754329867591287,0.0804442429950491,0.07947975823950064
2026-04-21T06:00:00Z,1776751200,2026-04-21,0.0006497899763222,0.0,0.0,0.0842983081860269,0.12991431467379488,CHOG,0.99,1776747538,2026-04-21T04:58:58Z,-3662,forward_fill,18,17,2,2,17,13,5,156575.34205123497,451.1608991616073,156124.18115207335,157026.50295039656,3415.3071863562373,0.021656181847510256,114.79848448783332,100.0,14.798484487833333,1286242.1666666667,1.0,1.0,1,138062.9354956984,138965.2572940216,18061.245656374955,18061.245656374955,5,5,15702.371177246077,16604.69297556929,1660.4692975569292,2155.063049512169,0.0,0.0,0,0,0.0,0.0,0.0,0,0,0.0,0.0,0.0,0,0,0.0,2,18,157026.5029503966,11.96417624701657,0.9942536974245153,101.4479279741286,102.03424763409605,0.9942536974245153,0.4444444444444444,0.0,0.9456586279763912,1.2978638344490574,0.5555555555555556,0.993506853325115,1.0,-0.006493146674884986,120001.68983932343,0,0.0,0.0,0.0,0,0.0,0.0,0.0,0.0,0.0,0,0.0,0.0,0.0,0.0,0.0,0,0.0,0.0,0.2819453227015287,0.25387892366834236,1.3511978778030562,1.1840884945478773,0.15138523832585152,0.2107372778447348,0.06332879077575676,0.13156525714967301,0.2655138505728061,0.24092252999082153,1.4911338251623376,1.1957098498604053,-0.26703440450679344,-0.3582480360489008,0.6030927835051546,0.6030927835051546,0.28350515463917525,0.7422680412371134,mid,mid,low,high,0,0.0,0.0,0.0,0.0,pre_price_events,7114,0x116e7d070f1888b81e1e0324f56d6746b2d7d8f1,1000863.055673601,300642.46895390877,149669.25197770135,5177.998050260203,-0.002826358355028735,0.07926127127469386,0.11994452061864447
2026-04-21T07:00:00Z,1776754800,2026-04-21,0.0006497899763222,0.0,0.0842983081860269,0.0842983081860269,0.12991431467379488,CHOG,0.99,1776747538,2026-04-21T04:58:58Z,-7262,forward_fill,11,10,3,3,10,6,5,110784.09695035804,3.4674624954065076,110780.62948786262,110787.56441285343,2402.02393647351,0.01973624984219555,112.07027962154547,100.0,12.070279621545454,812143.2727272727,1.0,1.0,1,109847.0539283828,109853.9888533736,933.5755594798386,933.5755594798386,3,5,2708.818371884305,2715.753296875118,339.46916210938974,661.8541070854892,0.0,0.0,0,0,0.0,0.0,0.0,0,0,0.0,0.0,0.0,0,0,0.0,3,11,110787.56441285343,11.615378838698602,0.9999374033987698,71.98414261187666,71.98864885662223,0.9999374033987699,0.09090909090909091,-0.25,0.9974464083321587,1.9496737287501094,0.7272727272727273,0.999936871432133,1.0,-6.312856786705456e-05,108913.47836890296,0,0.0,0.0,0.0,0,0.0,0.0,0.0,0.0,0.0,0,0.0,0.0,0.0,0.0,0.0,0,0.0,0.0,0.19752828541430625,0.20240369840029815,1.2448122050623487,1.1928209191090895,0.15138523832585152,0.2107372778447348,0.06332879077575676,0.13156525714967301,0.20366298539071612,0.20789740250714586,1.3667440795831274,1.20562567043488,-0.3952713056137209,-0.5315247759109253,0.5357142857142857,0.5357142857142857,0.2193877551020408,0.45918367346938777,mid,mid,low,mid,0,0.0,0.0,0.0,0.0,pre_price_events,7114,0x116e7d070f1888b81e1e0324f56d6746b2d7d8f1,1000863.055673601,300642.46895390877,149669.25197770135,5177.998050260203,0.08155236085127018,0.08036961646034428,0.1225113333902426
2026-04-21T08:00:00Z,1776758400,2026-04-21,0.0007045661720024,0.0842983081860269,0.0,0.0,0.04206960957458383,CHOG,0.99,1776761933,2026-04-21T08:58:53Z,3533,observed,9,8,2,2,8,5,4,37471.08654396013,14162.24229217739,23308.84425178274,51633.32883613752,1124.379454365535,0.02170788587442412,126.07970061388889,100.0,26.07970061388889,714763.3333333334,1.0,1.0,1,15806.338060647651,44130.82264500243,7502.506191135091,7502.506191135091,2,3,-93.86330250591217,129.02564286473648,25.805128572947297,46.102363702366084,0.0,0.0,0,0,0.0,0.0,0.0,0,0,0.0,0.0,0.0,0,0,0.0,2,9,51633.32883613753,10.85194201778606,0.4514302055897889,16.422623168278708,36.379096845818545,0.45143020558978897,0.1111111111111111,-0.2,-0.7274778906105772,1.786558186371422,0.5555555555555556,0.35817002977255014,1.0,-0.6418299702274499,8303.83186951256,0,0.0,0.0,0.0,0,0.0,0.0,0.0,0.0,0.0,0,0.0,0.0,0.0,0.0,0.0,0,0.0,0.0,0.06319714568810055,0.08069083452079852,0.3361671415140319,0.3334635103969587,0.15138523832585152,0.18865562257168536,0.06332879077575676,0.11178861763826248,0.052976091868927926,0.07271502393623547,0.2733869430589086,0.20068631396867004,-0.7253106482559426,-0.8972576886516745,0.7424242424242424,0.7424242424242424,0.15656565656565657,0.3181818181818182,high,high,low,low,1,0.0,0.0,0.0,0.4514302055897889,pre_price_events,7114,0x116e7d070f1888b81e1e0324f56d6746b2d7d8f1,1000863.055673601,300642.46895390877,149669.25197770135,5177.998050260203,0.0022742603570853155,0.003536538285288262,0.04560404482814654
2026-04-21T09:00:00Z,1776762000,2026-04-21,0.0007045661720024,0.0,0.0,0.04206960957458383,0.04206960957458383,CHOG,0.99,1776761933,2026-04-21T08:58:53Z,-67,forward_fill,17,15,3,3,15,6,11,58607.50492809342,200775.9939024435,-142168.48897435007,259383.49883053693,5573.411736916341,0.02035803345691554,135.6442816512353,100.0,35.644281651235296,1039246.5882352941,1.0,1.0,1,-134424.5674519356,250362.39255370997,-7743.9215224144755,9021.106276826958,3,8,-5880.156898436439,7172.888036239017,652.0807305671834,1329.8208433811,0.0,0.0,0,0,0.0,0.0,0.0,0,0,0.0,0.0,171902.06034574102,0,1,171902.06034574102,3,17,259383.49883053693,12.466066791293782,-0.5481015161540135,-100.16710805602324,182.7528388516204,-0.5481015161540135,-0.29411764705882354,-0.45454545454545453,-0.8197753636650378,2.0393500084328737,0.6470588235294118,-0.5369199666163825,-0.8584226019270761,0.32150263531069356,-126680.64592952114,0,0.0,0.0,0.0,0,0.0,0.0,0.0,0.0,0.0,0,0.0,0.0,-171902.06034574102,-0.6627332159554599,0.6627332159554599,1,0.058823529411764705,-1.0,-0.17664349684353536,-0.08583803977942711,-1.1816862847480527,-1.1817493842005546,0.15138523832585152,0.2370808651277325,0.06332879077575676,0.12586110292735947,-0.1747673218395977,-0.08580423190584184,-1.1380448740014195,-1.15943443891681,0.006872189318211829,-0.046157199332081414,0.795,0.795,0.385,0.68,high,high,mid,high,0,0.0,0.0,-0.0,-0.0,pre_price_events,7114,0x116e7d070f1888b81e1e0324f56d6746b2d7d8f1,1000863.055673601,300642.46895390877,149669.25197770135,5177.998050260203,-0.0018154929953436553,0.03729262910711855,0.03332899964405508
2026-04-21T10:00:00Z,1776765600,2026-04-21,0.0007045661720024,0.0,0.0,0.04206960957458383,-0.01712215078863999,CHOG,0.99,1776761933,2026-04-21T08:58:53Z,-3667,forward_fill,17,16,3,3,16,8,9,171422.05566112773,2146.9460876274356,169275.1095735003,173569.00174875517,3795.062675046441,0.021655394919267164,133.91470720511765,100.0,33.914707205117644,591606.2352941176,1.0,1.0,1,168000.32918536902,172272.2213606239,1274.7803881312698,1296.7803881312698,7,9,2446.1124688316254,6740.004644086497,421.25029025540607,743.5566561349849,0.0,0.0,0,0,0.0,0.0,0.0,0,0,0.0,166828.99710466867,0.0,1,0,166828.99710466867,3,17,173569.00174875517,12.064336265290143,0.9752611806717055,119.2655159674879,122.2908471403983,0.9752611806717054,-0.058823529411764705,-0.125,0.3629244485725659,1.765118442254753,0.9411764705882353,0.975202663891398,0.9830349069114909,-0.007832243020092888,166725.54879723775,0,0.0,0.0,0.0,0,0.0,0.0,0.0,0.0,0.0,0,0.0,0.0,166828.99710466867,0.9611681545887854,0.9611681545887854,1,0.058823529411764705,1.0,0.3568104690522692,0.297438977283992,1.1807016727406907,1.1504455244518719,0.185694175863047,0.2370808651277325,0.0969578572876737,0.12586110292735947,0.3675832662882229,0.3060504587958255,1.3020678834351043,1.1669650124824902,-0.14045662094601719,-0.28090663597748206,0.7772277227722773,0.7772277227722773,0.3118811881188119,0.7029702970297029,high,high,low,high,0,0.0,0.0,0.0,0.0,pre_price_events,7114,0x116e7d070f1888b81e1e0324f56d6746b2d7d8f1,1000863.055673601,300642.46895390877,149669.25197770135,5177.998050260203,-0.002543183836862269,0.03721856129841672,-0.026490782170218493
2026-04-21T11:00:00Z,1776769200,2026-04-21,0.0007045661720024,0.0,0.04206960957458383,0.04206960957458383,-0.01712215078863999,CHOG,0.99,1776761933,2026-04-21T08:58:53Z,-7267,forward_fill,43,31,5,4,30,25,18,1202833.7346637459,114141.38812507236,1088692.3465386734,1316975.1227888183,29409.89765267621,0.02074631785448686,133.95477935746513,100.0,33.95477935746512,1927123.7441860465,1.0,1.744186046511628,6,1018026.1476585987,1246306.7239087436,70666.19888007473,70668.39888007475,15,16,13942.101231591983,28426.381351536627,916.9800435979557,1663.9428239811127,0.0,0.0,0,0,0.0,494440.90467955644,0.0,1,0,494440.90467955644,874655.3621881442,0.0,3,0,874655.3621881442,5,43,1316975.1227888179,14.090848850560171,0.8266612844085204,767.0557990890634,927.8961208857083,0.8266612844085204,0.16279069767441862,-0.03225806451612903,0.49046345573065087,1.8145900072724572,0.7209302325581395,0.8168343539588735,0.999968868687633,-0.18313451472875952,947359.948778524,0,0.0,0.0,0.0,0,0.0,0.0,494440.90467955644,0.37543678397852454,0.37543678397852454,1,0.023255813953488372,1.0,874655.3621881442,0.6641396234850507,0.6641396234850507,3,0.06976744186046512,1.0,1.6511385002833239,1.3972233124771263,0.9034963271668854,0.9013553413420757,0.9902965383191189,0.8420919228834214,0.9372743718601216,1.083503583055615,1.623231339193977,1.376993968445845,0.9930157624849498,0.9016307717261449,0.7598220899966912,0.7771226394864991,0.7794117647058824,0.7794117647058824,0.7696078431372549,0.9068627450980392,high,high,high,high,0,494440.90467955644,494440.90467955644,0.0,0.0,pre_price_events,7114,0x116e7d070f1888b81e1e0324f56d6746b2d7d8f1,1000863.055673601,300642.46895390877,149669.25197770135,5177.998050260203,0.040551845261414976,0.033236622640058694,-0.03488192521473177
2026-04-21T12:00:00Z,1776772800,2026-04-21,0.000734206995778,0.04206960957458383,0.0,0.0,-0.05680211745872554,CHOG,0.99,1776776338,2026-04-21T12:58:58Z,3538,observed,16,15,2,2,15,4,12,402281.1516119618,711610.6787441681,-309329.52713220636,1113891.83035613,25084.41269317928,0.022407028481287054,104.5205195264375,100.0,4.5205195264375,632008.875,1.0,1.0,1,-309274.2032594666,1113836.5064833902,-55.323872739757384,55.323872739757384,1,6,-5588.422071807021,5676.314775059317,810.9021107227596,1817.0750159775937,0.0,0.0,0,0,0.0,368399.7840779055,503684.34424353397,1,1,872084.1283214395,368399.7840779055,503684.34424353397,1,1,872084.1283214395,2,16,1113891.8303561297,13.923371492288759,-0.27770158529065475,-227.11190282116658,817.8271743874318,-0.27770158529065475,-0.5,-0.7142857142857143,-0.9845158863214422,2.240806864293434,0.4375,-0.27766570897905707,-1.0,0.7223342910209429,-309218.8793867269,0,0.0,0.0,0.0,0,0.0,0.0,-135284.56016562844,-0.12145215224567694,0.7829163519788268,2,0.125,0.0,-135284.56016562844,-0.12145215224567694,0.7829163519788268,2,0.125,0.0,-0.5339587833305169,-0.3123907424365042,-0.8510112387557834,-0.8555731366275625,-0.17186193148461448,0.06163453903444703,-0.3197282783557591,-0.1987609885016319,-0.556118260977439,-0.3324121478951101,-0.8065380013517578,-0.8481000575920002,0.6900122613756393,0.6776993493972452,0.2669902912621359,0.2669902912621359,0.7427184466019418,0.6650485436893204,low,low,high,mid,1,-135284.56016562844,-0.0,-0.0,-0.27770158529065475,pre_price_events,7114,0x116e7d070f1888b81e1e0324f56d6746b2d7d8f1,1000863.055673601,300642.46895390877,149669.25197770135,5177.998050260203,0.004019949778875636,-0.0007121622461790287,-0.05720969982785765
2026-04-21T13:00:00Z,1776776400,2026-04-21,0.000734206995778,0.0,0.0,-0.05680211745872554,-0.05680211745872554,CHOG,0.99,1776776338,2026-04-21T12:58:58Z,-62,forward_fill,27,23,3,3,22,6,21,452362.7248108157,1427852.6762021966,-975489.9513913811,1880215.4010130123,41439.078851248065,0.02104513604204565,133.67516333455555,100.0,33.675163334555556,869594.5555555555,1.0,1.0740740740740742,2,-927237.3482964424,1831962.7979180738,-48252.60309493862,48252.60309493862,3,12,-9785.164183859946,9805.94385656984,653.7295904379894,1381.003517325833,0.0,0.0,0,0,0.0,0.0,1044731.0933386101,0,3,1044731.0933386101,430725.41606352606,1289099.956335181,2,4,1719825.3723987069,3,27,1880215.401013012,14.446897435103654,-0.5188181901210956,-716.2115466226932,1380.4673009932912,-0.5188181901210956,-0.5555555555555556,-0.6,-0.9978809104953246,2.112499629090647,0.5555555555555556,-0.5061442019183999,-1.0,0.4938557980816001,-878984.7452015039,0,0.0,0.0,0.0,0,0.0,0.0,-1044731.0933386101,-0.555644365414588,0.555644365414588,3,0.1111111111111111,-1.0,-858374.5402716548,-0.45652989535623656,0.9146959287069496,6,0.2222222222222222,-0.3333333333333333,-1.451051651977259,-1.0996560545809817,-1.140069113049438,-1.205117568948918,-1.6646158088419076,-1.043535254927902,-1.3113832864903077,-1.2877040571041785,-1.4461547029689306,-1.1009082152008056,-1.0934435122055282,-1.1802688758732083,0.8997193853578479,0.9301854407161404,0.7644230769230769,0.7644230769230769,0.8413461538461539,0.8605769230769231,high,high,high,high,0,-1044731.0933386101,-1044731.0933386101,-0.0,-0.0,pre_price_events,7114,0x116e7d070f1888b81e1e0324f56d6746b2d7d8f1,1000863.055673601,300642.46895390877,149669.25197770135,5177.998050260203,0.0007551085640515503,-0.06288910792634518,-0.06689194882066328
2026-04-21T14:00:00Z,1776780000,2026-04-21,0.000734206995778,0.0,0.0,-0.05680211745872554,-0.025112534651161256,CHOG,0.99,1776776338,2026-04-21T12:58:58Z,-3662,forward_fill,17,17,1,1,17,8,9,199.01230441596525,23.61147669607468,175.40082771989057,222.62378111203992,4.839647325672714,0.021555621891437535,176.97807749482354,100.0,76.97807749482352,542145.0588235294,1.0,1.0,1,175.40082771989057,222.62378111203992,0.0,0.0,8,9,175.40082771989057,222.62378111203992,13.095516536002348,39.53628402890895,0.0,0.0,0,0,0.0,0.0,0.0,0,0,0.0,0.0,0.0,0,0,0.0,1,17,222.62378111203992,5.409965091225051,0.7878800137331984,0.1287805147771954,0.1634519375190099,0.7878800137331984,-0.058823529411764705,-0.058823529411764705,0.7878800137331984,3.019070223019866,1.0,0.7878800137331984,0.0,0.7878800137331984,175.40082771989057,0,0.0,0.0,0.0,0,0.0,0.0,0.0,0.0,0.0,0,0.0,0.0,0.0,0.0,0.0,0,0.0,0.0,0.03563740333604657,0.08325678555531334,0.8140891605893864,0.8779488982735815,0.14926262240672894,0.24609085776682835,0.045606950428811965,0.13407251274969736,0.037230020082927646,0.08342288705625431,0.914011297574437,0.8942464373487174,-2.5860177313971433,-3.5545057026115834,0.8809523809523809,0.8809523809523809,0.014285714285714285,0.7380952380952381,high,high,low,high,0,0.0,0.0,0.0,0.0,pre_price_events,7114,0x116e7d070f1888b81e1e0324f56d6746b2d7d8f1,1000863.055673601,300642.46895390877,149669.25197770135,5177.998050260203,-0.014596848286022803,-0.06288004459833049,-0.04488388021563492
2026-04-21T15:00:00Z,1776783600,2026-04-21,0.000734206995778,0.0,-0.05680211745872554,-0.05680211745872554,-0.025112534651161256,CHOG,0.99,1776776338,2026-04-21T12:58:58Z,-7262,forward_fill,18,17,3,3,17,5,13,4783.597751371252,301486.8386907615,-296703.24093939015,306270.4364421327,6517.968821640338,0.021431590988392788,121.22680428872224,100.0,21.22680428872222,829587.2777777778,1.0,1.0,1,-262705.72875456203,272272.9242573046,-33997.51218482813,33997.51218482813,5,8,2728.191631058579,6839.003871683925,526.0772208987635,1278.660099910934,0.0,0.0,0,0,0.0,0.0,0.0,0,0,0.0,0.0,160231.13208880636,0,1,160231.13208880636,3,18,306270.43644213263,12.63222703493717,-0.9687622624831758,-217.84159516770575,224.86589703579514,-0.9687622624831758,-0.4444444444444444,-0.23076923076923078,0.3989165209211723,2.430555912925557,0.7222222222222222,-0.9648617447774523,-1.0,0.035138255222547654,-228708.21656973392,0,0.0,0.0,0.0,0,0.0,0.0,0.0,0.0,0.0,0,0.0,0.0,-160231.13208880636,-0.5231687849149643,0.5231687849149643,1,0.05555555555555555,-1.0,-0.39693752297915347,-0.27682924942628956,-1.709133784991583,-1.8613797825484215,0.14926262240672894,0.23597931926875818,0.045606950428811965,0.12602107430457862,-0.36510800596189213,-0.2530977043480183,-1.6980082425791097,-1.855148269096641,0.1683517456315554,0.012342549038970403,0.6745283018867925,0.6745283018867925,0.419811320754717,0.7358490566037735,high,high,mid,high,0,0.0,0.0,-0.0,-0.0,pre_price_events,7114,0x116e7d070f1888b81e1e0324f56d6746b2d7d8f1,1000863.055673601,300642.46895390877,149669.25197770135,5177.998050260203,-0.05841837499100846,-0.061715984596392034,-0.03403797136215251
2026-04-21T16:00:00Z,1776787200,2026-04-21,0.0006925024837648,-0.05680211745872554,0.0,0.0,0.0335980215754752,CHOG,0.99,1776790736,2026-04-21T16:58:56Z,3536,observed,9,8,2,2,8,3,6,115961.44712069117,221904.1178410832,-105942.67072039204,337865.5649617744,7204.4652167263275,0.0213096100607261,103.78545748766666,100.0,3.7854574876666667,819065.7777777778,1.0,1.0,1,-94639.5448758243,326562.4391172066,-11303.125844567736,11303.125844567736,2,4,-35.98229566250393,3104.579134350509,517.4298557250848,751.167886669555,0.0,0.0,0,0,0.0,0.0,0.0,0,0,0.0,0.0,209030.71128150896,0,1,209030.71128150896,2,9,337865.56496177433,12.730406318300117,-0.3135645703709943,-73.36556261054784,233.97274291462617,-0.3135645703709942,-0.3333333333333333,-0.3333333333333333,-0.011590071988946604,1.4517289220138414,0.6666666666666666,-0.28980535891286996,-1.0,0.71019464108713,-83336.41903125656,0,0.0,0.0,0.0,0,0.0,0.0,0.0,0.0,0.0,0,0.0,0.0,-209030.71128150896,-0.6186801289002577,0.6186801289002577,1,0.1111111111111111,-1.0,-0.09335861860921058,-0.043700651409327614,-0.7273064657517427,-0.8163151894987511,0.14926262240672894,0.23597931926875818,0.045606950428811965,0.12602107430457862,-0.08346203766782218,-0.036688287124838015,-0.6555102436275125,-0.7737487669030414,0.22773700676949968,0.032781153030971004,0.22897196261682243,0.22897196261682243,0.4439252336448598,0.29906542056074764,low,low,mid,low,0,0.0,0.0,-0.0,-0.0,pre_price_events,7114,0x116e7d070f1888b81e1e0324f56d6746b2d7d8f1,1000863.055673601,300642.46895390877,149669.25197770135,5177.998050260203,-0.004700136534387323,-0.00828739449970718,0.02125239031018695
2026-04-21T17:00:00Z,1776790800,2026-04-21,0.0006925024837648,0.0,0.0,0.0335980215754752,0.0335980215754752,CHOG,0.99,1776790736,2026-04-21T16:58:56Z,-64,forward_fill,55,25,4,4,24,25,30,1621676.930078809,289663.14227278245,1332013.7878060266,1911340.0723515914,41610.86487636924,0.021082366586529504,931.2182596702545,100.0,831.2182596702545,3629547.654545455,1.0,5.4363636363636365,15,1261909.0551500737,1819523.7962664291,70104.7326559528,91816.2760851623,9,22,-3888.2302069374573,47758.401051725356,1540.593582313721,1386.6662178043848,0.0,0.0,0,0,0.0,0.0,0.0,0,0,0.0,1255314.84174007,0.0,7,0,1255314.84174007,4,55,1911340.0723515912,14.463315685764627,0.6969004663660934,922.4228564646328,1323.6077474226697,0.6969004663660934,-0.09090909090909091,-0.41935483870967744,-0.08141458091794697,0.9000856771854376,0.5636363636363636,0.693538088229155,0.7635327378223071,-0.06999464959315216,1191804.3224941208,0,0.0,0.0,0.0,0,0.0,0.0,0.0,0.0,0.0,0,0.0,0.0,1255314.84174007,0.6567721045034179,0.6567721045034179,7,0.12727272727272726,1.0,1.8987603946631066,1.6441419688566996,0.7310478445165632,0.7483025035612685,0.1793691984452551,0.23597931926875818,0.1322793791463585,0.12602107430457862,1.890965194336976,1.6409451378223991,0.8164967454969703,0.7588925241932306,0.8653712474753056,0.9028750590035158,0.9675925925925926,0.9675925925925926,0.8472222222222222,0.875,high,high,high,high,0,0.0,0.0,0.0,0.0,pre_price_events,7114,0x116e7d070f1888b81e1e0324f56d6746b2d7d8f1,1000863.055673601,300642.46895390877,149669.25197770135,5177.998050260203,-0.0020640288433584533,0.022823443705813108,0.011085519142044451
2026-04-21T18:00:00Z,1776794400,2026-04-21,0.0006925024837648,0.0,0.0,0.0335980215754752,0.0358247708557331,CHOG,0.99,1776790736,2026-04-21T16:58:56Z,-3664,forward_fill,11,10,3,3,10,5,6,234541.9427240145,421730.3186236089,-187188.37589959442,656272.2613476234,14584.974328221908,0.02027952744046478,106.293115175,100.0,6.293115175,1095065.3636363635,1.0,1.0,1,-187903.6016079967,655557.0356392212,715.2257084022609,715.2257084022609,3,5,-3364.8636931500178,4795.31510995454,599.4143887443175,1057.9997981248155,0.0,0.0,0,0,0.0,0.0,417650.22922205663,0,1,417650.22922205663,219169.7176379243,417650.22922205663,1,1,636819.9468599809,3,11,656272.2613476233,13.394332538122827,-0.2852297543632457,-129.62841524236816,454.47017100917117,-0.2852297543632457,-0.09090909090909091,-0.25,-0.7016981399543348,1.765055724373192,0.7272727272727273,-0.286631965477688,1.0,-1.2866319654776879,-188618.82731639897,1,0.0,0.0,0.0,0,0.0,0.0,-417650.22922205663,-0.6363978089892631,0.6363978089892631,1,0.09090909090909091,-1.0,-198480.51158413233,-0.302436234584351,0.9703593833941753,2,0.18181818181818182,0.0,-0.23600358444718728,-0.15920101868759182,-0.6412968359566277,-0.7801859810883913,-0.5224878402021479,-0.27309449819646814,-1.4192659993105328,-1.4597236426488494,-0.2493672607306965,-0.17204328183354287,-0.6055973078959869,-0.7749865990787289,0.45184249646433133,0.33548726493809516,0.3440366972477064,0.3440366972477064,0.6284403669724771,0.43577981651376146,mid,mid,mid,mid,0,-0.0,-0.0,-187903.6016079967,-0.0,pre_price_events,7114,0x116e7d070f1888b81e1e0324f56d6746b2d7d8f1,1000863.055673601,300642.46895390877,149669.25197770135,5177.998050260203,0.000476432421729433,0.02999731887171015,0.03120281070785773
2026-04-21T19:00:00Z,1776798000,2026-04-21,0.0006925024837648,0.0,0.0335980215754752,0.0335980215754752,0.0358247708557331,CHOG,0.99,1776790736,2026-04-21T16:58:56Z,-7264,forward_fill,4,4,2,2,4,2,2,2266.694599778325,23.463021576591615,2243.2315782017336,2290.1576213549165,51.163816265873784,0.02215341380861838,102.34770229349999,100.0,2.3477022935000003,1121085.25,1.0,1.0,1,2198.733591103523,2245.659634256706,44.49798709821082,44.49798709821082,2,2,2243.2315782017336,2290.1576213549165,572.5394053387291,1099.9216229353144,0.0,0.0,0,0,0.0,0.0,0.0,0,0,0.0,0.0,0.0,0,0,0.0,2,4,2290.1576213549165,7.736812480329084,0.9795096884530505,1.5534434395643328,1.585939841001166,0.9795096884530506,0.0,0.0,0.9795096884530505,1.9211282449363853,1.0,0.9791036707267016,1.0,-0.02089632927329843,2154.2356040053123,0,0.0,0.0,0.0,0,0.0,0.0,0.0,0.0,0.0,0,0.0,0.0,0.0,0.0,0.0,0,0.0,0.0,0.03621010749760996,-0.016212850301748225,1.0860708676709823,1.1584306910243343,0.2089008982161777,0.22164960543501697,0.19360529425422457,0.13697312683610982,0.03665368050039505,-0.015248225502411046,1.1816275024900842,1.1759743481855682,-1.5368238944673571,-2.5349579579706587,0.11363636363636363,0.11363636363636363,0.031818181818181815,0.07727272727272727,low,low,low,low,0,0.0,0.0,0.0,0.0,pre_price_events,7114,0x116e7d070f1888b81e1e0324f56d6746b2d7d8f1,1000863.055673601,300642.46895390877,149669.25197770135,5177.998050260203,0.024538695465673766,0.030126884930058478,0.025470548637644495
2026-04-21T20:00:00Z,1776801600,2026-04-21,0.0007157691971554,0.0335980215754752,0.0,0.0,0.0021543668174439645,CHOG,0.99,1776805134,2026-04-21T20:58:54Z,3534,observed,4,4,2,2,4,2,2,323.9098173085315,4.6395869568243855,319.2702303517071,328.54940426535586,0.525341209049857,0.016714522089091965,113.6975106185,100.0,13.6975106185,627405.75,1.0,1.0,1,4.222005647719498,13.50117956136827,315.0482247039876,315.0482247039876,2,2,319.2702303517071,328.54940426535586,82.13735106633897,155.3141005631843,0.0,0.0,0,0,0.0,0.0,0.0,0,0,0.0,0.0,0.0,0,0,0.0,2,4,328.54940426535586,5.797726279775523,0.9717571427822332,0.228523796454461,0.2351655433168987,0.9717571427822332,0.0,0.0,0.9717571427822332,1.890907103124661,1.0,0.3127138357451503,1.0,-0.6872861642548497,-310.82621905626814,0,0.0,0.0,0.0,0,0.0,0.0,0.0,0.0,0.0,0,0.0,0.0,0.0,0.0,0.0,0,0.0,0.0,-0.14793977961993668,0.024029118561245046,1.0015940066865914,1.1444784780577737,0.07416992830287507,0.2602175680044808,0.10811971143821685,0.1604763821854354,-0.14783040468434433,0.02433612482638638,0.15341306050854583,0.1518177350846856,-1.962410638273312,-3.232318654189432,0.5540540540540541,0.5540540540540541,0.02252252252252252,0.08108108108108109,mid,mid,low,low,1,0.0,0.0,0.0,0.9717571427822332,pre_price_events,7114,0x116e7d070f1888b81e1e0324f56d6746b2d7d8f1,1000863.055673601,300642.46895390877,149669.25197770135,5177.998050260203,-0.010100849858589243,-0.0009307352164126224,-0.006750697301798952
2026-04-21T21:00:00Z,1776805200,2026-04-21,0.0007157691971554,0.0,0.0,0.0021543668174439645,0.0021543668174439645,CHOG,0.99,1776805134,2026-04-21T20:58:54Z,-66,forward_fill,3,3,2,2,3,1,2,2215.312093936648,810.0317043201482,1405.2803896165,3025.343798256796,67.33734409463707,0.02208856979000773,102.66666666666667,100.0,2.6666666666666665,1001099.6666666666,1.0,1.0,1,2215.3105309102543,2215.313656963042,-810.0301412937544,810.0301412937544,1,2,1405.2803896165,3025.343798256796,1008.4479327522654,1120.904724794183,0.0,0.0,0,0,0.0,0.0,0.0,0,0,0.0,0.0,0.0,0,0,0.0,2,3,3025.343798256796,8.015110502652332,0.46450270889087814,1.00585641625403,2.1654479015973354,0.46450270889087814,-0.3333333333333333,-0.3333333333333333,0.46450270889087814,1.1115147231597764,1.0,0.9999985888893079,-1.0,1.999998588889308,3025.3406722040086,1,0.0,0.0,0.0,0,0.0,0.0,0.0,0.0,0.0,0,0.0,0.0,0.0,0.0,0.0,0,0.0,0.0,-0.08324949844148462,-0.004642199668260062,0.28525809114679285,0.34161368569002704,0.20135668525820644,0.22876846466537007,0.23527229448847273,0.1384314721257133,-0.07967135522602455,-0.0027844007175004885,1.1708345125153583,1.197592837090127,-1.1143960258446919,-2.0728749183042368,0.19196428571428573,0.19196428571428573,0.049107142857142856,0.044642857142857144,low,low,low,low,0,0.0,0.0,2215.3105309102543,0.0,pre_price_events,7114,0x116e7d070f1888b81e1e0324f56d6746b2d7d8f1,1000863.055673601,300642.46895390877,149669.25197770135,5177.998050260203,-0.008453474110879673,-0.001097937555710761,-0.007320211305948735
2026-04-21T22:00:00Z,1776808800,2026-04-21,0.0007157691971554,0.0,0.0,0.0021543668174439645,0.03194141689731911,CHOG,0.99,1776805134,2026-04-21T20:58:54Z,-3666,forward_fill,10,9,3,3,9,5,5,158978.7446592776,90834.94898140404,68143.79567787358,249813.69364068168,5559.674743775892,0.022181270270587108,102.82000849490001,100.0,2.8200084949,835535.9,1.0,1.0,1,68047.97196853429,249717.86993134237,95.82370933928257,95.82370933928257,4,3,2264.515487381144,2483.962850970769,354.851835852967,815.8880020406309,0.0,0.0,0,0,0.0,0.0,0.0,0,0,0.0,156604.50549010167,0.0,1,0,156604.50549010167,3,10,249813.69364068165,12.428474696563713,0.27277846416172796,48.77522992347319,178.80894693561578,0.27277846416172796,0.0,0.14285714285714285,0.9116543294905308,2.2992356798139673,0.7,0.27249940898199815,1.0,-0.7275005910180019,67952.148259195,0,0.0,0.0,0.0,0,0.0,0.0,0.0,0.0,0.0,0,0.0,0.0,156604.50549010167,0.6268851927522956,0.6268851927522956,1,0.1,1.0,0.04950185799549256,0.11626123747759473,0.03711521414549794,0.04980089804674984,0.20135668525820644,0.22876846466537007,0.23527229448847273,0.1384314721257133,0.0580533497629559,0.12215417544537586,0.10858086833404838,0.06474294685105388,0.31257324527134356,0.008892547292551789,0.19911504424778761,0.19911504424778761,0.38495575221238937,0.3893805309734513,low,low,mid,mid,0,0.0,0.0,0.0,0.0,pre_price_events,7114,0x116e7d070f1888b81e1e0324f56d6746b2d7d8f1,1000863.055673601,300642.46895390877,149669.25197770135,5177.998050260203,-0.0011713676395377084,-0.0014568909584513987,0.026254123999237454
2026-04-21T23:00:00Z,1776812400,2026-04-21,0.0007157691971554,0.0,0.0021543668174439645,0.0021543668174439645,0.03194141689731911,CHOG,0.99,1776805134,2026-04-21T20:58:54Z,-7266,forward_fill,7,5,2,2,5,2,5,2651.7220379813416,754692.503242428,-752040.7812044467,757344.2252804094,16428.586114814454,0.02181843799852215,115.74286927828572,100.0,15.742869278285713,4213119.857142857,1.0,1.0,1,-707717.4785795277,713020.9226554905,-44323.302624919,44323.302624919,2,0,2651.7220379813416,2651.7220379813416,1325.8610189906708,625.055681873655,0.0,0.0,0,0,0.0,0.0,638857.9143064151,0,1,638857.9143064151,0.0,638857.9143064151,0,1,638857.9143064151,2,7,757344.2252804094,13.537574472426694,-0.9929973136403079,-538.2876261908266,542.083668099237,-0.9929973136403079,-0.42857142857142855,1.0,1.0,0.47143378749417253,0.2857142857142857,-0.992562007779223,-1.0,0.007437992220777012,-663394.1759546087,0,0.0,0.0,0.0,0,0.0,0.0,-638857.9143064151,-0.8435502549317989,0.8435502549317989,1,0.14285714285714285,-1.0,-638857.9143064151,-0.8435502549317989,0.8435502549317989,1,0.14285714285714285,-1.0,-1.5902628160400734,-1.3605075782099652,-1.840236295703867,-1.896075706707109,-1.7417576986157532,-1.1119797381515815,-2.609494071273106,-2.063432267585853,-1.5833597394105294,-1.3446300478112865,-1.8316802676518489,-1.8911205349698046,0.678897201844888,0.5402801867125744,0.5921052631578947,0.5921052631578947,0.6710526315789473,0.13596491228070176,mid,mid,high,low,0,-638857.9143064151,-0.0,-0.0,-0.0,pre_price_events,7114,0x116e7d070f1888b81e1e0324f56d6746b2d7d8f1,1000863.055673601,300642.46895390877,149669.25197770135,5177.998050260203,0.003297248779309191,-0.0007498383220883075,0.029321719419528314
2026-04-22T00:00:00Z,1776816000,2026-04-22,0.0007173112265627,0.0021543668174439645,0.0,0.0,0.029723015800919406,CHOG,0.99,1776819540,2026-04-22T00:59:00Z,3540,observed,4,4,1,1,4,2,2,4576.988857709102,537.1882269142238,4039.800630794878,5114.177084623326,111.56356798557064,0.02164211593724026,152.0000000005,100.0,52.0000000005,568562.0,1.0,1.0,1,4039.800630794878,5114.177084623326,0.0,0.0,2,2,4039.800630794878,5114.177084623326,1278.5442711558314,2211.662726184855,0.0,0.0,0,0,0.0,0.0,0.0,0,0,0.0,0.0,0.0,0,0,0.0,1,4,5114.177084623326,8.539967298436167,0.7899219295595474,2.897794345544243,3.668456637430011,0.7899219295595474,0.0,0.0,0.7899219295595474,1.7298288186653594,1.0,0.7899219295595474,0.0,0.7899219295595474,4039.800630794878,0,0.0,0.0,0.0,0,0.0,0.0,0.0,0.0,0.0,0,0.0,0.0,0.0,0.0,0.0,0,0.0,0.0,-0.06468572520289068,0.030311982561109424,0.8269676823222943,0.8606663093618256,0.2122579364866625,0.23491664949989582,0.23097406681007335,0.1548757788657364,-0.06621980330553069,0.030680088840156047,0.8397623216586533,0.8813406114329979,-1.2101642385827116,-1.7585529832056292,0.8391304347826087,0.8391304347826087,0.08260869565217391,0.09130434782608696,high,high,low,low,1,0.0,0.0,0.0,0.7899219295595474,pre_price_events,7114,0x116e7d070f1888b81e1e0324f56d6746b2d7d8f1,1000863.055673601,300642.46895390877,149669.25197770135,5177.998050260203,-0.007446059306476532,-0.0031372378993595137,0.020911656459518056
2026-04-22T01:00:00Z,1776819600,2026-04-22,0.0007173112265627,0.0,0.0,0.029723015800919406,0.029723015800919406,CHOG,0.99,1776819540,2026-04-22T00:59:00Z,-60,forward_fill,3,3,1,1,3,2,1,232358.97514950924,4.007709569906705,232354.96743993933,232362.98285907914,5100.34609298652,0.021805583748282106,102.03334749166667,100.0,2.033347491666667,621869.3333333334,1.0,1.0,1,232354.96743993933,232362.98285907914,0.0,0.0,0,1,-4.007709569906705,4.007709569906705,4.007709569906705,,0.0,0.0,0,0,0.0,0.0,0.0,0,0,0.0,225486.52681173093,0.0,1,0,225486.52681173093,1,3,232362.98285907914,12.35606031285765,0.9999655047501922,166.6708266922791,166.6765762424137,0.9999655047501922,0.3333333333333333,-1.0,-1.0,,0.3333333333333333,0.9999655047501922,0.0,0.9999655047501922,232354.96743993933,0,0.0,0.0,0.0,0,0.0,0.0,0.0,0.0,0.0,0,0.0,0.0,225486.52681173093,0.9704064048294707,0.9704064048294707,1,0.3333333333333333,1.0,0.38273714548987514,0.45573619061251575,1.063776290004079,1.1671114035519456,0.2122579364866625,0.23491664949989582,0.23097406681007335,0.1548757788657364,0.40821089930847193,0.4777033495405789,1.0801869446029857,1.1892875456194985,0.26293613510495284,0.015434104564405172,0.03879310344827586,0.03879310344827586,0.375,0.04741379310344827,low,low,mid,low,0,0.0,0.0,0.0,0.0,pre_price_events,7114,0x116e7d070f1888b81e1e0324f56d6746b2d7d8f1,1000863.055673601,300642.46895390877,149669.25197770135,5177.998050260203,-0.0005903190457110478,0.02727106046602428,0.02703460258727167
2026-04-22T02:00:00Z,1776823200,2026-04-22,0.0007173112265627,0.0,0.0,0.029723015800919406,0.09237920602223815,CHOG,0.99,1776819540,2026-04-22T00:59:00Z,-3660,forward_fill,12,9,4,4,8,7,5,1223805.004727089,406632.69338768185,817172.3113394072,1630437.6981147712,35866.46269859039,0.020304168069155224,13024.786654897083,100.0,12924.786654897083,883662.0833333334,1.0,1.0,1,758592.7526205229,1564188.1322861693,58579.5587188845,66249.56582860171,2,4,-6074.536584348314,7581.4811515708325,1263.580191928472,1360.5925408258006,0.0,0.0,0,0,0.0,1149504.2719269893,399804.6845197223,2,1,1549308.956446712,1149504.2719269893,399804.6845197223,2,1,1549308.956446712,4,12,1630437.6981147712,14.304359676518999,0.5011981213905201,586.1668729599468,1169.5312650687717,0.5011981213905201,0.16666666666666666,-0.3333333333333333,-0.8012334876133947,1.0767757753065665,0.5,0.4849753920021033,0.8842255490464533,-0.39925015704435,700013.1939016384,0,0.0,0.0,0.0,0,0.0,0.0,749699.587407267,0.4598149247126237,0.9502411274212648,3,0.25,0.3333333333333333,749699.587407267,0.4598149247126237,0.9502411274212648,3,0.25,0.3333333333333333,1.4200771678069943,1.5047987229034705,0.2998671308223692,0.3822553639191584,2.193346174327483,1.7470791578522311,1.6232987121165816,1.3388078109373998,1.3924849015231997,1.46903019810403,0.2884045999576881,0.37466827589363555,1.0008734524258478,0.9127613202872726,0.9871794871794872,0.9871794871794872,0.8333333333333334,0.32905982905982906,high,high,high,low,0,749699.587407267,749699.587407267,0.0,0.0,pre_price_events,7114,0x116e7d070f1888b81e1e0324f56d6746b2d7d8f1,1000863.055673601,300642.46895390877,149669.25197770135,5177.998050260203,0.0020231012800198587,0.026122574558085393,0.08873529902557438
2026-04-22T03:00:00Z,1776826800,2026-04-22,0.0007173112265627,0.0,0.029723015800919406,0.029723015800919406,0.09237920602223815,CHOG,0.99,1776819540,2026-04-22T00:59:00Z,-7260,forward_fill,28,13,2,2,12,7,21,110078.5573730281,1191848.5704335766,-1081770.0130605486,1301927.1278066048,28399.026739332618,0.021663951834388757,178.64142454603572,100.0,78.64142454603572,5722898.75,1.0,6.0,12,-1020484.7167594741,1240641.8315055303,-61285.2963010744,61285.2963010744,2,11,-24729.645164462192,28224.04016054228,2171.0800123494064,1065.7122000937488,0.0,0.0,0,0,0.0,0.0,964086.43147,0,2,964086.43147,0.0,964086.43147,0,2,964086.43147,2,28,1301927.1278066048,14.079356898849584,-0.830899049536696,-775.9657749272101,933.8869449422089,-0.830899049536696,-0.5,-0.6923076923076923,-0.876190829654313,0.49086730752981417,0.4642857142857143,-0.8225457910935556,-1.0,0.17745420890644437,-959199.4204583997,0,0.0,0.0,0.0,0,0.0,0.0,-964086.43147,-0.7405072149423793,0.7405072149423793,2,0.07142857142857142,-1.0,-964086.43147,-0.7405072149423793,0.7405072149423793,2,0.07142857142857142,-1.0,-1.960229354355145,-1.957194515261288,-1.5234431068565248,-1.642848082571139,-2.2931308459738324,-1.7469392927075305,-2.0467714551751635,-1.8025791992235267,-1.9574789553388763,-1.9442444748470675,-1.5117734962776441,-1.6260830436565177,0.8511453655010148,0.8152528908830554,0.885593220338983,0.885593220338983,0.7669491525423728,0.5805084745762712,high,high,high,mid,0,-964086.43147,-964086.43147,-0.0,-0.0,pre_price_events,7114,0x116e7d070f1888b81e1e0324f56d6746b2d7d8f1,1000863.055673601,300642.46895390877,149669.25197770135,5177.998050260203,0.029710619327860684,0.02340073925177499,0.0812702186055558
2026-04-22T04:00:00Z,1776830400,2026-04-22,0.000738631879484,0.029723015800919406,0.0,0.0,0.06084761558192886,CHOG,0.99,1776833933,2026-04-22T04:58:53Z,3533,observed,29,27,3,3,27,14,15,168418.79344114734,113.54238842592711,168305.2510527214,168532.33582957328,3692.489979669232,0.02168997739137482,160.71755804506898,100.0,60.71755804506897,943191.5862068966,1.0,1.0,1,157877.48683796465,158086.6895148165,10427.764214756751,10445.646314756752,10,15,150.1278236608954,377.2126005127496,15.088504020509983,46.2663263539435,0.0,0.0,0,0,0.0,0.0,0.0,0,0,0.0,0.0,0.0,0,0,0.0,3,29,168532.33582957325,12.034888847958225,0.9986525744407797,124.31562391209808,124.48335596762638,0.9986525744407797,-0.034482758620689655,-0.2,0.39799260007970266,3.0663295904652395,0.8620689655172413,0.998676658499878,0.9982880810376723,0.0003885774622056637,147449.7226232079,0,0.0,0.0,0.0,0,0.0,0.0,0.0,0.0,0.0,0,0.0,0.0,0.0,0.0,0.0,0,0.0,0.0,0.20058598194934085,0.3066177241395182,0.953262367120982,1.1254026415226521,0.1375522970275315,0.20891339826794533,0.17899056925198178,0.13008754829652108,0.19868593535292053,0.30307382136955857,0.969376073143196,1.170909006054701,0.09657164911935348,-0.1392492272413251,0.8445378151260504,0.8445378151260504,0.3067226890756303,0.9117647058823529,high,high,low,high,1,0.0,0.0,0.0,0.9986525744407797,pre_price_events,7114,0x116e7d070f1888b81e1e0324f56d6746b2d7d8f1,1000863.055673601,300642.46895390877,149669.25197770135,5177.998050260203,-0.0016315352799102798,-0.004303055567905026,0.0500617033436969
2026-04-22T05:00:00Z,1776834000,2026-04-22,0.000738631879484,0.0,0.0,0.06084761558192886,0.0881586355632118,CHOG,0.99,1776833933,2026-04-22T04:58:53Z,-67,forward_fill,16,16,2,2,16,8,8,224263.00170682615,131933.3273469506,92329.67435987554,356196.32905377675,7759.195743840948,0.02162924212560989,129.3730945111875,100.0,29.3730945111875,642321.3125,1.0,1.0,1,92325.63046695392,356192.28516085516,4.043892921620421,4.043892921620421,6,7,4051.765645442067,6033.677193142672,464.1290148571286,950.5560211713595,0.0,0.0,0,0,0.0,0.0,0.0,0,0,0.0,197742.74026747697,0.0,1,0,197742.74026747697,2,16,356196.32905377675,12.783240151364264,0.25921006711424044,68.19764090458055,263.0979639942924,0.25921006711424044,0.0,-0.07692307692307693,0.6715250941908087,2.048042657845828,0.8125,0.25920165683897395,1.0,-0.7407983431610261,92321.5865740323,0,0.0,0.0,0.0,0,0.0,0.0,0.0,0.0,0.0,0,0.0,0.0,197742.74026747697,0.5551509775318958,0.5551509775318958,1,0.0625,1.0,0.14173644521902973,0.16757005413383647,-0.0614195415492362,0.004656896947044918,0.22088762278426088,0.20891339826794533,0.2861926872208796,0.13008754829652108,0.15283017209376001,0.17633174195716758,-0.05026351472356836,0.0323994744821911,0.40073525282098127,0.2074067608119815,0.7291666666666666,0.7291666666666666,0.4625,0.6958333333333333,high,high,mid,high,0,0.0,0.0,0.0,0.0,pre_price_events,7114,0x116e7d070f1888b81e1e0324f56d6746b2d7d8f1,1000863.055673601,300642.46895390877,149669.25197770135,5177.998050260203,-0.0011392225805722884,0.05629663490548031,0.08035844316738845
2026-04-22T06:00:00Z,1776837600,2026-04-22,0.000738631879484,0.0,0.0,0.06084761558192886,0.08048381628265178,CHOG,0.99,1776833933,2026-04-22T04:58:53Z,-3667,forward_fill,22,21,3,3,20,13,9,379611.40089375526,1004402.061128542,-624790.6602347867,1384013.4620222973,29701.403315208252,0.021677368161434393,140.99907200445455,100.0,40.99907200445455,818539.6818181818,1.0,1.0909090909090908,2,-616369.5810710955,1367592.8793850255,-8421.079163691116,16420.582637271706,9,5,6048.020130800889,10815.616864518171,772.5440617512979,1250.9779139859986,0.0,0.0,0,0,0.0,0.0,965734.7305211002,0,1,965734.7305211002,209671.08742981357,965734.7305211002,1,1,1175405.8179509137,3,22,1384013.462022297,14.140498864543233,-0.45143394726945285,-461.49029965326974,1022.2764646846871,-0.4514339472694529,0.18181818181818182,0.2857142857142857,0.5591932671581673,1.619296524200999,0.6363636363636364,-0.4506966878536707,-0.5128368066902093,0.06214011883653858,-607948.5019074044,0,0.0,0.0,0.0,0,0.0,0.0,-965734.7305211002,-0.6977784226968319,0.6977784226968319,1,0.045454545454545456,-1.0,-756063.6430912866,-0.5462834458174555,0.8492733995762082,2,0.09090909090909091,0.0,-1.1218164670494428,-1.1033178866007027,-1.0081524480786255,-1.0410222156187396,-2.0659788612680674,-1.688635803990113,-1.8019615030665244,-1.634327880468736,-1.1692750592479242,-1.1452306685842109,-1.0023051366562306,-1.0289395580631169,0.8708796632343607,0.822638246123168,0.8057851239669421,0.8057851239669421,0.7892561983471075,0.8347107438016529,high,high,high,high,0,-965734.7305211002,-965734.7305211002,-0.0,-0.0,pre_price_events,7114,0x116e7d070f1888b81e1e0324f56d6746b2d7d8f1,1000863.055673601,300642.46895390877,149669.25197770135,5177.998050260203,0.0007088292008997454,0.05554174356260112,0.07213791241698558
2026-04-22T07:00:00Z,1776841200,2026-04-22,0.000738631879484,0.0,0.06084761558192886,0.06084761558192886,0.08048381628265178,CHOG,0.99,1776833933,2026-04-22T04:58:53Z,-7267,forward_fill,10,9,2,2,9,5,5,1026336.7095527346,55.71130964135071,1026280.9982430933,1026392.420862376,22543.491592667004,0.021794062586521976,103.5409119521,100.0,3.5409119521,739161.2,1.0,1.0,1,990397.8022538035,990509.2248730862,35883.195989289816,35883.195989289816,2,5,4138.07867188167,4249.501291164371,607.0716130234815,1575.8071341265515,0.0,0.0,0,0,0.0,868560.7708278886,0.0,1,0,868560.7708278886,868560.7708278886,0.0,1,0,868560.7708278886,2,10,1026392.4208623761,13.841561682347175,0.9998914424765636,758.0438626110116,758.1261629097095,0.9998914424765635,0.0,-0.42857142857142855,0.9737798363505918,2.5957516383913,0.7,0.9998875097611565,1.0,-0.00011249023884352116,954514.6062645137,0,0.0,0.0,0.0,0,0.0,0.0,868560.7708278886,0.8462267970549928,0.8462267970549928,1,0.1,1.0,868560.7708278886,0.8462267970549928,0.8462267970549928,1,0.1,1.0,1.7248863500197262,1.8044889294370665,1.1044018083339382,1.1329201703656717,2.1031267057797627,1.8859064969283834,2.4633570518018186,2.2095116860024118,1.7567091061524152,1.8308710155427137,1.1231324452285019,1.1776526525876923,0.7154483211622866,0.6762926276889594,0.2336065573770492,0.2336065573770492,0.7090163934426229,0.3975409836065574,low,low,high,mid,0,868560.7708278886,0.0,0.0,0.0,pre_price_events,7114,0x116e7d070f1888b81e1e0324f56d6746b2d7d8f1,1000863.055673601,300642.46895390877,149669.25197770135,5177.998050260203,0.06223590022486284,0.05749689129743442,0.07700558862066126
2026-04-22T08:00:00Z,1776844800,2026-04-22,0.0007835758681434,0.06084761558192886,0.0,0.025744526904838638,0.01850991642183364,CHOG,0.99,1776848339,2026-04-22T08:58:59Z,3539,observed,38,32,5,4,27,19,19,2327250.869559358,333355.56959884183,1993895.299960516,2660606.4391582,61530.04923598612,0.022463267813763087,146.2115572585,100.0,46.2115572585,770378.6315789474,1.0,1.4736842105263157,4,1914462.289033575,2581173.428231259,79433.01092694078,79433.01092694078,12,13,-5175.273605942745,14140.526195616421,565.6210478246569,759.9863423162291,1730380.3328866402,0.0,1,0,1730380.3328866402,2077191.0476511882,0.0,2,0,2077191.0476511882,2077191.0476511882,0.0,2,0,2077191.0476511882,5,38,2660606.4391582,14.794065015273361,0.7494138443833026,1562.368240653606,2084.7870003513062,0.7494138443833026,0.0,-0.04,-0.36598875702002415,1.3436316509774324,0.6578947368421053,0.7417023079868966,1.0,-0.2582976920131034,1835029.2781066343,0,1730380.3328866402,0.6503706476160083,0.6503706476160083,1,0.02631578947368421,1.0,2077191.0476511882,0.7807208977169878,0.7807208977169878,2,0.05263157894736842,1.0,2077191.0476511882,0.7807208977169878,0.7807208977169878,2,0.05263157894736842,1.0,2.688833070302965,3.214669856736,0.7151217933000483,0.7618424810070186,3.312223466103508,3.761284550196783,2.0031758606315937,2.044579572830179,2.712076086180897,3.2402644143610293,0.7138984656869172,0.7892815767154923,0.990520320002465,1.0961410327437773,0.8170731707317073,0.8170731707317073,0.9308943089430894,0.9105691056910569,high,high,high,high,1,2077191.0476511882,2077191.0476511882,0.0,0.7494138443833026,pre_price_events,7114,0x116e7d070f1888b81e1e0324f56d6746b2d7d8f1,1000863.055673601,300642.46895390877,149669.25197770135,5177.998050260203,0.004739713771025623,0.02312706379346208,0.012186812356819482
2026-04-22T09:00:00Z,1776848400,2026-04-22,0.0007835758681434,0.0,0.0,0.01850991642183364,0.01850991642183364,CHOG,0.99,1776848339,2026-04-22T08:58:59Z,-61,forward_fill,18,18,1,1,18,3,15,8757.746508374466,212517.27389353447,-203759.52738516,221275.02040190893,5173.4952771163935,0.023428188519637277,117.08989340133333,100.0,17.08989340133333,636504.9444444445,1.0,1.0,1,-203759.52738516,221275.02040190893,0.0,0.0,3,11,6647.256213718744,10868.236803030188,776.3026287878705,1555.2172204023134,0.0,0.0,0,0,0.0,0.0,0.0,0,0,0.0,0.0,0.0,0,0,0.0,1,18,221275.02040190893,12.307166162291404,-0.9208428814742171,-159.66104856331563,173.38576620987433,-0.9208428814742171,-0.6666666666666666,-0.5714285714285714,0.6116223205465503,2.003364619324619,0.7777777777777778,-0.9208428814742171,0.0,-0.9208428814742171,-203759.52738516,0,0.0,0.0,0.0,0,0.0,0.0,0.0,0.0,0.0,0,0.0,0.0,0.0,0.0,0.0,0,0.0,0.0,-0.43532279704938226,-0.3668579292335395,-1.6208947728731584,-1.7513794410045163,-0.0015652337231099986,0.13968688561968295,0.1142330602489608,0.11735961187139181,-0.44965035920570345,-0.3834184585514412,-1.621456605387075,-1.7511460404296095,0.0840724108269544,-0.047371834777494334,0.5846774193548387,0.5846774193548387,0.35080645161290325,0.782258064516129,mid,mid,mid,high,0,0.0,0.0,-0.0,-0.0,pre_price_events,7114,0x116e7d070f1888b81e1e0324f56d6746b2d7d8f1,1000863.055673601,300642.46895390877,149669.25197770135,5177.998050260203,-0.0022050696952855085,0.013536117202900912,0.009076315188346918
2026-04-22T10:00:00Z,1776852000,2026-04-22,0.0007835758681434,0.0,0.025744526904838638,0.01850991642183364,0.15354591129174677,CHOG,0.99,1776848339,2026-04-22T08:58:59Z,-3661,forward_fill,21,21,1,1,21,8,13,23180.480882657168,10098.129786427706,13082.351096229462,33278.610669084876,785.4712286296193,0.02345042773108073,160.0568408042857,100.0,60.05684080428572,518275.04761904763,1.0,1.0,1,13082.351096229462,33278.610669084876,0.0,0.0,7,13,-5865.210922513116,14331.048650342298,716.5524325171149,1739.3344139914275,0.0,0.0,0,0,0.0,0.0,0.0,0,0,0.0,0.0,0.0,0,0,0.0,1,21,33278.610669084876,10.41270019622143,0.3931159033746168,10.251014617584762,26.076316245634395,0.3931159033746168,-0.23809523809523808,-0.3,-0.4092659975983701,2.427365165562931,0.9523809523809523,0.3931159033746168,0.0,0.3931159033746168,13082.351096229462,0,0.0,0.0,0.0,0,0.0,0.0,0.0,0.0,0.0,0,0.0,0.0,0.0,0.0,0.0,0,0.0,0.0,-0.1178208402622278,-0.02677862357462096,0.2564447421973305,0.20777758965748436,-0.0015652337231099986,0.1302600424051714,0.1142330602489608,0.10379886107871401,-0.11638312091295334,-0.025664026410919295,0.2644481221967461,0.23876580209020376,-0.5790628643132226,-0.8924113019103003,0.844,0.844,0.156,0.848,high,high,low,high,0,0.0,0.0,0.0,0.0,pre_price_events,7114,0x116e7d070f1888b81e1e0324f56d6746b2d7d8f1,1000863.055673601,300642.46895390877,149669.25197770135,5177.998050260203,0.01980260278511811,0.012684265132659075,0.13981695925854665
2026-04-22T11:00:00Z,1776855600,2026-04-22,0.0008037486581628,0.025744526904838638,-0.007053033472998793,-0.007053033472998793,0.1245937765542322,CHOG,0.99,1776857096,2026-04-22T11:24:56Z,1496,observed,22,22,1,1,22,10,12,35510.18198185603,6485.222539648062,29024.95944220797,41995.4045215041,994.9828063486317,0.02351326666799629,115.04095066468182,100.0,15.040950664681818,588746.5454545454,1.0,1.0,1,29024.95944220797,41995.4045215041,0.0,0.0,8,11,14408.129798731734,14954.972550237388,787.1038184335467,1376.163726918559,0.0,0.0,0,0,0.0,0.0,0.0,0,0,0.0,0.0,0.0,0,0,0.0,1,22,41995.40452150409,10.645339286970193,0.6911460854566956,23.32877220490435,33.7537500331629,0.6911460854566956,-0.09090909090909091,-0.15789473684210525,0.963434051806603,1.74838908755052,0.8636363636363636,0.6911460854566956,0.0,0.6911460854566956,29024.95944220797,0,0.0,0.0,0.0,0,0.0,0.0,0.0,0.0,0.0,0,0.0,0.0,0.0,0.0,0.0,0,0.0,0.0,-0.03390469267204048,-0.004330010792960176,0.6951447322522505,0.6407449913512336,0.03173084173767704,0.1302600424051714,0.15557938743541683,0.10379886107871401,-0.03247183575342164,-0.0018551376456064062,0.7044412488329911,0.6781625620324851,-0.4461957748216884,-0.7697307378517921,0.5515873015873016,0.5515873015873016,0.1626984126984127,0.8571428571428571,mid,mid,low,high,1,0.0,0.0,0.0,0.6911460854566956,pre_price_events,7114,0x116e7d070f1888b81e1e0324f56d6746b2d7d8f1,1000863.055673601,300642.46895390877,149669.25197770135,5177.998050260203,-0.010781958532639364,-0.01078278401159288,0.11421712215105137
2026-04-22T12:00:00Z,1776859200,2026-04-22,0.0007980797919729,-0.007053033472998793,0.0,0.0,0.13258191470959213,CHOG,0.99,1776862742,2026-04-22T12:59:02Z,3542,observed,34,21,3,3,21,19,15,399407.5866404623,760239.0832401197,-360831.4965996574,1159646.6698805818,27213.695092448128,0.022927457114938314,121.72406403014708,100.0,21.72406403014706,2792014.3529411764,1.0,2.588235294117647,7,-393367.434496285,1111539.1971979567,32535.93789662756,48107.47268262518,9,10,11201.52700734515,32833.70363465657,1728.089664981925,1604.0301581285141,0.0,0.0,0,0,0.0,0.0,525000.0,0,1,525000.0,238449.7948636281,525000.0,1,1,763449.7948636281,3,34,1159646.6698805818,13.963626784084813,-0.3111564116653007,-287.9723257435247,925.4905730603609,-0.3111564116653007,0.11764705882352941,-0.05263157894736842,0.34115941143848705,0.9282100290468965,0.5588235294117647,-0.35389434352644716,0.6763177544427201,-1.0302120979691674,-425903.37239291257,1,0.0,0.0,0.0,0,0.0,0.0,-525000.0,-0.45272410436367094,0.45272410436367094,1,0.029411764705882353,-1.0,-286550.2051363719,-0.2471013047154098,0.6583469040119321,2,0.058823529411764705,0.0,-0.6093629493935409,-0.6242259465623583,-0.7443190500456933,-0.86546045134359,-0.7810831281735565,-0.7642973108779237,-0.9141601876562729,-1.0035469365186023,-0.6830299187092711,-0.7081237033498832,-0.7989697893998187,-0.9148551268816096,0.766971733854546,0.7363863030438709,0.65748031496063,0.65748031496063,0.7598425196850394,0.8385826771653543,mid,mid,high,high,0,-525000.0,-0.0,-393367.434496285,-0.0,pre_price_events,7114,0x116e7d070f1888b81e1e0324f56d6746b2d7d8f1,1000863.055673601,300642.46895390877,149669.25197770135,5177.998050260203,-0.0013512078688405265,-0.007957087582691563,0.11768393912208631
2026-04-22T13:00:00Z,1776862800,2026-04-22,0.0007980797919729,0.0,0.0,0.13258191470959213,0.13258191470959213,CHOG,0.99,1776862742,2026-04-22T12:59:02Z,-58,forward_fill,26,25,3,3,25,9,17,60338.91863735524,283640.8093699225,-223301.89073256726,343979.72800727776,7931.809520462848,0.02315378994866452,145.44596275442308,100.0,45.44596275442307,675834.6538461539,1.0,1.0,1,-184367.29445350467,305035.0991024388,-38934.59627906261,38944.62890483893,7,12,5615.975031509252,13153.874911772624,692.3092058827697,1502.6609650746348,0.0,0.0,0,0,0.0,0.0,0.0,0,0,0.0,0.0,215128.48683784006,0,1,215128.48683784006,3,26,343979.72800727776,12.748340911551518,-0.6491716591154545,-178.21272650300253,274.52326977094293,-0.6491716591154545,-0.3076923076923077,-0.2631578947368421,0.4269445368134826,2.1705055375633466,0.7307692307692307,-0.6044133773326502,-0.9997423874341995,0.3953290101015493,-145432.69817444205,0,0.0,0.0,0.0,0,0.0,0.0,0.0,0.0,0.0,0,0.0,0.0,-215128.48683784006,-0.6254103638144876,0.6254103638144876,1,0.038461538461538464,-1.0,-0.4740206348983788,-0.38180040221151545,-1.2116287641121464,-1.3430395988967998,-0.013006352130242345,0.15632785699565674,0.13403020154126902,0.15306129579957178,-0.426620378174878,-0.33192185680411285,-1.1466670280624212,-1.2673017339226245,0.35437379138157443,0.1873869242649704,0.80859375,0.80859375,0.45703125,0.890625,high,high,mid,high,0,0.0,0.0,-0.0,-0.0,pre_price_events,7114,0x116e7d070f1888b81e1e0324f56d6746b2d7d8f1,1000863.055673601,300642.46895390877,149669.25197770135,5177.998050260203,-0.0022198948984185453,0.12634928014299174,0.12028132982490933
2026-04-22T14:00:00Z,1776866400,2026-04-22,0.0007980797919729,0.0,0.0,0.13258191470959213,0.03551808560523306,CHOG,0.99,1776862742,2026-04-22T12:59:02Z,-3658,forward_fill,57,55,3,3,53,11,46,1334089.5640514826,288728.2061015445,1045361.3579499382,1622817.770153027,38515.55736965109,0.022471706322000233,382.84863645836845,100.0,282.84863645836845,1210017.649122807,1.0,1.105263157894737,3,991329.4047372716,1568637.9393816737,54031.95321266667,54179.8307713534,6,39,-6698.75616565002,18837.627373595962,418.61394163546584,669.1546634809176,1248729.9687589875,0.0,1,0,1248729.9687589875,1248729.9687589875,0.0,1,0,1248729.9687589875,1248729.9687589875,0.0,1,0,1248729.9687589875,3,57,1622817.770153028,14.299675176770231,0.6441643523852735,834.2817750891949,1295.1380684136532,0.6441643523852735,-0.6140350877192983,-0.7333333333333333,-0.3556050893670097,1.5985006635627672,0.7894736842105263,0.6319682699552926,0.997270616083856,-0.3653023461285634,937297.4515246049,0,1248729.9687589875,0.7694825578852491,0.7694825578852491,1,0.017543859649122806,1.0,1248729.9687589875,0.7694825578852491,0.7694825578852491,1,0.017543859649122806,1.0,1248729.9687589875,0.7694825578852491,0.7694825578852491,1,0.017543859649122806,1.0,1.3745588399149744,1.658799028825653,0.6434680838265303,0.614125142048753,1.8583423576890423,2.22937388943766,1.8316869237514337,2.0256787546843187,1.3645016408750608,1.6500706821001785,0.6369643033218612,0.6334661374089657,0.8974839944769233,0.8888842735887529,0.9496124031007752,0.9496124031007752,0.8333333333333334,0.9883720930232558,high,high,high,high,0,1248729.9687589875,1248729.9687589875,0.0,0.0,pre_price_events,7114,0x116e7d070f1888b81e1e0324f56d6746b2d7d8f1,1000863.055673601,300642.46895390877,149669.25197770135,5177.998050260203,-0.0025639369334758,0.1214421222427191,0.011860598575799935
2026-04-22T15:00:00Z,1776870000,2026-04-22,0.0007980797919729,0.0,0.13258191470959213,0.13258191470959213,0.03551808560523306,CHOG,0.99,1776862742,2026-04-22T12:59:02Z,-7258,forward_fill,33,26,5,4,21,16,17,1831308.8756211754,154519.14132942073,1676789.7342917547,1985828.0169505961,49334.04147447316,0.023793235677273365,166.36804968463636,100.0,66.36804968463636,768643.9090909091,1.0,1.3636363636363635,3,1614459.4016845603,1923497.6843434016,62330.33260719449,62330.33260719449,6,11,-6243.882642096963,9447.920985995313,555.7600579997243,1143.2401444970565,0.0,0.0,0,0,0.0,1297550.2685356159,0.0,2,0,1297550.2685356159,1651555.7374885136,0.0,4,0,1651555.7374885136,5,33,1985828.0169505964,14.501547025696949,0.8443781233717331,1338.2120023258578,1584.8492106618883,0.8443781233717332,-0.030303030303030304,-0.29411764705882354,-0.660873715111747,2.0570750417217347,0.5151515151515151,0.8393352458002394,1.0,-0.16066475419976056,1552129.0690773658,0,0.0,0.0,0.0,0,0.0,0.0,1297550.2685356159,0.6534051576773059,0.6534051576773059,2,0.06060606060606061,1.0,1651555.7374885136,0.8316710829896612,0.8316710829896612,4,0.12121212121212122,1.0,2.009774194508252,2.5238181337036845,0.8627074585513053,0.8967621583635791,1.7264344356382322,2.202370268117612,1.43152004379583,1.680862074220309,2.0249216128261653,2.5472655939330826,0.8678264160556365,0.9320082221345389,0.9323007919204696,0.9581144094118756,0.85,0.85,0.8730769230769231,0.823076923076923,high,high,high,high,0,1297550.2685356159,1297550.2685356159,0.0,0.0,pre_price_events,7114,0x116e7d070f1888b81e1e0324f56d6746b2d7d8f1,1000863.055673601,300642.46895390877,149669.25197770135,5177.998050260203,0.1328255413198685,0.12549986841803004,0.022846186513810193
2026-04-22T16:00:00Z,1776873600,2026-04-22,0.0009038907388837,0.13258191470959213,0.0,0.0,-0.08570137651301579,CHOG,0.99,1776877138,2026-04-22T16:58:58Z,3538,observed,109,90,5,4,72,46,63,3633915.729564369,2548500.598421094,1085415.1311432752,6182416.327985464,163860.01577811473,0.025688204046894036,163.2611361061009,100.0,63.26113610610092,1004726.4220183486,1.0,1.4403669724770642,3,995172.9302153082,6005357.872814,90242.20092796703,177058.4551714642,19,28,-14037.595424758647,35711.6101345736,759.8214922249703,966.5381771071216,0.0,0.0,0,0,0.0,1864063.4521352316,574020.01217,5,1,2438083.4643052313,3416954.2295668977,1703166.1305223284,13,6,5120120.360089226,5,109,6182416.327985464,15.637219906349033,0.17556487197893983,981.0966848846431,5588.228862789432,0.1755648719789398,-0.1559633027522936,-0.19148936170212766,-0.3930821201245245,1.2720595389804346,0.43119266055045874,0.1657141757896584,0.5096746203990997,-0.3439604446094413,904930.7292873412,0,0.0,0.0,0.0,0,0.0,0.0,1290043.4399652316,0.20866330760121932,0.39435769688769556,6,0.05504587155963303,0.6666666666666666,1713788.0990445693,0.27720360585988,0.8281746308336394,19,0.1743119266055046,0.3684210526315789,1.107171698920377,1.5583040143268312,-0.17692638644762382,-0.1008349632657005,1.5501453534947502,2.0932256897937536,0.4275324623265684,0.5910534238224959,1.0532070915744474,1.4967088621238407,-0.18186013991495778,-0.08774531237296193,1.3016989937682928,1.4267508644477649,0.8435114503816794,0.8435114503816794,0.9732824427480916,0.9961832061068703,high,high,high,high,1,1290043.4399652316,1290043.4399652316,0.0,0.17556487197893983,pre_price_events,7114,0x116e7d070f1888b81e1e0324f56d6746b2d7d8f1,1000863.055673601,300642.46895390877,149669.25197770135,5177.998050260203,0.004318654239758476,-0.008168802354449094,-0.11270558072340309
2026-04-22T17:00:00Z,1776877200,2026-04-22,0.0009038907388837,0.0,0.0,-0.08570137651301579,-0.08570137651301579,CHOG,0.99,1776877138,2026-04-22T16:58:58Z,-62,forward_fill,22,17,4,4,17,5,17,3854.8776869894396,1121874.924501878,-1118020.0468148885,1125729.8021888675,28784.498770612856,0.024450974014283724,119.11343971350001,100.0,19.1134397135,1776541.3636363635,1.0,1.0,1,-1057501.903747098,1065211.659121077,-60518.14306779044,60518.14306779044,5,7,-10347.82656866477,18057.58194264365,1504.7984952203042,1783.9278107084306,0.0,0.0,0,0,0.0,0.0,910001.3329009265,0,2,910001.3329009265,0.0,910001.3329009265,0,2,910001.3329009265,4,22,1125729.8021888675,13.933942984666302,-0.9931513269356571,-1010.5679662022984,1017.5367426838968,-0.9931513269356571,-0.5454545454545454,-0.16666666666666666,-0.5730460812268554,1.1854928193872638,0.5454545454545454,-0.9927622315171236,-1.0,0.007237768482876383,-996983.7606793076,0,0.0,0.0,0.0,0,0.0,0.0,-910001.3329009265,-0.8083656763208376,0.8083656763208376,2,0.09090909090909091,-1.0,-910001.3329009265,-0.8083656763208376,0.8083656763208376,2,0.09090909090909091,-1.0,-1.669709087525283,-1.767752442197862,-1.7439856837490304,-1.8662448215316834,-1.3768053666200009,-1.38512195141443,-1.6335612405535191,-1.8781226546314387,-1.6544233658499374,-1.7547882541211335,-1.7402762424629852,-1.864504688591015,0.6369942558102618,0.6618331000250749,0.6022727272727273,0.6022727272727273,0.7234848484848485,0.6931818181818182,mid,mid,high,high,0,-910001.3329009265,-0.0,-0.0,-0.0,pre_price_events,7114,0x116e7d070f1888b81e1e0324f56d6746b2d7d8f1,1000863.055673601,300642.46895390877,149669.25197770135,5177.998050260203,0.0003346758510323288,-0.09104533162637464,-0.09437018719060296
2026-04-22T18:00:00Z,1776880800,2026-04-22,0.0009038907388837,0.0,0.0,-0.08570137651301579,-0.049772105778360554,CHOG,0.99,1776877138,2026-04-22T16:58:58Z,-3662,forward_fill,11,11,1,1,11,6,5,13572.145036746473,7206.387361010242,6365.757675736231,20778.532397756713,528.3804070887122,0.025374399439118803,106.23595191327273,100.0,6.235951913272728,566506.8181818182,1.0,1.0,1,6365.757675736231,20778.532397756713,0.0,0.0,5,5,-5271.475009811784,9141.2997122087,914.12997122087,1677.0125967858253,0.0,0.0,0,0,0.0,0.0,0.0,0,0,0.0,0.0,0.0,0,0,0.0,1,11,20778.532397756713,9.94172376188592,0.3063622374226723,5.7539494090758065,18.781523001927212,0.3063622374226724,0.09090909090909091,0.0,-0.5766658107458662,1.8345450314314542,0.9090909090909091,0.3063622374226723,0.0,0.3063622374226723,6365.757675736231,0,0.0,0.0,0.0,0,0.0,0.0,0.0,0.0,0.0,0,0.0,0.0,0.0,0.0,0.0,0,0.0,0.0,-0.20549457470069227,-0.07599847405152152,0.08844704021930974,0.09708985341526218,-0.1967817143615495,0.03662879353569604,-0.015694322164049777,0.06844852553059777,-0.20333173675695398,-0.0743768670461898,0.09869516293841035,0.12873752227780869,-0.8915896614871326,-1.0985947490759846,0.31203007518796994,0.31203007518796994,0.13157894736842105,0.47368421052631576,low,low,low,mid,0,0.0,0.0,0.0,0.0,pre_price_events,7114,0x116e7d070f1888b81e1e0324f56d6746b2d7d8f1,1000863.055673601,300642.46895390877,149669.25197770135,5177.998050260203,-0.005777590170996379,-0.08993864315655539,-0.05979149587792389
2026-04-22T19:00:00Z,1776884400,2026-04-22,0.0009038907388837,0.0,-0.08570137651301579,-0.08570137651301579,-0.049772105778360554,CHOG,0.99,1776877138,2026-04-22T16:58:58Z,-7262,forward_fill,3,2,2,2,2,0,3,0.0,102387.11620541773,-102387.11620541773,102387.11620541773,2565.651871705717,0.02507160671028497,102.13278471666666,100.0,2.132784716666667,1502212.0,1.0,1.0,1,-96710.63151010225,96710.63151010225,-5676.4846953154765,5676.4846953154765,0,1,-8.09e-06,8.09e-06,8.09e-06,,0.0,0.0,0,0,0.0,0.0,0.0,0,0,0.0,0.0,0.0,0,0,0.0,2,3,102387.11620541773,11.536525932171443,-1.0,-92.54676611908627,92.54676611908627,-1.0,-1.0,-1.0,-1.0,,0.3333333333333333,-1.0,-1.0,0.0,-91034.14681478677,0,0.0,0.0,0.0,0,0.0,0.0,0.0,0.0,0.0,0,0.0,0.0,0.0,0.0,0.0,0,0.0,0.0,-0.3424196253894456,-0.2350503269798498,-1.6301921910896946,-1.812142258935144,-0.1967817143615495,0.03662879353569604,-0.015694322164049777,0.06844852553059777,-0.3393834752288212,-0.23271943069633103,-1.6279650424045506,-1.8106878232747112,-0.3477319159016355,-0.3804263397586341,0.055970149253731345,0.055970149253731345,0.2126865671641791,0.014925373134328358,low,low,low,low,0,0.0,0.0,-0.0,-0.0,pre_price_events,7114,0x116e7d070f1888b81e1e0324f56d6746b2d7d8f1,1000863.055673601,300642.46895390877,149669.25197770135,5177.998050260203,-0.08777619231596251,-0.0883044309349957,-0.05374168917358182
2026-04-22T20:00:00Z,1776888000,2026-04-22,0.000826426058344,-0.08570137651301579,0.0,0.0,0.03929708501323881,CHOG,0.99,1776891539,2026-04-22T20:58:59Z,3539,observed,17,12,4,3,11,4,13,861.2266701517827,746920.0773442105,-746058.8506740587,747781.3040143623,18443.059250649672,0.023300373350224425,109.81901798723528,100.0,9.819017987235293,1494883.7647058824,1.0,1.0,1,-705211.3035237241,706933.7568640276,-40847.54715033467,40847.54715033467,4,5,-4353.43762527079,6075.8909655743555,675.0989961749284,1024.0680691856367,0.0,0.0,0,0,0.0,0.0,440820.5428556179,0,1,440820.5428556179,0.0,615830.9608556179,0,2,615830.9608556179,4,17,747781.3040143623,13.524867177183053,-0.9976965814322224,-616.5624752552172,617.9859555799258,-0.9976965814322225,-0.5294117647058824,-0.1111111111111111,-0.7165101628612354,1.5169154079445337,0.5294117647058824,-0.9975634869270575,-1.0,0.002436513072942459,-664363.7563733894,0,0.0,0.0,0.0,0,0.0,0.0,-440820.5428556179,-0.5895046325565145,0.5895046325565145,1,0.058823529411764705,-1.0,-615830.9608556179,-0.8235442067749128,0.8235442067749128,2,0.11764705882352941,-1.0,-1.1172625582209168,-1.171723244745299,-1.4800782547504465,-1.7455896104510495,-0.753452086862856,-0.6552291261982018,-1.190504182452999,-1.3382323972557204,-1.1077206935971018,-1.1621867726794282,-1.4742800595725691,-1.7446887292040356,0.43744924611169905,0.5005428265698068,0.3888888888888889,0.3888888888888889,0.6407407407407407,0.4777777777777778,mid,mid,mid,mid,0,-0.0,-0.0,-0.0,-0.0,pre_price_events,7114,0x116e7d070f1888b81e1e0324f56d6746b2d7d8f1,1000863.055673601,300642.46895390877,149669.25197770135,5177.998050260203,-0.006200377365773308,-0.011973728048573641,0.020782856313928354
2026-04-22T21:00:00Z,1776891600,2026-04-22,0.000826426058344,0.0,0.0,0.03929708501323881,0.03929708501323881,CHOG,0.99,1776891539,2026-04-22T20:58:59Z,-61,forward_fill,4,3,2,2,3,1,3,40.564026396094924,54949.26375219348,-54908.699725797385,54989.82777858958,1339.3692699437374,0.024588768139736726,118.625,100.0,18.625,755270.25,1.0,1.0,1,-54773.022049286636,54773.022049286636,-135.67767651074874,216.8057293029386,1,1,-135.67767651074874,216.8057293029386,108.4028646514693,95.93860511638519,0.0,0.0,0,0,0.0,0.0,0.0,0,0,0.0,0.0,0.0,0,0,0.0,2,4,54989.82777858958,10.914921682645328,-0.9985246716334729,-45.377980283185,45.44502662007518,-0.9985246716334728,-0.5,0.0,-0.6258030032092411,0.8850190945123223,0.5,-1.0,-0.6258030032092411,-0.3741969967907589,-54637.344372775886,0,0.0,0.0,0.0,0,0.0,0.0,0.0,0.0,0.0,0,0.0,0.0,0.0,0.0,0.0,0,0.0,0.0,-0.2296110872414631,-0.15243128380530063,-1.3492665141161673,-1.707361052366686,-0.17019965802365772,0.025657498785544307,0.03589688483323256,0.06639528377378541,-0.2314634243612031,-0.15545364150974678,-1.3536638605492173,-1.7086403702968036,-1.0989866419933139,-0.6437521133147494,0.5992647058823529,0.5992647058823529,0.1801470588235294,0.051470588235294115,mid,mid,low,low,0,0.0,0.0,-0.0,-0.0,pre_price_events,7114,0x116e7d070f1888b81e1e0324f56d6746b2d7d8f1,1000863.055673601,300642.46895390877,149669.25197770135,5177.998050260203,-0.0033025294260199136,0.036411902307574615,0.03391117021427605
2026-04-22T22:00:00Z,1776895200,2026-04-22,0.000826426058344,0.0,0.0,0.03929708501323881,0.006465030573825414,CHOG,0.99,1776891539,2026-04-22T20:58:59Z,-3661,forward_fill,2,2,1,1,2,1,1,17940.22695745103,409.2684462575779,17530.95851119345,18349.495403708606,455.46408175375075,0.024589270174197382,102.5707594035,100.0,2.5707594035000003,545080.0,1.0,1.0,1,17530.95851119345,18349.495403708606,0.0,0.0,0,1,-409.2684462575779,409.2684462575779,409.2684462575779,,0.0,0.0,0,0,0.0,0.0,0.0,0,0,0.0,0.0,0.0,0,0,0.0,1,2,18349.495403708606,9.8174118505956,0.9553918582224489,14.488040941397802,15.164501159088248,0.955391858222449,0.0,-1.0,-1.0,,0.5,0.9553918582224489,0.0,0.9553918582224489,17530.95851119345,0,0.0,0.0,0.0,0,0.0,0.0,0.0,0.0,0.0,0,0.0,0.0,0.0,0.0,0.0,0,0.0,0.0,-0.1342245363930055,-0.040054455076034376,1.1681373820229186,1.0848869955524485,-0.17019965802365772,0.02814154518767258,0.03589688483323256,0.06830502770621025,-0.13162745161693312,-0.037755780948028964,1.1740513613012498,1.1291467120208958,-1.5830229976643515,-1.102394061887038,0.16423357664233576,0.16423357664233576,0.12043795620437957,0.01824817518248175,low,low,low,low,0,0.0,0.0,0.0,0.0,pre_price_events,7114,0x116e7d070f1888b81e1e0324f56d6746b2d7d8f1,1000863.055673601,300642.46895390877,149669.25197770135,5177.998050260203,-0.005087057029862184,0.03654459625684292,0.00025255622396283626
2026-04-22T23:00:00Z,1776898800,2026-04-22,0.000826426058344,0.0,0.03929708501323881,0.03929708501323881,0.006465030573825414,CHOG,0.99,1776891539,2026-04-22T20:58:59Z,-7261,forward_fill,1,1,1,1,1,0,1,0.0,44870.95276621502,-44870.95276621502,44870.95276621502,1091.5397014548494,0.02432619844606262,102.0,100.0,2.0,549954.0,1.0,1.0,1,-44870.95276621502,44870.95276621502,0.0,0.0,0,0,0.0,0.0,,,0.0,0.0,0,0,0.0,0.0,0.0,0,0,0.0,0.0,0.0,0,0,0.0,1,1,44870.95276621502,10.711568218553793,-1.0,-37.08252462872289,37.08252462872289,-1.0,-1.0,0.0,0.0,,0.0,-1.0,0.0,-1.0,-44870.95276621502,0,0.0,0.0,0.0,0,0.0,0.0,0.0,0.0,0.0,0,0.0,0.0,0.0,0.0,0.0,0,0.0,0.0,-0.25845037036770985,-0.13219344451174803,-1.3493069434130762,-1.6535348114550859,-0.20998376441365102,0.02814154518767258,-0.039872753203164225,0.06830502770621025,-0.25891819391213367,-0.13473860986659517,-1.3513804389571296,-1.6512294302212034,-1.0075548629360154,-0.7080450488224976,0.03260869565217391,0.03260869565217391,0.17028985507246377,0.007246376811594203,low,low,low,low,0,0.0,0.0,-0.0,-0.0,pre_price_events,7114,0x116e7d070f1888b81e1e0324f56d6746b2d7d8f1,1000863.055673601,300642.46895390877,149669.25197770135,5177.998050260203,0.03593143991310458,0.03687697548453718,0.0020949657219113066
2026-04-23T00:00:00Z,1776902400,2026-04-23,0.0008589021934159,0.03929708501323881,0.0,0.0,-0.03159063458644751,CHOG,0.99,1776905942,2026-04-23T00:59:02Z,3542,observed,35,31,4,4,31,23,12,1065145.7071177412,39068.594351554384,1026077.1127661868,1104214.3014692955,27867.727388654042,0.023765006862882663,159.102772459,100.0,59.10277245899999,659187.4571428571,1.0,1.0,1,978181.3115171834,1055110.5463150262,47895.80124900344,49103.75515426924,18,10,2145.349771536731,5759.863573142832,205.70941332652973,536.4162939290189,0.0,0.0,0,0,0.0,721012.5563757485,0.0,1,0,721012.5563757485,936275.3356586287,0.0,2,0,936275.3356586287,4,35,1104214.3014692958,13.914645506252183,0.9292372969638798,881.2998827687317,948.4120855331837,0.9292372969638799,0.3142857142857143,0.2857142857142857,0.372465379482267,2.607640969144891,0.8,0.9270889338880005,0.9753999688726296,-0.048311034984629075,930285.51026818,0,0.0,0.0,0.0,0,0.0,0.0,721012.5563757485,0.6529643343835982,0.6529643343835982,1,0.02857142857142857,1.0,936275.3356586287,0.8479108941197347,0.8479108941197347,2,0.05714285714285714,1.0,1.065383401104677,1.4457916762017509,1.1181174823117515,1.0715543594446473,0.7170989092689606,1.1660829306507094,1.3036030909272243,1.6203207452979287,1.066302741979765,1.4475213311384274,1.1212721440816782,1.1095433249600766,0.6719724604274945,0.7153273350937306,0.8237410071942446,0.8237410071942446,0.7230215827338129,0.920863309352518,high,high,high,high,1,721012.5563757485,721012.5563757485,0.0,0.9292372969638798,pre_price_events,7114,0x116e7d070f1888b81e1e0324f56d6746b2d7d8f1,1000863.055673601,300642.46895390877,149669.25197770135,5177.998050260203,0.001867075534595817,-0.004135825290587508,-0.04082867843782097
2026-04-23T01:00:00Z,1776906000,2026-04-23,0.0008589021934159,0.0,0.0,-0.03159063458644751,-0.03159063458644751,CHOG,0.99,1776905942,2026-04-23T00:59:02Z,-58,forward_fill,21,17,3,3,17,9,12,209148.02952084353,622282.963602873,-413134.9340820295,831430.9931237166,21018.648771776956,0.025427372550472057,115.47045884761904,100.0,15.470458847619048,1029479.5714285715,1.0,1.0,1,-398858.0601340157,790584.2231683045,-14276.873948013841,40846.76995541207,3,6,-5914.852811928752,13242.06924566853,1471.3410272965034,2207.4705861996213,0.0,0.0,0,0,0.0,0.0,404784.3060390716,0,1,404784.3060390716,0.0,565128.674026605,0,2,565128.674026605,3,21,831430.9931237164,13.630904786084734,-0.49689623973466096,-354.8425010597884,714.1179036679202,-0.4968962397346609,-0.14285714285714285,-0.3333333333333333,-0.44667133981824597,1.5003119910655314,0.42857142857142855,-0.5045105232881738,-0.3495227153480761,-0.1549878079400977,-384581.18618600187,0,0.0,0.0,0.0,0,0.0,0.0,-404784.3060390716,-0.4868525582842205,0.4868525582842205,1,0.047619047619047616,-1.0,-565128.674026605,-0.6797060474055652,0.6797060474055652,2,0.09523809523809523,-1.0,-0.7353743470567143,-0.7320279770529643,-0.639052558224011,-0.9482788240212832,-0.758651359950754,-0.705119134115526,-1.0698667089609266,-1.155208564617005,-0.738208514946126,-0.739067843572844,-0.6483957992695879,-0.9459996206389204,0.46778971964326144,0.5983551064098607,0.5392857142857143,0.5392857142857143,0.6607142857142857,0.7,mid,mid,mid,high,0,-0.0,-0.0,-0.0,-0.0,pre_price_events,7114,0x116e7d070f1888b81e1e0324f56d6746b2d7d8f1,1000863.055673601,300642.46895390877,149669.25197770135,5177.998050260203,-0.00011249903352362686,-0.03682293947425055,-0.040288598468444466
2026-04-23T02:00:00Z,1776909600,2026-04-23,0.0008589021934159,0.0,0.0,-0.03159063458644751,-0.0923520130930563,CHOG,0.99,1776905942,2026-04-23T00:59:02Z,-3658,forward_fill,8,8,1,1,8,4,4,61250.53005869771,14440.544167522026,46809.98589117569,75691.07422621975,1911.5502855043112,0.0250961802028282,152.734682836625,100.0,52.734682836625,502386.5,1.0,1.0,1,46809.98589117569,75691.07422621975,0.0,0.0,1,3,-1756.121959726157,7124.9663753178975,1781.2415938294744,2156.0161773658538,0.0,0.0,0,0,0.0,0.0,0.0,0,0,0.0,0.0,0.0,0,0,0.0,1,8,75691.07422621973,11.2344287341584,0.6184346882338273,40.20519955569813,65.01122967490583,0.6184346882338273,0.0,-0.5,-0.24647442068072967,1.210400759130408,0.5,0.6184346882338273,0.0,0.6184346882338273,46809.98589117569,0,0.0,0.0,0.0,0,0.0,0.0,0.0,0.0,0.0,0,0.0,0.0,0.0,0.0,0.0,0,0.0,0.0,-0.11402826217390061,-0.021982107533498545,0.8098703482103968,0.6434868043353782,-0.18382356952462808,-0.019661081540071103,-0.012043746747401846,0.036135545803411134,-0.10912863152884231,-0.017319406441104176,0.8139181708977113,0.6791060722925986,-0.891901464948951,-0.46456839534659855,0.8191489361702128,0.8191489361702128,0.20921985815602837,0.3049645390070922,high,high,low,low,0,0.0,0.0,0.0,0.0,pre_price_events,7114,0x116e7d070f1888b81e1e0324f56d6746b2d7d8f1,1000863.055673601,300642.46895390877,149669.25197770135,5177.998050260203,-0.0031307598687651287,-0.03508699696004365,-0.09901677954219541
2026-04-23T03:00:00Z,1776913200,2026-04-23,0.0008589021934159,0.0,-0.03159063458644751,-0.03159063458644751,-0.0923520130930563,CHOG,0.99,1776905942,2026-04-23T00:59:02Z,-7258,forward_fill,12,12,2,2,12,6,6,94233.20089524685,42231.666638900686,52001.53425634616,136464.86753414752,3449.6476019422453,0.0251623167934675,154.65545222141665,100.0,54.65545222141666,553353.5833333334,1.0,1.0,1,51993.670128708654,136457.00340651002,7.864127637508217,7.864127637508217,4,5,-304.2870970255139,329.04618077586116,36.560686752873465,102.81659283405314,0.0,0.0,0,0,0.0,0.0,0.0,0,0,0.0,0.0,0.0,0,0,0.0,2,12,136464.8675341475,11.823829807643374,0.38106169885325136,44.66423183376778,117.20997404928954,0.38106169885325136,0.0,-0.1111111111111111,-0.9247549882148227,2.8122172192504653,0.75,0.3810260289376116,1.0,-0.6189739710623884,51985.80600107115,0,0.0,0.0,0.0,0,0.0,0.0,0.0,0.0,0.0,0,0.0,0.0,0.0,0.0,0.0,0,0.0,0.0,-0.17765165859255788,-0.012614002663250835,0.4445186140836505,0.32016572062843746,-0.24942487158123372,-0.019661081540071103,-0.08239368458044694,0.036135545803411134,-0.1712826820548672,-0.0076415084648912834,0.44779801016127335,0.3516047149132316,-0.48697229953263177,-0.2020036384610086,0.8204225352112676,0.8204225352112676,0.2852112676056338,0.5422535211267606,high,high,low,mid,0,0.0,0.0,0.0,0.0,pre_price_events,7114,0x116e7d070f1888b81e1e0324f56d6746b2d7d8f1,1000863.055673601,300642.46895390877,149669.25197770135,5177.998050260203,-0.03406074144186769,-0.035648415762183194,-0.09987370847468686
2026-04-23T04:00:00Z,1776916800,2026-04-23,0.0008317689280782,-0.03159063458644751,0.0,0.0,-0.06274348501437821,CHOG,0.99,1776920336,2026-04-23T04:58:56Z,3536,observed,19,18,2,2,18,10,9,10481.46689003464,57863.260317734734,-47381.79342770009,68344.72720776936,1706.871281491275,0.025078468625461713,156.62312271568422,100.0,56.62312271568421,528588.052631579,1.0,1.0,1,-47355.25678550415,68287.25402238518,-26.536642195944736,57.473185384188014,9,8,2086.7709002358556,3197.6336452854534,188.09609678149727,503.31551949516864,0.0,0.0,0,0,0.0,0.0,0.0,0,0,0.0,0.0,0.0,0,0,0.0,2,19,68344.72720776938,11.132334326778436,-0.6932765022773223,-39.410703529780804,56.84702048940331,-0.6932765022773223,0.05263157894736842,0.058823529411764705,0.6525984936743963,2.6758424449383846,0.8947368421052632,-0.6934713873540832,-0.4617221408306608,-0.23174924652342238,-47328.7201433082,0,0.0,0.0,0.0,0,0.0,0.0,0.0,0.0,0.0,0,0.0,0.0,0.0,0.0,0.0,0,0.0,0.0,-0.299843360194666,-0.16437885995534332,-0.9072027548220474,-1.2322390029008798,-0.24942487158123372,-0.019661081540071103,-0.08239368458044694,0.036135545803411134,-0.2996113144760831,-0.166805904217581,-0.9072476285137916,-1.2239656312047191,-0.8702713077924507,-0.5188194849235158,0.8216783216783217,0.8216783216783217,0.1993006993006993,0.7517482517482518,high,high,low,high,0,0.0,0.0,-0.0,-0.0,pre_price_events,7114,0x116e7d070f1888b81e1e0324f56d6746b2d7d8f1,1000863.055673601,300642.46895390877,149669.25197770135,5177.998050260203,-0.006758182573052851,-0.008082699280028555,-0.07867108782088694
2026-04-23T05:00:00Z,1776920400,2026-04-23,0.0008317689280782,0.0,0.0,-0.06274348501437821,-0.06274348501437821,CHOG,0.99,1776920336,2026-04-23T04:58:56Z,-64,forward_fill,29,14,3,3,14,8,21,30373.61968786633,269174.16055799974,-238800.5408701334,299547.7802458661,7432.176480404475,0.02488234496361142,133.51942297675862,100.0,33.51942297675862,6729462.24137931,1.0,5.758620689655173,12,-222469.492043387,283167.1884705081,-16331.048826746428,16380.59177535801,7,10,-11716.762123283714,12869.994918169865,757.0585245982273,869.1535117761488,0.0,0.0,0,0,0.0,0.0,0.0,0,0,0.0,0.0,0.0,0,0,0.0,3,29,299547.78024586616,12.610032555548734,-0.7972035068132639,-198.62686990404526,249.15453608330827,-0.7972035068132639,-0.4482758620689655,-0.17647058823529413,-0.9103936868492453,1.1480664750950536,0.5862068965517241,-0.7856471409877251,-0.9969755092312286,0.21132836824350343,-206138.44321664056,0,0.0,0.0,0.0,0,0.0,0.0,0.0,0.0,0.0,0,0.0,0.0,0.0,0.0,0.0,0,0.0,0.0,-0.5373585037461494,-0.45070536166723424,-0.9709855681584415,-1.3430144074541939,-0.24942487158123372,-0.019661081540071103,-0.08239368458044694,0.036135545803411134,-0.5260894869508301,-0.4414266527943974,-0.9568359715602782,-1.321113760902365,0.015460783371738627,0.134827364616263,0.7048611111111112,0.7048611111111112,0.4340277777777778,0.5868055555555556,high,high,mid,mid,0,0.0,0.0,-0.0,-0.0,pre_price_events,7114,0x116e7d070f1888b81e1e0324f56d6746b2d7d8f1,1000863.055673601,300642.46895390877,149669.25197770135,5177.998050260203,-0.0027756621851100574,-0.06950418558694822,-0.0765940364694055
2026-04-23T06:00:00Z,1776924000,2026-04-23,0.0008317689280782,0.0,0.0,-0.06274348501437821,0.04796743503316936,CHOG,0.99,1776920336,2026-04-23T04:58:56Z,-3664,forward_fill,10,10,1,1,10,4,6,7117.546884493058,50378.10194149951,-43260.55505700645,57495.64882599257,1421.3568824930783,0.02486322470340832,101.8237018863,100.0,1.8237018862999999,586653.9,1.0,1.0,1,-43260.55505700645,57495.64882599257,0.0,0.0,4,5,4739.4449429935485,9495.648825992568,1055.072091776952,999.6736550507453,0.0,0.0,0,0,0.0,0.0,0.0,0,0,0.0,0.0,0.0,0,0,0.0,1,10,57495.64882599257,10.959481943799936,-0.7524144164010071,-35.98278550783421,47.82309419315646,-0.7524144164010071,-0.2,-0.1111111111111111,0.4991175463460908,0.9474932214035681,0.9,-0.7524144164010071,0.0,-0.7524144164010071,-43260.55505700645,0,0.0,0.0,0.0,0,0.0,0.0,0.0,0.0,0.0,0,0.0,0.0,0.0,0.0,0.0,0,0.0,0.0,-0.3136009940661511,-0.13928536100246328,-0.8843815998389033,-1.2416129121641462,-0.32405973279687017,-0.004249008455549392,-0.1576358186534865,0.06396878989979275,-0.3147010121781197,-0.14122975849648126,-0.8853128013174417,-1.2358273391047425,-0.891612978000877,-0.5910085102110049,0.017241379310344827,0.017241379310344827,0.1896551724137931,0.42758620689655175,low,low,low,mid,0,0.0,0.0,-0.0,-0.0,pre_price_events,7114,0x116e7d070f1888b81e1e0324f56d6746b2d7d8f1,1000863.055673601,300642.46895390877,149669.25197770135,5177.998050260203,-0.003832287094868651,-0.06662558373253022,0.039983679953461214
2026-04-23T07:00:00Z,1776927600,2026-04-23,0.0008317689280782,0.0,-0.06274348501437821,-0.06274348501437821,0.04796743503316936,CHOG,0.99,1776920336,2026-04-23T04:58:56Z,-7264,forward_fill,17,17,1,1,17,7,10,18791.48052248237,13386.681101656892,5404.799420825477,32178.161624139262,802.5697405971721,0.02485509825198539,104.28437151405882,100.0,4.284371514058824,515640.0588235294,1.0,1.0,1,5404.799420825477,32178.161624139262,0.0,0.0,6,9,6882.6407570390875,17977.4737258049,1198.4982483869933,1308.6981134257767,0.0,0.0,0,0,0.0,0.0,0.0,0,0,0.0,0.0,0.0,0,0,0.0,1,17,32178.16162413926,10.379074367507782,0.16796482918933844,4.495544220737683,26.764795001637385,0.16796482918933844,-0.17647058823529413,-0.2,0.38284804984360693,1.0919482904435585,0.8823529411764706,0.16796482918933844,0.0,0.16796482918933844,5404.799420825477,0,0.0,0.0,0.0,0,0.0,0.0,0.0,0.0,0.0,0,0.0,0.0,0.0,0.0,0.0,0,0.0,0.0,-0.19348532035398291,-0.06710038212514072,0.38808914234729575,0.06779355961758829,-0.2754040726857788,-0.004249008455549392,-0.07918966295053832,0.06396878989979275,-0.1909558083394739,-0.06587676082978962,0.39126049307492655,0.0944532713830467,-1.1365802528363362,-0.8309705247115214,0.24315068493150685,0.24315068493150685,0.14726027397260275,0.702054794520548,low,low,low,high,0,0.0,0.0,0.0,0.0,pre_price_events,7114,0x116e7d070f1888b81e1e0324f56d6746b2d7d8f1,1000863.055673601,300642.46895390877,149669.25197770135,5177.998050260203,-0.06833933617223313,-0.0679052481797004,0.03596425000446635
2026-04-23T08:00:00Z,1776931200,2026-04-23,0.0007795808468039,-0.06274348501437821,0.0,0.0,0.11812232646816656,CHOG,0.99,1776934734,2026-04-23T08:58:54Z,3534,observed,23,19,4,3,15,14,9,911578.4357898403,1775771.056075627,-864192.6202857867,2687349.4918654673,64357.244683856865,0.021967746517550627,192.26037545686955,100.0,92.26037545686958,826794.3913043478,1.0,1.5217391304347827,4,-823373.6787921771,2603935.2195725893,-40818.94149360957,83414.27229287795,9,6,10736.143032194284,17419.21599437223,1161.281066291482,1505.0225432253135,0.0,1700000.0,0,1,1700000.0,498466.24340128415,1700000.0,1,1,2198466.2434012843,743449.431696157,1700000.0,2,1,2443449.431696157,4,23,2687349.491865468,14.804066318936817,-0.3215780541018851,-673.7080147240748,2095.0061925265113,-0.3215780541018851,0.21739130434782608,0.2,0.6163390496829995,1.2960019644783844,0.6521739130434783,-0.31620359546706617,-0.489352006216504,0.17314841074943782,-782554.7372985675,0,-1700000.0,-0.6325935666893544,0.6325935666893544,1,0.043478260869565216,-1.0,-1201533.756598716,-0.4471073674026119,0.8180797659760969,2,0.08695652173913043,0.0,-956550.568303843,-0.3559457268953276,0.9092414064833811,3,0.13043478260869565,0.3333333333333333,-1.4361126409421565,-1.36629260708355,-0.2295286088330766,-0.6205929251294718,-2.1213293125431663,-1.9714573155990749,-1.1820043365303678,-1.0361202600254509,-1.4350236190758563,-1.3654152492346634,-0.22151183759705614,-0.5976311987009183,1.4709169496875976,1.1248080884681302,0.9013605442176871,0.9013605442176871,0.935374149659864,0.6190476190476191,high,high,high,mid,0,-1201533.756598716,-1201533.756598716,-0.0,-0.0,pre_price_events,7114,0x116e7d070f1888b81e1e0324f56d6746b2d7d8f1,1000863.055673601,300642.46895390877,149669.25197770135,5177.998050260203,-0.002805316618866846,-0.010762835144610808,0.10200193939543252
2026-04-23T09:00:00Z,1776934800,2026-04-23,0.0007795808468039,0.0,0.0,0.11812232646816656,0.11812232646816656,CHOG,0.99,1776934734,2026-04-23T08:58:54Z,-66,forward_fill,29,26,3,3,26,7,22,38354.02967788777,890790.570467185,-852436.5407892972,929144.6001450728,21960.21407683495,0.02314091020782058,109.02041489096551,100.0,9.020414890965519,790342.724137931,1.0,1.0,1,-809566.9823469209,886275.0417026965,-42869.55844237633,42869.55844237633,5,14,5169.391144099803,14201.714330905377,747.4586489950199,1346.221804974196,0.0,0.0,0,0,0.0,0.0,526343.13,0,1,526343.13,0.0,696343.13,0,2,696343.13,3,29,929144.6001450728,13.74202073333577,-0.9174422804116833,-664.5432003151076,724.3433341843669,-0.9174422804116833,-0.5172413793103449,-0.47368421052631576,0.3639976853252369,1.8010652586390308,0.6551724137931034,-0.9134489230246117,-1.0,0.08655107697538833,-766697.4239045446,0,0.0,0.0,0.0,0,0.0,0.0,-526343.13,-0.5664813958105326,0.5664813958105326,1,0.034482758620689655,-1.0,-696343.13,-0.7494453822271322,0.7494453822271322,2,0.06896551724137931,-1.0,-1.3238221106611108,-1.3124208602258152,-1.0731694177790407,-1.4257099338969415,-0.9176341437661957,-0.8341141172871024,-1.3859051515948022,-1.298575027138446,-1.3198693513436788,-1.3077110659507334,-1.0703485902898018,-1.4196212890563245,0.7985940763912,0.6400300042865275,0.36824324324324326,0.36824324324324326,0.6858108108108109,0.8918918918918919,mid,mid,high,high,0,-526343.13,-0.0,-0.0,-0.0,pre_price_events,7114,0x116e7d070f1888b81e1e0324f56d6746b2d7d8f1,1000863.055673601,300642.46895390877,149669.25197770135,5177.998050260203,-0.0007251896012180716,0.11157033267384198,0.1060414011977786
2026-04-23T10:00:00Z,1776938400,2026-04-23,0.0007795808468039,0.0,0.0,0.11812232646816656,0.08533185122290932,CHOG,0.99,1776934734,2026-04-23T08:58:54Z,-3666,forward_fill,20,19,2,2,19,7,13,176517.87921126836,259123.70390348785,-82605.8246922195,435641.5831147562,10224.162376545823,0.023450404100558337,104.06028932495,100.0,4.06028932495,590920.85,1.0,1.0,1,-82438.62823103176,435474.3866535685,-167.19646118774145,167.19646118774145,3,9,-8033.376644379334,12187.24081977235,1015.6034016476959,1406.7446377713513,0.0,0.0,0,0,0.0,0.0,0.0,0,0,0.0,0.0,0.0,0,0,0.0,2,20,435641.5831147562,12.984577422643065,-0.18961877812857816,-64.39791876449499,339.61783426759325,-0.18961877812857814,-0.3,-0.5,-0.659162870675874,1.3851318688860979,0.6,-0.1893076395710361,-1.0,0.8106923604289639,-82271.43176984401,0,0.0,0.0,0.0,0,0.0,0.0,0.0,0.0,0.0,0,0.0,0.0,0.0,0.0,0.0,0,0.0,0.0,-0.11581964392667637,-0.1417373043387195,-0.008752604443659657,-0.3833981436088328,-0.038209773991382034,0.04574178819072062,0.11797367527136293,0.10928975666703164,-0.11970545395002516,-0.14671662384927636,-0.007449600479741753,-0.36489549233334484,0.3043163899335482,0.31223043081333995,0.23154362416107382,0.23154362416107382,0.5201342281879194,0.7718120805369127,low,low,mid,high,0,0.0,0.0,-0.0,-0.0,pre_price_events,7114,0x116e7d070f1888b81e1e0324f56d6746b2d7d8f1,1000863.055673601,300642.46895390877,149669.25197770135,5177.998050260203,-0.0011815046356661418,0.1129383789403131,0.07606807350085262
2026-04-23T11:00:00Z,1776942000,2026-04-23,0.0007795808468039,0.0,0.11812232646816656,0.11812232646816656,0.08533185122290932,CHOG,0.99,1776934734,2026-04-23T08:58:54Z,-7266,forward_fill,21,21,2,2,21,6,15,3023.2629799526417,24767.880946426903,-21744.617966474263,27791.143926379544,638.620930427913,0.02224953007230262,104.05102306904762,100.0,4.051023069047619,622972.4761904762,1.0,1.0,1,-21432.714747953825,27479.24070785911,-311.90321852043553,311.90321852043553,6,14,-10144.617966474261,16191.143926379544,809.5571963189772,1433.4505047184314,0.0,0.0,0,0,0.0,0.0,0.0,0,0,0.0,0.0,0.0,0,0,0.0,2,21,27791.143926379544,10.232508667165646,-0.7824297561869745,-16.951687687731305,21.665443515776026,-0.7824297561869745,-0.42857142857142855,-0.4,-0.6265535043478964,1.7706599499532227,0.9523809523809523,-0.7799602243676271,-1.0,0.22003977563237287,-21120.81152943339,0,0.0,0.0,0.0,0,0.0,0.0,0.0,0.0,0.0,0,0.0,0.0,0.0,0.0,0.0,0,0.0,0.0,-0.017538081542341516,-0.04743758807791072,-0.7880841375407237,-1.189744889721542,-0.038209773991382034,0.04574178819072062,0.11797367527136293,0.10928975666703164,-0.01614338146929214,-0.04765580287722021,-0.786830950110717,-1.1831775312317017,-1.3116846967062286,-0.8942476156148452,0.23,0.23,0.13,0.8233333333333334,low,low,low,high,0,0.0,0.0,-0.0,-0.0,pre_price_events,7114,0x116e7d070f1888b81e1e0324f56d6746b2d7d8f1,1000863.055673601,300642.46895390877,149669.25197770135,5177.998050260203,0.11185400513208926,0.11226345292964848,0.07132120751277783
2026-04-23T12:00:00Z,1776945600,2026-04-23,0.0008716667500984,0.11812232646816656,0.0,0.0,-0.02932637553963624,CHOG,0.99,1776949134,2026-04-23T12:58:54Z,3534,observed,68,52,5,4,38,25,43,5030709.221878569,1840780.6039506695,3189928.6179278987,6871489.825829238,176679.89356285208,0.023911572504688554,235.91051016307352,100.0,135.91051016307352,892657.6323529412,1.0,1.4705882352941178,4,3013520.329194276,6665320.327214083,176408.28873362267,206169.49861515546,10,20,-8542.875797036313,16863.284288590414,562.1094762863471,694.1643646476812,0.0,0.0,0,0,0.0,4623570.254486314,721012.55638,6,1,5344582.810866314,4774796.943840943,1132805.2884830865,7,3,5907602.232324029,5,68,6871489.825829239,15.742891645871625,0.4642266377135972,2780.554711435092,5989.649204814792,0.4642266377135972,-0.2647058823529412,-0.3333333333333333,-0.5065962033751851,1.2349273476650362,0.4411764705882353,0.45211935529793856,0.855646882388329,-0.4035275270903904,2837112.0404606536,0,0.0,0.0,0.0,0,0.0,0.0,3902557.698106314,0.5679347269695421,0.777790980753048,7,0.10294117647058823,0.7142857142857143,3641991.655357857,0.5300148508796414,0.8597265486907872,10,0.14705882352941177,0.4,3.391002004775855,4.192477978504004,0.971959954896679,0.5390527275101337,3.81367198696569,5.183220182457718,1.4774609585996743,1.4859394670049295,3.3829502923845856,4.166740392474259,0.9581842706301957,0.5556293317756312,1.7876270280140836,1.5176218777639214,0.9238410596026491,0.9238410596026491,0.9768211920529801,0.956953642384106,high,high,high,high,1,3902557.698106314,3902557.698106314,0.0,0.4642266377135972,pre_price_events,7114,0x116e7d070f1888b81e1e0324f56d6746b2d7d8f1,1000863.055673601,300642.46895390877,149669.25197770135,5177.998050260203,0.00761822755111597,-0.002528095780289009,-0.03986574061007245
2026-04-23T13:00:00Z,1776949200,2026-04-23,0.0008716667500984,0.0,0.0,-0.02932637553963624,-0.02932637553963624,CHOG,0.99,1776949134,2026-04-23T12:58:54Z,-66,forward_fill,25,21,4,4,19,12,13,882268.8619350204,1261752.2388855226,-379483.3769505022,2144021.1008205432,54729.27951226774,0.024666083291685768,266.77163443292,100.0,166.77163443292,919401.72,1.0,1.24,3,-315126.1313357869,2079663.8552058279,-64357.24561471534,64357.24561471534,7,6,273.5223316346745,14138.963473132735,1087.6125748563643,1747.3459244531425,0.0,1015164.9080377087,0,1,1015164.9080377087,738940.5930675585,1015164.9080377087,1,1,1754105.501105267,738940.5930675585,1168444.4085247014,1,2,1907385.0015922599,4,25,2144021.100820543,14.578194109338238,-0.1769961017665681,-330.78304190281034,1868.8719050946368,-0.1769961017665681,-0.04,0.07692307692307693,0.019345288793936665,1.606588563656416,0.52,-0.15152743581466838,-1.0,0.8484725641853317,-250768.88572107157,0,-1015164.9080377087,-0.4734864352077471,0.4734864352077471,1,0.04,-1.0,-276224.31497015024,-0.12883469983781215,0.818138170577682,2,0.08,0.0,-429503.8154571429,-0.20032630056335102,0.889629771303221,3,0.12,-0.3333333333333333,-0.5650475822152153,-0.5908872992918305,0.0230867578472346,-0.35719739435146575,-0.48518301161825006,-0.42305332632420983,-0.3144840113893858,-0.2565092437803807,-0.5148586742523374,-0.5265746557697023,0.060231684824906186,-0.303090516730996,1.069546529405497,0.9957414933292341,0.9375,0.9375,0.8848684210526315,0.7598684210526315,high,high,high,high,0,-276224.31497015024,-276224.31497015024,-0.0,-0.0,pre_price_events,7114,0x116e7d070f1888b81e1e0324f56d6746b2d7d8f1,1000863.055673601,300642.46895390877,149669.25197770135,5177.998050260203,0.0011964293405075654,-0.03505411470337368,-0.038321785110047614
2026-04-23T14:00:00Z,1776952800,2026-04-23,0.0008716667500984,0.0,0.0,-0.02932637553963624,-0.053017210063803666,CHOG,0.99,1776949134,2026-04-23T12:58:54Z,-3666,forward_fill,28,21,2,2,19,9,19,932585.30619241,1080348.6437792429,-147763.3375868331,2012933.949971653,52750.13634674695,0.02620640990234462,511.0143953352857,100.0,411.0143953352857,1651920.3214285714,1.0,1.2142857142857142,3,-167293.51923456992,1905897.1687862833,19530.181647736787,107036.7811853697,3,8,5448.5918975355635,15293.20672320341,1390.291520291219,1719.0429469563246,0.0,0.0,0,0,0.0,747266.0630952634,0.0,1,0,747266.0630952634,747266.0630952634,817584.5539631724,1,4,1564850.6170584357,2,28,2012933.949971653,14.5151043891329,-0.07340694789757705,-128.80038825800756,1754.607594334526,-0.07340694789757704,-0.35714285714285715,-0.45454545454545453,0.3562753055099139,1.2364622252721813,0.39285714285714285,-0.0877767814415224,0.18246234080893928,-0.27023912225046165,-186823.7008823067,1,0.0,0.0,0.0,0,0.0,0.0,747266.0630952634,0.3712322816681525,0.3712322816681525,1,0.03571428571428571,1.0,-70318.49086790893,-0.03493333244684913,0.777397895783154,5,0.17857142857142858,-0.6,-0.25895636446731163,-0.27993093582607365,0.22346167785896495,-0.21601195835155523,0.5990653742992249,0.9301332421075668,1.096012685464016,0.9772568007908549,-0.29146226965724775,-0.3172114154553865,0.2027129744368988,-0.2163333064741764,1.025569924049912,0.9532612771913174,0.9575163398692811,0.9575163398692811,0.8725490196078431,0.7581699346405228,high,high,high,high,0,747266.0630952634,747266.0630952634,-167293.51923456992,-0.0,pre_price_events,7114,0x116e7d070f1888b81e1e0324f56d6746b2d7d8f1,1000863.055673601,300642.46895390877,149669.25197770135,5177.998050260203,0.0007769123729686202,-0.03556831250873013,-0.06344499763774233
2026-04-23T15:00:00Z,1776956400,2026-04-23,0.0008716667500984,0.0,-0.02932637553963624,-0.02932637553963624,-0.053017210063803666,CHOG,0.99,1776949134,2026-04-23T12:58:54Z,-7266,forward_fill,8,8,1,1,8,3,5,306251.1539753125,149226.4976280596,157024.65634725287,455477.65160337207,11829.213757153186,0.02585962169293072,115.296062911125,100.0,15.296062911125,680799.0,1.0,1.0,1,157024.65634725287,455477.65160337207,0.0,0.0,1,3,-266.71866882853124,6261.462509533102,1565.3656273832755,975.7943744532532,0.0,0.0,0,0,0.0,0.0,0.0,0,0,0.0,189938.12401762363,0.0,1,0,189938.12401762363,1,8,455477.651603372,13.029104126534131,0.34474722479685843,136.873171883528,397.0247243155626,0.3447472247968584,-0.25,-0.5,-0.04259686429846876,0.6233651470196315,0.5,0.34474722479685843,0.0,0.34474722479685843,157024.65634725287,0,0.0,0.0,0.0,0,0.0,0.0,0.0,0.0,0.0,0,0.0,0.0,189938.12401762363,0.4170086575027416,0.4170086575027416,1,0.125,1.0,0.16971213659123532,0.126755040342048,0.9159341707439039,0.377764295662476,-0.13046117493713186,-0.0660694011105204,0.1539786848897312,0.05310249317497972,0.18241726464528915,0.13817980105006952,0.9179823156132016,0.40797380107608233,0.26146553124075095,0.3021212339054032,0.5227272727272727,0.5227272727272727,0.5292207792207793,0.2824675324675325,mid,mid,mid,low,0,0.0,0.0,0.0,0.0,pre_price_events,7114,0x116e7d070f1888b81e1e0324f56d6746b2d7d8f1,1000863.055673601,300642.46895390877,149669.25197770135,5177.998050260203,-0.029206277527318136,-0.03249185025337065,-0.056876377806528135
2026-04-23T16:00:00Z,1776960000,2026-04-23,0.0008461039236396,-0.02932637553963624,0.0,0.0,-0.024406591388880128,CHOG,0.99,1776963544,2026-04-23T16:59:04Z,3544,observed,7,7,1,1,7,2,5,48088.94408358628,210035.0938722188,-161946.1497886325,258124.03795580508,6604.565141512566,0.025587038117891054,123.18652144028572,100.0,23.186521440285713,885924.4285714285,1.0,1.0,1,-161946.1497886325,258124.03795580508,0.0,0.0,0,4,-4132.219712900712,4132.219712900712,1033.054928225178,1230.2224949759898,0.0,0.0,0,0,0.0,0.0,0.0,0,0,0.0,0.0,205902.87415931807,0,1,205902.87415931807,1,7,258124.03795580508,12.461199389741704,-0.627396623232588,-137.02327275448832,218.3997613001037,-0.627396623232588,-0.42857142857142855,-1.0,-1.0,1.1908587446454102,0.5714285714285714,-0.627396623232588,0.0,-0.627396623232588,-161946.1497886325,0,0.0,0.0,0.0,0,0.0,0.0,0.0,0.0,0.0,0,0.0,0.0,-205902.87415931807,-0.7976896525792453,0.7976896525792453,1,0.14285714285714285,-1.0,-0.16197364390800012,-0.29637532732718375,-0.5468075422987375,-0.9823996122078613,-0.07508657769927969,-0.0660694011105204,0.18249484901656038,0.05310249317497972,-0.17362725818500743,-0.30703411182877965,-0.5486271777125654,-0.9760995766060403,0.022471730975446837,0.06564239834453141,0.6419354838709678,0.6419354838709678,0.3967741935483871,0.23225806451612904,mid,mid,mid,low,0,0.0,0.0,-0.0,-0.0,pre_price_events,7114,0x116e7d070f1888b81e1e0324f56d6746b2d7d8f1,1000863.055673601,300642.46895390877,149669.25197770135,5177.998050260203,-0.00296361998006297,-0.0056321325272662435,-0.03261983692005149
2026-04-23T17:00:00Z,1776963600,2026-04-23,0.0008461039236396,0.0,0.0,-0.024406591388880128,-0.024406591388880128,CHOG,0.99,1776963544,2026-04-23T16:59:04Z,-56,forward_fill,46,37,3,3,36,22,24,1974201.0668720575,2787095.7624775684,-812894.6956055108,4761296.829349626,118276.06062759644,0.023802809997794126,144.74706356830436,100.0,44.74706356830434,1041959.195652174,1.0,1.0869565217391304,2,-743100.4632389247,4645385.523982475,-69794.23236658618,115911.30536715109,9,10,-239.51630832585454,18937.411771052182,996.705882686957,1236.9962319034491,0.0,0.0,0,0,0.0,758717.6843854651,1767126.0631034295,1,3,2525843.7474888945,1589155.895870641,2546033.24870503,5,6,4135189.144575671,3,46,4761296.829349625,15.376030842269179,-0.17072968242489284,-687.7933914576411,4028.5519289255053,-0.17072968242489286,-0.043478260869565216,-0.05263157894736842,-0.012647784777642123,1.241084509874376,0.41304347826086957,-0.15996529446319604,-0.6021348145938977,0.44216952013070165,-673306.2308723385,0,0.0,0.0,0.0,0,0.0,0.0,-1008408.3787179644,-0.2117927982355406,0.530494913049543,4,0.08695652173913043,-0.5,-956877.3528343888,-0.2009699010857709,0.8685005982163312,11,0.2391304347826087,-0.09090909090909091,-1.0223937174428526,-1.137592889002619,0.11572153285764278,-0.3216909416703782,-1.1921761788868133,-1.3681824814397374,-0.6089743400654934,-0.45215050807953067,-0.990076263085021,-1.0969646800945119,0.13177417210547226,-0.2886983914193924,1.6343084821281142,1.3031971597769998,0.7660256410256411,0.7660256410256411,0.9583333333333334,0.9519230769230769,high,high,high,high,0,-1008408.3787179644,-1008408.3787179644,-0.0,-0.0,pre_price_events,7114,0x116e7d070f1888b81e1e0324f56d6746b2d7d8f1,1000863.055673601,300642.46895390877,149669.25197770135,5177.998050260203,0.0005049652331401474,-0.03350519275067095,-0.04149100367400715
2026-04-23T18:00:00Z,1776967200,2026-04-23,0.0008461039236396,0.0,0.0,-0.024406591388880128,0.050571345087422115,CHOG,0.99,1776963544,2026-04-23T16:59:04Z,-3656,forward_fill,16,15,3,3,15,5,11,247655.21193050945,398989.6204664395,-151334.40853593007,646644.832396949,16078.03032177352,0.024880610449010854,103.4060052028125,100.0,3.4060052028125,1783556.375,1.0,1.0,1,-168872.983348432,628890.497584447,17538.57481250193,17754.334812501933,0,8,-5409.369408848485,5409.369408848485,676.1711761060607,1208.1080592968822,0.0,0.0,0,0,0.0,0.0,0.0,0,0,0.0,0.0,255698.6253244311,0,1,255698.6253244311,3,16,646644.832396949,13.37955402390953,-0.23403018311454166,-128.0446368439286,547.12872989233,-0.23403018311454166,-0.375,-1.0,-1.0,1.7866896756146031,0.5,-0.2685252583670273,0.9878474748686122,-1.2563727332356396,-186411.55816093393,1,0.0,0.0,0.0,0,0.0,0.0,0.0,0.0,0.0,0,0.0,0.0,-255698.6253244311,-0.3954235965616874,0.3954235965616874,1,0.0625,-1.0,-0.15930797377275885,-0.251594464234017,0.05114077732175244,-0.4001213949086477,-0.07013278069343304,-0.03984446337159739,0.12029202483542892,0.08851301394891509,-0.19455858405300996,-0.28608364154826177,-0.004338938798591137,-0.4332742247136998,0.44399883311668,0.44403003183547785,0.20063694267515925,0.20063694267515925,0.60828025477707,0.5955414012738853,low,low,mid,mid,0,0.0,0.0,-168872.983348432,-0.0,pre_price_events,7114,0x116e7d070f1888b81e1e0324f56d6746b2d7d8f1,1000863.055673601,300642.46895390877,149669.25197770135,5177.998050260203,-5.9065321828759895e-05,-0.028847628560966926,0.043703364408847215
2026-04-23T19:00:00Z,1776970800,2026-04-23,0.0008461039236396,0.0,-0.024406591388880128,-0.024406591388880128,0.050571345087422115,CHOG,0.99,1776963544,2026-04-23T16:59:04Z,-7256,forward_fill,10,9,2,2,9,4,6,36345.76370386713,220183.6962491693,-183837.93254530217,256529.45995303642,6310.104823916656,0.02466439566911718,107.44489842850001,100.0,7.444898428499999,1270933.2,1.0,1.0,1,-167272.71221571244,239494.68028262613,-16565.220329589705,17034.779670410295,3,3,-1344.1545125652124,1823.2379857733617,303.87299762889364,622.9908581640324,0.0,0.0,0,0,0.0,0.0,0.0,0,0,0.0,0.0,0.0,0,0,0.0,2,10,256529.4599530364,12.455002688796023,-0.7166347778495222,-155.54599604037227,217.05058259541175,-0.7166347778495222,-0.2,0.0,-0.7372348113924706,2.050168534306108,0.6,-0.6984401992491649,-0.9724352559935823,0.2739950567444174,-150707.49188612273,0,0.0,0.0,0.0,0,0.0,0.0,0.0,0.0,0.0,0,0.0,0.0,0.0,0.0,0.0,0,0.0,0.0,-0.19676207434488102,-0.2901694121801426,-0.7706340175066693,-1.060642881686019,-0.07013278069343304,-0.03984446337159739,0.12029202483542892,0.08851301394891509,-0.1882461582489951,-0.2796392924864838,-0.7430183501446503,-1.0312829955554603,-0.12473856624530968,0.05206861455772529,0.3575949367088608,0.3575949367088608,0.38924050632911394,0.35443037974683544,mid,mid,mid,mid,0,0.0,0.0,-0.0,-0.0,pre_price_events,7114,0x116e7d070f1888b81e1e0324f56d6746b2d7d8f1,1000863.055673601,300642.46895390877,149669.25197770135,5177.998050260203,-0.025529906476416463,-0.028012958149214756,0.04492552314336754
2026-04-23T20:00:00Z,1776974400,2026-04-23,0.0008254534109028,-0.024406591388880128,0.0,0.0,0.07685367266169085,CHOG,0.99,1776977938,2026-04-23T20:58:58Z,3538,observed,10,8,2,2,7,4,6,960090.6241119382,72288.85666783123,887801.7674441069,1032379.4807797694,26171.762631129328,0.02496777804616338,272.0508294796,100.0,172.0508294796,950010.2,1.0,1.2,2,863551.1216727827,1008128.8350084451,24250.64577132426,24250.64577132426,0,3,-4739.876090348883,4739.876090348883,1579.958696782961,2275.646928973188,0.0,0.0,0,0,0.0,916099.7052667042,0.0,1,0,916099.7052667042,916099.7052667042,0.0,1,0,916099.7052667042,2,10,1032379.4807797694,13.847377840002927,0.8599568123666492,732.8389971422724,852.1811637557223,0.8599568123666492,-0.2,-1.0,-1.0,1.4403205182557972,0.3,0.8565880586736205,1.0,-0.14341194132637947,839300.4759014584,0,0.0,0.0,0.0,0,0.0,0.0,916099.7052667042,0.8873672155656972,0.8873672155656972,1,0.1,1.0,916099.7052667042,0.8873672155656972,0.8873672155656972,1,0.1,1.0,1.0896113411812358,1.1496652168827928,1.6726712694796622,1.1302468724798387,0.8773487388132485,1.1728549608651675,2.679637116868985,2.2868344718417077,1.1200915404616871,1.1794167315729898,1.672557940516274,1.1686252439867928,0.6920377514463145,0.6580218460314747,0.9339622641509434,0.9339622641509434,0.7012578616352201,0.22955974842767296,high,high,high,low,0,916099.7052667042,916099.7052667042,0.0,0.0,pre_price_events,7114,0x116e7d070f1888b81e1e0324f56d6746b2d7d8f1,1000863.055673601,300642.46895390877,149669.25197770135,5177.998050260203,-0.00039612791640169544,-0.0054547822161265715,0.07012976100032357
2026-04-23T21:00:00Z,1776978000,2026-04-23,0.0008254534109028,0.0,0.0,0.07685367266169085,0.07685367266169085,CHOG,0.99,1776977938,2026-04-23T20:58:58Z,-62,forward_fill,12,10,4,4,10,8,4,241641.11227193265,557.6149134706038,241083.49735846205,242198.7271854033,6246.330839558008,0.02348021567333307,102.33568656300001,100.0,2.335686563,1009523.75,1.0,1.0,1,210895.54189032232,212010.77171726353,30187.955468139735,30187.955468139735,4,4,192.02939211722975,1307.2592190584376,163.4074023823047,242.451050213933,0.0,0.0,0,0,0.0,0.0,0.0,0,0,0.0,191097.2544013765,0.0,1,0,191097.2544013765,4,12,242198.72718540326,12.39751798369836,0.9953953935270373,199.0031952069187,199.92376547150786,0.9953953935270373,0.3333333333333333,0.0,0.14689465510561878,1.4837213411342245,0.6666666666666666,0.9947397492216646,1.0,-0.0052602507783353625,180707.5864221826,0,0.0,0.0,0.0,0,0.0,0.0,0.0,0.0,0.0,0,0.0,0.0,191097.2544013765,0.7890101513832127,0.7890101513832127,1,0.08333333333333333,1.0,0.24557220112649814,0.24259912801310626,1.7086651769477645,1.3099273656018142,-0.1317000434326933,-0.08616013714009453,-0.08281190203483998,0.0550556048453901,0.22166446597683456,0.21578064192305413,1.713134334440281,1.354631406676733,-0.20746592491712676,0.04167754794736443,0.103125,0.103125,0.371875,0.415625,low,low,mid,mid,0,0.0,0.0,0.0,0.0,pre_price_events,7114,0x116e7d070f1888b81e1e0324f56d6746b2d7d8f1,1000863.055673601,300642.46895390877,149669.25197770135,5177.998050260203,-0.001430933567406341,0.07290166344832319,0.0702288184645235
2026-04-23T22:00:00Z,1776981600,2026-04-23,0.0008254534109028,0.0,0.0,0.07685367266169085,0.02259020308730153,CHOG,0.99,1776977938,2026-04-23T20:58:58Z,-3662,forward_fill,4,3,2,2,3,3,1,133803.75507407775,0.03030962783378269,133803.72476444993,133803.7853837056,3483.6807625473275,0.025851510931101954,104.50000000074999,100.0,4.50000000075,1993933.75,1.0,1.0,1,112030.77699506374,112030.83761431942,21772.947769386185,21772.947769386185,1,1,1938.5857828403527,1938.6464020960202,969.3232010480101,1370.7871529582453,0.0,0.0,0,0,0.0,0.0,0.0,0,0,0.0,0.0,0.0,0,0,0.0,2,4,133803.7853837056,11.804137191236299,0.9999995469541052,110.44874099831465,110.44879103668602,0.9999995469541052,0.5,0.0,0.9999687311437496,1.4141693415325058,0.5,0.9999994589056285,1.0,-5.410943715311589e-07,90257.82922567756,0,0.0,0.0,0.0,0,0.0,0.0,0.0,0.0,0.0,0,0.0,0.0,0.0,0.0,0.0,0,0.0,0.0,0.10214390215573922,0.08635758251141366,1.7046425673652215,1.3062632365550026,-0.1317000434326933,-0.08616013714009453,-0.08281190203483998,0.0550556048453901,0.08262918410314059,0.06443383852862311,1.7100773283254014,1.351385316695523,-0.6577617963566342,-0.23370545006805538,0.2639751552795031,0.2639751552795031,0.27639751552795033,0.059006211180124224,low,low,low,low,0,0.0,0.0,0.0,0.0,pre_price_events,7114,0x116e7d070f1888b81e1e0324f56d6746b2d7d8f1,1000863.055673601,300642.46895390877,149669.25197770135,5177.998050260203,-0.0016918129385899716,0.07413243628303398,0.018594390304126802
2026-04-23T23:00:00Z,1776985200,2026-04-23,0.0008254534109028,0.0,0.07685367266169085,0.07685367266169085,0.02259020308730153,CHOG,0.99,1776977938,2026-04-23T20:58:58Z,-7262,forward_fill,29,22,5,4,16,10,19,2889741.4836502885,1040999.9967270159,1848741.4869232727,3930741.480377305,107565.77946478134,0.02435151667238407,909.3480660494138,100.0,809.3480660494138,843992.0689655172,1.0,1.6896551724137931,5,1742357.423987771,3819040.6480773278,106384.062935502,111700.83229997665,4,14,-5609.703537860765,11575.648232165728,643.0915684536516,609.8945496750754,1793088.454720992,0.0,1,0,1793088.454720992,2488090.492731667,758717.68439,2,1,3246808.1771216667,2703961.0511205727,758717.68439,3,1,3462678.735510573,5,29,3930741.4803773044,15.184338892305774,0.4703289433183012,1526.0499662583297,3244.643962354568,0.47032894331830116,-0.3103448275862069,-0.5555555555555556,-0.48461247485673004,0.9483790172239387,0.6206896551724138,0.4562290859263176,0.952401703237123,-0.4961726173108054,1635973.3610522689,0,1793088.454720992,0.4561705377146493,0.4561705377146493,1,0.034482758620689655,1.0,1729372.808341667,0.43996096333856777,0.8260039978029823,3,0.10344827586206896,0.3333333333333333,1945243.3667305727,0.494879497021476,0.8809225314858906,4,0.13793103448275862,0.5,1.9958984542542546,2.405923369860524,0.8065262338193623,0.5425371417086511,1.5976267100628825,2.2275231093855035,1.1913831383083722,1.200363692917956,1.9900685675099123,2.389454753697994,0.7879110336498043,0.554718442256558,1.4011851356437048,1.223880824049404,0.9660493827160493,0.9660493827160493,0.9475308641975309,0.6358024691358025,high,high,high,mid,0,1729372.808341667,1729372.808341667,0.0,0.0,pre_price_events,7114,0x116e7d070f1888b81e1e0324f56d6746b2d7d8f1,1000863.055673601,300642.46895390877,149669.25197770135,5177.998050260203,0.07874108441113278,0.07056760176485802,0.01276403986370795
2026-04-24T00:00:00Z,1776988800,2026-04-24,0.0008888925371418,0.07685367266169085,0.0,0.0,-0.05039075498555412,CHOG,0.99,1776992336,2026-04-24T00:58:56Z,3536,observed,43,41,2,2,40,18,25,358127.1936576226,909576.2613524778,-551449.0676948553,1267703.4550101005,34791.90586474569,0.027665921534437424,163.825612830093,100.0,63.82561283009302,738202.976744186,1.0,1.0465116279069768,2,-545121.504517724,1253263.4438745864,-6327.563177131274,14440.01113551406,12,18,2571.29479174938,5609.103610292924,186.97012034309745,752.9716196053869,0.0,0.0,0,0,0.0,0.0,738940.59307,0,1,738940.59307,199363.08701068212,738940.59307,1,1,938303.680080682,2,43,1267703.4550101005,14.052718307166995,-0.43499847343278053,-490.1789608877601,1126.8521404673538,-0.4349984734327806,-0.16279069767441862,-0.2,0.45841456503512495,4.02722968902012,0.6976744186046512,-0.43496162533268157,-0.4381965580046635,0.0032349326719819382,-538793.9413405928,0,0.0,0.0,0.0,0,0.0,0.0,-738940.59307,-0.58289704122019,0.58289704122019,1,0.023255813953488372,-1.0,-539577.5060593178,-0.42563385303309653,0.7401602294072837,2,0.046511627906976744,0.0,-0.7284266375416102,-0.8938452418704599,-0.588563082813311,-0.7222595173050745,-0.8936715636802749,-1.1079030216822294,-1.751245462880919,-1.5303278820247261,-0.7560981961182873,-0.9245450959829233,-0.5905592626485339,-0.7227688895567475,0.6669985246474122,0.7430763020074985,0.8374233128834356,0.8374233128834356,0.7576687116564417,0.9601226993865031,high,high,high,high,1,-738940.59307,-738940.59307,-0.0,-0.43499847343278053,pre_price_events,7114,0x116e7d070f1888b81e1e0324f56d6746b2d7d8f1,1000863.055673601,300642.46895390877,149669.25197770135,5177.998050260203,0.0040652599325583325,-0.0022111933909699797,-0.05796120569770481
2026-04-24T01:00:00Z,1776992400,2026-04-24,0.0008888925371418,0.0,0.0,-0.05039075498555412,-0.05039075498555412,CHOG,0.99,1776992336,2026-04-24T00:58:56Z,-64,forward_fill,18,15,4,4,15,3,15,62156.949911928576,283641.9559436011,-221485.0060316725,345798.90585552965,9265.571111831978,0.02539454691568607,104.68881661894444,100.0,4.688816618944444,886371.7222222222,1.0,1.0,1,-178982.76270196162,303296.66252581874,-42502.24332971087,42502.24332971087,2,10,-5478.287517471168,9663.700420933154,805.3083684110961,999.147070492895,0.0,0.0,0,0,0.0,0.0,0.0,0,0,0.0,0.0,199780.11832271202,0,1,199780.11832271202,4,18,345798.9058555296,12.753615579980075,-0.6405023332381685,-196.87636895036024,307.3780667667802,-0.6405023332381685,-0.6666666666666666,-0.6666666666666666,-0.5668933512885295,1.2407012141997853,0.6666666666666666,-0.5901244056278574,-1.0,0.4098755943721426,-136480.51937225074,0,0.0,0.0,0.0,0,0.0,0.0,0.0,0.0,0.0,0,0.0,0.0,-199780.11832271202,-0.5777349637022205,0.5777349637022205,1,0.05555555555555555,-1.0,-0.3507627910243542,-0.4341222297538613,-0.9183156223280671,-0.99382689893551,-0.1526556278939938,-0.11094470860232102,-0.043776711012663005,0.026761983935616074,-0.3130525594653022,-0.3884236893480924,-0.843991575884495,-0.9247671156354178,-0.14482325109059185,0.1216812215375888,0.2774390243902439,0.2774390243902439,0.4603658536585366,0.5975609756097561,low,low,mid,mid,0,0.0,0.0,-0.0,-0.0,pre_price_events,7114,0x116e7d070f1888b81e1e0324f56d6746b2d7d8f1,1000863.055673601,300642.46895390877,149669.25197770135,5177.998050260203,-0.0013963754800731436,-0.0552822414900577,-0.0591264261565526
2026-04-24T02:00:00Z,1776996000,2026-04-24,0.0008888925371418,0.0,0.0,-0.05039075498555412,-0.013094251253842226,CHOG,0.99,1776992336,2026-04-24T00:58:56Z,-3664,forward_fill,7,6,2,2,6,3,4,527585.0372810733,4171.610001528336,523413.427279545,531756.6472826017,14585.427762884401,0.027134948845772052,102.47668724785714,100.0,2.476687247857143,902232.0,1.0,1.0,1,523300.07655931497,531643.2965623717,113.35072023001244,113.35072023001244,2,4,-3910.9554002130585,4432.264602843615,738.7107671406025,1534.8133381999364,0.0,0.0,0,0,0.0,527324.382679758,0.0,1,0,527324.382679758,527324.382679758,0.0,1,0,527324.382679758,2,7,531756.6472826017,13.183943114308583,0.9843100785938597,465.25828934859976,472.67451534504903,0.9843100785938597,-0.14285714285714285,-0.3333333333333333,-0.8823831044978454,2.077691847028145,0.8571428571428571,0.9843067333736656,1.0,-0.015693266626334412,523186.72583908495,0,0.0,0.0,0.0,0,0.0,0.0,527324.382679758,0.9916648628174306,0.9916648628174306,1,0.14285714285714285,1.0,527324.382679758,0.9916648628174306,0.9916648628174306,1,0.14285714285714285,1.0,0.5039781381191686,0.5753090804745824,1.7162557202147757,1.2840188199369975,0.3688844673790614,0.5817371248612434,2.535864814419665,2.5300402248821916,0.5378657631198893,0.6136957158579551,1.7258085216562986,1.2949418657586422,0.08248027443379657,0.33446668872932284,0.12424242424242424,0.12424242424242424,0.5606060606060606,0.18484848484848485,low,low,mid,low,0,0.0,0.0,0.0,0.0,pre_price_events,7114,0x116e7d070f1888b81e1e0324f56d6746b2d7d8f1,1000863.055673601,300642.46895390877,149669.25197770135,5177.998050260203,0.0005023174940955875,-0.053360159800213455,-0.016266777218109593
2026-04-24T03:00:00Z,1776999600,2026-04-24,0.0008888925371418,0.0,-0.05039075498555412,-0.05039075498555412,-0.013094251253842226,CHOG,0.99,1776992336,2026-04-24T00:58:56Z,-7264,forward_fill,6,6,2,2,6,3,3,31137.23206664015,21718.6436055675,9418.588461072653,52855.87567220765,1444.7575449626945,0.027319405936299865,119.66713021049999,100.0,19.6671302105,765203.1666666666,1.0,1.0,1,-14862.051121787923,28575.236089347076,24280.639582860575,24280.639582860575,0,2,-1718.6436055674988,1718.6436055674988,859.3218027837494,1174.756372470854,0.0,0.0,0,0,0.0,0.0,0.0,0,0,0.0,0.0,0.0,0,0,0.0,2,6,52855.87567220765,10.875343080702192,0.1781937834023073,8.372112993457351,46.9831934291202,0.1781937834023073,0.0,-1.0,-1.0,1.3670738583209028,0.3333333333333333,-0.5201024787798179,1.0,-1.5201024787798179,-39142.6907046485,1,0.0,0.0,0.0,0,0.0,0.0,0.0,0.0,0.0,0,0.0,0.0,0.0,0.0,0.0,0,0.0,0.0,-0.09849113976190453,-0.12854518765240264,0.4304356854796413,0.14724800229420656,-0.17493989050166592,-0.13192561150066515,-0.14902839915633184,-0.027513013656577337,-0.12810943879808084,-0.16224544068297794,-0.6645453042063546,-0.819668332526572,-1.3817989265239012,-0.7784767403205898,0.6054216867469879,0.6054216867469879,0.1716867469879518,0.18674698795180722,mid,mid,low,low,0,0.0,0.0,-14862.051121787923,0.0,pre_price_events,7114,0x116e7d070f1888b81e1e0324f56d6746b2d7d8f1,1000863.055673601,300642.46895390877,149669.25197770135,5177.998050260203,-0.05396846794704871,-0.05361827876251111,-0.019431205867808502
2026-04-24T04:00:00Z,1777003200,2026-04-24,0.0008441005710942,-0.05039075498555412,0.0,0.0,0.039275632506236224,CHOG,0.99,1777006737,2026-04-24T04:58:57Z,3537,observed,21,21,2,2,21,11,10,113675.08129700807,825.1417158051909,112849.93958120288,114500.22301281327,3176.505059310209,0.0274997982097878,163.4464444112857,100.0,63.44644441128571,543847.4761904762,1.0,1.0,1,108054.84224226346,109705.12567387384,4795.097338939424,4795.097338939424,8,10,10546.245540509537,12196.528972119919,677.5849428955511,1486.6088682616348,0.0,0.0,0,0,0.0,0.0,0.0,0,0,0.0,0.0,0.0,0,0,0.0,2,21,114500.22301281327,11.648340783254,0.9855870723376171,95.25669844843932,96.64970363552894,0.9855870723376172,0.047619047619047616,-0.1111111111111111,0.8646923698223675,2.1939815573658548,0.8571428571428571,0.9849570982078243,1.0,-0.015042901792175711,103259.74490332404,0,0.0,0.0,0.0,0,0.0,0.0,0.0,0.0,0.0,0,0.0,0.0,0.0,0.0,0.0,0,0.0,0.0,0.015305485303895472,0.004475582076908748,1.575331736366973,1.247363387140451,-0.17493989050166592,-0.13192561150066515,-0.14902839915633184,-0.027513013656577337,0.016710987753955946,0.006510841515021425,1.6123556440798157,1.2645082294692305,-0.9110497199290913,-0.39623383301491816,0.8353293413173652,0.8353293413173652,0.24850299401197604,0.8203592814371258,high,high,low,high,0,0.0,0.0,0.0,0.0,pre_price_events,7114,0x116e7d070f1888b81e1e0324f56d6746b2d7d8f1,1000863.055673601,300642.46895390877,149669.25197770135,5177.998050260203,-0.007409612628400791,-0.00994416405223409,0.02075841335641056
2026-04-24T05:00:00Z,1777006800,2026-04-24,0.0008441005710942,0.0,0.0,0.039275632506236224,0.039275632506236224,CHOG,0.99,1777006737,2026-04-24T04:58:57Z,-63,forward_fill,10,9,2,2,9,4,6,15065.006866638005,116618.36175532526,-101553.35488868724,131683.36862196325,3591.0374758397566,0.027436339884932066,102.1030079431,100.0,2.1030079431,726863.3,1.0,1.0,1,-101504.52601861782,131634.5397518938,-48.82887006942855,48.82887006942855,3,4,5163.4832295852575,6988.722980914437,998.3889972734911,1042.9473819824914,0.0,0.0,0,0,0.0,0.0,0.0,0,0,0.0,0.0,0.0,0,0,0.0,2,10,131683.36862196328,11.7881631914083,-0.7711934768332569,-85.72124485807286,111.15400665740724,-0.7711934768332569,-0.2,-0.14285714285714285,0.7388307196731445,1.0446302842185613,0.7,-0.7711086027264169,-1.0,0.2288913972735831,-101455.6971485484,0,0.0,0.0,0.0,0,0.0,0.0,0.0,0.0,0.0,0,0.0,0.0,0.0,0.0,0.0,0,0.0,0.0,-0.2442472245903971,-0.2715870767869929,-1.1918812181508895,-1.1863686817594652,-0.17493989050166592,-0.120219618696559,-0.14902839915633184,-0.004925366018953895,-0.25084279977946,-0.2781745617796638,-1.1440064567031234,-1.1704736913578722,-0.7877562679836542,-0.31591988009334016,0.050595238095238096,0.050595238095238096,0.2708333333333333,0.3601190476190476,low,low,low,mid,0,0.0,0.0,-0.0,-0.0,pre_price_events,7114,0x116e7d070f1888b81e1e0324f56d6746b2d7d8f1,1000863.055673601,300642.46895390877,149669.25197770135,5177.998050260203,-0.002331221790168949,0.03554631930013688,0.03258734681681287
2026-04-24T06:00:00Z,1777010400,2026-04-24,0.0008441005710942,0.0,0.0,0.039275632506236224,0.24180667954745627,CHOG,0.99,1777006737,2026-04-24T04:58:57Z,-3663,forward_fill,5,5,1,1,5,1,4,3248.9552879363728,40580.04708033396,-37331.09179239759,43829.00236827033,1190.9608151005161,0.027249445355969727,102.2209759916,100.0,2.2209759916,610297.4,1.0,1.0,1,-37331.09179239759,43829.00236827033,0.0,0.0,1,3,-331.09179239758896,6829.002368270334,1707.2505920675835,1666.4225283288567,0.0,0.0,0,0,0.0,0.0,0.0,0,0,0.0,0.0,0.0,0,0,0.0,1,5,43829.00236827033,10.688073847445944,-0.8517440456144889,-31.511195901532805,36.996085929546034,-0.8517440456144888,-0.6,-0.5,-0.04848318605598151,0.9760854886046451,0.8,-0.8517440456144889,0.0,-0.8517440456144889,-37331.09179239759,0,0.0,0.0,0.0,0,0.0,0.0,0.0,0.0,0.0,0,0.0,0.0,0.0,0.0,0.0,0,0.0,0.0,-0.16881086925470334,-0.178776239999166,-1.3018448430087992,-1.2642513687032835,-0.17493989050166592,-0.120219618696559,-0.14902839915633184,-0.004925366018953895,-0.17114117849734953,-0.1808216084845363,-1.254454873819449,-1.2493298642514816,-1.4761999795209686,-0.8346853132580658,0.08579881656804733,0.08579881656804733,0.15088757396449703,0.13609467455621302,low,low,low,low,0,0.0,0.0,-0.0,-0.0,pre_price_events,7114,0x116e7d070f1888b81e1e0324f56d6746b2d7d8f1,1000863.055673601,300642.46895390877,149669.25197770135,5177.998050260203,-0.0038151850469195694,0.0361811034955714,0.2356215522343791
2026-04-24T07:00:00Z,1777014000,2026-04-24,0.0008441005710942,0.0,0.039275632506236224,0.039275632506236224,0.22088724493564227,CHOG,0.99,1777006737,2026-04-24T04:58:57Z,-7263,forward_fill,25,25,2,2,25,16,9,442210.47115103266,34558.897906497434,407651.57324453525,476769.3690575301,13282.084534834261,0.027782083622365766,400.2788863268,100.0,300.2788863268,613444.8,1.0,1.0,1,391171.13301152905,460288.92882452393,16480.440233006186,16480.440233006186,7,8,11926.76581982065,21044.561632815523,1402.970775521035,1602.4751731486742,0.0,0.0,0,0,0.0,0.0,0.0,0,0,0.0,0.0,0.0,0,0,0.0,2,25,476769.36905753,13.074790247369137,0.8550288665783505,344.0989257831613,402.4412967016825,0.8550288665783505,0.28,-0.06666666666666667,0.566738620072885,1.1422013922945382,0.6,0.8498382396693607,1.0,-0.15016176033063933,374690.69277852285,0,0.0,0.0,0.0,0,0.0,0.0,0.0,0.0,0.0,0,0.0,0.0,0.0,0.0,0.0,0,0.0,0.0,0.3354881646908498,0.4318711525575627,1.2765777835811012,1.142601064634514,-0.17493989050166592,-0.120219618696559,-0.14902839915633184,-0.004925366018953895,0.3423782502806022,0.4388079269473891,1.3046677982386112,1.1549417636771324,-0.022855412363131097,0.302791746420591,0.95,0.95,0.5441176470588235,0.8735294117647059,high,high,mid,high,0,0.0,0.0,0.0,0.0,pre_price_events,7114,0x116e7d070f1888b81e1e0324f56d6746b2d7d8f1,1000863.055673601,300642.46895390877,149669.25197770135,5177.998050260203,0.0377488104365467,0.03327070795965607,0.2095415786289552
2026-04-24T08:00:00Z,1777017600,2026-04-24,0.0008772531549228,0.039275632506236224,0.0,0.0,0.2140757508293336,CHOG,0.99,1777021134,2026-04-24T08:58:54Z,3534,observed,17,17,2,2,17,7,10,144476.89047171795,19143.6700375458,125333.22043417217,163620.56050926374,4593.424170658212,0.027809960455996274,105.15032575464706,100.0,5.150325754647059,569422.7647058824,1.0,1.0,1,118672.43618759865,156959.77626269025,6660.784246573499,6660.784246573499,2,9,6517.114209027703,6804.454284119295,618.5867531017541,1341.4079209930526,0.0,0.0,0,0,0.0,0.0,0.0,0,0,0.0,0.0,0.0,0,0,0.0,2,17,163620.56050926374,12.00531148242145,0.7659992121043745,109.94896304251228,143.53665291698852,0.7659992121043745,-0.17647058823529413,-0.6363636363636364,0.9577717678606193,2.168504117275202,0.6470588235294118,0.7560690962567802,1.0,-0.2439309037432198,112011.65194102515,0,0.0,0.0,0.0,0,0.0,0.0,0.0,0.0,0.0,0,0.0,0.0,0.0,0.0,0.0,0,0.0,0.0,-0.04665353216955321,0.039013969306111784,1.0532570312682656,1.0059045399070472,-0.23682245528190352,-0.120219618696559,-0.20780455126820177,-0.004925366018953895,-0.0469067732675061,0.03921416491227689,1.0734523383678518,1.0087489427420386,-0.6865937681661867,-0.2199703823836703,0.30116959064327486,0.30116959064327486,0.31871345029239767,0.6842105263157895,low,low,low,high,1,0.0,0.0,0.0,0.7659992121043745,pre_price_events,7114,0x116e7d070f1888b81e1e0324f56d6746b2d7d8f1,1000863.055673601,300642.46895390877,149669.25197770135,5177.998050260203,0.00023836951072314888,-0.0014743080962441681,0.20985250543014433
2026-04-24T09:00:00Z,1777021200,2026-04-24,0.0008772531549228,0.0,0.0,0.19487712470734242,0.2911588867237276,CHOG,0.99,1777021134,2026-04-24T08:58:54Z,-66,forward_fill,18,17,3,3,17,12,6,359648.268133153,84.62251199621366,359563.6456211568,359732.89064514916,10216.231370794727,0.028164000801236395,187.19375867016666,100.0,87.19375867016667,619462.5555555555,1.0,1.0,1,339190.5330109162,339359.7780349086,20373.11261024056,20373.11261024056,3,6,8803.134988285961,8972.38001227839,996.9311124753767,1949.6197463720712,0.0,0.0,0,0,0.0,0.0,0.0,0,0,0.0,0.0,0.0,0,0,0.0,3,18,359732.8906451492,12.793119844442334,0.9995295258554511,315.4283425167034,315.5768132479557,0.9995295258554511,0.3333333333333333,-0.3333333333333333,0.9811371092440553,1.955621328269284,0.5,0.9995012814277154,1.0,-0.0004987185722845622,318817.4204006756,0,0.0,0.0,0.0,0,0.0,0.0,0.0,0.0,0.0,0,0.0,0.0,0.0,0.0,0.0,0,0.0,0.0,0.18217513880092426,0.3536613240885357,1.293071806220628,1.2946242792425404,-0.26380407612527906,-0.120219618696559,-0.29561157223651296,-0.004925366018953895,0.18056385160306251,0.35128993552243976,1.3196542183103657,1.310955324103145,-0.11131398767507443,0.15804653140862063,0.875,0.875,0.4796511627906977,0.6831395348837209,high,high,mid,high,0,0.0,0.0,0.0,0.0,pre_price_events,7114,0x116e7d070f1888b81e1e0324f56d6746b2d7d8f1,1000863.055673601,300642.46895390877,149669.25197770135,5177.998050260203,-0.001324817832373116,0.18999292167798873,0.2824849721877975
2026-04-24T10:00:00Z,1777024800,2026-04-24,0.0008772531549228,0.0,0.0,0.17474826383780928,0.24427658289534238,CHOG,0.99,1777021134,2026-04-24T08:58:54Z,-3666,forward_fill,28,25,5,4,24,18,10,270829.4452399157,6920.621778529318,263908.8234613864,277750.067018445,7953.863303807478,0.027514859433849532,105.10020364239286,100.0,5.100203642392857,804294.9285714285,1.0,1.0,1,249456.40629141565,263297.6498484743,14452.417169970726,14452.417169970726,11,9,20203.82459772726,20685.0681547859,1034.253407739295,1637.1767956794429,0.0,0.0,0,0,0.0,0.0,0.0,0,0,0.0,0.0,0.0,0,0,0.0,5,28,277750.06701844506,12.534480549145064,0.950166551872913,231.51484799346545,243.65712257195003,0.9501665518729129,0.2857142857142857,0.1,0.976734736697143,1.5829551862517308,0.7142857142857143,0.9474311921696825,1.0,-0.05256880783031748,235003.98912144493,0,0.0,0.0,0.0,0,0.0,0.0,0.0,0.0,0.0,0,0.0,0.0,0.0,0.0,0.0,0,0.0,0.0,0.04423983665996057,0.21934254802274278,1.1221308001322488,1.2270131085691454,-0.26380407612527906,-0.120219618696559,-0.29561157223651296,-0.004925366018953895,0.04328716927893911,0.21868442677452482,1.143678080270615,1.2396846471440435,-0.2787820645216375,0.03009246744202585,0.29190751445086704,0.29190751445086704,0.4190751445086705,0.8554913294797688,low,low,mid,high,0,0.0,0.0,0.0,0.0,pre_price_events,7114,0x116e7d070f1888b81e1e0324f56d6746b2d7d8f1,1000863.055673601,300642.46895390877,149669.25197770135,5177.998050260203,-0.00281077075181219,0.16814115554566494,0.23075250520288376
2026-04-24T11:00:00Z,1777028400,2026-04-24,0.0008772531549228,0.0,0.19487712470734242,0.2140757508293336,0.36921022115492197,CHOG,0.99,1777021134,2026-04-24T08:58:54Z,-7266,forward_fill,170,120,5,4,109,93,77,7067366.163790574,3737248.3695581467,3330117.7942324276,10804614.53334872,343579.5437015613,0.03063863427565232,217.99541436001766,100.0,117.99541436001765,1261235.517647059,1.0,1.1176470588235294,3,3144839.781919347,10455173.446864216,185278.01231308078,349441.08648450533,34,48,4154.338427414401,63888.81946796363,779.1319447312637,1177.306371509962,0.0,0.0,0,0,0.0,4055353.132352807,2191780.2519225804,6,4,6247133.384275388,4872671.161833898,3038578.4154694835,10,8,7911249.577303382,5,170,10804614.533348726,16.195483964999333,0.30821254973547957,2921.356341254953,9478.382187104902,0.3082125497354795,0.09411764705882353,-0.17073170731707318,0.06502449821439493,1.5110487761043292,0.4823529411764706,0.3007926934834896,0.530212443468053,-0.22941974998456338,2959561.769606266,0,0.0,0.0,0.0,0,0.0,0.0,1863572.8804302267,0.17247934895578745,0.5781912316254736,10,0.058823529411764705,0.2,1834092.7463644147,0.16975087271308387,0.7322102563571432,18,0.10588235294117647,0.1111111111111111,2.945996537684726,3.9550608435468924,0.12309018328243455,0.34370207531782176,1.592748833560104,2.3000057598054093,0.20689416048749806,0.4580561333254367,2.944028591803658,3.9382140737768787,0.15333987329197038,0.34935109327483743,2.067361472357944,1.7517076571440173,0.8879310344827587,0.8879310344827587,0.9913793103448276,0.9971264367816092,high,high,high,high,0,1863572.8804302267,1863572.8804302267,0.0,0.0,pre_price_events,7114,0x116e7d070f1888b81e1e0324f56d6746b2d7d8f1,1000863.055673601,300642.46895390877,149669.25197770135,5177.998050260203,0.18424998302642337,0.18435551236799236,0.29827849995169486
2026-04-24T12:00:00Z,1777032000,2026-04-24,0.0010482097273946,0.19487712470734242,-0.016845967215635915,0.08057879762320086,0.14748191257464227,CHOG,0.99,1777035535,2026-04-24T12:58:55Z,3535,observed,90,68,4,4,63,55,35,2357268.685106604,2285565.2381173368,71703.44698926741,4642833.923223941,156438.19030570152,0.03311156590513819,115.06293224541112,100.0,15.062932245411112,1030308.3222222222,1.0,1.1111111111111112,2,43991.42155666752,4475611.451113577,27712.025432599872,167222.4721103639,26,18,11301.523854589477,56605.11084099253,1286.4797918407394,1471.3700990264622,0.0,0.0,0,0,0.0,632882.838868239,1832072.7604920822,1,3,2464955.599360321,1330152.006362512,2070114.6148920823,5,4,3400266.621254594,4,90,4642833.92322394,15.350835712466049,0.015443896588805227,75.16025062187315,4866.663681000969,0.015443896588805227,0.2222222222222222,0.18181818181818182,0.19965553793077448,1.1437180034683447,0.4888888888888889,0.009829142238368796,0.16571950577497996,-0.15589036353661118,16279.396124067647,0,0.0,0.0,0.0,0,0.0,0.0,-1199189.9216238433,-0.2582883517813054,0.5309161689007129,4,0.044444444444444446,-0.5,-739962.6085295703,-0.15937735890749827,0.7323687811114898,9,0.1,0.1111111111111111,-0.2043853790757075,-0.08707282770558446,-0.2960315492212157,-0.07355867899174524,-1.933915815855555,-1.6601111449137875,-1.0209286862679505,-0.6730178771072256,-0.2348954802803654,-0.11773068581113025,-0.2559143378627159,-0.06547343643081868,1.527263215086139,1.3292459466792468,0.5171428571428571,0.5171428571428571,0.9514285714285714,0.9857142857142858,mid,mid,high,high,1,-1199189.9216238433,-0.0,0.0,0.015443896588805227,pre_price_events,7114,0x116e7d070f1888b81e1e0324f56d6746b2d7d8f1,1000863.055673601,300642.46895390877,149669.25197770135,5177.998050260203,-0.00653148764054539,0.08091323053656126,0.13678456087507485
2026-04-24T13:00:00Z,1777035600,2026-04-24,0.0010305516206918,-0.016845967215635915,0.03347737400610784,0.05918571765357594,0.1482779976679105,CHOG,0.99,1777039135,2026-04-24T13:58:55Z,3535,observed,56,49,4,4,47,35,21,869477.1802052652,1005296.964560727,-135819.78435546177,1874774.1447659922,60434.53162277136,0.031860272764374066,938.1460969582679,100.0,838.1460969582679,999699.1607142857,1.0,1.1428571428571428,3,-108713.81837429895,1835137.9879379899,-27105.965981162797,39636.15682800223,20,15,-653.4932858277133,11596.381802348049,331.3251943528014,746.8683465635103,0.0,0.0,0,0,0.0,0.0,835249.8279349878,0,2,835249.8279349878,356072.20817136083,835249.8279349878,2,2,1191322.0361063485,4,56,1874774.1447659924,14.443999287403864,-0.07244594488069105,-139.96929888953193,1932.0515333196765,-0.07244594488069106,0.25,0.14285714285714285,-0.05635320541924493,2.2541851911455626,0.625,-0.05924013294305607,-0.6838696823909254,0.6246295494478693,-81607.85239313616,0,0.0,0.0,0.0,0,0.0,0.0,-835249.8279349878,-0.4455202405403575,0.4455202405403575,2,0.03571428571428571,-1.0,-479177.619763627,-0.2555921848513852,0.6354482962293297,4,0.07142857142857142,0.0,-0.4748031512468467,-0.36371864401268433,-0.4386425782746989,-0.20692406036135153,-1.3173662771085977,-1.2021767283114082,-1.4965827001059926,-1.1765915781716616,-0.44693420433904235,-0.33680390277701944,-0.3663936821265113,-0.17220081684877986,0.900736746143238,0.9032868538251966,0.9744318181818182,0.9744318181818182,0.8267045454545454,0.9630681818181818,high,high,high,high,0,-835249.8279349878,-835249.8279349878,-0.0,-0.0,pre_price_events,7114,0x116e7d070f1888b81e1e0324f56d6746b2d7d8f1,1000863.055673601,300642.46895390877,149669.25197770135,5177.998050260203,0.03003769741675443,0.046787049137600054,0.12304419625519114
2026-04-24T14:00:00Z,1777039200,2026-04-24,0.0010650517827303,0.03347737400610784,0.06349120789352591,0.12777989365129505,0.28033339108790156,CHOG,0.99,1777042739,2026-04-24T14:58:59Z,3539,observed,73,61,4,4,57,38,35,2030763.0390646916,1186547.44873101,844215.5903336816,3217310.4877957017,108508.96350505449,0.03333342364061049,180.73119666297262,100.0,80.73119666297261,985348.0136986302,1.0,1.2191780821917808,4,807320.0818418916,3089749.468215136,36895.508491789995,127561.01958056586,20,17,-3333.6143802544075,25535.34880909481,690.1445624079678,1009.546030285626,0.0,0.0,0,0,0.0,1444778.963688159,384129.33571963874,3,1,1828908.2994077976,1444778.963688159,844129.3357196387,3,3,2288908.2994077974,4,73,3217310.4877957026,14.984056627084293,0.2623979232144563,899.1333194936002,3426.6022706237036,0.2623979232144563,0.0410958904109589,0.08108108108108109,-0.13054900503521177,1.4628037157363694,0.5068493150684932,0.26128981982097677,0.2892381121843204,-0.02794829236334362,770424.5733501016,0,0.0,0.0,0.0,0,0.0,0.0,1060649.6279685202,0.32966965171434554,0.5684587503585488,4,0.0547945205479452,0.5,600649.6279685202,0.18669308736193732,0.7114353147109569,6,0.0821917808219178,0.0,0.68114735768462,0.8493631103519701,0.054071005489229,0.27868290068307155,1.353379342954633,1.2145283322362295,0.8216650388999232,0.8600547793413926,0.6924554226993008,0.8585841513606662,0.09486955194130478,0.2934159882190561,1.2470552152374428,1.1804609477208408,0.8615819209039548,0.8615819209039548,0.923728813559322,0.980225988700565,high,high,high,high,1,1060649.6279685202,1060649.6279685202,0.0,0.2623979232144563,pre_price_events,7114,0x116e7d070f1888b81e1e0324f56d6746b2d7d8f1,1000863.055673601,300642.46895390877,149669.25197770135,5177.998050260203,0.0630010687594224,0.11697343897125165,0.2550968789139557
2026-04-24T15:00:00Z,1777042800,2026-04-24,0.001132673206885,0.06349120789352591,-0.03631025144190214,0.06191414739822654,0.12796782026328635,CHOG,0.99,1777046335,2026-04-24T15:58:55Z,3535,observed,78,58,5,4,56,53,25,1977395.231607536,134850.23693230984,1842544.994675226,2112245.4685398457,74485.78333519583,0.034079841486748176,111.88918435257692,100.0,11.889184352576923,749039.641025641,1.0,1.0512820512820513,2,1760245.0258905871,2029683.3402548968,82299.96878463907,82562.12828494921,24,19,2559.4237853544564,32763.084913843275,761.9322072986809,1240.4484350155237,0.0,0.0,0,0,0.0,538127.6177970913,0.0,1,0,538127.6177970913,538127.6177970913,0.0,1,0,538127.6177970913,5,78,2112245.468539845,14.563262616118722,0.8723157521786242,2087.001347948694,2392.4838485793366,0.8723157521786242,0.358974358974359,0.11627906976744186,0.07811913292307318,1.6280299259344242,0.5512820512820513,0.8672510588127149,0.99682470031047,-0.12957364149775508,1677945.057105948,0,0.0,0.0,0.0,0,0.0,0.0,538127.6177970913,0.2547656632773313,0.2547656632773313,1,0.01282051282051282,1.0,538127.6177970913,0.2547656632773313,0.2547656632773313,1,0.01282051282051282,1.0,1.703861318209675,2.006503766045494,0.9422395069493437,1.1178385617886044,0.584314354895377,0.5361389184795902,0.5621668516225428,0.6514100350112394,1.7216851587022786,2.022303959146209,0.9592019021722652,1.1267923474614114,0.8962400610762765,0.9476275199710642,0.45224719101123595,0.45224719101123595,0.8679775280898876,0.9747191011235955,mid,mid,high,high,1,538127.6177970913,0.0,0.0,0.8723157521786242,pre_price_events,7114,0x116e7d070f1888b81e1e0324f56d6746b2d7d8f1,1000863.055673601,300642.46895390877,149669.25197770135,5177.998050260203,-0.035864016386407425,0.05278126953505878,0.10385310574097072
2026-04-24T16:00:00Z,1777046400,2026-04-24,0.0010915455579415,-0.03631025144190214,0.1004066458993127,0.08411393632808939,0.1737946326157529,CHOG,0.99,1777049901,2026-04-24T16:58:21Z,3501,observed,34,24,4,4,23,15,19,268164.1586749755,1234531.6150726243,-966367.4563976488,1502695.7737475997,53364.48717699908,0.03273265349342544,224.99760263338234,100.0,124.99760263338236,1539661.8823529412,1.0,1.1176470588235294,2,-953831.0319930202,1426289.292303584,-12536.42440462862,76406.4814440158,7,10,-6592.507289135311,20154.568503949024,1185.562853173472,1289.6342332063703,0.0,0.0,0,0,0.0,0.0,737231.2276544552,0,2,737231.2276544552,0.0,919231.2276544552,0,3,919231.2276544552,4,34,1502695.7737476,14.222771901041126,-0.6430892222366527,-1054.8341043700798,1640.2608967716578,-0.6430892222366527,-0.11764705882352941,-0.17647058823529413,-0.3270974165407508,1.0877822544408537,0.5,-0.6687500475113981,-0.16407540522349864,-0.5046746422878995,-941294.6075883916,0,0.0,0.0,0.0,0,0.0,0.0,-737231.2276544552,-0.49060577698695534,0.49060577698695534,2,0.058823529411764705,-1.0,-919231.2276544552,-0.6117214433643932,0.6117214433643932,3,0.08823529411764706,-1.0,-1.429894330654674,-1.3821134551325978,-1.3468655362796946,-1.0414388658217733,-1.1193065689576165,-1.0691907144962012,-1.5134481164850164,-1.2739959351185748,-1.469370291049977,-1.4263101771245976,-1.3112955734824403,-1.0596439166415683,0.6139151349591022,0.762637259834017,0.8966480446927374,0.8966480446927374,0.7849162011173184,0.8184357541899442,high,high,high,high,0,-737231.2276544552,-737231.2276544552,-0.0,-0.0,pre_price_events,7114,0x116e7d070f1888b81e1e0324f56d6746b2d7d8f1,1000863.055673601,300642.46895390877,149669.25197770135,5177.998050260203,0.09737317072946251,0.07368111873105629,0.1554001374113922
2026-04-24T17:00:00Z,1777050000,2026-04-24,0.0012011439862607,0.1004066458993127,0.0013801147309246975,0.1352688572436771,-0.016040527070014687,CHOG,0.99,1777053509,2026-04-24T17:58:29Z,3509,observed,82,68,5,4,63,40,42,3881703.1678780257,1248784.3439436979,2632918.823934328,5130487.511821723,192951.46609084704,0.035964984777767606,123.90438524932928,100.0,23.90438524932927,1141874.8170731708,1.0,1.0731707317073171,2,2508628.4915320254,4955025.430232134,124290.33240230213,175462.08158958875,18,32,-14719.099565290691,42251.830991688556,845.036619833771,1160.3441816397312,1597801.769818006,0.0,1,0,1597801.769818006,2658712.8161756056,421904.5215249897,3,1,3080617.3377005956,2910487.7373904823,979282.8080882577,4,4,3889770.54547874,5,82,5130487.511821724,15.450711439089169,0.5131907675181996,3162.514611681313,6162.454221410285,0.5131907675181996,-0.024390243902439025,-0.28,-0.34836595763592154,1.3731288732410023,0.6097560975609756,0.506279640105601,0.7083600700293814,-0.2020804299237804,2384338.1591297234,0,1597801.769818006,0.31143273736391225,0.31143273736391225,1,0.012195121951219513,1.0,2236808.294650616,0.4359835765113041,0.600453140291679,4,0.04878048780487805,0.5,1931204.9293022247,0.37641743106329023,0.7581678225540731,8,0.0975609756097561,0.0,2.2019638138356377,2.796379415608311,0.3586681992872356,0.6118701909207622,2.4638935273310207,2.5328382201918904,1.0155904585417217,1.1068136988872739,2.207592752359757,2.8059402585926256,0.3855315325226285,0.6189773263556371,1.4395590828064695,1.360909323915865,0.6305555555555555,0.6305555555555555,0.9583333333333334,0.9833333333333333,mid,mid,high,high,1,2236808.294650616,0.0,0.0,0.5131907675181996,pre_price_events,7114,0x116e7d070f1888b81e1e0324f56d6746b2d7d8f1,1000863.055673601,300642.46895390877,149669.25197770135,5177.998050260203,0.005741776792980512,0.1288135621410808,-0.03562332365736173
2026-04-24T18:00:00Z,1777053600,2026-04-24,0.0012028017027701,0.0013801147309246975,-0.016163887383867426,0.06220246055379941,-0.03609836481957407,CHOG,0.99,1777057110,2026-04-24T18:58:30Z,3510,observed,27,24,4,4,24,15,12,420809.8568757667,252629.72755343592,168180.12932233076,673439.5844292026,26426.58533217211,0.039120997719357814,105.6664948122963,100.0,5.666494812296297,952819.8518518518,1.0,1.0,1,152254.03650289198,657089.9156097638,15926.092819438818,16349.668819438817,4,8,1694.045944952487,5911.3235283635795,492.6102940302983,836.330656055559,0.0,0.0,0,0,0.0,0.0,0.0,0,0,0.0,212628.8714433783,170521.08876173038,1,1,383149.9602051087,4,27,673439.5844292026,13.420155051830706,0.24973306174877993,202.28734592099505,810.0142788642335,0.2497330617487799,0.1111111111111111,-0.3333333333333333,0.2865764218155467,1.6977531046156333,0.4444444444444444,0.2317095923799163,0.974092686238611,-0.7423830938586947,136327.94368345317,0,0.0,0.0,0.0,0,0.0,0.0,0.0,0.0,0.0,0,0.0,0.0,42107.78268164792,0.06252644432438265,0.5689448156360766,2,0.07407407407407407,0.0,-0.3232046531574902,-0.043565654929523856,-0.07323372633145005,0.22510061904344333,-0.27336958386565086,-0.17492641196314493,-0.20181206635976665,-0.03907175856663067,-0.3281146531286761,-0.05147774677523606,-0.053285570379436,0.21696211496473644,0.06660197796304039,0.35044352798324857,0.30662983425414364,0.30662983425414364,0.6104972375690608,0.8259668508287292,low,low,mid,high,1,0.0,0.0,0.0,0.24973306174877993,pre_price_events,7114,0x116e7d070f1888b81e1e0324f56d6746b2d7d8f1,1000863.055673601,300642.46895390877,149669.25197770135,5177.998050260203,-0.017167111609780454,0.056045206059864495,-0.0476092454333923
2026-04-24T19:00:00Z,1777057200,2026-04-24,0.0011833597515014,-0.016163887383867426,0.15233035341720136,0.08272257489043411,-0.03265992436574294,CHOG,0.99,1777060709,2026-04-24T19:58:29Z,3509,observed,44,35,3,3,35,19,25,668503.9806738413,1324154.64353409,-655650.6628602487,1992658.6242079313,77480.18073593623,0.039070587941726256,147.74473164986364,100.0,47.74473164986364,1275265.8181818181,1.0,1.0,1,-616448.8198170386,1939688.8602157554,-39201.84304321,52969.7639921758,5,13,-16366.160632570107,17087.925525386636,949.3291958548131,1613.718221032598,0.0,0.0,0,0,0.0,0.0,669985.3712839339,0,1,669985.3712839339,0.0,934807.6187548984,0,2,934807.6187548984,3,44,1992658.6242079313,14.504980798963608,-0.32903310928175944,-775.8706054740321,2358.0320143698195,-0.32903310928175944,-0.13636363636363635,-0.4444444444444444,-0.9577617018669562,1.6998510401647797,0.4090909090909091,-0.3178080941025097,-0.7400796244627507,0.42227153036024095,-577246.9767738286,0,0.0,0.0,0.0,0,0.0,0.0,-669985.3712839339,-0.33622686954231745,0.33622686954231745,1,0.022727272727272728,-1.0,-934807.6187548984,-0.46912582386081225,0.46912582386081225,2,0.045454545454545456,-1.0,-1.1267353453137352,-0.9754666690342368,-1.0221152752691323,-0.5826272123194208,-1.0357812403360194,-0.9686092529642053,-1.0744925367706972,-0.90429310762371,-1.115441948230446,-0.9666343792823536,-0.9290236410430616,-0.5484199381329281,0.7384221497676442,0.8775680075270081,0.7554945054945055,0.7554945054945055,0.8489010989010989,0.9093406593406593,high,high,high,high,0,-669985.3712839339,-669985.3712839339,-0.0,-0.0,pre_price_events,7114,0x116e7d070f1888b81e1e0324f56d6746b2d7d8f1,1000863.055673601,300642.46895390877,149669.25197770135,5177.998050260203,0.1502722481441116,0.0724042441037278,-0.0523724324134218
2026-04-24T20:00:00Z,1777060800,2026-04-24,0.0013636213606673,0.15233035341720136,-0.0630691443440825,-0.13328066153515072,-0.17635451621645082,CHOG,0.99,1777064314,2026-04-24T20:58:34Z,3514,observed,48,34,5,4,27,20,28,3974903.486221361,581300.810687977,3393602.675533384,4556204.296909339,191828.65831876098,0.0407971957817901,124.60430017697917,100.0,24.604300176979166,1551708.1458333333,1.0,1.5,5,3216006.247804644,4245741.3103296785,177596.42772874006,310462.98657965916,9,16,8171.514821175299,26048.55798731172,1041.9423194924689,1125.8164749813302,2944080.304806641,0.0,1,0,2944080.304806641,3326126.5688689076,0.0,2,0,3326126.5688689076,3531965.491876553,173249.0912504,3,1,3705214.583126953,5,48,4556204.296909338,15.33200066331305,0.7448311037842189,4627.589097975023,6212.937502829712,0.7448311037842189,-0.16666666666666666,-0.28,0.3137031548984651,1.0804978873779851,0.5208333333333334,0.757466367529331,0.5720373616362543,0.18542900589307676,3038409.820075904,0,2944080.304806641,0.6461695114952882,0.6461695114952882,1,0.020833333333333332,1.0,3326126.5688689076,0.73002138449436,0.73002138449436,2,0.041666666666666664,1.0,3358716.4006261528,0.737174231389165,0.8132239780468915,4,0.08333333333333333,0.5,2.453042771753579,3.3144578483954272,0.698086636708775,0.9782042390103725,2.922869073334248,3.4518137400515005,1.91924400206093,1.8092196938956782,2.4477630578465654,3.3079084319664376,0.7438098983529849,0.9893740202827724,1.2144800845658585,1.3530754640651523,0.6366120218579235,0.6366120218579235,0.9426229508196722,0.8661202185792349,mid,mid,high,high,1,3326126.5688689076,0.0,0.0,0.7448311037842189,pre_price_events,7114,0x116e7d070f1888b81e1e0324f56d6746b2d7d8f1,1000863.055673601,300642.46895390877,149669.25197770135,5177.998050260203,-0.05164450799646905,-0.12958354626380256,-0.17408269252559816
2026-04-24T21:00:00Z,1777064400,2026-04-24,0.0012776189282407,-0.0630691443440825,0.002842309898774431,-0.09254433973173293,-0.1098560155171383,CHOG,0.99,1777067907,2026-04-24T21:58:27Z,3507,observed,47,37,4,4,36,12,35,279263.9033185749,1651648.9511946726,-1372385.0478760977,1930912.8545132475,82505.2640105423,0.04189917719509493,110.65933385051063,100.0,10.659333850510638,1253023.085106383,1.0,1.0851063829787233,2,-1299470.7602878707,1851137.7354816655,-72914.28758822722,79775.11903158209,8,15,-18608.210187422927,39934.113584578125,1736.2658080251358,1592.725625868966,0.0,0.0,0,0,0.0,0.0,847950.8305698222,0,2,847950.8305698222,0.0,1011587.706622578,0,3,1011587.706622578,4,47,1930912.854513247,14.473503948563234,-0.7107441667646126,-1753.3851140010215,2466.970811709406,-0.7107441667646125,-0.48936170212765956,-0.30434782608695654,-0.46597278660040425,0.9173282215817892,0.48936170212765956,-0.7019849119707717,-0.9139978538842576,0.21201294191348585,-1226556.4726996433,0,0.0,0.0,0.0,0,0.0,0.0,-847950.8305698222,-0.43914505441706075,0.43914505441706075,2,0.0425531914893617,-1.0,-1011587.706622578,-0.5238909173234455,0.5238909173234455,3,0.06382978723404255,-1.0,-1.5428599006252444,-1.649166375298609,-1.4828261740349096,-1.104588288863673,-1.0453762968381237,-1.107510423083671,-1.2885059486118104,-1.1451805233139416,-1.536957206293062,-1.6441991838805685,-1.3917909744753132,-1.0763541176138929,0.6001868179314737,0.8604822443727498,0.4048913043478261,0.4048913043478261,0.8233695652173914,0.9184782608695652,mid,mid,high,high,0,-847950.8305698222,-0.0,-0.0,-0.0,pre_price_events,7114,0x116e7d070f1888b81e1e0324f56d6746b2d7d8f1,1000863.055673601,300642.46895390877,149669.25197770135,5177.998050260203,-0.0030276291965420574,-0.1074167369051279,-0.1372065999486206
2026-04-24T22:00:00Z,1777068000,2026-04-24,0.0012812503171673,0.002842309898774431,-0.07755964014346806,-0.1065670024178198,-0.1218243617933239,CHOG,0.99,1777071537,2026-04-24T22:58:57Z,3537,observed,12,11,3,3,11,5,7,481993.0877189563,606526.8355619513,-124533.74784299498,1088519.9232809076,45269.67877039089,0.04143657053547994,129.35100077,100.0,29.35100077,888956.25,1.0,1.0,1,-124215.74589313116,1088201.9213310438,-318.0019498638403,318.0019498638403,2,4,-29.09728374553751,979.2618429303618,163.2103071550603,97.23229929504329,0.0,0.0,0,0,0.0,0.0,580697.3533914045,0,1,580697.3533914045,470271.4928444956,580697.3533914045,2,1,1050968.8462359002,3,12,1088519.9232809076,13.900330381595017,-0.11440649378987741,-159.5589039218699,1394.666496946588,-0.1144064937898774,-0.16666666666666666,-0.3333333333333333,-0.029713486699804663,0.5957485221975984,0.5,-0.11414769948319478,-1.0,0.8858523005168052,-123897.74394326731,0,0.0,0.0,0.0,0,0.0,0.0,-580697.3533914045,-0.5334742534074386,0.5334742534074386,1,0.08333333333333333,-1.0,-110425.86054690892,-0.10144587911085208,0.9655026277040252,3,0.25,0.3333333333333333,-0.504543526285678,-0.35778393642751743,-0.4906482941335022,-0.23649125368882712,-0.7617451415434958,-0.80435173406823,-1.4188740596292004,-1.3471775891161581,-0.5077700783587674,-0.36317524600562745,-0.43427258837694993,-0.22113166374196466,0.17332057942274262,0.5057145148472163,0.6675675675675675,0.6675675675675675,0.6891891891891891,0.43243243243243246,high,high,high,mid,1,-580697.3533914045,-580697.3533914045,-0.0,-0.11440649378987741,pre_price_events,7114,0x116e7d070f1888b81e1e0324f56d6746b2d7d8f1,1000863.055673601,300642.46895390877,149669.25197770135,5177.998050260203,-0.07605936005261134,-0.10999677887652587,-0.12572084353124982
2026-04-24T23:00:00Z,1777071600,2026-04-24,0.0011818770036341,-0.07755964014346806,-0.01903283968385261,-0.049697581177308714,-0.07908599449663001,CHOG,0.99,1777075106,2026-04-24T23:58:26Z,3506,observed,40,34,5,4,27,23,17,1642371.4081590432,3351693.754693732,-1709322.346534689,4994065.162852775,191310.03430390783,0.03780166915088366,205.988625977475,100.0,105.988625977475,790064.625,1.0,1.75,6,-1615369.5415329284,4810903.68958046,-93952.80500176086,183161.47327231526,12,10,7001.826068469589,17836.015929535082,810.7279967970492,1193.7181278423136,0.0,2984032.0,0,1,2984032.0,1310655.489044502,2984032.0,2,1,4294687.489044502,1310655.489044502,2984032.0,2,1,4294687.489044502,5,40,4994065.162852775,15.423760998202813,-0.34227073351967785,-2020.2087731672268,5902.370770625882,-0.34227073351967785,0.15,0.09090909090909091,0.3925667086266221,1.472402744888973,0.55,-0.33577257949094347,-0.512950694942689,0.1771781154517455,-1521416.7365311675,0,-2984032.0,-0.5975156315932855,0.5975156315932855,1,0.025,-1.0,-1673376.510955498,-0.33507302295583385,0.8599582402307372,3,0.075,0.3333333333333333,-1673376.510955498,-0.33507302295583385,0.8599582402307372,3,0.075,0.3333333333333333,-1.6279901972780435,-1.9398239497759127,-0.7945875742691404,-0.586423964497472,-1.6210318583626704,-1.9306959411438804,-0.8283858902214457,-0.8939647782954446,-1.6202137291670387,-1.9307396193010637,-0.7260997967078133,-0.5615687932940783,1.1826084447692407,1.3805042581536424,0.8790322580645161,0.8790322580645161,0.9543010752688172,0.8602150537634409,high,high,high,high,0,-1673376.510955498,-1673376.510955498,-0.0,-0.0,pre_price_events,7114,0x116e7d070f1888b81e1e0324f56d6746b2d7d8f1,1000863.055673601,300642.46895390877,149669.25197770135,5177.998050260203,-0.023534955718937822,-0.0644719659946573,-0.10377136792350425
2026-04-25T00:00:00Z,1777075200,2026-04-25,0.0011593825280979,-0.01903283968385261,-0.01265433644413283,-0.019077158855659748,-0.036761936206702095,CHOG,0.99,1777078714,2026-04-25T00:58:34Z,3514,observed,31,27,2,2,27,16,15,208207.39383116845,448634.5487582134,-240427.1549270449,656841.9425893818,25147.39828459458,0.038389019615702694,116.65510661509678,100.0,16.655106615096773,1458906.3870967743,1.0,1.0,1,-225792.64123514286,621803.0239380341,-14634.513691902057,35038.91865134772,10,8,13698.910638636464,20192.527558333015,1121.8070865740565,1323.9885564027034,0.0,0.0,0,0,0.0,0.0,0.0,0,0,0.0,0.0,0.0,0,0,0.0,2,31,656841.942589382,13.395200216513803,-0.36603502203169375,-278.7470427027028,761.5310719600133,-0.36603502203169375,0.03225806451612903,0.1111111111111111,0.6784148541613961,1.1802283763834112,0.5806451612903226,-0.36312567250821903,-0.41766453575584767,0.05453886324762863,-211158.12754324081,0,0.0,0.0,0.0,0,0.0,0.0,0.0,0.0,0.0,0,0.0,0.0,0.0,0.0,0.0,0,0.0,0.0,-0.47544991171268774,-0.45048611140240225,-0.8403821570632597,-0.6010506611854642,-0.116406590205004,-0.15605933573066652,-0.008814338910089915,-0.03562057221262928,-0.4733734152779333,-0.4468765305274675,-0.7765415709592128,-0.5816064190252805,-0.1537759756563224,0.15467765742808284,0.5320855614973262,0.5320855614973262,0.5909090909090909,0.8582887700534759,mid,mid,mid,high,0,0.0,0.0,-0.0,-0.0,pre_price_events,7114,0x116e7d070f1888b81e1e0324f56d6746b2d7d8f1,1000863.055673601,300642.46895390877,149669.25197770135,5177.998050260203,-0.015610987654385584,-0.027669771072772294,-0.05281236151111556
2026-04-25T01:00:00Z,1777078800,2026-04-25,0.0011447113115199,-0.01265433644413283,-0.018843822017325373,-0.017077228417568868,-0.04109968683417009,CHOG,0.99,1777082314,2026-04-25T01:58:34Z,3514,observed,25,25,2,2,25,12,13,111140.96710635714,551818.8470132306,-440677.87990687345,662959.8141195878,24880.482227598466,0.03762555149022799,118.25369644484,100.0,18.25369644484,593745.44,1.0,1.0,1,-419444.99415665696,641726.9283693712,-21232.885750216527,21232.885750216527,8,10,1753.4479124008906,11905.149143392922,661.3971746329402,972.6664172115082,0.0,0.0,0,0,0.0,0.0,406389.004986306,0,1,406389.004986306,0.0,406389.004986306,0,1,406389.004986306,2,25,662959.8141195878,13.404471163529271,-0.66471280841071,-504.4489538660061,758.8975983058225,-0.6647128084107099,-0.04,-0.1111111111111111,0.14728483375397383,1.4706237863070932,0.72,-0.6536191261639388,-1.0,0.3463808738360612,-398212.1084064404,0,0.0,0.0,0.0,0,0.0,0.0,-406389.004986306,-0.6129919134329305,0.6129919134329305,1,0.04,-1.0,-406389.004986306,-0.6129919134329305,0.6129919134329305,1,0.04,-1.0,-0.6255742989743673,-0.6414523558680425,-1.3130592921633435,-1.0134860475972556,-0.47579440497986664,-0.579776439254433,-1.5505821041326393,-1.5568310672504992,-0.6250551958797466,-0.6414071397729353,-1.2222168831610822,-0.9826016013734263,-0.16684137432498272,0.15162698006507577,0.550531914893617,0.550531914893617,0.5930851063829787,0.824468085106383,mid,mid,mid,high,0,-0.0,-0.0,-0.0,-0.0,pre_price_events,7114,0x116e7d070f1888b81e1e0324f56d6746b2d7d8f1,1000863.055673601,300642.46895390877,149669.25197770135,5177.998050260203,-0.020704108314676384,-0.024112837616573828,-0.053617503512603935
2026-04-25T02:00:00Z,1777082400,2026-04-25,0.0011231405753044,-0.018843822017325373,0.012575654767589484,-0.03092532728237174,-0.008219171626844601,CHOG,0.99,1777085931,2026-04-25T02:58:51Z,3531,observed,27,19,5,4,18,3,24,1559.7011126943855,348632.2646844877,-347072.5635717933,350191.9657971821,12883.19085833807,0.035020333177682994,105.32462448544445,100.0,5.324624485444445,2545683.407407407,1.0,2.037037037037037,5,-329370.8973035505,332490.2995289393,-17701.666268242792,17701.666268242792,3,14,-7138.454879929804,10257.857105318575,603.4033591363868,819.5790020486813,0.0,0.0,0,0,0.0,0.0,0.0,0,0,0.0,0.0,0.0,0,0,0.0,5,27,350191.965797182,12.766239612387674,-0.9910923078481034,-389.8112787223969,393.3148059324259,-0.9910923078481034,-0.7777777777777778,-0.6470588235294118,-0.6959011815663333,1.3582605891052597,0.6296296296296297,-0.9906180654599299,-1.0,0.00938193454007008,-311669.2310353077,0,0.0,0.0,0.0,0,0.0,0.0,0.0,0.0,0.0,0,0.0,0.0,0.0,0.0,0.0,0,0.0,0.0,-0.5194341255469076,-0.5312993570754457,-1.660446811168402,-1.4497037010281517,-0.08016185599950333,-0.13911265838432849,0.2008238342452174,0.0025280076097732554,-0.5171410550866129,-0.5301612048440654,-1.5910933943639793,-1.435549012926513,-0.5815997486914519,-0.23250215870263552,0.29365079365079366,0.29365079365079366,0.4365079365079365,0.6772486772486772,low,low,mid,high,0,0.0,0.0,-0.0,-0.0,pre_price_events,7114,0x116e7d070f1888b81e1e0324f56d6746b2d7d8f1,1000863.055673601,300642.46895390877,149669.25197770135,5177.998050260203,0.008900593821880954,-0.038947511109981445,-0.023449304306246727
2026-04-25T03:00:00Z,1777086000,2026-04-25,0.0011372648034349,0.012575654767589484,-0.010641310992346109,-0.018028713991827705,-0.02040046745298585,CHOG,0.99,1777089502,2026-04-25T03:58:22Z,3502,observed,14,12,3,3,12,4,10,1507.8319277034966,65257.662727628405,-63749.83079992491,66765.4946553319,2442.1572540984753,0.03675229734892087,138.20186435421428,100.0,38.20186435421429,825736.7857142857,1.0,1.0,1,-58544.89427742926,60483.135451092945,-5204.9365224956455,6282.359204238955,4,7,-7859.15044730179,10874.814302708783,988.6194820644348,1176.5975192360816,0.0,0.0,0,0,0.0,0.0,0.0,0,0,0.0,0.0,0.0,0,0,0.0,3,14,66765.4946553319,11.108956656676918,-0.954832000107616,-72.50043879368474,75.9300471554299,-0.954832000107616,-0.42857142857142855,-0.2727272727272727,-0.7226928413245799,1.1901419510559423,0.7857142857142857,-0.9679540228989788,-0.8285003059015903,-0.1394537169973885,-53339.95775493361,0,0.0,0.0,0.0,0,0.0,0.0,0.0,0.0,0.0,0,0.0,0.0,0.0,0.0,0.0,0,0.0,0.0,-0.29273125274317974,-0.26286282036642616,-1.4589098329346382,-1.3895045391147283,-0.08016185599950335,-0.15477463260569457,0.2008238342452174,-0.024216707515886726,-0.289888054334443,-0.25968669629411156,-1.4778638455836477,-1.394039262238049,-1.717588719320846,-1.229786123278452,0.7289473684210527,0.7289473684210527,0.1763157894736842,0.4710526315789474,high,high,low,mid,1,0.0,0.0,-0.0,-0.954832000107616,pre_price_events,7114,0x116e7d070f1888b81e1e0324f56d6746b2d7d8f1,1000863.055673601,300642.46895390877,149669.25197770135,5177.998050260203,-0.013684964923808744,-0.02146865951225602,-0.02825183944082991
2026-04-25T04:00:00Z,1777089600,2026-04-25,0.0011251628149809,-0.010641310992346109,-0.03266703188420228,-0.02443982285396329,0.012028333237647626,CHOG,0.99,1777093133,2026-04-25T04:58:53Z,3533,observed,12,12,1,1,12,3,9,423387.8658738507,348740.62477808364,74647.24109576707,772128.4906519344,28789.41267416365,0.03705293063544155,114.21854766775,100.0,14.21854766775,549800.0,1.0,1.0,1,74647.24109576707,772128.4906519344,0.0,0.0,0,6,-2009.3653842943047,2009.3653842943047,334.89423071571747,564.3540431855014,0.0,0.0,0,0,0.0,0.0,333342.7632488752,0,1,333342.7632488752,410338.7747252581,333342.7632488752,2,1,743681.5379741333,1,12,772128.4906519344,13.556907548946235,0.09667722665270369,83.99029992187118,868.770266068884,0.09667722665270369,-0.5,-1.0,-1.0,1.685170992582927,0.5,0.09667722665270369,0.0,0.09667722665270369,74647.24109576707,0,0.0,0.0,0.0,0,0.0,0.0,-333342.7632488752,-0.43171928932116277,0.43171928932116277,1,0.08333333333333333,-1.0,76996.0114763829,0.09971916903541864,0.9631577476777442,3,0.25,0.3333333333333333,-0.18203441158060724,-0.1204810637556056,0.16138148804801566,0.16651087426122885,-0.3752187826701857,-0.5060604164989569,-1.0766307501893395,-1.1238462063247954,-0.17778252183095192,-0.11550826206750973,0.1637637855064163,0.18152384517065978,-0.11809423589105483,0.27143586094293637,0.4738219895287958,0.4738219895287958,0.6308900523560209,0.4712041884816754,mid,mid,mid,mid,0,-0.0,-0.0,0.0,0.0,pre_price_events,7114,0x116e7d070f1888b81e1e0324f56d6746b2d7d8f1,1000863.055673601,300642.46895390877,149669.25197770135,5177.998050260203,-0.03278045826867185,-0.029095913244647824,0.005796854110393199
2026-04-25T05:00:00Z,1777093200,2026-04-25,0.001088407085429,-0.03266703188420228,0.02605118664826045,0.023430759563503045,0.055246550438339925,CHOG,0.99,1777096733,2026-04-25T05:58:53Z,3533,observed,14,12,3,3,12,2,12,775.9284328468575,774577.6824819128,-773801.7540490659,775353.6109147596,27952.097154134026,0.03580672972422607,120.62672945757143,100.0,20.62672945757143,863793.3571428572,1.0,1.0,1,-745604.7323192246,747156.5891849184,-28197.02172984122,28197.02172984122,2,7,-1116.8197027629694,2668.6765684566844,296.5196187174094,326.93849204994257,0.0,0.0,0,0,0.0,0.0,671328.0,0,1,671328.0,0.0,671328.0,0,1,671328.0,3,14,775353.6109147597,13.561075766156355,-0.997998517265093,-842.2113118243917,843.9003638325844,-0.9979985172650929,-0.7142857142857143,-0.5555555555555556,-0.41849196562955343,1.1025863767939184,0.6428571428571429,-0.9979229830959708,-1.0,0.002077016904029172,-717407.7105893834,0,0.0,0.0,0.0,0,0.0,0.0,-671328.0,-0.865834621196862,0.865834621196862,1,0.07142857142857142,-1.0,-671328.0,-0.865834621196862,0.865834621196862,1,0.07142857142857142,-1.0,-0.8200503333541735,-0.9664677723303379,-1.4917702574972989,-1.4116192308853268,-0.6556348384477446,-0.8532704176345955,-2.0767930950298856,-2.1415932659335755,-0.8276700101429385,-0.9765890223760008,-1.4913885924090151,-1.397765931600803,-0.1744077409191346,0.2672699484849993,0.6015625,0.6015625,0.6328125,0.4713541666666667,mid,mid,mid,mid,0,-0.0,-0.0,-0.0,-0.0,pre_price_events,7114,0x116e7d070f1888b81e1e0324f56d6746b2d7d8f1,1000863.055673601,300642.46895390877,149669.25197770135,5177.998050260203,0.02412196912622649,0.016540619622016504,0.045195148566777234
2026-04-25T06:00:00Z,1777096800,2026-04-25,0.0011167613815608,0.02605118664826045,-0.01710065084199941,-0.0024152981812732843,0.053300868931649426,CHOG,0.99,1777100334,2026-04-25T06:58:54Z,3534,observed,13,13,1,1,13,5,8,319515.02832087193,74814.49693817213,244700.53138269985,394329.5252590441,14329.748777824034,0.03615869718390375,109.6834615943077,100.0,9.683461594307692,832489.3846153846,1.0,1.0,1,244700.53138269985,394329.5252590441,0.0,0.0,2,7,2234.4021549555396,3381.396031299799,375.71067014442207,894.0450575465384,0.0,0.0,0,0,0.0,0.0,0.0,0,0,0.0,175092.1596385724,0.0,1,0,175092.1596385724,1,13,394329.5252590441,12.884944733199546,0.6205483376421039,273.2721034956058,440.3719854185045,0.6205483376421039,-0.23076923076923078,-0.5555555555555556,0.6607928010421902,2.3796105050805987,0.6923076923076923,0.6205483376421039,0.0,0.6205483376421039,244700.53138269985,0,0.0,0.0,0.0,0,0.0,0.0,0.0,0.0,0.0,0,0.0,0.0,175092.1596385724,0.4440249801826286,0.4440249801826286,1,0.07692307692307693,1.0,-0.03439815719882331,0.05266253532863726,0.8924280708661059,0.9312733412021432,-0.040849089671894004,-0.15463911995582963,0.3268859574258048,-0.0024497914403506277,-0.02337062521598887,0.06649763533541919,0.8955800412507198,0.9463583865744186,-0.8285595639275073,-0.14133309422195173,0.36528497409326427,0.36528497409326427,0.4637305699481865,0.5025906735751295,mid,mid,mid,mid,1,0.0,0.0,0.0,0.6205483376421039,pre_price_events,7114,0x116e7d070f1888b81e1e0324f56d6746b2d7d8f1,1000863.055673601,300642.46895390877,149669.25197770135,5177.998050260203,-0.015834512562749783,-0.004197980787854064,0.0504675145046912
2026-04-25T07:00:00Z,1777100400,2026-04-25,0.0010976640351009,-0.01710065084199941,0.014799842697321042,0.0373817596760635,0.07524236428135156,CHOG,0.99,1777103930,2026-04-25T07:58:50Z,3530,observed,14,13,2,2,13,4,10,265631.52342753595,147195.49108649493,118436.03234104103,412827.0145140309,14974.557617891402,0.03603166865758537,103.31070861128572,100.0,3.3107086112857145,937894.5,1.0,1.0,1,109985.44522926823,404376.4274022581,8450.587111772791,8450.587111772791,1,5,3128.5921032637048,5072.284902815788,845.3808171359647,1613.3953397566158,0.0,0.0,0,0,0.0,0.0,0.0,0,0,0.0,245725.38766506693,0.0,1,0,245725.38766506693,2,14,412827.0145140309,12.930786355464114,0.28689021836533835,130.00297316080778,453.1453665501289,0.28689021836533835,-0.42857142857142855,-0.6666666666666666,0.6168013357307518,1.9084834988598156,0.42857142857142855,0.2719877761812732,1.0,-0.7280122238187268,101534.85811749543,0,0.0,0.0,0.0,0,0.0,0.0,0.0,0.0,0.0,0,0.0,0.0,245725.38766506693,0.5952260366350501,0.5952260366350501,1,0.07142857142857142,1.0,-0.12363045110127267,-0.06325959635598544,0.42542705294687594,0.4658556489202922,-0.040849089671894004,-0.14226795890414762,0.3268859574258048,0.028499975599919816,-0.12458563810675487,-0.06504340420988199,0.4049772887789677,0.45940219710416036,-0.7829872814810976,-0.10513097551768573,0.18298969072164947,0.18298969072164947,0.47164948453608246,0.5025773195876289,low,low,mid,mid,0,0.0,0.0,0.0,0.0,pre_price_events,7114,0x116e7d070f1888b81e1e0324f56d6746b2d7d8f1,1000863.055673601,300642.46895390877,149669.25197770135,5177.998050260203,0.01287373220360478,0.031718051851870335,0.06628151435042147
2026-04-25T08:00:00Z,1777104000,2026-04-25,0.0011139092901549,0.014799842697321042,0.00013895177414169346,0.03108738972083125,0.05814002836523069,CHOG,0.99,1777107505,2026-04-25T08:58:25Z,3505,observed,16,15,3,3,15,4,12,5385.279080408185,144266.68692547554,-138881.40784506736,149651.96600588373,5378.5602533144565,0.036095049245180304,123.0671810951875,100.0,23.0671810951875,1085922.75,1.0,1.0,1,-131343.10028306564,142107.89928588548,-7538.307562001743,7544.066719998257,4,8,857.6545574167606,9912.90360339961,826.0753002833009,1141.2857468514894,0.0,0.0,0,0,0.0,0.0,0.0,0,0,0.0,0.0,0.0,0,0,0.0,3,16,149651.96600588376,11.916074332702774,-0.9280292905714789,-154.70129042841214,166.69871522389917,-0.9280292905714789,-0.5,-0.3333333333333333,0.08651900509984074,1.381575924688812,0.75,-0.9242491159399678,-0.9992365976852713,0.07498748174530345,-123804.79272106389,0,0.0,0.0,0.0,0,0.0,0.0,0.0,0.0,0.0,0,0.0,0.0,0.0,0.0,0.0,0,0.0,0.0,-0.31548681648813065,-0.3032713536704384,-1.3876088940296252,-1.2930400260355492,-0.040849089671894004,-0.11475177888509555,0.3268859574258048,0.05897335670250201,-0.31402564708167363,-0.3017070431438208,-1.3810583993850278,-1.2740235334248946,-1.6060228246463972,-0.7147095082800784,0.6230769230769231,0.6230769230769231,0.2743589743589744,0.5564102564102564,mid,mid,low,mid,1,0.0,0.0,-0.0,-0.9280292905714789,pre_price_events,7114,0x116e7d070f1888b81e1e0324f56d6746b2d7d8f1,1000863.055673601,300642.46895390877,149669.25197770135,5177.998050260203,-0.0014826134106028668,0.027653051943201716,0.05095785847826266
2026-04-25T09:00:00Z,1777107600,2026-04-25,0.001114064069827,0.00013895177414169346,0.022110558186231533,0.05585106408643292,0.13138991023544144,CHOG,0.99,1777111104,2026-04-25T09:58:24Z,3504,observed,13,13,1,1,13,4,9,9713.244628715383,105854.77817911493,-96141.53355039954,115568.02280783032,4136.727554570793,0.03593106155530329,113.72122876238463,100.0,13.721228762384614,1180652.6923076923,1.0,1.0,1,-96141.53355039954,115568.02280783032,0.0,0.0,3,8,2537.4628285684944,4247.019186798354,386.0926533453049,831.7547850949298,0.0,0.0,0,0,0.0,0.0,0.0,0,0,0.0,0.0,0.0,0,0,0.0,1,13,115568.0228078303,11.657623230519967,-0.8319042864501224,-107.10782814656719,128.750181831151,-0.8319042864501224,-0.38461538461538464,-0.45454545454545453,0.597469122921806,2.154288039122681,0.8461538461538461,-0.8319042864501224,0.0,-0.8319042864501224,-96141.53355039954,0,0.0,0.0,0.0,0,0.0,0.0,0.0,0.0,0.0,0,0.0,0.0,0.0,0.0,0.0,0,0.0,0.0,-0.2669644015008952,-0.2602040612651393,-1.1535454905519336,-1.155638117146758,-0.040849089671894004,-0.11475177888509552,0.3268859574258048,0.05897335670250201,-0.2698147606074968,-0.26464043743257637,-1.153042454576903,-1.141981645899568,-1.6934467471498662,-0.8673093530822382,0.4719387755102041,0.4719387755102041,0.22704081632653061,0.5,mid,mid,low,mid,1,0.0,0.0,-0.0,-0.8319042864501224,pre_price_events,7114,0x116e7d070f1888b81e1e0324f56d6746b2d7d8f1,1000863.055673601,300642.46895390877,149669.25197770135,5177.998050260203,0.019247859715852335,0.051607102090038943,0.12318233234780529
2026-04-25T10:00:00Z,1777111200,2026-04-25,0.0011386966482661,0.022110558186231533,0.008642489745170678,0.036496308376494424,0.1109947728921079,CHOG,0.99,1777114731,2026-04-25T10:58:51Z,3531,observed,32,29,3,3,29,15,17,753849.1786909945,94593.61312087816,659255.5655701164,848442.7918118727,31224.930642576506,0.03651058960450038,126.6963777358125,100.0,26.6963777358125,1034709.375,1.0,1.0,1,652875.6202498607,830125.625946517,6379.945320255715,18317.165865355717,10,13,15822.066775106467,27418.8276725967,1192.122942286813,1931.6797233102393,0.0,0.0,0,0,0.0,309317.8748155882,0.0,1,0,309317.8748155882,576852.8144035338,0.0,2,0,576852.8144035338,3,32,848442.7918118729,13.651159117280528,0.7770182880123928,750.6921028654635,966.1189632817119,0.7770182880123928,-0.0625,-0.13043478260869565,0.5770511768057675,1.620369556519697,0.71875,0.7864780942106754,0.3483041736452506,0.43817392056542476,646495.674929605,0,0.0,0.0,0.0,0,0.0,0.0,309317.8748155882,0.3645712802333218,0.3645712802333218,1,0.03125,1.0,576852.8144035338,0.6798959458087314,0.6798959458087314,2,0.0625,1.0,0.30783329462396075,0.5209868080057268,1.5171104735182905,1.206176211054035,0.23035608400944388,0.22490018265506362,1.2545752503238934,1.0310708587748452,0.3299532676811697,0.5516919077135813,1.534157036959496,1.2357385324381613,-0.18145236787482832,0.3522464694333843,0.6624365482233503,0.6624365482233503,0.6573604060913706,0.8756345177664975,mid,mid,mid,high,1,0.0,0.0,0.0,0.7770182880123928,pre_price_events,7114,0x116e7d070f1888b81e1e0324f56d6746b2d7d8f1,1000863.055673601,300642.46895390877,149669.25197770135,5177.998050260203,0.009073566839743693,0.031332088014138844,0.10038663959105862
2026-04-25T11:00:00Z,1777114800,2026-04-25,0.0011485378223716,0.008642489745170678,0.024159336049033087,0.026236998836465242,0.07895414024907987,CHOG,0.99,1777118300,2026-04-25T11:58:20Z,3500,observed,13,12,3,3,12,5,8,17950.28138261314,2785.315464934103,15164.965917679037,20735.596847547244,766.1001447983149,0.036908169173155765,120.95720763623078,100.0,20.95720763623077,928945.6153846154,1.0,1.0,1,-2228.2135598038763,3342.4173700643305,17393.179477482914,17393.179477482914,4,8,-1271.8282619868667,4298.802667881339,358.23355565677826,599.55876970761,0.0,0.0,0,0,0.0,0.0,0.0,0,0,0.0,0.0,0.0,0,0,0.0,3,13,20735.596847547244,9.939655381894951,0.731349380930545,17.41753693143061,23.815617248857322,0.731349380930545,-0.23076923076923078,-0.3333333333333333,-0.29585639543061093,1.6736532919379676,0.9230769230769231,-0.6666473133368711,1.0,-1.666647313336871,-19621.39303728679,1,0.0,0.0,0.0,0,0.0,0.0,0.0,0.0,0.0,0,0.0,0.0,0.0,0.0,0.0,0,0.0,0.0,-0.09836476527133478,-0.15250369775260755,1.3690856476083253,1.1373009179908242,0.019638377658916312,-0.11950494063044698,0.29772653054691584,0.044833875113274815,-0.1135886018532509,-0.16989968672177705,-0.8178650870636618,-0.8735648069366639,-2.645538748307123,-1.9736590482473175,0.6035353535353535,0.6035353535353535,0.09343434343434344,0.4595959595959596,mid,mid,low,mid,1,0.0,0.0,-2228.2135598038763,0.731349380930545,pre_price_events,7114,0x116e7d070f1888b81e1e0324f56d6746b2d7d8f1,1000863.055673601,300642.46895390877,149669.25197770135,5177.998050260203,0.01881010756069707,0.02240974356153857,0.06919488143897584
2026-04-25T12:00:00Z,1777118400,2026-04-25,0.0011762857335873,0.024159336049033087,0.0033742980875024475,0.07154308852675917,0.12562930483448942,CHOG,0.99,1777121938,2026-04-25T12:58:58Z,3538,observed,42,36,3,3,35,21,21,484641.33621920575,168424.8833359065,316216.45288329927,653066.2195551122,24523.1927709515,0.03560677980535086,139.13200849316667,100.0,39.132008493166666,1460628.5714285714,1.0,1.0476190476190477,2,304939.3845500146,607869.7941693262,11277.06833328464,45196.42538578606,14,18,6061.807830627663,15199.204502440618,474.9751407012693,1068.8282761344137,0.0,0.0,0,0,0.0,0.0,0.0,0,0,0.0,0.0,0.0,0,0,0.0,3,42,653066.2195551122,13.389435342555004,0.48420273995907365,371.9609022522056,768.1924771504699,0.4842027399590736,0.0,-0.125,0.3988240193527422,2.2502825612228032,0.7619047619047619,0.5016524714256022,0.2495123947751672,0.25214007665043503,293662.31621673,0,0.0,0.0,0.0,0,0.0,0.0,0.0,0.0,0.0,0,0.0,0.0,0.0,0.0,0.0,0,0.0,0.0,0.16198560761605368,0.15283690229709157,0.9214633532402704,0.7564791778491261,-0.029918567960503892,-0.12805680026552993,0.269058821436916,0.028100741613831956,0.16509082787948076,0.15833418370842703,1.0640138526117981,0.8272189395328471,-0.10967704771308719,0.19576092540681675,0.7412060301507538,0.7412060301507538,0.585427135678392,0.9095477386934674,high,high,mid,high,1,0.0,0.0,0.0,0.48420273995907365,pre_price_events,7114,0x116e7d070f1888b81e1e0324f56d6746b2d7d8f1,1000863.055673601,300642.46895390877,149669.25197770135,5177.998050260203,0.0024645095066795648,0.06483210648541263,0.11043940417913031
2026-04-25T13:00:00Z,1777122000,2026-04-25,0.0011802548722885,0.0033742980875024475,-0.001341120841662713,0.07187528205701321,0.12440141095770896,CHOG,0.99,1777125537,2026-04-25T13:58:57Z,3537,observed,3,3,1,1,3,1,2,1370.7426989862938,20146.162794842297,-18775.420095856003,21516.90549382859,801.3546596786724,0.03743779284894705,102.12022384433332,100.0,2.120223844333333,509036.3333333333,1.0,1.0,1,-18775.420095856003,21516.90549382859,0.0,0.0,1,1,1224.579904143996,1516.9054938285917,758.4527469142959,865.908754324992,0.0,0.0,0,0,0.0,0.0,0.0,0,0,0.0,0.0,0.0,0,0,0.0,1,3,21516.90549382859,9.97664068118532,-0.8725892346016535,-22.159781047397466,25.39543254566239,-0.8725892346016535,-0.3333333333333333,0.0,0.8072881989854351,1.1416779197489524,0.6666666666666666,-0.8725892346016535,0.0,-0.8725892346016535,-18775.420095856003,0,0.0,0.0,0.0,0,0.0,0.0,0.0,0.0,0.0,0,0.0,0.0,0.0,0.0,0.0,0,0.0,0.0,-0.14228875276131603,-0.2013831447579665,-1.1457601485984252,-1.2166320068873602,-0.06592859462125995,-0.12805680026552993,0.2227013046465798,0.028100741613831956,-0.1429344973477828,-0.2019901958556696,-1.083465216059907,-1.178321450700479,-2.2426862178943545,-1.8770983482208257,0.0475,0.0475,0.1025,0.05,low,low,low,low,1,0.0,0.0,-0.0,-0.8725892346016535,pre_price_events,7114,0x116e7d070f1888b81e1e0324f56d6746b2d7d8f1,1000863.055673601,300642.46895390877,149669.25197770135,5177.998050260203,-0.005993339972246513,0.06927567042143884,0.1184432584247243
2026-04-25T14:00:00Z,1777125600,2026-04-25,0.0011786720078808,-0.001341120841662713,0.06937370153068856,0.05136936348268928,0.1106460283342785,CHOG,0.99,1777129137,2026-04-25T14:58:57Z,3537,observed,28,23,4,3,19,7,21,1808925.1121478032,1441850.0990855223,367075.01306228084,3250775.211233326,125277.11311903183,0.03692193447838939,1687.0787246209286,100.0,1587.0787246209286,1224020.857142857,1.0,1.5,4,332666.25012808386,3185693.3857656913,34408.762934197046,65081.82546763397,3,12,-8679.96600284476,16194.140301088712,1079.6093534059141,1260.9722436266286,1618883.58601841,0.0,1,0,1618883.58601841,1618883.58601841,471998.48187211953,1,1,2090882.0678905295,1618883.58601841,1252033.3674865838,1,4,2870916.953504994,4,28,3250775.211233326,14.994404360015206,0.11291922363435725,432.6610426889894,3831.5977453935157,0.11291922363435725,-0.5,-0.6,-0.5359942449221103,1.1679893654575677,0.5357142857142857,0.10442506853123484,0.5287000278028305,-0.4242749592715957,298257.48719388683,0,1618883.58601841,0.4979992404347807,0.4979992404347807,1,0.03571428571428571,1.0,1146885.1041462906,0.35280357133988627,0.6431949095296752,2,0.07142857142857142,0.0,366850.2185318263,0.11285007258088614,0.8831484082886754,5,0.17857142857142858,-0.6,0.22280913120168605,0.21442367843411816,0.3851815511357725,0.22943337634990563,1.096382942978444,1.1570542284203895,1.1933265046149908,1.0337798389322814,0.20800501535172938,0.19779291072812988,0.47547613351017387,0.2607057265946472,1.0920043817589815,1.185346222744436,0.9776119402985075,0.9776119402985075,0.917910447761194,0.7089552238805971,high,high,high,high,0,1146885.1041462906,1146885.1041462906,0.0,0.0,pre_price_events,7114,0x116e7d070f1888b81e1e0324f56d6746b2d7d8f1,1000863.055673601,300642.46895390877,149669.25197770135,5177.998050260203,0.070920182481346,0.04510012087971607,0.10078867866316685
2026-04-25T15:00:00Z,1777129200,2026-04-25,0.0012604408479581,0.06937370153068856,0.0036853583274654156,0.05047507364551462,0.07418227811283074,CHOG,0.99,1777132735,2026-04-25T15:58:55Z,3535,observed,37,31,5,4,29,15,22,2095124.8816503226,427191.91044635494,1667932.9712039677,2522316.7920966777,101279.69050648602,0.03940224900038803,120.49429707189188,100.0,20.494297071891893,908608.8648648649,1.0,1.054054054054054,2,1579916.8870968332,2405120.3798470465,88016.08410713449,117196.4122496308,8,18,-4607.655864321171,14747.271089310467,567.2027342042487,996.3389480835156,1435528.8008137057,0.0,1,0,1435528.8008137057,1435528.8008137057,0.0,1,0,1435528.8008137057,1825389.2678950035,284865.9090588289,3,1,2110255.1769538326,5,37,2522316.792096678,14.740688795537213,0.6612702165050002,2102.330848561602,3179.231116249291,0.6612702165050002,-0.1891891891891892,-0.38461538461538464,-0.3124412534642441,1.7565834718362547,0.7027027027027027,0.6568972182578686,0.7510134689077205,-0.09411625064985185,1491900.8029896987,0,1435528.8008137057,0.569131048610441,0.569131048610441,1,0.02702702702702703,1.0,1435528.8008137057,0.569131048610441,0.569131048610441,1,0.02702702702702703,1.0,1540523.3588361747,0.6107572861835541,0.8366336788328961,4,0.10810810810810811,0.5,1.4172856174163522,1.587048330683193,1.2729201882091763,1.0407656465681219,1.3070835753703158,1.473579783296884,1.6751665509508329,1.6528894247771073,1.4130292741392683,1.5864619989500701,1.3990371216322046,1.0815480112440123,0.9146343721922411,1.0267373563753055,0.5866336633663366,0.5866336633663366,0.8836633663366337,0.8712871287128713,mid,mid,high,high,1,1435528.8008137057,0.0,0.0,0.6612702165050002,pre_price_events,7114,0x116e7d070f1888b81e1e0324f56d6746b2d7d8f1,1000863.055673601,300642.46895390877,149669.25197770135,5177.998050260203,0.009057171349278904,0.04875068789394882,0.06935732354342378
2026-04-25T16:00:00Z,1777132800,2026-04-25,0.0012650860241334,0.0036853583274654156,-0.020446345117612785,0.049003955758634365,0.08927186967073086,CHOG,0.99,1777136302,2026-04-25T16:58:22Z,3502,observed,38,28,5,4,28,23,15,728379.9836185814,457664.4421510164,270715.541467565,1186044.4257695978,49621.823638550406,0.03970556633014592,103.77982555955263,100.0,3.779825559552632,1705668.2368421052,1.0,1.0,1,263264.70485715376,1127698.632976552,7450.8366104113065,58345.79279304581,10,10,8021.338668102826,24424.190175795917,1221.2095087897958,1346.7213736551835,0.0,0.0,0,0,0.0,0.0,0.0,0,0,0.0,0.0,417807.556609101,0,2,417807.556609101,5,38,1186044.425769598,13.986135159467024,0.22825075990884888,342.4784480263224,1500.4482270424419,0.22825075990884888,0.21052631578947367,0.0,0.32841779442300106,1.102776684886583,0.5263157894736842,0.23345306729890108,0.12770135178108963,0.10575171551781146,255813.86824674247,0,0.0,0.0,0.0,0,0.0,0.0,0.0,0.0,0.0,0,0.0,0.0,-417807.556609101,-0.35226973588109484,0.35226973588109484,2,0.05263157894736842,-1.0,0.09891307005461757,0.12569919685752343,0.5354524379402401,0.402589665269277,-0.13596440968974652,-0.10981126838262008,0.12442221145949212,0.05693613088358754,0.10464737977132295,0.13338550288151407,0.651143109590731,0.4545393850605785,0.4232458842079654,0.5907326177174285,0.19950738916256158,0.19950738916256158,0.7364532019704434,0.8645320197044335,low,low,high,high,1,0.0,0.0,0.0,0.22825075990884888,pre_price_events,7114,0x116e7d070f1888b81e1e0324f56d6746b2d7d8f1,1000863.055673601,300642.46895390877,149669.25197770135,5177.998050260203,-0.02137402431513684,0.0413071437724153,0.07406278106216257
2026-04-25T17:00:00Z,1777136400,2026-04-25,0.0012392196386805,-0.020446345117612785,0.06846409728822445,0.05638043765630929,0.08193884070124824,CHOG,0.99,1777139946,2026-04-25T17:59:06Z,3546,observed,19,18,3,3,18,7,12,42770.25878317944,22308.03452688295,20462.224256296482,65078.293310062385,2712.449743287861,0.0414847710852837,112.62361999847369,100.0,12.623619998473684,743721.947368421,1.0,1.0,1,8960.944034739508,52582.01308850541,11501.280221556974,12496.280221556974,2,10,-4396.220295412274,11914.75106318665,992.8959219322209,1553.5095175621082,0.0,0.0,0,0,0.0,0.0,0.0,0,0,0.0,0.0,0.0,0,0,0.0,3,19,65078.29331006238,11.083361702485792,0.3144247216011828,25.35719014948709,80.6462991216391,0.3144247216011828,-0.2631578947368421,-0.6666666666666666,-0.36897290359640017,1.5646247338179289,0.631578947368421,0.17041842843971294,0.9203763053997818,-0.7499578769600688,-2540.336186817465,0,0.0,0.0,0.0,0,0.0,0.0,0.0,0.0,0.0,0,0.0,0.0,0.0,0.0,0.0,0,0.0,0.0,-0.03729723465754442,-0.15888823524460022,0.6934734732293143,0.5086788543258773,-0.0478055220006771,-0.12522230190233116,0.18034083523012337,0.026128201236771457,-0.0485752086157276,-0.17006562482135423,0.5822907932315655,0.34182685417418374,-1.384018063418003,-1.1684944021163124,0.4387254901960784,0.4387254901960784,0.17401960784313725,0.6740196078431373,mid,mid,low,high,0,0.0,0.0,0.0,0.0,pre_price_events,7114,0x116e7d070f1888b81e1e0324f56d6746b2d7d8f1,1000863.055673601,300642.46895390877,149669.25197770135,5177.998050260203,0.06243679701696393,0.04924993236891978,0.06742084232647029
2026-04-25T18:00:00Z,1777140000,2026-04-25,0.0013240616925846,0.06846409728822445,0.0022797662096905036,0.022568079016900278,-0.004929283714839472,CHOG,0.99,1777143532,2026-04-25T18:58:52Z,3532,observed,20,15,4,4,14,11,9,1056071.249328847,33565.75971963953,1022505.4896092075,1089637.0090484866,46814.5538320703,0.040833402554622894,112.99697861085001,100.0,12.996978610849999,1133533.55,1.0,1.1,2,976582.0806229842,1043477.7439518606,45923.40898622329,46159.26509662603,5,7,12796.571819398241,13830.413716235993,1152.5344763529995,1839.40574280295,0.0,0.0,0,0,0.0,734772.095088455,0.0,1,0,734772.095088455,950253.7075494104,0.0,2,0,950253.7075494104,4,20,1089637.0090484866,13.901356097256935,0.9383909330521906,1353.8603492490124,1442.7466225035603,0.9383909330521906,0.1,-0.16666666666666666,0.9252486644254112,1.595965917326342,0.6,0.9358916242185205,0.9948903841967799,-0.05899875997825943,930658.6716367609,0,0.0,0.0,0.0,0,0.0,0.0,734772.095088455,0.6743274035176967,0.6743274035176967,1,0.05,1.0,950253.7075494104,0.8720828125865594,0.8720828125865594,2,0.1,1.0,0.9678265202779068,0.8988663537128151,1.5721304970506762,1.4066370551951115,0.7245583538505062,0.6984415003939756,1.846251284384275,1.9231255362677904,0.9746767099178257,0.9067598544455809,1.7066183334869858,1.4535458179243341,0.47279668675308617,0.537216034187588,0.4609756097560976,0.4609756097560976,0.7048780487804878,0.5121951219512195,mid,mid,high,mid,1,734772.095088455,0.0,0.0,0.9383909330521906,pre_price_events,7114,0x116e7d070f1888b81e1e0324f56d6746b2d7d8f1,1000863.055673601,300642.46895390877,149669.25197770135,5177.998050260203,0.007793999931667869,0.023458361326172943,-0.003629741340220652
2026-04-25T19:00:00Z,1777143600,2026-04-25,0.0013270802436909,0.0022797662096905036,-0.013558230193569831,0.038386808449139664,0.005419317368328791,CHOG,0.99,1777147133,2026-04-25T19:58:53Z,3533,observed,10,8,3,3,8,5,5,122065.42079136164,329578.8146743051,-207513.39388294346,451644.23546566674,19398.05681718483,0.04327656964519662,102.34874849799999,100.0,2.348748498,1996910.9,1.0,1.0,1,-209263.88196763818,449734.13801193255,1750.4880846946978,1910.0974537341424,4,4,-337.0769533539751,5204.225241826693,650.5281552283366,918.713287576291,0.0,0.0,0,0,0.0,0.0,326808.16357671475,0,1,326808.16357671475,0.0,326808.16357671475,0,1,326808.16357671475,3,10,451644.2354656667,13.020652273348576,-0.459462066794647,-275.3869253233023,599.3681420633673,-0.45946206679464696,0.0,0.0,-0.06476986250419486,1.412257532886983,0.8,-0.4653057535118357,0.9164391488364029,-1.3817449023482387,-211014.37005233287,1,0.0,0.0,0.0,0,0.0,0.0,-326808.16357671475,-0.7235964458613314,0.7235964458613314,1,0.1,-1.0,-326808.16357671475,-0.7235964458613314,0.7235964458613314,1,0.1,-1.0,-0.3334586587822473,-0.41520488455607335,-0.5589295451270637,-0.6667821646140139,-0.45929347672154613,-0.5017336268059251,-1.6595897837953582,-1.980542409712721,-0.34641089431713334,-0.4283345274491741,-0.4839311515485497,-0.6311427371128044,-0.0700621581967927,-0.028315377708386158,0.10436893203883495,0.10436893203883495,0.4975728155339806,0.24757281553398058,low,low,mid,low,1,-0.0,-0.0,-209263.88196763818,-0.459462066794647,pre_price_events,7114,0x116e7d070f1888b81e1e0324f56d6746b2d7d8f1,1000863.055673601,300642.46895390877,149669.25197770135,5177.998050260203,-0.013489270872450283,0.03508136716548952,0.0009617914809388383
2026-04-25T20:00:00Z,1777147200,2026-04-25,0.0013090873842616,-0.013558230193569831,0.03426496791870104,0.024194316870958854,-0.0021689336599187703,CHOG,0.99,1777150732,2026-04-25T20:58:52Z,3532,observed,10,7,3,3,7,1,9,16.629771973249923,486686.47632034146,-486669.84654836816,486703.1060923147,20562.93628531461,0.04220989143514941,106.02395485920002,100.0,6.0239548592,2908721.4,1.0,1.0,1,-454492.22640637076,454492.22640637076,-32177.620141997464,32210.879685943964,1,4,-460.54682112585743,493.80636507235727,98.76127301447146,103.21471878428568,0.0,0.0,0,0,0.0,0.0,0.0,0,0,0.0,0.0,445018.646863614,0,2,445018.646863614,3,10,486703.1060923147,13.095411632384097,-0.999931663588068,-637.0933564169975,637.1368960663842,-0.999931663588068,-0.8,-0.6,-0.9326465872070597,1.0450930373200198,0.5,-1.0,-0.9989674437869819,-0.001032556213018121,-422314.6062643733,0,0.0,0.0,0.0,0,0.0,0.0,0.0,0.0,0.0,0,0.0,0.0,-445018.646863614,-0.914353414418534,0.914353414418534,2,0.2,-1.0,-0.6515922387089069,-0.7199016539078854,-1.2732421789724229,-1.4704095083959576,0.08426075322791376,-0.1383421379516122,0.22267898177329995,0.003986185631784978,-0.6389827343958498,-0.7109635858120026,-1.2223216543903381,-1.4285341414733728,0.045129185719297145,0.02265420146968103,0.30676328502415456,0.30676328502415456,0.5144927536231884,0.2028985507246377,low,low,mid,low,0,0.0,0.0,-0.0,-0.0,pre_price_events,7114,0x116e7d070f1888b81e1e0324f56d6746b2d7d8f1,1000863.055673601,300642.46895390877,149669.25197770135,5177.998050260203,0.033304562813112705,0.019536591842809356,-0.008621687911770554
2026-04-25T21:00:00Z,1777150800,2026-04-25,0.0013539432214861,0.03426496791870104,0.01778464335422436,-0.026890495895565025,-0.02819177161247899,CHOG,0.99,1777154332,2026-04-25T21:58:52Z,3532,observed,19,15,5,4,15,8,11,685409.5064104758,164206.91797984205,521202.5884306338,849616.424390318,36697.464765839824,0.04082063959760224,107.67849023684211,100.0,7.678490236842105,875644.6842105263,1.0,1.0,1,496043.4133890524,810758.1714061401,25159.175041581464,38858.25298417789,5,8,-4801.267652803663,9086.533970133534,698.9641515487334,995.8948032379338,0.0,0.0,0,0,0.0,651995.9411352803,0.0,1,0,651995.9411352803,651995.9411352803,0.0,1,0,651995.9411352803,5,19,849616.424390318,13.652541438193497,0.61345634743896,705.6787116266663,1150.3323986665287,0.61345634743896,-0.15789473684210525,-0.23076923076923078,-0.5283937383148422,1.4248152799128178,0.6842105263157895,0.6118265974781832,0.6474602718713487,-0.03563367439316545,470884.23834747093,0,0.0,0.0,0.0,0,0.0,0.0,651995.9411352803,0.7674003496379563,0.7674003496379563,1,0.05263157894736842,1.0,651995.9411352803,0.7674003496379563,0.7674003496379563,1,0.05263157894736842,1.0,0.8012675747566748,0.35254322677163125,1.0930640751979885,0.9041886487918175,1.0816033788108286,0.5915328702538535,2.001208619394996,2.0763584312512267,0.8022326898629593,0.35493289934975564,1.2216137104591744,0.9498337775519357,0.47198840096365824,0.3548326516741834,0.3485576923076923,0.3485576923076923,0.65625,0.5528846153846154,mid,mid,mid,mid,1,0.0,0.0,0.0,0.61345634743896,pre_price_events,7114,0x116e7d070f1888b81e1e0324f56d6746b2d7d8f1,1000863.055673601,300642.46895390877,149669.25197770135,5177.998050260203,0.020434796087603905,-0.028828327513385568,-0.03139728973397454
2026-04-25T22:00:00Z,1777154400,2026-04-25,0.0013780226188021,0.01778464335422436,-0.027040745954004963,-0.03174875760416174,-0.06320805884007696,CHOG,0.99,1777157935,2026-04-25T22:58:55Z,3535,observed,12,11,2,2,11,6,6,197223.945304521,44394.290657039324,152829.6546474817,241618.23596156033,10526.285185125833,0.043267099177598634,102.10000708025001,100.0,2.1000070802499997,1330433.8333333333,1.0,1.0,1,147450.40379825252,234420.71649284486,5379.250849229161,7197.519468715472,3,5,3130.6261216860976,7724.57943401646,965.5724292520575,909.9083300890801,0.0,0.0,0,0,0.0,0.0,0.0,0,0,0.0,150984.20666458024,0.0,1,0,150984.20666458024,2,12,241618.23596156033,12.395118360919563,0.6325253308769118,210.60272092794327,332.9553942700931,0.6325253308769118,0.0,-0.25,0.40528110927306527,0.9423511924360812,0.6666666666666666,0.6289990321855923,0.7473756580458665,-0.1183766258602742,142071.15294902335,0,0.0,0.0,0.0,0,0.0,0.0,0.0,0.0,0.0,0,0.0,0.0,150984.20666458024,0.6248874637450822,0.6248874637450822,1,0.08333333333333333,1.0,0.18523730598597712,-0.04448368912644013,1.048851930374148,0.9470984248155995,-0.06243536648569999,-0.14829480704286985,0.02603358033418817,-0.025326806537080575,0.18862900009781755,-0.04107805857495665,1.1644987885754505,0.9907784021020034,-0.3910536726317179,-0.4865364776904173,0.04066985645933014,0.04066985645933014,0.34210526315789475,0.39952153110047844,low,low,mid,mid,1,0.0,0.0,0.0,0.6325253308769118,pre_price_events,7114,0x116e7d070f1888b81e1e0324f56d6746b2d7d8f1,1000863.055673601,300642.46895390877,149669.25197770135,5177.998050260203,-0.027168079990239395,-0.034167238747616714,-0.06746496747255037
2026-04-25T23:00:00Z,1777158000,2026-04-25,0.0013407598592482,-0.027040745954004963,-0.017322149258945374,-0.025740477267459094,-0.023518256077401434,CHOG,0.99,1777161533,2026-04-25T23:58:53Z,3533,observed,5,4,2,2,4,0,5,0.0,132056.774490477,-132056.774490477,132056.774490477,5670.9028079805385,0.04299011080147491,111.6800000016,100.0,11.6800000016,1980585.6,1.0,1.0,1,-128296.35051788739,128296.35051788739,-3760.423972589606,3760.423972589606,0,3,-7386.76517249792,7386.76517249792,2462.2550574993065,1317.4469719299432,0.0,0.0,0,0,0.0,0.0,0.0,0,0,0.0,0.0,0.0,0,0,0.0,2,5,132056.774490477,11.790994791346051,-1.0,-177.0564223786232,177.0564223786232,-1.0,-1.0,-1.0,-1.0,0.5350570680796801,0.6,-1.0,-1.0,0.0,-124535.92654529779,0,0.0,0.0,0.0,0,0.0,0.0,0.0,0.0,0.0,0,0.0,0.0,0.0,0.0,0.0,0,0.0,0.0,-0.47347594496872014,-0.3485994127344298,-1.2721983631487768,-1.523758903488003,-0.23189076117017068,-0.14829480704286985,-0.010325462977212957,-0.025326806537080575,-0.4767670277158169,-0.3513351037137223,-1.2103530499615176,-1.4795268152380365,-0.7662218798335823,-0.9057727628075906,0.430952380952381,0.430952380952381,0.25,0.08571428571428572,mid,mid,low,low,0,0.0,0.0,-0.0,-0.0,pre_price_events,7114,0x116e7d070f1888b81e1e0324f56d6746b2d7d8f1,1000863.055673601,300642.46895390877,149669.25197770135,5177.998050260203,-0.021128186857734148,-0.030963991444572715,-0.03158525557133089
2026-04-26T00:00:00Z,1777161600,2026-04-26,0.0013175350168459,-0.017322149258945374,0.012703340438622757,-0.0013372346189460815,-0.007584732959449614,CHOG,0.99,1777165133,2026-04-26T00:58:53Z,3533,observed,13,12,2,2,12,5,8,3494.4517078352046,251863.93163883366,-248369.47993099847,255358.38334666888,10875.073889818152,0.04292641205151071,148.58375276353848,100.0,48.58375276353846,695697.1538461539,1.0,1.0,1,-248340.86926494216,255329.77268061257,-28.610666056305792,28.610666056305792,5,7,-618.2782830240891,7607.181698694499,633.9318082245416,799.0442139837362,0.0,0.0,0,0,0.0,0.0,0.0,0,0,0.0,0.0,247751.20164797438,0,1,247751.20164797438,2,13,255358.3833466689,12.450427178401492,-0.9726310006976256,-327.2354869248955,336.4436119043952,-0.9726310006976256,-0.23076923076923078,-0.16666666666666666,-0.08127560343802416,1.2604576763889266,0.9230769230769231,-0.9726279338978118,-1.0,0.02737206610218823,-248312.25859888585,0,0.0,0.0,0.0,0,0.0,0.0,0.0,0.0,0.0,0,0.0,0.0,-247751.20164797438,-0.9702097828197511,0.9702097828197511,1,0.07692307692307693,-1.0,-0.7053982358031814,-0.4562262399963821,-1.164802896270355,-1.4410264794918317,-0.23189076117017068,-0.13734821979685435,-0.010325462977212957,-0.0005006872658028397,-0.7257393612100626,-0.46968499327367796,-1.1046801843865979,-1.3992616600678478,-0.22750146598644402,-0.4523433962698528,0.7796208530805687,0.7796208530805687,0.36255924170616116,0.45734597156398105,high,high,mid,mid,0,0.0,0.0,-0.0,-0.0,pre_price_events,7114,0x116e7d070f1888b81e1e0324f56d6746b2d7d8f1,1000863.055673601,300642.46895390877,149669.25197770135,5177.998050260203,0.009992567747314543,-0.006941090017104055,-0.016881478509919147
2026-04-26T01:00:00Z,1777165200,2026-04-26,0.0013342721127047,0.012703340438622757,-0.021003251036846193,-0.032490845204672714,-0.03414658125840897,CHOG,0.99,1777168735,2026-04-26T01:58:55Z,3535,observed,11,7,3,3,7,1,10,430918.66390650254,22923.9538809809,407994.71002552164,453842.61778748344,19761.317498700948,0.0389189558840734,147.40625422009091,100.0,47.40625422009091,2649399.4545454546,1.0,1.5454545454545454,3,422402.4121164104,439434.9156965947,-14407.702090888753,14407.702090888753,0,8,-9274.55190013892,9274.55190013892,1159.318987517365,1570.1321289053665,0.0,0.0,0,0,0.0,430918.66390650254,0.0,1,0,430918.66390650254,430918.66390650254,0.0,1,0,430918.66390650254,3,11,453842.61778748344,13.025507963472915,0.898978399196017,544.3759637180942,605.5495484707372,0.898978399196017,-0.8181818181818182,-1.0,-1.0,1.3543572958015129,0.7272727272727273,0.9612399857822306,-1.0,1.9612399857822305,436810.11420729914,1,0.0,0.0,0.0,0,0.0,0.0,430918.66390650254,0.9494891995980085,0.9494891995980085,1,0.09090909090909091,1.0,430918.66390650254,0.9494891995980085,0.9494891995980085,1,0.09090909090909091,1.0,0.5483926169262909,0.23872254110473456,1.3042375589458235,1.3472194868916463,0.6477899209326616,0.3404780917586494,2.1921214861762515,2.5171987135100244,0.6174996456970857,0.279105082129316,1.4901244945563543,1.486466221123642,0.23150334492736208,-0.06287169174026651,0.7712264150943396,0.7712264150943396,0.5023584905660378,0.20518867924528303,high,high,mid,low,1,0.0,430918.66390650254,422402.4121164104,0.898978399196017,pre_price_events,7114,0x116e7d070f1888b81e1e0324f56d6746b2d7d8f1,1000863.055673601,300642.46895390877,149669.25197770135,5177.998050260203,-0.020260654908179247,-0.035063853527036996,-0.03765104893911507
2026-04-26T02:00:00Z,1777168800,2026-04-26,0.0013062480605701,-0.021003251036846193,0.0072919555841810535,0.002280933507146976,-0.02348009476325197,CHOG,0.99,1777172334,2026-04-26T02:58:54Z,3534,observed,25,24,2,2,24,11,14,220854.54693590966,774571.0307428819,-553716.4838069723,995425.5776787916,42581.591753707726,0.04272829496617171,142.89421506864,100.0,42.894215068639994,791477.6,1.0,1.0,1,-553711.8857867577,995403.6295084689,-4.598020214609618,21.948170322721577,10,10,1907.2659819720363,13059.312441446784,652.9656220723392,1266.7766815625293,0.0,0.0,0,0,0.0,0.0,342034.39197824383,0,1,342034.39197824383,213371.25772420026,592034.5103245818,1,2,805405.768048782,2,25,995425.5776787914,13.810926645551236,-0.5562610568016246,-723.2910830785527,1300.272730284793,-0.5562610568016245,-0.12,0.0,0.14604643165737283,1.9400357978144656,0.8,-0.5562687028378438,-0.2094944656889952,-0.3467742371488486,-553707.2877665431,0,0.0,0.0,0.0,0,0.0,0.0,-342034.39197824383,-0.34360619181177304,0.34360619181177304,1,0.04,-1.0,-378663.2526003815,-0.38040337830516374,0.8091069650097679,3,0.12,-0.3333333333333333,-1.3692336881095384,-0.78685821543445,-0.7015188052946177,-0.8097137165544244,-1.0240434568136683,-0.5343647520077967,-0.9717455849060005,-0.9658689768982134,-1.411480420940209,-0.8178359410029138,-0.6215129928061164,-0.7658230276762855,0.7978695529988334,0.4423103027321671,0.7535211267605634,0.7535211267605634,0.6784037558685446,0.8028169014084507,high,high,high,high,0,-342034.39197824383,-342034.39197824383,-0.0,-0.0,pre_price_events,7114,0x116e7d070f1888b81e1e0324f56d6746b2d7d8f1,1000863.055673601,300642.46895390877,149669.25197770135,5177.998050260203,0.0055539098737146814,-0.00539985174449573,-0.036475885109682915
2026-04-26T03:00:00Z,1777172400,2026-04-26,0.0013157731634097,0.0072919555841810535,-0.018888270464033963,-0.006255863898279701,-0.01942247111506301,CHOG,0.99,1777175932,2026-04-26T03:58:52Z,3532,observed,19,19,3,3,19,12,7,6802.511713037176,3014.3629954858216,3788.1487175513553,9816.874708522999,419.4645833745092,0.04253917919920302,160.08363341605263,100.0,60.083633416052635,691406.6842105263,1.0,1.0,1,6287.199721663507,7292.679117590823,-2499.051004112152,2524.1955909321755,12,7,3788.1487175513553,9816.874708522999,516.6776162380526,1098.869956764326,0.0,0.0,0,0,0.0,0.0,0.0,0,0,0.0,0.0,0.0,0,0,0.0,3,19,9816.874708522999,9.191959953131294,0.38588133494894145,4.984344421558944,12.916780290029982,0.38588133494894145,0.2631578947368421,0.2631578947368421,0.38588133494894145,2.1268000049339,1.0,0.8621248268689106,-0.9900385743044826,1.8521634011733932,8786.250725775659,1,0.0,0.0,0.0,0,0.0,0.0,0.0,0.0,0.0,0,0.0,0.0,0.0,0.0,0.0,0,0.0,0.0,-0.2601832943963481,-0.18697335241031926,0.5396462910948955,0.6036905149733611,-0.276476061100144,-0.1451307721416658,-0.13346589466262485,-0.04131790428158411,-0.25063983532354045,-0.18309287235738522,1.2499997016208901,1.3423914085463424,-2.4100482389184728,-2.5407881439457887,0.8200934579439252,0.8200934579439252,0.04906542056074766,0.7102803738317757,high,high,low,high,1,0.0,0.0,6287.199721663507,0.38588133494894145,pre_price_events,7114,0x116e7d070f1888b81e1e0324f56d6746b2d7d8f1,1000863.055673601,300642.46895390877,149669.25197770135,5177.998050260203,-0.026301664123529758,-0.011342591838399694,-0.03319819831269159
2026-04-26T04:00:00Z,1777176000,2026-04-26,0.0012909204840299,-0.018888270464033963,0.014181385868981211,-0.0017113389010634528,0.008448349657954157,CHOG,0.99,1777179534,2026-04-26T04:58:54Z,3534,observed,14,11,3,3,11,4,10,141951.42607208792,377784.41674934264,-235832.99067725474,519735.84282143053,21992.07001356186,0.04217063811454689,102.3590796477143,100.0,2.3590796477142857,1222902.357142857,1.0,1.1428571428571428,2,-225862.44921964375,509706.38427904155,-9970.54145761098,10029.45854238902,3,7,-908.4271814089959,9865.36940332833,986.536940332833,1528.2805055355825,0.0,0.0,0,0,0.0,0.0,0.0,0,0,0.0,0.0,362397.51845697395,0,2,362397.51845697395,3,14,519735.84282143053,13.16107789096296,-0.4537554873972423,-304.4416384753006,670.9376457827292,-0.45375548739724225,-0.42857142857142855,-0.4,-0.0920824293819667,1.5491366243416884,0.7142857142857143,-0.44312266078267154,-0.9941255966581815,0.55100293587551,-215891.90776203276,0,0.0,0.0,0.0,0,0.0,0.0,0.0,0.0,0.0,0,0.0,0.0,-362397.51845697395,-0.697272515379482,0.697272515379482,2,0.14285714285714285,-1.0,-0.70685372526502,-0.44122488408784394,-0.6181033703181525,-0.6637538795904532,-0.31313172953339163,-0.1451307721416658,-0.18291028520802954,-0.04131790428158411,-0.7016576555902423,-0.44265853648436776,-0.533962401098818,-0.6074897900887718,0.3362716086837999,0.00920109505626842,0.10930232558139535,0.10930232558139535,0.541860465116279,0.4,low,low,mid,mid,0,0.0,0.0,-0.0,-0.0,pre_price_events,7114,0x116e7d070f1888b81e1e0324f56d6746b2d7d8f1,1000863.055673601,300642.46895390877,149669.25197770135,5177.998050260203,0.0125409553342714,-0.007486774159912886,-0.0003908783435664833
2026-04-26T05:00:00Z,1777179600,2026-04-26,0.0013092275255401,0.014181385868981211,-0.0012875225496077336,-0.025702402798641222,-0.017727882223469993,CHOG,0.99,1777183129,2026-04-26T05:58:49Z,3529,observed,12,11,2,2,11,5,7,172772.764666414,446.5901453698669,172326.1745210441,173219.35481178385,7393.260080301783,0.04218247566075652,102.63793486524999,100.0,2.63793486525,716165.8333333334,1.0,1.0,1,169417.53315838624,170310.71344912596,2908.641362657873,2908.641362657873,3,7,6170.64347522025,7063.8237659599845,706.3823765959985,1200.8294972303545,0.0,0.0,0,0,0.0,0.0,0.0,0,0,0.0,0.0,0.0,0,0,0.0,2,12,173219.35481178385,12.06231979021329,0.9948436461288621,225.614171053978,226.7835472758844,0.9948436461288621,-0.16666666666666666,-0.4,0.8735556944322563,1.6999709180416676,0.8333333333333334,0.9947555836467885,1.0,-0.00524441635321149,166508.89179572836,0,0.0,0.0,0.0,0,0.0,0.0,0.0,0.0,0.0,0,0.0,0.0,0.0,0.0,0.0,0,0.0,0.0,0.026066955441864492,-0.009195899133177136,1.3163993111317678,1.4729068093750517,-0.4040910806389699,-0.1451307721416658,-0.3137708174360421,-0.04131790428158411,0.038815465137765987,-0.0017811641664160155,1.3399046707991547,1.493353450200839,-0.383069499848399,-0.7033104933626444,0.1550925925925926,0.1550925925925926,0.2986111111111111,0.40046296296296297,low,low,low,mid,1,0.0,0.0,0.0,0.9948436461288621,pre_price_events,7114,0x116e7d070f1888b81e1e0324f56d6746b2d7d8f1,1000863.055673601,300642.46895390877,149669.25197770135,5177.998050260203,-0.00228268116473507,-0.028493032713277237,-0.022985569267582547
2026-04-26T06:00:00Z,1777183200,2026-04-26,0.0013075418655784,-0.0012875225496077336,-0.014401515153528277,-0.01324949424952937,-0.006209454718230645,CHOG,0.99,1777186703,2026-04-26T06:58:23Z,3503,observed,10,9,2,2,9,1,9,2079.6602085734366,27738.32073987483,-25658.660531301393,29817.98094844827,1253.1434284868947,0.04211172941197012,122.03823593540001,100.0,22.0382359354,574467.5,1.0,1.0,1,-25608.660531301393,29767.98094844827,-50.0,50.0,1,7,-7358.660531301392,11517.980948448267,1439.7476185560333,1392.8609143753265,0.0,0.0,0,0,0.0,0.0,0.0,0,0,0.0,0.0,0.0,0,0,0.0,2,10,29817.98094844827,10.302900414309192,-0.8605096560918111,-33.549772859340685,38.988258437115235,-0.8605096560918112,-0.8,-0.75,-0.6388845896027264,0.9674340811011509,0.8,-0.8602753601478742,-1.0,0.1397246398521258,-25558.660531301393,0,0.0,0.0,0.0,0,0.0,0.0,0.0,0.0,0.0,0,0.0,0.0,0.0,0.0,0.0,0,0.0,0.0,-0.3715132949276171,-0.22231132046109672,-1.2050526161694555,-1.3008998099610696,-0.4040910806389699,-0.1451307721416658,-0.3137708174360421,-0.04131790428158411,-0.36900994237583784,-0.22293454867171333,-1.1237320806877078,-1.253300510043458,-1.4607082817254964,-1.8284880258778538,0.619815668202765,0.619815668202765,0.1175115207373272,0.3087557603686636,mid,mid,low,low,0,0.0,0.0,-0.0,-0.0,pre_price_events,7114,0x116e7d070f1888b81e1e0324f56d6746b2d7d8f1,1000863.055673601,300642.46895390877,149669.25197770135,5177.998050260203,-0.019517816772174082,-0.017363700210656825,-0.015391336795482038
2026-04-26T07:00:00Z,1777186800,2026-04-26,0.0012887112815874,-0.014401515153528277,-0.010191615027705714,0.010177105034763656,0.02664139818688427,CHOG,0.99,1777190330,2026-04-26T07:58:50Z,3530,observed,21,19,3,3,19,5,16,19141.934986371307,345072.7101854248,-325930.77519905346,364214.6451717961,15197.714732511087,0.0420439348830142,103.51475258680954,100.0,3.514752586809524,742000.5238095238,1.0,1.0,1,-309548.53493117535,347832.4049039179,-16382.240267878105,16382.240267878105,3,11,4136.9992945889,11715.454170463036,836.8181550330739,1302.2035436507283,0.0,0.0,0,0,0.0,0.0,0.0,0,0,0.0,0.0,204885.87906477373,0,1,204885.87906477373,3,21,364214.64517179603,12.805501402991093,-0.8948865168376616,-420.03066701554695,469.3675221522455,-0.8948865168376616,-0.5238095238095238,-0.5714285714285714,0.35312325364381425,1.5561368211463584,0.6666666666666666,-0.8899358730440375,-1.0,0.11006412695596246,-293166.29466329725,0,0.0,0.0,0.0,0,0.0,0.0,0.0,0.0,0.0,0,0.0,0.0,-204885.87906477373,-0.5625415720670192,0.5625415720670192,1,0.047619047619047616,-1.0,-0.9521157493585496,-0.5392125573130393,-1.1534580968151127,-1.3144356634727548,-0.4040910806389699,-0.1451307721416658,-0.3137708174360421,-0.04131790428158411,-0.9416506035500805,-0.538585093265324,-1.0743827628720855,-1.2617083819915047,0.20273777194709408,-0.2370949839967022,0.19954128440366972,0.19954128440366972,0.44724770642201833,0.713302752293578,low,low,mid,high,0,0.0,0.0,-0.0,-0.0,pre_price_events,7114,0x116e7d070f1888b81e1e0324f56d6746b2d7d8f1,1000863.055673601,300642.46895390877,149669.25197770135,5177.998050260203,-0.012858380728658164,0.0035504518562904305,0.01473255425768285
2026-04-26T08:00:00Z,1777190400,2026-04-26,0.0012755772323236,-0.010191615027705714,0.011477442882177336,0.008184891965327568,0.007817810068963649,CHOG,0.99,1777193901,2026-04-26T08:58:21Z,3501,observed,19,19,2,2,19,10,9,4865.237188745452,3078.544071225287,1786.6931175201648,7943.7812599707395,332.68666901194933,0.040832928266928914,136.66751786,100.0,36.66751786,544157.8947368421,1.0,1.0,1,1775.7958592310074,7932.884001681581,10.897258289157364,10.897258289157364,10,9,1786.6931175201648,7943.7812599707395,418.09375052477577,725.9405253332966,0.0,0.0,0,0,0.0,0.0,0.0,0,0,0.0,0.0,0.0,0,0,0.0,2,19,7943.78125997074,8.980270546807132,0.22491720995937217,2.2790650618579966,10.132906513777556,0.2249172099593722,0.05263157894736842,0.05263157894736842,0.22491720995937217,1.7363103955084787,1.0,0.2238524928455504,1.0,-0.7761475071544496,1764.89860094185,0,0.0,0.0,0.0,0,0.0,0.0,0.0,0.0,0.0,0,0.0,0.0,0.0,0.0,0.0,0,0.0,0.0,-0.2819286323781655,-0.20215301453635076,0.3086227840702964,0.3278358619422662,-0.4040910806389699,-0.16679853263877897,-0.3137708174360421,-0.058668730906953896,-0.27770549662161453,-0.20131407536821277,0.35690964274188036,0.35780854057266054,-2.0463192072277963,-2.6024440814590943,0.723744292237443,0.723744292237443,0.04794520547945205,0.7123287671232876,high,high,low,high,0,0.0,0.0,0.0,0.0,pre_price_events,7114,0x116e7d070f1888b81e1e0324f56d6746b2d7d8f1,1000863.055673601,300642.46895390877,149669.25197770135,5177.998050260203,0.0023947928316806408,0.0015511322463296773,-0.008620396013108596
2026-04-26T09:00:00Z,1777194000,2026-04-26,0.0012902175971494,0.011477442882177336,0.008997733820906628,0.007134568961729926,-0.005338413986770596,CHOG,0.99,1777197507,2026-04-26T09:58:27Z,3507,observed,20,18,3,3,18,9,11,87769.58250847826,6120.884627300455,81648.6978811778,93890.46713577872,3965.347168153347,0.04183608108412049,107.68095619715,100.0,7.68095619715,608398.45,1.0,1.0,1,77713.44507238801,89955.21432698893,3935.2528087897813,3935.2528087897813,6,11,5212.314514002212,17454.083768603123,1026.7108099178308,1254.0250038954598,0.0,0.0,0,0,0.0,0.0,0.0,0,0,0.0,0.0,0.0,0,0,0.0,3,20,93890.4671357787,11.449894789243817,0.8696164836745608,105.34458679063052,121.13913290315912,0.8696164836745607,-0.1,-0.29411764705882354,0.29863008468988006,1.2214004097179236,0.85,0.8639126220065259,1.0,-0.13608737799347415,73778.19226359823,0,0.0,0.0,0.0,0,0.0,0.0,0.0,0.0,0.0,0,0.0,0.0,0.0,0.0,0.0,0,0.0,0.0,-0.13057587161082673,-0.13091287676604296,1.1134848613796915,1.2463743041569921,-0.4040910806389699,-0.17596203314273354,-0.3137708174360421,-0.08155258943276418,-0.1281108166506189,-0.12992605597843843,1.1335154009227384,1.2600238032042281,-0.5522206351311939,-1.0096851172504766,0.3522727272727273,0.3522727272727273,0.20227272727272727,0.6772727272727272,mid,mid,low,high,1,0.0,0.0,0.0,0.8696164836745608,pre_price_events,7114,0x116e7d070f1888b81e1e0324f56d6746b2d7d8f1,1000863.055673601,300642.46895390877,149669.25197770135,5177.998050260203,0.005880411844855583,0.0026576276173659623,-0.015470755228155653
2026-04-26T10:00:00Z,1777197600,2026-04-26,0.0013018266316596,0.008997733820906628,-0.01214365808129636,0.016298422395500722,-0.12859318382977525,CHOG,0.99,1777201109,2026-04-26T10:58:29Z,3509,observed,36,35,2,2,27,22,14,61601.47357051485,23478.08368581536,38123.38988469949,85079.55725633021,3587.4242184956115,0.04208811269045734,125.19952440763889,100.0,25.19952440763889,705799.3611111111,1.0,1.6111111111111112,3,36354.47129151677,83310.63866314749,1768.9185931827265,1768.9185931827265,18,12,-4987.029189270064,11821.138182360653,394.0379394120218,820.5004424420331,0.0,0.0,0,0,0.0,0.0,0.0,0,0,0.0,0.0,0.0,0,0,0.0,2,36,85079.55725633018,11.35135381908504,0.4480910704535076,49.630044241044004,110.75883344609844,0.44809107045350755,0.2222222222222222,0.2,-0.4218738595503133,2.082287923001458,0.8333333333333334,0.43637249545655193,1.0,-0.563627504543448,34585.552698334046,0,0.0,0.0,0.0,0,0.0,0.0,0.0,0.0,0.0,0,0.0,0.0,0.0,0.0,0.0,0,0.0,0.0,-0.1721372975845743,-0.18035810818339196,0.5501919819902258,0.6079757298915285,-0.3729559023273777,-0.17596203314273354,-0.2727622768118339,-0.08155258943276418,-0.16720891832699747,-0.17949126770312956,0.5789737447877028,0.619351679089853,-0.5573339320585455,-1.049295232014351,0.6493212669683258,0.6493212669683258,0.20135746606334842,0.8597285067873304,mid,mid,low,high,1,0.0,0.0,0.0,0.4480910704535076,pre_price_events,7114,0x116e7d070f1888b81e1e0324f56d6746b2d7d8f1,1000863.055673601,300642.46895390877,149669.25197770135,5177.998050260203,-0.01724977275891999,0.008909080563511971,-0.14632359416217333
2026-04-26T11:00:00Z,1777201200,2026-04-26,0.0012860176941636,-0.01214365808129636,0.010423689712153017,-0.0003641017627712406,-0.09254186074135007,CHOG,0.99,1777204705,2026-04-26T11:58:25Z,3505,observed,12,12,1,1,12,3,9,3512.2060481848384,13599.293002037735,-10087.086953852897,17111.499050222574,714.403869970274,0.04178935081345891,103.15389301933334,100.0,3.153893019333333,500206.0,1.0,1.0,1,-10087.086953852897,17111.499050222574,0.0,0.0,3,8,-2887.0869538528978,9911.499050222576,901.0453682020524,975.5191593229933,0.0,0.0,0,0,0.0,0.0,0.0,0,0,0.0,0.0,0.0,0,0,0.0,1,12,17111.499050222577,9.747564414094734,-0.5894917169002614,-12.972172305221635,22.005690552249867,-0.5894917169002614,-0.5,-0.45454545454545453,-0.2912866095455121,1.0826526540717323,0.9166666666666666,-0.5894917169002614,0.0,-0.5894917169002614,-10087.086953852897,0,0.0,0.0,0.0,0,0.0,0.0,0.0,0.0,0.0,0,0.0,0.0,0.0,0.0,0.0,0,0.0,0.0,-0.2739699680915864,-0.23321813194538185,-0.8506509766050558,-0.9333831272229459,-0.3729559023273777,-0.17596203314273354,-0.2727622768118339,-0.08155258943276418,-0.2714051359624281,-0.23313818000684797,-0.8524163085871751,-0.8883386911373803,-1.511359703965279,-2.0322304423988893,0.17792792792792791,0.17792792792792791,0.08333333333333333,0.45495495495495497,low,low,low,mid,0,0.0,0.0,-0.0,-0.0,pre_price_events,7114,0x116e7d070f1888b81e1e0324f56d6746b2d7d8f1,1000863.055673601,300642.46895390877,149669.25197770135,5177.998050260203,0.0032995675515780434,-0.005852109112434573,-0.10492879686935357
2026-04-26T12:00:00Z,1777204800,2026-04-26,0.0012994227435719,0.010423689712153017,0.018178540073315874,-0.012384623994546429,-0.11345910885901178,CHOG,0.99,1777208306,2026-04-26T12:58:26Z,3506,observed,20,16,4,4,16,10,10,572435.1766969883,6576.573171010924,565858.6035259775,579011.7498679992,24856.52560228097,0.04031589791753658,119.077512534,100.0,19.077512534,867836.5,1.0,1.0,1,560072.1223470778,572456.4856016709,5786.481178899608,6555.264266328312,6,9,4772.515923207642,5732.477197836324,382.1651465224216,799.8117403700018,0.0,0.0,0,0,0.0,0.0,0.0,0,0,0.0,514453.70386644005,0.0,2,0,514453.70386644005,4,20,579011.7498679992,13.269079776810093,0.9772834552234555,735.2895390674896,752.3810365738423,0.9772834552234555,0.0,-0.2,0.8325398878183046,2.092843231906489,0.75,0.9783662801172097,0.8827227925230069,0.09564348759420283,554285.6411681782,0,0.0,0.0,0.0,0,0.0,0.0,0.0,0.0,0.0,0,0.0,0.0,514453.70386644005,0.888503046758072,0.888503046758072,2,0.1,1.0,0.9340411999919803,0.47203915178670247,1.3185703300242941,1.366972436818065,-0.3729559023273777,-0.1320139360021502,-0.2727622768118339,-0.06065381409537259,0.976581130234954,0.5002026757926148,1.2700787921441565,1.3878659806511864,0.6067615335824976,0.17834633377940762,0.5717488789237668,0.5717488789237668,0.5807174887892377,0.5852017937219731,mid,mid,mid,mid,1,0.0,0.0,0.0,0.9772834552234555,pre_price_events,7114,0x116e7d070f1888b81e1e0324f56d6746b2d7d8f1,1000863.055673601,300642.46895390877,149669.25197770135,5177.998050260203,0.01827897565390931,-0.016617047676534942,-0.12088806056068287
2026-04-26T13:00:00Z,1777208400,2026-04-26,0.0013230443519881,0.018178540073315874,-0.028339865611880177,-0.1425679731783448,-0.11795408415666142,CHOG,0.99,1777211902,2026-04-26T13:58:22Z,3502,observed,7,7,2,2,7,3,4,24284.522840011534,317.65831139074936,23966.864528620783,24602.18115140228,1060.5036895937287,0.04296436221103227,116.39803914471429,100.0,16.398039144714286,589581.5714285715,1.0,1.0,1,761.2506330680169,1396.5672558495157,23205.613895552768,23205.613895552768,2,4,761.2506330680169,1396.5672558495157,232.76120930825263,431.69627124046184,0.0,0.0,0,0,0.0,0.0,0.0,0,0,0.0,0.0,0.0,0,0,0.0,2,7,24602.181151402285,10.11063102865763,0.974176410665715,31.70922474945566,32.549776818950875,0.9741764106657151,-0.14285714285714285,-0.3333333333333333,0.5450869837306596,1.854674464544277,0.8571428571428571,0.5450869837306596,1.0,-0.45491301626934044,-22444.363262484752,0,0.0,0.0,0.0,0,0.0,0.0,0.0,0.0,0.0,0,0.0,0.0,0.0,0.0,0.0,0,0.0,0.0,-0.2234864702861673,-0.1762541050387757,1.2101045920550808,1.3233173262085773,-0.3729559023273777,-0.1374480934687419,-0.2727622768118339,-0.0657722734648297,-0.2683125096854423,-0.20216803603604366,0.6181494550564831,0.7419403826266174,-1.3021046888683894,-1.7562803673995298,0.5245535714285714,0.5245535714285714,0.109375,0.19642857142857142,mid,mid,low,low,1,0.0,0.0,0.0,0.974176410665715,pre_price_events,7114,0x116e7d070f1888b81e1e0324f56d6746b2d7d8f1,1000863.055673601,300642.46895390877,149669.25197770135,5177.998050260203,-0.03206760154801879,-0.14453606521066517,-0.12350686368053342
2026-04-26T14:00:00Z,1777212000,2026-04-26,0.0012855494528542,-0.028339865611880177,-0.0017265546389304554,-0.09221133328757625,-0.01312344401574217,CHOG,0.99,1777215505,2026-04-26T14:58:25Z,3505,observed,12,10,3,3,10,2,10,108929.80116148024,905401.4805094997,-796471.6793480194,1014331.2816709799,42441.36553331738,0.04213957230180209,119.00596437175,100.0,19.00596437175,808442.25,1.0,1.0,1,-763366.8687920201,981226.4711149806,-33104.81055599927,33104.81055599927,1,6,-137.69356020493262,140.0137978979281,20.001971128275443,48.572001659685775,0.0,0.0,0,0,0.0,0.0,860791.4414248366,0,1,860791.4414248366,0.0,860791.4414248366,0,1,860791.4414248366,3,12,1014331.2816709799,13.82974110340893,-0.785218491966387,-1023.9037315997123,1303.9730241650277,-0.785218491966387,-0.6666666666666666,-0.7142857142857143,-0.9834285068483968,2.4283607524571815,0.5833333333333334,-0.7779721514489883,-1.0,0.22202784855101165,-730262.0582360209,0,0.0,0.0,0.0,0,0.0,0.0,-860791.4414248366,-0.8486294931245676,0.8486294931245676,1,0.08333333333333333,-1.0,-860791.4414248366,-0.8486294931245676,0.8486294931245676,1,0.08333333333333333,-1.0,-1.749472405931873,-1.1298516829949683,-1.149160158610662,-1.2039947850258583,-2.269596023733834,-1.2689725359734925,-2.3081993246219636,-2.3317372832180383,-1.7461017887892438,-1.136309959320376,-1.1398001587382565,-1.1486846422646542,1.0139414066450614,0.5728269922768021,0.5711111111111111,0.5711111111111111,0.6955555555555556,0.3511111111111111,mid,mid,high,mid,0,-860791.4414248366,-0.0,-0.0,-0.0,pre_price_events,7114,0x116e7d070f1888b81e1e0324f56d6746b2d7d8f1,1000863.055673601,300642.46895390877,149669.25197770135,5177.998050260203,-0.00264738783819112,-0.09834366596700508,-0.02128862146647175
2026-04-26T15:00:00Z,1777215600,2026-04-26,0.0012833298814828,-0.0017265546389304554,-0.11603351821797037,-0.10234195145206737,-0.04262251564508057,CHOG,0.99,1777219108,2026-04-26T15:58:28Z,3508,observed,25,21,4,3,20,8,17,263908.6101575891,1195291.2580603296,-931382.6479027406,1459199.8682179188,58675.27895694075,0.039338658962220024,187.28205086016,100.0,87.28205086016,781163.84,1.0,1.08,2,-889998.1634152246,1417815.3837304027,-41384.484487515976,41384.484487515976,5,11,4524.925182269853,12055.510912390064,753.469432024379,1313.8463861655987,0.0,0.0,0,0,0.0,0.0,1118689.5936690257,0,2,1118689.5936690257,211988.07786685546,1118689.5936690257,1,2,1330677.6715358812,4,25,1459199.8682179186,14.193399493297859,-0.638283122270435,-1195.2711831481606,1872.6347939398192,-0.638283122270435,-0.36,-0.375,0.375340805972757,1.7437288499357309,0.64,-0.6277250011729719,-1.0,0.3722749988270281,-848613.6789277087,0,0.0,0.0,0.0,0,0.0,0.0,-1118689.5936690257,-0.7666458982313717,0.7666458982313717,2,0.08,-1.0,-906701.5158021703,-0.6213689677134498,0.9119228287492938,3,0.12,-0.3333333333333333,-2.1467429161119416,-1.256632036880354,-0.8753864229617392,-0.967983432295509,-2.9067913923911517,-1.5685092161485839,-1.8738264793299646,-2.0185838204581796,-2.1244835537915736,-1.260724803141563,-0.8621595335721836,-0.9098433087806655,1.2833988921563138,0.7872212514723197,0.8827433628318584,0.8827433628318584,0.7942477876106194,0.745575221238938,high,high,high,high,0,-1118689.5936690257,-1118689.5936690257,-0.0,-0.0,pre_price_events,7114,0x116e7d070f1888b81e1e0324f56d6746b2d7d8f1,1000863.055673601,300642.46895390877,149669.25197770135,5177.998050260203,-0.11566107916731239,-0.10828955562570718,-0.05244971811650213
2026-04-26T16:00:00Z,1777219200,2026-04-26,0.0011344206003001,-0.11603351821797037,0.02872534533547766,0.028706519294506183,0.10982460512400927,CHOG,0.99,1777222700,2026-04-26T16:58:20Z,3500,observed,173,141,5,4,112,93,80,1310553.1282556723,3791005.4387738355,-2480452.3105181633,5101558.567029508,191334.77092651036,0.03724308056326098,125.81262096068785,100.0,25.812620960687862,757258.612716763,1.0,1.3815028901734103,3,-2359220.7822121037,4980327.038723448,-121231.52830605967,121231.52830605967,58,40,28905.165917813145,202438.97296611173,2065.7038057766504,1717.1595266788174,0.0,0.0,0,0,0.0,0.0,0.0,0,0,0.0,0.0,0.0,0,0,0.0,5,173,5101558.567029509,15.445056848404809,-0.4862146102857465,-2813.8761991137844,5787.313132075732,-0.4862146102857464,0.07514450867052024,0.1836734693877551,0.1427845908043204,0.8312709314263041,0.5664739884393064,-0.47370800428736837,-1.0,0.5262919957126316,-2237989.253906044,0,0.0,0.0,0.0,0,0.0,0.0,0.0,0.0,0.0,0,0.0,0.0,0.0,0.0,0.0,0,0.0,0.0,-3.647285872946944,-2.846861165032323,-0.6263921587829752,-0.7552437647844767,0.09280099177755281,-0.08399063456266151,0.030139467039177036,0.011267884912026243,-3.62447177458048,-2.8468530912725742,-0.6106824086148436,-0.6946516214226958,1.9310212440288947,1.5182370108713517,0.6585903083700441,0.6585903083700441,0.9625550660792952,0.9977973568281938,mid,mid,high,high,0,0.0,0.0,-0.0,-0.0,pre_price_events,7114,0x116e7d070f1888b81e1e0324f56d6746b2d7d8f1,1000863.055673601,300642.46895390877,149669.25197770135,5177.998050260203,0.007900130975846409,-0.011662827219880843,0.020912180132334174
2026-04-26T17:00:00Z,1777222800,2026-04-26,0.0011670072237994,0.02872534533547766,-0.01286695269581406,0.08712147680610793,0.1060406611751803,CHOG,0.99,1777226333,2026-04-26T17:58:53Z,3533,observed,38,33,4,4,32,19,19,1174778.0091228252,464853.28096607816,709924.728156747,1639631.2900889032,61303.3721923364,0.036601891581066776,168.57997564205263,100.0,68.57997564205263,1027330.6052631579,1.0,1.0526315789473684,2,672768.7626835316,1602475.3246156878,37155.96547321537,37155.96547321537,8,10,5024.960485791819,20791.276394475568,1155.0709108041983,1422.0075916958015,0.0,0.0,0,0,0.0,407285.4559361365,0.0,1,0,407285.4559361365,933393.6456748662,0.0,3,0,933393.6456748662,4,38,1639631.2900889032,14.309982561300384,0.43297827532814026,828.4872861127491,1913.4615599012798,0.43297827532814026,0.0,-0.1111111111111111,0.2416860028433366,1.2310998211406372,0.47368421052631576,0.41983096547516435,1.0,-0.5801690345248356,635612.7972103163,0,0.0,0.0,0.0,0,0.0,0.0,407285.4559361365,0.24840063641018517,0.24840063641018517,1,0.02631578947368421,1.0,933393.6456748662,0.5692704520320884,0.5692704520320884,3,0.07894736842105263,1.0,1.242976008429034,0.6306211071378347,0.5938253186155756,0.5488753384349686,1.1087131053028991,0.4360704281343518,0.6162004634945661,0.6514713400267041,1.2330133933279093,0.6295195559286701,0.5707719171945195,0.5718559338675279,1.1416245924715387,0.8389062272619416,0.8486842105263158,0.8486842105263158,0.8179824561403509,0.8969298245614035,high,high,high,high,1,407285.4559361365,407285.4559361365,0.0,0.43297827532814026,pre_price_events,7114,0x116e7d070f1888b81e1e0324f56d6746b2d7d8f1,1000863.055673601,300642.46895390877,149669.25197770135,5177.998050260203,-0.011366487732150198,0.08164413541371238,0.0946770838144991
2026-04-26T18:00:00Z,1777226400,2026-04-26,0.0011519913970551,-0.01286695269581406,0.013016130271398918,0.06652804584506322,0.160226665030617,CHOG,0.99,1777229934,2026-04-26T18:58:54Z,3534,observed,7,7,2,2,7,2,5,2860.2021312591432,12088.666515578674,-9228.46438431953,14948.868646837816,558.3991674067587,0.037168813508633915,102.21621448814287,100.0,2.216214488142857,1132800.2857142857,1.0,1.0,1,2853.219061751494,2867.185200766793,-12081.683446071023,12081.683446071023,2,4,2853.219061751494,2867.185200766793,477.8642001277988,1039.970982279211,0.0,0.0,0,0,0.0,0.0,0.0,0,0,0.0,0.0,0.0,0,0,0.0,2,7,14948.868646837816,9.612457792615539,-0.6173353049209953,-10.631111578765488,17.220968076863876,-0.6173353049209953,-0.42857142857142855,-0.3333333333333333,0.9951289721321231,2.1762897953039455,0.8571428571428571,0.9951289721321231,-1.0,1.995128972132123,14934.902507822517,1,0.0,0.0,0.0,0,0.0,0.0,0.0,0.0,0.0,0,0.0,0.0,0.0,0.0,0.0,0,0.0,0.0,0.23818340755569814,-0.16368764689425772,-0.7368129829874237,-0.9412574419117109,0.13794212713841295,-0.11153556535459483,0.07847299889843934,-0.005650217288276769,0.2566721468005089,-0.1490320938415054,1.3291626578128288,1.352640229718571,-1.4944540280972967,-1.9882304396723365,0.07205240174672489,0.07205240174672489,0.08078602620087336,0.1943231441048035,low,low,low,low,0,0.0,0.0,2853.219061751494,-0.0,pre_price_events,7114,0x116e7d070f1888b81e1e0324f56d6746b2d7d8f1,1000863.055673601,300642.46895390877,149669.25197770135,5177.998050260203,0.006102811680793141,0.061790352370045286,0.14975497944754315
2026-04-26T19:00:00Z,1777230000,2026-04-26,0.0011669858671507,0.013016130271398918,0.08714137188121396,0.0788544490659342,0.15234008347518602,CHOG,0.99,1777233535,2026-04-26T19:58:55Z,3535,observed,17,17,1,1,17,8,9,169931.61329647782,8133.037082288785,161798.57621418903,178064.65037876662,6722.95695536755,0.037311901834417474,102.42370496270588,100.0,2.423704962705882,1032014.0588235294,1.0,1.0,1,161798.57621418903,178064.65037876662,0.0,0.0,5,8,9371.517836006902,10810.350545311903,831.5654265624541,1461.1194289917485,0.0,0.0,0,0,0.0,0.0,0.0,0,0,0.0,0.0,0.0,0,0,0.0,1,17,178064.6503787666,12.089907583628598,0.9086507393242986,188.816651767064,207.79893043115118,0.9086507393242985,-0.058823529411764705,-0.23076923076923078,0.8669023078137854,1.7570709198815062,0.7647058823529411,0.9086507393242986,0.0,0.9086507393242986,161798.57621418903,0,0.0,0.0,0.0,0,0.0,0.0,0.0,0.0,0.0,0,0.0,0.0,0.0,0.0,0.0,0,0.0,0.0,0.4868794270712102,0.01950150595475557,1.2330360869487154,1.1963170921703,0.10038825383709767,-0.11153556535459483,-0.0007580307230375155,-0.005650217288276769,0.49610925084543495,0.029864100921911333,1.1160980569242678,1.1959999080110642,-0.047578656307822,-0.48921315219498385,0.11956521739130435,0.11956521739130435,0.3239130434782609,0.6260869565217392,low,low,low,mid,1,0.0,0.0,0.0,0.9086507393242986,pre_price_events,7114,0x116e7d070f1888b81e1e0324f56d6746b2d7d8f1,1000863.055673601,300642.46895390877,149669.25197770135,5177.998050260203,0.08560176038989123,0.07513078959444087,0.14474721239203778
2026-04-26T20:00:00Z,1777233600,2026-04-26,0.0012686786165802,0.08714137188121396,-0.03156629466700578,0.01740300856225896,0.05582010898977208,CHOG,0.99,1777237108,2026-04-26T20:58:28Z,3508,observed,34,28,5,4,23,15,19,2550232.9113017702,894742.9024226794,1655490.0088790911,3444975.81372445,137921.45238245043,0.036287583560191516,9156.88813994594,100.0,9056.88813994594,1004579.8529411765,1.0,1.411764705882353,4,1570498.1622066824,3331734.4893671977,84991.84667240869,113241.32435725223,8,14,-1165.5103758850314,24920.177824868337,1132.7353556758335,1799.7671620507306,2329059.241498093,0.0,1,0,2329059.241498093,2329059.241498093,634924.225864173,1,1,2963983.467362266,2329059.241498093,634924.225864173,1,1,2963983.467362266,5,34,3444975.81372445,15.052427731993443,0.4805519975739102,2100.2847742270683,4370.567149508183,0.48055199757391026,-0.11764705882352941,-0.2727272727272727,-0.04676974554820173,1.5888681791669867,0.6470588235294118,0.47137554544599075,0.7505373780712554,-0.27916183262526467,1485506.3155342736,0,2329059.241498093,0.6760741925151831,0.6760741925151831,1,0.029411764705882353,1.0,1694135.0156339202,0.49176978511275765,0.8603785999176085,2,0.058823529411764705,0.0,1694135.0156339202,0.49176978511275765,0.8603785999176085,2,0.058823529411764705,0.0,2.392353931000228,1.6315910828173967,0.6009868842228051,0.5995023040812926,3.3950371485930644,2.1023538738522727,1.28798676389379,1.346025417942569,2.376143756252492,1.6290940523394404,0.4845868149147003,0.591491559575238,1.5408902640566349,1.274898086661027,0.9891774891774892,0.9891774891774892,0.9242424242424242,0.7878787878787878,high,high,high,high,1,1694135.0156339202,1694135.0156339202,0.0,0.4805519975739102,pre_price_events,7114,0x116e7d070f1888b81e1e0324f56d6746b2d7d8f1,1000863.055673601,300642.46895390877,149669.25197770135,5177.998050260203,-0.024017865930259584,0.017771171065598265,0.05518567675431024
2026-04-26T21:00:00Z,1777237200,2026-04-26,0.0012286311335315,-0.03156629466700578,0.024724069260549042,0.08785387271397238,0.08068286927164903,CHOG,0.99,1777240711,2026-04-26T21:58:31Z,3511,observed,10,6,3,3,6,1,9,125.33512201224362,729342.5248612389,-729217.1897392266,729467.8599832511,28590.453329472395,0.03921435217403083,102.91412129099999,100.0,2.914121291,1324413.5,1.0,1.0,1,-692689.0119219518,692939.6821659764,-36528.1778172748,36528.1778172748,1,2,27.372580028998023,223.29766399548922,74.43255466516307,44.99775498655105,0.0,0.0,0,0,0.0,0.0,384393.27088494104,0,1,384393.27088494104,0.0,607122.6351365894,0,2,607122.6351365894,3,10,729467.8599832512,13.500071959239149,-0.9996563656087188,-895.938942419961,896.2469236860194,-0.999656365608719,-0.8,-0.3333333333333333,0.1225833693878274,0.6045440088543879,0.3,-0.9996382509899836,-1.0,0.0003617490100163989,-656160.834104677,0,0.0,0.0,0.0,0,0.0,0.0,-384393.27088494104,-0.5269502495884697,0.5269502495884697,1,0.1,-1.0,-607122.6351365894,-0.8322815417125152,0.8322815417125152,2,0.2,-1.0,-0.8731939463158218,-0.9405833116886055,-1.2992072778681683,-1.4732986020402776,-0.7894744721121789,-0.6195064716946223,-1.4248364814836627,-1.3844350539060901,-0.8685414365045812,-0.938707196505746,-1.3681994735293943,-1.4510828512139446,0.6914495247754454,0.33844713241572616,0.17025862068965517,0.17025862068965517,0.6271551724137931,0.14870689655172414,low,low,mid,low,0,-0.0,-0.0,-0.0,-0.0,pre_price_events,7114,0x116e7d070f1888b81e1e0324f56d6746b2d7d8f1,1000863.055673601,300642.46895390877,149669.25197770135,5177.998050260203,0.02317228463781854,0.0817175145376422,0.07246122508148226
2026-04-26T22:00:00Z,1777240800,2026-04-26,0.0012590078947726,0.024724069260549042,0.025217909090581747,0.0681145028162744,0.08105230318196788,CHOG,0.99,1777244336,2026-04-26T22:58:56Z,3536,observed,6,6,2,2,6,4,2,8473.169002839632,408.42231954890565,8064.746683290726,8881.591322388536,349.625838956628,0.039094062635376604,102.20140625066666,100.0,2.201406250666667,725366.8333333334,1.0,1.0,1,8028.867228282228,8845.71186738004,35.8794550084976,35.8794550084976,4,2,8064.746683290726,8881.591322388536,1480.2652203980895,1827.7257139075577,0.0,0.0,0,0,0.0,0.0,0.0,0,0,0.0,0.0,0.0,0,0,0.0,2,6,8881.591322388535,9.091848609000625,0.9080294724844269,10.153579743604164,11.181993593030983,0.9080294724844268,0.3333333333333333,0.3333333333333333,0.9080294724844269,1.2347285396707661,1.0,0.9076564270525185,1.0,-0.09234357294748152,7992.98777327373,0,0.0,0.0,0.0,0,0.0,0.0,0.0,0.0,0.0,0,0.0,0.0,0.0,0.0,0.0,0,0.0,0.0,0.1657790276127273,-0.14205464229187206,1.2117738923723076,1.2516973210301727,0.015138170872901003,-0.11585554969690583,0.09572612181642678,0.02863221097441547,0.16548927622309953,-0.14071991173654652,1.0972412903390418,1.2510590666837909,-1.5738691817665178,-2.2001143735446353,0.07081545064377683,0.07081545064377683,0.04935622317596566,0.15021459227467812,low,low,low,low,1,0.0,0.0,0.0,0.9080294724844269,pre_price_events,7114,0x116e7d070f1888b81e1e0324f56d6746b2d7d8f1,1000863.055673601,300642.46895390877,149669.25197770135,5177.998050260203,0.020227887609304364,0.06669066636402086,0.0752243429507209
2026-04-26T23:00:00Z,1777244400,2026-04-26,0.0012907574414073,0.025217909090581747,0.03549365192266474,0.03775996346010646,0.016589860320737726,CHOG,0.99,1777247907,2026-04-26T23:58:27Z,3507,observed,13,11,2,2,10,6,7,749144.4350244593,147626.45310227995,601517.9819221792,896770.8881267393,35868.378804276224,0.03956150731912289,774.1530543542308,100.0,674.1530543542308,961740.7692307692,1.0,1.1538461538461537,2,590458.6206582665,885711.5268628265,11059.361263912784,11059.361263912784,2,4,2268.275956661592,7326.412196832012,1221.068699472002,1132.238813412327,0.0,0.0,0,0,0.0,711277.8472005902,0.0,1,0,711277.8472005902,711277.8472005902,0.0,1,0,711277.8472005902,2,13,896770.8881267393,13.706556803378492,0.6707599342109415,776.4138113063547,1157.5136970870221,0.6707599342109415,-0.07692307692307693,-0.3333333333333333,0.3096025579399435,0.9272523437067173,0.46153846153846156,0.6666489062750033,1.0,-0.3333510937249967,579399.2593943537,0,0.0,0.0,0.0,0,0.0,0.0,711277.8472005902,0.7931544797204282,0.7931544797204282,1,0.07692307692307693,1.0,711277.8472005902,0.7931544797204282,0.7931544797204282,1,0.07692307692307693,1.0,0.9357106092269177,0.5296350211409191,0.827282463288858,0.9058212230193798,1.380890752554108,0.8587025251312886,2.066161017052005,2.0966860398004314,0.9560341560284299,0.5512708604169944,0.7184438277721515,0.9024324206473165,0.7809947953603863,0.4860805081245917,0.9594017094017094,0.9594017094017094,0.6730769230769231,0.3525641025641026,high,high,high,mid,1,711277.8472005902,711277.8472005902,0.0,0.6707599342109415,pre_price_events,7114,0x116e7d070f1888b81e1e0324f56d6746b2d7d8f1,1000863.055673601,300642.46895390877,149669.25197770135,5177.998050260203,0.03818676825867068,0.03605689071017373,0.014929801171737955
2026-04-27T00:00:00Z,1777248000,2026-04-27,0.0013365711367492,0.03549365192266474,0.006130204814633444,-0.006591881154435875,-0.026277515833704967,CHOG,0.99,1777251512,2026-04-27T00:58:32Z,3512,observed,23,16,4,4,16,17,6,260732.44479376057,35345.77566813876,225386.6691256218,296078.22046189936,11953.714096428328,0.038525565422774355,103.05844870852175,100.0,3.058448708521739,1333671.9130434783,1.0,1.0,1,192695.80255400867,262260.1554538493,32690.866571613147,33818.06500805005,10,5,11761.124167749173,14467.266187817613,964.4844125211742,1364.9726602089302,0.0,0.0,0,0,0.0,0.0,0.0,0,0,0.0,0.0,0.0,0,0,0.0,4,23,296078.22046189936,12.598382334193492,0.7612402856718248,301.24531656134815,395.7296036894411,0.7612402856718248,0.4782608695652174,0.3333333333333333,0.8129472434572892,1.4152355833733743,0.6521739130434783,0.7347505846648441,0.9666687483104494,-0.23191816364560525,160004.93598239552,0,0.0,0.0,0.0,0,0.0,0.0,0.0,0.0,0.0,0,0.0,0.0,0.0,0.0,0.0,0,0.0,0.0,0.3911403329257954,0.10245966901788658,0.8745285227227976,1.0070195889246758,-0.044911279999573846,-0.11493782650019033,0.0003274967185026811,-0.006199913351479989,0.35756901578671535,0.0776537949573037,0.7411601047503954,0.9721336749250612,0.2071652683132446,-0.1505205219252261,0.1851063829787234,0.1851063829787234,0.40638297872340423,0.5829787234042553,low,low,mid,mid,1,0.0,0.0,0.0,0.7612402856718248,pre_price_events,7114,0x116e7d070f1888b81e1e0324f56d6746b2d7d8f1,1000863.055673601,300642.46895390877,149669.25197770135,5177.998050260203,0.006554243148137893,-0.009288180734864426,-0.03274547170342777
2026-04-27T01:00:00Z,1777251600,2026-04-27,0.0013447645915668,0.006130204814633444,-0.003917560269758313,0.012112746649896255,-0.03059675808251372,CHOG,0.99,1777255110,2026-04-27T01:58:30Z,3510,observed,23,20,3,3,20,11,12,184439.5266038705,2864.106895066153,181575.41970880434,187303.63349893663,7653.53394905072,0.03883275839329478,105.65914455756521,100.0,5.659144557565217,771806.1739130435,1.0,1.0,1,176514.87188014592,182243.08567027823,5060.547828658414,5060.547828658414,7,12,9746.40397858167,15474.617768713975,814.4535667744198,1082.8062147314329,0.0,0.0,0,0,0.0,0.0,0.0,0,0,0.0,0.0,0.0,0,0,0.0,3,23,187303.6334989367,12.140491626508128,0.9694174977648535,244.17619512328054,251.8792942011751,0.9694174977648535,-0.043478260869565216,-0.2631578947368421,0.6298316458766818,1.3294879645745834,0.8260869565217391,0.9685682791801713,1.0,-0.0314317208198287,171454.3240514875,0,0.0,0.0,0.0,0,0.0,0.0,0.0,0.0,0.0,0,0.0,0.0,0.0,0.0,0.0,0,0.0,0.0,0.34623923607419466,0.047700597725318566,1.1524749902142422,1.264968960185987,-0.009052368509980294,-0.11493782650019033,0.12061515894088373,-0.006199913351479989,0.351741623534848,0.053067939189838355,1.063116366162676,1.263614548746973,-0.009514567046454269,-0.41361340772169725,0.298728813559322,0.298728813559322,0.3241525423728814,0.7415254237288136,low,low,low,high,1,0.0,0.0,0.0,0.9694174977648535,pre_price_events,7114,0x116e7d070f1888b81e1e0324f56d6746b2d7d8f1,1000863.055673601,300642.46895390877,149669.25197770135,5177.998050260203,-0.0064824335583722244,0.006799353286530505,-0.0416963350887168
2026-04-27T02:00:00Z,1777255200,2026-04-27,0.0013394963952307,-0.003917560269758313,-0.008761334939896392,-0.020399807166180395,-0.020982902721779495,CHOG,0.99,1777258708,2026-04-27T02:58:28Z,3508,observed,61,61,2,2,49,28,33,22815.483877177805,10192.107729544427,12623.376147633377,33007.59160672223,1348.154046738591,0.04064307188935485,113.04803912960656,100.0,13.048039129606558,931701.1967213114,1.0,2.0491803278688523,6,9771.380122489689,16432.877623228036,2851.9960251436887,16574.713983494195,27,33,1789.8732632722833,22174.08872236114,369.56814537268565,234.6009556460066,0.0,0.0,0,0,0.0,0.0,0.0,0,0,0.0,0.0,0.0,0,0,0.0,2,61,33007.59160672223,10.404523158281846,0.3824385704367033,16.908966845396108,44.21354997245154,0.38243857043670326,-0.08196721311475409,-0.1,0.08071913509876559,0.6347975565086289,0.9836065573770492,0.5946237991012447,0.17206909440391113,0.4225547046973336,6919.384097346,0,0.0,0.0,0.0,0,0.0,0.0,0.0,0.0,0.0,0,0.0,0.0,0.0,0.0,0.0,0,0.0,0.0,0.0814344039240219,-0.13219679291342304,0.29792640191571124,0.4521397626447048,-0.03846253348218516,-0.10524176027011184,0.07856506795403134,0.03216284814997614,0.07753036264771286,-0.13344292300322108,0.49000076376963975,0.7535130058466389,-0.8336518222084495,-1.3891467461119573,0.4704641350210971,0.4704641350210971,0.1371308016877637,0.9556962025316456,mid,mid,low,high,0,0.0,0.0,0.0,0.0,pre_price_events,7114,0x116e7d070f1888b81e1e0324f56d6746b2d7d8f1,1000863.055673601,300642.46895390877,149669.25197770135,5177.998050260203,-0.019076006912208864,-0.03326574336573389,-0.05303040914032876
2026-04-27T03:00:00Z,1777258800,2026-04-27,0.0013277606186613,-0.008761334939896392,0.025074373527109728,-0.019816261117480805,-0.0370498008915181,CHOG,0.99,1777262308,2026-04-27T03:58:28Z,3508,observed,5,5,2,2,5,1,4,18.90048092535987,28477.756085921108,-28458.855604995748,28496.65656684647,1147.958176069009,0.04041567848899693,102.3008781978,100.0,2.3008781978000004,669302.0,1.0,1.0,1,-28477.756085921108,28477.756085921108,18.90048092535987,18.90048092535987,1,3,-3458.8556049957465,3496.6565668464664,874.1641417116166,1683.9892858420549,0.0,0.0,0,0,0.0,0.0,0.0,0,0,0.0,0.0,0.0,0,0,0.0,2,5,28496.65656684647,10.257577137151337,-0.99867349484449,-37.78654772448176,37.83673835297466,-0.99867349484449,-0.6,-0.5,-0.9891893981784973,1.9263994088625023,0.8,-1.0,1.0,-2.0,-28496.65656684647,1,0.0,0.0,0.0,0,0.0,0.0,0.0,0.0,0.0,0,0.0,0.0,0.0,0.0,0.0,0,0.0,0.0,0.02609304765452725,-0.17727078287083378,-1.4793435837777635,-1.4732880652284648,-0.03846253348218516,-0.10524176027011184,0.07856506795403134,0.03216284814997614,0.023747058425427157,-0.17792776301490906,-1.5781380145198576,-1.4710181280888088,-0.9593019707987424,-1.4597911341488392,0.09453781512605042,0.09453781512605042,0.12394957983193278,0.10714285714285714,low,low,low,low,0,0.0,0.0,-28477.756085921108,-0.0,pre_price_events,7114,0x116e7d070f1888b81e1e0324f56d6746b2d7d8f1,1000863.055673601,300642.46895390877,149669.25197770135,5177.998050260203,0.019835050986879668,-0.023745848920949417,-0.0450763000635542
2026-04-27T04:00:00Z,1777262400,2026-04-27,0.0013610533843682,0.025074373527109728,-0.03591516531343919,-0.04219836660864018,-0.10126844034202331,CHOG,0.99,1777265906,2026-04-27T04:58:26Z,3506,observed,22,18,4,4,18,11,11,294340.80459943804,22332.726493621536,272008.0781058165,316673.5310930596,13046.647057759747,0.03898038757271005,104.53852620218181,100.0,4.538526202181818,735507.3636363636,1.0,1.0,1,258944.39751380574,303609.85050104884,13063.680592010756,13063.680592010756,6,9,3573.0232277946247,5864.476215037697,390.96508100251316,653.7041236299756,0.0,0.0,0,0,0.0,0.0,0.0,0,0,0.0,177284.78993656597,0.0,1,0,177284.78993656597,4,22,316673.5310930596,12.665629809630945,0.8589542585606329,370.2175152814112,431.0095812340371,0.8589542585606328,0.0,-0.2,0.609265533149009,1.6720268775762446,0.6818181818181818,0.852885362864441,1.0,-0.14711463713555895,245880.71692179498,0,0.0,0.0,0.0,0,0.0,0.0,0.0,0.0,0.0,0,0.0,0.0,177284.78993656597,0.5598345694527529,0.5598345694527529,1,0.045454545454545456,1.0,0.4141874919764381,0.15427405697783084,0.9172063173552271,1.144055687423702,-0.03846253348218516,-0.10524176027011184,0.07856506795403134,0.03216284814997614,0.4134316330371291,0.15557534903998435,0.8502837851001254,1.1212970827426076,0.33402107392028224,-0.08514536432455294,0.2615062761506276,0.2615062761506276,0.4246861924686193,0.6715481171548117,low,low,mid,high,1,0.0,0.0,0.0,0.8589542585606329,pre_price_events,7114,0x116e7d070f1888b81e1e0324f56d6746b2d7d8f1,1000863.055673601,300642.46895390877,149669.25197770135,5177.998050260203,-0.036033840870458946,-0.04561343482831841,-0.10857616335905869
2026-04-27T05:00:00Z,1777266000,2026-04-27,0.0013121709270682,-0.03591516531343919,-0.008170855874512828,-0.0005952383021815555,-0.09169898340587623,CHOG,0.99,1777269506,2026-04-27T05:58:26Z,3506,observed,16,15,2,2,15,4,12,12564.171280445104,12361.0627897486,203.1084906965043,24925.2340701937,1025.3155661608678,0.0408461282619961,102.030032336875,100.0,2.030032336875,499200.625,1.0,1.0,1,-41.804139208059496,24680.32144028914,244.9126299045634,244.9126299045634,3,11,199.94452127286056,7122.070100770058,508.719292912147,844.4539783470196,0.0,0.0,0,0,0.0,0.0,0.0,0,0,0.0,0.0,0.0,0,0,0.0,2,16,24925.234070193696,10.123676104946167,0.008148709461444423,0.26651305653265495,32.70616749727795,0.008148709461444423,-0.5,-0.5714285714285714,0.028073933342953477,1.6599605914550053,0.875,-0.0016938247465374077,1.0,-1.0016938247465375,-286.7167691126229,1,0.0,0.0,0.0,0,0.0,0.0,0.0,0.0,0.0,0,0.0,0.0,0.0,0.0,0.0,0,0.0,0.0,0.04650141538673885,-0.14945954697547764,-0.1591481695530951,-0.0715626685395664,-0.03846253348218516,-0.10524176027011184,0.07856506795403134,0.03216284814997614,0.04608243821465804,-0.14881066056330083,-0.2523507040856063,-0.09105642519257816,-0.9616001935330212,-1.514884086197631,0.027083333333333334,0.027083333333333334,0.11458333333333333,0.54375,low,low,low,mid,0,0.0,0.0,-41.804139208059496,0.0,pre_price_events,7114,0x116e7d070f1888b81e1e0324f56d6746b2d7d8f1,1000863.055673601,300642.46895390877,149669.25197770135,5177.998050260203,-0.0167689169091632,-0.008734341668436198,-0.10844636547306925
2026-04-27T06:00:00Z,1777269600,2026-04-27,0.0013014493675404,-0.008170855874512828,0.0016672082636612906,-0.017581948251544022,-0.07449454794951171,CHOG,0.99,1777273137,2026-04-27T06:58:57Z,3537,observed,19,17,3,3,16,7,12,11382.214010051552,77142.35238822583,-65760.13837817428,88524.56639827738,3608.4400002674006,0.03993040070705741,102.07535285894737,100.0,2.0753528589473684,1090718.2631578948,1.0,1.105263157894737,2,-64604.46487198643,87368.89289208953,-1155.673506187849,1155.673506187849,7,9,9654.092864841441,13110.33515526166,819.3959472038538,1196.1861586093055,0.0,0.0,0,0,0.0,0.0,0.0,0,0,0.0,0.0,0.0,0,0,0.0,3,19,88524.56639827737,11.391046675132777,-0.7428462070326945,-85.58349050164409,115.21024095082623,-0.7428462070326945,-0.2631578947368421,-0.125,0.7363726976092521,1.4598389980951563,0.8421052631578947,-0.7394447008934891,-1.0,0.2605552991065109,-63448.79136579858,0,0.0,0.0,0.0,0,0.0,0.0,0.0,0.0,0.0,0,0.0,0.0,0.0,0.0,0.0,0,0.0,0.0,-0.04298780806196998,-0.22234294081299324,-1.1969557384162641,-1.1457154023461633,-0.03846253348218516,-0.10524176027011184,0.07856506795403134,0.03216284814997614,-0.04586473166952503,-0.2238300639206078,-1.2898031831939374,-1.1390166267846618,-0.32630225280517894,-0.8049181198735732,0.035269709543568464,0.035269709543568464,0.21784232365145229,0.578838174273859,low,low,low,mid,0,0.0,0.0,-0.0,-0.0,pre_price_events,7114,0x116e7d070f1888b81e1e0324f56d6746b2d7d8f1,1000863.055673601,300642.46895390877,149669.25197770135,5177.998050260203,-0.0028999710667600206,-0.023596933074853544,-0.08689452973196121
2026-04-27T07:00:00Z,1777273200,2026-04-27,0.0013036191546807,0.0016672082636612906,0.005960880495502696,-0.061672554810988656,-0.06064289854751581,CHOG,0.99,1777276701,2026-04-27T07:58:21Z,3501,observed,16,16,1,1,16,2,14,6508.579560835103,23775.89777042872,-17267.318209593617,30284.477331263824,1234.8136879570618,0.04062889780371584,102.126374599375,100.0,2.126374599375,505030.6875,1.0,1.0,1,-17267.318209593617,30284.477331263824,0.0,0.0,1,12,-6021.482866051627,7450.312674805816,573.1009749850627,1172.9470567693932,0.0,0.0,0,0,0.0,0.0,0.0,0,0,0.0,0.0,0.0,0,0,0.0,1,16,30284.47733126382,10.318423580600525,-0.5701705867569292,-22.51000676799309,39.47942473852897,-0.5701705867569292,-0.75,-0.8461538461538461,-0.8082188129384208,2.046667355259629,0.8125,-0.5701705867569292,0.0,-0.5701705867569292,-17267.318209593617,0,0.0,0.0,0.0,0,0.0,0.0,0.0,0.0,0.0,0,0.0,0.0,0.0,0.0,0.0,0,0.0,0.0,0.006631262614970135,-0.16194433468204983,-1.0011330719979228,-0.8742886404642691,-0.03846253348218516,-0.10524176027011184,0.07856506795403134,0.03216284814997614,0.005517868888895328,-0.16193870692756288,-1.0990546889368167,-0.874141910689874,-0.8315866485510736,-1.3772593545855911,0.05578512396694215,0.05578512396694215,0.1384297520661157,0.5785123966942148,low,low,low,mid,1,0.0,0.0,-0.0,-0.5701705867569292,pre_price_events,7114,0x116e7d070f1888b81e1e0324f56d6746b2d7d8f1,1000863.055673601,300642.46895390877,149669.25197770135,5177.998050260203,0.00047952514741651537,-0.06653417739860144,-0.07207398190853992
2026-04-27T08:00:00Z,1777276800,2026-04-27,0.0013113898726734,0.005960880495502696,-0.025028804361732604,-0.0911580058403213,-0.06279161216071683,CHOG,0.99,1777280333,2026-04-27T08:58:53Z,3533,observed,11,10,2,2,10,1,10,11954.482357662318,6981.601397152448,4972.88096050987,18936.08375481477,778.3801754504474,0.03956523184514483,111.23070774209091,100.0,11.230707742090908,884749.9090909091,1.0,1.0,1,7347.88096050987,16561.08375481477,-2375.0,2375.0,0,10,-6981.601397152448,6981.601397152448,698.1601397152448,1090.7677878683983,0.0,0.0,0,0,0.0,0.0,0.0,0,0,0.0,0.0,0.0,0,0,0.0,2,11,18936.08375481477,9.848877382066387,0.26261401380026345,6.521385729623014,24.832588464159375,0.2626140138002635,-0.8181818181818182,-1.0,-1.0,1.562346123502961,0.9090909090909091,0.4436835819016758,-1.0,1.4436835819016758,9722.88096050987,1,0.0,0.0,0.0,0,0.0,0.0,0.0,0.0,0.0,0,0.0,0.0,0.0,0.0,0.0,0,0.0,0.0,0.03751234618409032,-0.13532999162975184,0.1646095850502841,0.3309894472909282,-0.03846253348218516,-0.10524176027011184,0.07856506795403134,0.03216284814997614,0.04126507543020559,-0.1313242968392972,0.3348039122694829,0.576524602680133,-1.125741749302671,-1.5976172737033205,0.42592592592592593,0.42592592592592593,0.09670781893004116,0.345679012345679,mid,mid,low,mid,1,0.0,0.0,7347.88096050987,0.26261401380026345,pre_price_events,7114,0x116e7d070f1888b81e1e0324f56d6746b2d7d8f1,1000863.055673601,300642.46895390877,149669.25197770135,5177.998050260203,-0.030536191140001633,-0.09489824971803858,-0.07216122625750793
2026-04-27T09:00:00Z,1777280400,2026-04-27,0.0012785673521083,-0.025028804361732604,-0.043287294256370235,-0.05793114203945837,-0.10561055356844606,CHOG,0.99,1777283938,2026-04-27T09:58:58Z,3538,observed,35,30,4,4,27,12,23,296747.1362044986,1225471.6580715028,-928724.5218670043,1522218.7942760014,60395.16034807841,0.03831400754567098,293.67123952705714,100.0,193.6712395270571,745244.4571428571,1.0,1.1714285714285715,2,-902732.6534799262,1496226.9258889232,-25991.86838707816,25991.86838707816,4,16,-4186.681952706145,16524.84389284223,826.2421946421115,1455.2255782316574,0.0,0.0,0,0,0.0,0.0,0.0,0,0,0.0,0.0,1187254.2665727418,0,4,1187254.2665727418,4,35,1522218.7942760019,14.235680218459695,-0.6101123737003423,-1187.4368527615427,1946.259253126956,-0.6101123737003424,-0.3142857142857143,-0.6,-0.25335682320845493,1.7612578825776277,0.5714285714285714,-0.6033393984963904,-1.0,0.3966606015036096,-876740.785092848,0,0.0,0.0,0.0,0,0.0,0.0,0.0,0.0,0.0,0,0.0,0.0,-1187254.2665727418,-0.7799498147291135,0.7799498147291135,4,0.11428571428571428,-1.0,-1.1718488864536711,-1.1436998301829688,-0.9744006284943643,-0.9029083286097364,-0.03846253348218516,-0.10524176027011184,0.07856506795403134,0.03216284814997614,-1.194751649553942,-1.1647148157907319,-1.0633241240180615,-0.8947343040241973,1.1435406353490267,0.8183782126611112,0.9364754098360656,0.9364754098360656,0.8012295081967213,0.8586065573770492,high,high,high,high,0,0.0,0.0,-0.0,-0.0,pre_price_events,7114,0x116e7d070f1888b81e1e0324f56d6746b2d7d8f1,1000863.055673601,300642.46895390877,149669.25197770135,5177.998050260203,-0.04556945513330525,-0.06755604829300228,-0.12292499909512832
2026-04-27T10:00:00Z,1777284000,2026-04-27,0.001223221630911,-0.043287294256370235,-0.025649843917764037,0.0010973315005886608,-0.08587608626628573,CHOG,0.99,1777287535,2026-04-27T10:58:55Z,3535,observed,36,32,5,4,32,15,21,231434.77822546705,927038.6604549151,-695603.8822294481,1158473.4386803822,44542.455850830316,0.03775130749655146,115.49346861952777,100.0,15.493468619527777,1587071.1944444445,1.0,1.0,1,-640391.3713190053,1091005.599598791,-55212.51091044279,67467.8390815911,9,16,-1059.5587517215683,19066.5977817673,762.6639112706921,1115.303637192949,0.0,0.0,0,0,0.0,0.0,580238.582221955,0,1,580238.582221955,158901.4568568951,818846.4967099882,1,2,977747.9535668832,5,36,1158473.4386803822,13.96261455845956,-0.6004487103492082,-850.8777152887286,1417.0697690296913,-0.6004487103492083,-0.16666666666666666,-0.28,-0.05557146397323103,1.4623789335130801,0.6944444444444444,-0.5869734963363198,-0.8183530354910651,0.2313795391547453,-585178.8604085625,0,0.0,0.0,0.0,0,0.0,0.0,-580238.582221955,-0.5008648129929548,0.5008648129929548,1,0.027777777777777776,-1.0,-659945.0398530931,-0.5696678213052834,0.8439968677060361,3,0.08333333333333333,-0.3333333333333333,-0.8033346681096789,-0.8675671477031203,-0.888950496088583,-0.8644484856584491,-1.1478022120612825,-0.8802665801513618,-1.3509879985371545,-1.338127892210443,-0.7721649969511933,-0.842331582759225,-0.963306240119156,-0.8469738806725401,0.9282877523970381,0.6549104641875485,0.5244897959183673,0.5244897959183673,0.7489795918367347,0.8979591836734694,mid,mid,high,high,0,-580238.582221955,-0.0,-0.0,-0.0,pre_price_events,7114,0x116e7d070f1888b81e1e0324f56d6746b2d7d8f1,1000863.055673601,300642.46895390877,149669.25197770135,5177.998050260203,-0.029871173494199727,-0.010320283280806513,-0.10649688354965273
2026-04-27T11:00:00Z,1777287600,2026-04-27,0.0011918461870013,-0.025649843917764037,0.010615713976342311,0.03121157897840332,-0.16005966624038204,CHOG,0.99,1777291136,2026-04-27T11:58:56Z,3536,observed,15,13,3,3,13,4,11,56744.74028056228,269549.787775389,-212805.04749482666,326294.52805595123,12403.433358288841,0.03822555416326532,105.18584282213332,100.0,5.185842822133334,1184335.5333333334,1.0,1.0,1,-212337.43673908955,325775.22968655924,-467.6107557371463,519.2983693920214,2,10,-279.76257158110565,1366.516941934385,113.87641182786541,187.8706424262075,0.0,0.0,0,0,0.0,0.0,0.0,0,0,0.0,0.0,268726.6480186312,0,1,268726.6480186312,3,15,326294.52805595123,12.695558777479686,-0.6521869942554966,-253.6308844313397,388.89288910287416,-0.6521869942554966,-0.4666666666666667,-0.6666666666666666,-0.20472674944306604,1.6497766254717536,0.8,-0.6517912271703024,-0.9004664433755312,0.2486752162052288,-211869.8259833524,0,0.0,0.0,0.0,0,0.0,0.0,0.0,0.0,0.0,0,0.0,0.0,-268726.6480186312,-0.8235708076984711,0.8235708076984711,1,0.06666666666666667,-1.0,-0.14673287384836797,-0.3129907796701532,-0.9539901576193544,-0.9166854900787048,0.01093479254400131,-0.06127255228377687,0.1374100744748675,0.057806091673884896,-0.15993222453033787,-0.3244213786088887,-1.0461355988892151,-0.9176153994822654,0.21873936308497127,-0.01554134229996824,0.29471544715447157,0.29471544715447157,0.4329268292682927,0.4817073170731707,low,low,mid,mid,0,0.0,0.0,-0.0,-0.0,pre_price_events,7114,0x116e7d070f1888b81e1e0324f56d6746b2d7d8f1,1000863.055673601,300642.46895390877,149669.25197770135,5177.998050260203,0.0075330306858438795,0.024599590324070806,-0.1709729186807049
2026-04-27T12:00:00Z,1777291200,2026-04-27,0.0012044984852263,0.010615713976342311,0.016658738519484517,-0.05061138697675194,-0.14620463739936862,CHOG,0.99,1777294741,2026-04-27T12:59:01Z,3541,observed,23,20,5,4,20,4,19,797.4436756682715,69671.53850413505,-68874.09482846678,70468.98217980334,2632.682817676582,0.0345847921918078,128.1643807706087,100.0,28.164380770608695,983785.4347826086,1.0,1.0,1,-61124.40825564621,62652.94495572722,-7749.686572820579,7816.037224076117,4,16,-7322.883567308628,8917.77091864517,445.8885459322585,1150.6028508854772,0.0,0.0,0,0,0.0,0.0,0.0,0,0,0.0,0.0,0.0,0,0,0.0,5,23,70468.98217980332,11.162942113444682,-0.9773675267897702,-82.95874289222078,84.87978229101225,-0.9773675267897703,-0.6521739130434783,-0.6,-0.8211562770689735,2.5804718721352446,0.8695652173913043,-0.9756031148869199,-0.991510960176705,0.015907845289785172,-53374.72168282563,0,0.0,0.0,0.0,0,0.0,0.0,0.0,0.0,0.0,0,0.0,0.0,0.0,0.0,0.0,0,0.0,0.0,0.08237365762794781,-0.1367034265859432,-1.2919427819222307,-1.3533742114111127,0.01093479254400131,-0.08675924155661877,0.1374100744748675,0.047983575511272004,0.0900521488544079,-0.13073430448325163,-1.3695574000156299,-1.348036469157683,-0.5517736639023239,-0.8563894712456512,0.6862348178137652,0.6862348178137652,0.20445344129554655,0.7388663967611336,high,high,low,high,1,0.0,0.0,-0.0,-0.9773675267897702,pre_price_events,7114,0x116e7d070f1888b81e1e0324f56d6746b2d7d8f1,1000863.055673601,300642.46895390877,149669.25197770135,5177.998050260203,0.012653021733065973,-0.055718126457143885,-0.15823423654677393
2026-04-27T13:00:00Z,1777294800,2026-04-27,0.0012245639105388,0.016658738519484517,0.0036598154001026284,-0.08687808370890993,-0.1726058119049092,CHOG,0.99,1777298337,2026-04-27T13:58:57Z,3537,observed,23,23,2,2,23,11,12,202685.2117452975,17561.75684295072,185123.4549023468,220246.96858824824,8454.788033764911,0.03805681619795396,136.8853946842174,100.0,36.88539468421739,725500.1739130435,1.0,1.0,1,188119.45099520928,217250.97249538574,-2995.9960928625,2995.9960928625,6,11,5063.151255167118,12922.164357110334,760.1273151241373,1459.0730854527014,0.0,0.0,0,0,0.0,0.0,0.0,0,0,0.0,0.0,0.0,0,0,0.0,2,23,220246.96858824824,12.30250932054703,0.8405266873317795,226.695501867671,269.7064891387415,0.8405266873317796,-0.043478260869565216,-0.29411764705882354,0.3918191345694464,1.919511450807972,0.7391304347826086,0.8659084414418665,-1.0,1.8659084414418665,191115.44708807179,1,0.0,0.0,0.0,0,0.0,0.0,0.0,0.0,0.0,0,0.0,0.0,0.0,0.0,0.0,0,0.0,0.0,0.4174650413457179,0.16480038837056377,1.2453100771940293,1.233674160032385,0.01093479254400131,-0.10479044808242609,0.1374100744748675,0.031048167214616597,0.4334939694778164,0.18017873268190895,1.1239781899428432,1.2457621427245626,0.007327756155716931,-0.19102789564807582,0.7399193548387096,0.7399193548387096,0.3528225806451613,0.7883064516129032,high,high,mid,high,1,0.0,0.0,188119.45099520928,0.8405266873317795,pre_price_events,7114,0x116e7d070f1888b81e1e0324f56d6746b2d7d8f1,1000863.055673601,300642.46895390877,149669.25197770135,5177.998050260203,0.0021627253847752,-0.09125349289268764,-0.18204806035435434
2026-04-27T14:00:00Z,1777298400,2026-04-27,0.001229045588397,0.0036598154001026284,-0.06957304344660276,-0.18548205733713086,-0.16359717191462864,CHOG,0.99,1777301943,2026-04-27T14:59:03Z,3543,observed,16,15,4,4,15,5,11,360597.85623606475,33156.74082137808,327441.1154146867,393754.5970574429,15281.691216746596,0.03605513661509019,109.0085954439375,100.0,9.0085954439375,762226.9375,1.0,1.0,1,317640.1381736785,383953.6198164346,9800.977241008233,9800.977241008233,3,10,-7266.743811234708,10854.85658014803,834.9889677036947,1278.6007512410886,0.0,0.0,0,0,0.0,349475.9817919087,0.0,1,0,349475.9817919087,349475.9817919087,0.0,1,0,349475.9817919087,4,16,393754.5970574428,12.883485683770013,0.8315867747619412,402.4400583602136,483.9423504244885,0.8315867747619413,-0.375,-0.5384615384615384,-0.6694463217989021,1.5312786164796546,0.8125,0.8272877810750681,1.0,-0.17271221892493194,307839.16093267023,0,0.0,0.0,0.0,0,0.0,0.0,349475.9817919087,0.887547686817039,0.887547686817039,1,0.0625,1.0,349475.9817919087,0.887547686817039,0.887547686817039,1,0.0625,1.0,0.5534321641934654,0.34741175762396875,1.1327274846025348,1.1987830015724261,0.6448993558971933,0.42743908608127407,2.5129599927132564,2.418635776133207,0.5604129196611799,0.35511777272526107,0.9865884922048336,1.1700479640701589,0.35195966624769637,0.16136983493162577,0.3714859437751004,0.3714859437751004,0.4879518072289157,0.5341365461847389,mid,mid,mid,mid,1,0.0,0.0,0.0,0.8315867747619412,pre_price_events,7114,0x116e7d070f1888b81e1e0324f56d6746b2d7d8f1,1000863.055673601,300642.46895390877,149669.25197770135,5177.998050260203,-0.07026152633181601,-0.18969888721789285,-0.17075259145474667
2026-04-27T15:00:00Z,1777302000,2026-04-27,0.0011435371462776,-0.06957304344660276,-0.022177680670937727,-0.10068927424588336,-0.12033716358986946,CHOG,0.99,1777305528,2026-04-27T15:58:48Z,3528,observed,25,21,4,4,19,12,13,429033.32418468304,1539242.896930895,-1110209.572746212,1968276.221115578,73115.43460700444,0.03464576934139474,612.7967114944,100.0,512.7967114944,993786.92,1.0,1.16,2,-1065365.2566312025,1912854.3348137739,-44844.31611500939,55421.88630180404,8,8,6167.240433657969,14513.535974198967,907.0959983874354,1243.339331735627,0.0,0.0,0,0,0.0,0.0,1434963.409431198,0,2,1434963.409431198,244832.0102115829,1434963.409431198,1,2,1679795.419642781,4,25,1968276.2211155777,14.492669211061877,-0.564051712272868,-1269.5658865882767,2250.796972980567,-0.5640517122728679,-0.04,0.0,0.42493024750285585,1.3706810899242623,0.64,-0.5569505410012944,-0.809144529487977,0.2521939884866826,-1020520.9405161932,0,0.0,0.0,0.0,0,0.0,0.0,-1434963.409431198,-0.7290457477649608,0.7290457477649608,2,0.08,-1.0,-1190131.399219615,-0.6046566972927576,0.8534347982371641,3,0.12,-0.3333333333333333,-1.3907214994463255,-1.3789443310480711,-0.8167793798493603,-0.7494037039198939,-2.8896559607237555,-2.119285874812525,-2.2305948338944894,-1.8906469360774532,-1.4026625455914696,-1.3884936095265878,-0.9014965384368403,-0.7427408372566118,1.2288567678068618,1.098524756275413,0.954,0.954,0.854,0.702,high,high,high,high,0,-1434963.409431198,-1434963.409431198,-0.0,-0.0,pre_price_events,7114,0x116e7d070f1888b81e1e0324f56d6746b2d7d8f1,1000863.055673601,300642.46895390877,149669.25197770135,5177.998050260203,-0.026252820390148292,-0.11243363284507735,-0.13874428737838201
2026-04-27T16:00:00Z,1777305600,2026-04-27,0.0011181761446121,-0.022177680670937727,-0.10472094318621095,-0.09388420830397681,-0.09481741807511002,CHOG,0.99,1777309107,2026-04-27T16:58:27Z,3507,observed,21,19,3,3,18,8,13,519651.79131047084,629753.2179074872,-110101.42659701641,1149405.009217958,42486.148982623294,0.037047466540885005,142.14985944961904,100.0,42.14985944961905,1201399.5714285714,1.0,1.0952380952380953,2,-100144.49902303577,1130195.1411265472,-9956.927573980645,19209.868091410688,4,9,-6305.981112127037,17149.572773948894,1319.1979056883765,1721.9043621955548,0.0,0.0,0,0,0.0,332237.53589797707,302353.036923892,1,1,634590.572821869,332237.53589797707,578978.2704876855,1,2,911215.8063856626,3,21,1149405.0092179582,13.954755853176755,-0.09578993106348838,-123.11278870854395,1285.2372618051716,-0.09578993106348838,-0.23809523809523808,-0.38461538461538464,-0.36770485161625455,1.305266142987879,0.6190476190476191,-0.08860814860981839,-0.5183235786211717,0.42971543001135337,-90187.57144905512,0,0.0,0.0,0.0,0,0.0,0.0,29884.498974085087,0.025999972798463927,0.5521035385548191,2,0.09523809523809523,0.0,-246740.7345897084,-0.21466822626568155,0.7927717376189647,3,0.14285714285714285,-0.3333333333333333,-0.23068425050386612,-0.15367016580652665,-0.18734851544284548,-0.09459931138549599,-0.006176497897242978,-0.02186316884469128,-0.008108976447538717,0.09603049856835082,-0.22285511865875987,-0.14759233689660628,-0.28805776539945,-0.0953299037222021,1.0150987413048564,0.7891260460030957,0.7589641434262948,0.7589641434262948,0.7470119521912351,0.6653386454183267,high,high,high,mid,0,29884.498974085087,29884.498974085087,-0.0,-0.0,pre_price_events,7114,0x116e7d070f1888b81e1e0324f56d6746b2d7d8f1,1000863.055673601,300642.46895390877,149669.25197770135,5177.998050260203,-0.10587784732467705,-0.10096968524250803,-0.10596664543751286
2026-04-27T17:00:00Z,1777309200,2026-04-27,0.0010010796841,-0.10472094318621095,0.027286076502748724,0.0268685123754977,0.015690637958077902,CHOG,0.99,1777312744,2026-04-27T17:59:04Z,3544,observed,79,62,5,4,52,55,24,3088729.1119025834,5945514.349699943,-2856785.2377973604,9034243.461602528,298947.4945891033,0.031222291413252667,183.3002068986709,100.0,83.3002068986709,1217565.405063291,1.0,1.2025316455696202,3,-2710319.248648968,8630767.078137022,-146465.98914839135,403476.38346550526,28,12,12586.20626511113,29059.818546349652,726.4954636587413,1181.5786012913823,0.0,4750000.0,0,1,4750000.0,1932387.6575835175,5569795.28512405,4,3,7502182.9427075675,2511408.291293119,5819795.28512405,7,4,8331203.5764171695,5,79,9034243.461602526,16.01653285500353,-0.31621742871324093,-2859.8696633957247,9043.997590623549,-0.31621742871324093,0.3924050632911392,0.4,0.43311372522978625,1.6264087807799559,0.5063291139240507,-0.3140299377925049,-0.36301006738084163,0.04898012958833675,-2563853.2595005766,0,-4750000.0,-0.5257772850807617,0.5257772850807617,1,0.012658227848101266,-1.0,-3637407.627540533,-0.40262448571375076,0.8304162904833652,7,0.08860759493670886,0.14285714285714285,-3308386.9938309314,-0.36620520665535367,0.9221805469186847,11,0.13924050632911392,0.2727272727272727,-3.5232428050104914,-3.4668089178836676,-0.4554109403523881,-0.3945672810838428,-3.9532454659420684,-4.699026502921114,-1.166674219194415,-1.0263019422149968,-3.51414046674754,-3.457857526441519,-0.5552831897664282,-0.3994603558320254,2.029913491479726,1.970271974749207,0.871031746031746,0.871031746031746,0.9900793650793651,0.9623015873015873,high,high,high,high,0,-3637407.627540533,-3637407.627540533,-0.0,-0.0,pre_price_events,7114,0x116e7d070f1888b81e1e0324f56d6746b2d7d8f1,1000863.055673601,300642.46895390877,149669.25197770135,5177.998050260203,0.017892083473751996,0.003327331033223826,-0.029028951748182874
2026-04-27T18:00:00Z,1777312800,2026-04-27,0.0010283952209457,0.027286076502748724,-0.01477851909981065,-0.021847720461145803,0.047928432127265275,CHOG,0.99,1777316306,2026-04-27T18:58:26Z,3506,observed,27,22,5,4,22,17,10,598313.7893032952,22295.797848529655,576017.9914547655,620609.5871518248,20893.694222629634,0.03239297879128011,109.08699676418519,100.0,9.086996764185185,814459.4074074074,1.0,1.0,1,546884.914795488,591476.5104925473,29133.076659277536,29133.076659277536,11,8,5019.550597346815,7726.054843742167,406.63446546011403,530.5231904873638,0.0,0.0,0,0,0.0,447252.04293440556,0.0,1,0,447252.04293440556,447252.04293440556,0.0,1,0,447252.04293440556,5,27,620609.5871518247,13.338459090393,0.9281487160040431,592.374149590822,638.2319335000205,0.9281487160040433,0.25925925925925924,0.15789473684210525,0.6496912976760028,1.3046685304627768,0.7037037037037037,0.9246096930207321,1.0,-0.07539030697926785,517751.83813621046,0,0.0,0.0,0.0,0,0.0,0.0,447252.04293440556,0.7206657006170138,0.7206657006170138,1,0.037037037037037035,1.0,447252.04293440556,0.7206657006170138,0.7206657006170138,1,0.037037037037037035,1.0,0.8716376024472172,0.7841978691210882,1.1956425915764104,1.3605019843005217,0.6316087155022255,0.621742203671698,1.8368744095498497,1.9191386218731759,0.8691751818844633,0.782645671238832,1.1586776734800948,1.3298602774827326,0.5152450920011319,0.42247986471461807,0.37351778656126483,0.37351778656126483,0.5909090909090909,0.7766798418972332,mid,mid,mid,high,1,0.0,0.0,0.0,0.9281487160040431,pre_price_events,7114,0x116e7d070f1888b81e1e0324f56d6746b2d7d8f1,1000863.055673601,300642.46895390877,149669.25197770135,5177.998050260203,-0.0140245096663898,-0.025785582635195557,0.03974456405742168
2026-04-27T19:00:00Z,1777316400,2026-04-27,0.0010131970625308,-0.01477851909981065,0.01458762959041926,-0.0010299012330271529,0.07314450073027845,CHOG,0.99,1777319943,2026-04-27T19:59:03Z,3543,observed,18,17,2,2,17,8,10,314065.75906602415,468010.82184256037,-153945.06277653624,782076.5809085845,26244.80066971637,0.0335882615919274,109.4584298825,100.0,9.4584298825,825249.5555555555,1.0,1.0,1,-158670.0737811408,777233.5517960199,4725.011004604542,4843.029112564577,4,8,-401.7348959959683,16823.115172823058,1401.9262644019216,1964.7624120872688,0.0,0.0,0,0,0.0,0.0,310394.1561428143,0,1,310394.1561428143,183205.56285117503,310394.1561428143,1,1,493599.71899398934,2,18,782076.5809085843,13.569709222929626,-0.19684141749608355,-155.97668539630612,792.3976944507093,-0.19684141749608355,-0.1111111111111111,-0.3333333333333333,-0.023879934950748714,1.4014734312189092,0.6666666666666666,-0.20414722629316287,0.9756313445124967,-1.1797785708056596,-163395.08478574533,1,0.0,0.0,0.0,0,0.0,0.0,-310394.1561428143,-0.3968846065972352,0.3968846065972352,1,0.05555555555555555,-1.0,-127188.59329163929,-0.16262933374616179,0.6311398794483085,2,0.1111111111111111,0.0,-0.04079832946576988,-0.12756326946605595,-0.3167392715519349,-0.23682885113778832,-0.20208506808489185,-0.3722808371520896,-1.0708074923121578,-1.0062705112050059,-0.05705710136087363,-0.14340036770689454,-0.34689238426551855,-0.2565557753347603,0.6066251185455234,0.5673016984336955,0.3799212598425197,0.3799212598425197,0.6515748031496063,0.6122047244094488,mid,mid,mid,mid,0,-0.0,-0.0,-158670.0737811408,-0.0,pre_price_events,7114,0x116e7d070f1888b81e1e0324f56d6746b2d7d8f1,1000863.055673601,300642.46895390877,149669.25197770135,5177.998050260203,0.013582653276272855,-0.0070456076946958145,0.063713810050661
2026-04-27T20:00:00Z,1777320000,2026-04-27,0.0010279772059811,0.01458762959041926,-0.021449966222894412,-0.010885399915088967,0.0321023484284404,CHOG,0.99,1777323539,2026-04-27T20:58:59Z,3539,observed,17,17,1,1,17,11,6,73936.70764245637,47271.492903016915,26665.21473943946,121208.20054547329,4077.7415082746784,0.033671672240166615,105.71837529876471,100.0,5.718375298764705,574429.8235294118,1.0,1.0,1,26665.21473943946,121208.20054547329,0.0,0.0,8,4,3561.8383286958333,4261.870972353769,355.15591436281403,528.2878943685677,0.0,0.0,0,0,0.0,0.0,0.0,0,0,0.0,0.0,0.0,0,0,0.0,1,17,121208.20054547327,11.705273261827537,0.21999513745306,27.411232944735023,124.59926733873247,0.21999513745306,0.29411764705882354,0.3333333333333333,0.8357452282814377,1.4874816186473203,0.7058823529411765,0.21999513745306,0.0,0.21999513745306,26665.21473943946,0,0.0,0.0,0.0,0,0.0,0.0,0.0,0.0,0.0,0,0.0,0.0,0.0,0.0,0.0,0,0.0,0.0,0.31287686207073734,0.17944446127410732,0.29865529106788347,0.36762224990654657,0.24748588586747888,0.10959744643740177,0.01446084189066074,0.060184997666908664,0.3144426568989163,0.1810156388566672,0.2718228241344748,0.3522539141947154,-0.3770721458490341,-0.4966887072762047,0.307843137254902,0.307843137254902,0.2607843137254902,0.611764705882353,low,low,low,mid,1,0.0,0.0,0.0,0.21999513745306,pre_price_events,7114,0x116e7d070f1888b81e1e0324f56d6746b2d7d8f1,1000863.055673601,300642.46895390877,149669.25197770135,5177.998050260203,-0.023570726982498215,-0.014544429343227519,0.02411775179281593
2026-04-27T21:00:00Z,1777323600,2026-04-27,0.0010059271296349,-0.021449966222894412,0.006189752526268855,0.07133465212728107,0.07660445798491211,CHOG,0.99,1777327141,2026-04-27T21:59:01Z,3541,observed,12,11,3,3,11,5,7,124866.22041917095,59091.622437472586,65774.59798169836,183957.84285664355,6213.269610586783,0.03360842514648542,113.9000035395,100.0,13.900003539499998,842357.25,1.0,1.0,1,73418.75735963369,176294.72375583908,-7644.1593779353225,7663.119100804464,1,4,-372.9851573325144,391.9448802016569,78.38897604033137,102.44142989100082,0.0,0.0,0,0,0.0,0.0,0.0,0,0,0.0,0.0,0.0,0,0,0.0,3,12,183957.84285664355,12.122467331444055,0.3575525618277435,66.16445255061932,185.04818483861143,0.3575525618277435,-0.16666666666666666,-0.6,-0.9516265581543312,1.3068346477481017,0.4166666666666667,0.41645464932527215,-0.9975258478147427,1.413980497140015,81062.91673756902,1,0.0,0.0,0.0,0,0.0,0.0,0.0,0.0,0.0,0,0.0,0.0,0.0,0.0,0.0,0,0.0,0.0,0.32510871130367447,0.21202696549199082,0.4346716324217653,0.545477185487574,0.2277048495124805,0.09250452887608346,-0.046648434215970876,0.0441791851535301,0.34061630163798057,0.22820246263457644,0.4893701244456946,0.6105983407599508,-0.0998874664329255,-0.23256381205016152,0.490234375,0.490234375,0.330078125,0.375,mid,mid,low,mid,0,0.0,0.0,73418.75735963369,0.0,pre_price_events,7114,0x116e7d070f1888b81e1e0324f56d6746b2d7d8f1,1000863.055673601,300642.46895390877,149669.25197770135,5177.998050260203,0.0026830877135047707,0.06548181744527219,0.0666891284483416
2026-04-27T22:00:00Z,1777327200,2026-04-27,0.0010121535696268,0.006189752526268855,0.004578053669571647,0.07425087302899169,0.06884416041252783,CHOG,0.99,1777330743,2026-04-27T22:59:03Z,3543,observed,11,7,3,3,7,4,7,3693.2588160801515,36537.48285119071,-32844.224035110565,40230.741667270864,1343.0370572282757,0.03353219062264319,102.00000000018181,100.0,2.000000000181818,2627386.8181818184,1.0,1.0,1,-31333.944741631432,37818.593168548825,-1510.279293479128,2412.1484987220374,4,5,-91.97456452661731,7478.492196686921,830.9435774096578,1038.2322298726053,0.0,0.0,0,0,0.0,0.0,0.0,0,0,0.0,0.0,0.0,0,0,0.0,3,11,40230.741667270864,10.602411556755198,-0.8163961854531383,-33.2433985987595,40.719688787261845,-0.8163961854531383,-0.2727272727272727,-0.1111111111111111,-0.01229854389195771,1.2494617662358483,0.8181818181818182,-0.8285327960768716,-0.6261137298467644,-0.2024190662301072,-29823.665448152304,0,0.0,0.0,0.0,0,0.0,0.0,0.0,0.0,0.0,0,0.0,0.0,0.0,0.0,0.0,0,0.0,0.0,0.18359159804329045,0.06467556825948902,-1.23242902300385,-1.1163478007783572,0.2277048495124805,0.08041091952399179,-0.046648434215970876,0.024421993742051774,0.18247833103652092,0.0640438015466355,-1.2592007142617856,-1.133574102002828,-1.0984812771873955,-1.1083815701683268,0.02529182879377432,0.02529182879377432,0.14980544747081712,0.1867704280155642,low,low,low,low,1,0.0,0.0,-0.0,-0.8163961854531383,pre_price_events,7114,0x116e7d070f1888b81e1e0324f56d6746b2d7d8f1,1000863.055673601,300642.46895390877,149669.25197770135,5177.998050260203,0.00045244357165668235,0.07066930044870355,0.060683060573895775
2026-04-27T23:00:00Z,1777330800,2026-04-27,0.0010167872629904,0.004578053669571647,0.05989190730349958,0.04346083693420266,0.057677504942992064,CHOG,0.99,1777334338,2026-04-27T23:58:58Z,3538,observed,2,2,1,1,2,1,1,29339.005141967482,0.014179791326089609,29338.990962176154,29339.01932175881,997.500472804392,0.03367132225610898,103.9825,100.0,3.9825,549239.0,1.0,1.0,1,29338.990962176154,29339.01932175881,0.0,0.0,0,1,-0.014179791326089609,0.014179791326089609,0.014179791326089609,,0.0,0.0,0,0,0.0,0.0,0.0,0,0,0.0,0.0,0.0,0,0,0.0,1,2,29339.01932175881,10.286707710243409,0.9999990333834153,29.831512319331175,29.8315411549936,0.9999990333834153,0.0,-1.0,-1.0,,0.5,0.9999990333834153,0.0,0.9999990333834153,29338.990962176154,0,0.0,0.0,0.0,0,0.0,0.0,0.0,0.0,0.0,0,0.0,0.0,0.0,0.0,0.0,0,0.0,0.0,0.31731351425831134,0.12602525460136452,1.45823543620959,1.4237301642140783,0.271194155358129,0.04646943864971614,0.05203761426187876,0.011686374646727199,0.3199643886276596,0.12783471889809342,1.4102782461246783,1.3968251411953303,-1.188186384494274,-1.267350476997424,0.22674418604651161,0.22674418604651161,0.12596899224806202,0.015503875968992248,low,low,low,low,1,0.0,0.0,0.0,0.9999990333834153,pre_price_events,7114,0x116e7d070f1888b81e1e0324f56d6746b2d7d8f1,1000863.055673601,300642.46895390877,149669.25197770135,5177.998050260203,0.05599161473186946,0.04118974184712454,0.05280918925511291
2026-04-28T00:00:00Z,1777334400,2026-04-28,0.0010776845914928,0.05989190730349958,0.008928646093818049,0.004918916649589544,-0.06377701869022145,CHOG,0.99,1777337940,2026-04-28T00:59:00Z,3540,observed,15,12,4,4,12,9,6,1297125.4173248427,44008.53784028151,1253116.879484561,1341133.955165124,46727.51654085562,0.03287937576015076,126.58273064313333,100.0,26.582730643133335,2503239.066666667,1.0,1.0,1,1186253.9344956651,1254591.0101762281,66862.94498889592,86542.94498889592,5,3,3392.136932235541,6749.375648495518,843.6719560619398,1117.9026003181389,1182231.3368861973,0.0,1,0,1182231.3368861973,1182231.3368861973,0.0,1,0,1182231.3368861973,1182231.3368861973,0.0,1,0,1182231.3368861973,4,15,1341133.9551651243,14.109026794907209,0.9343711526044197,1350.4647523600515,1445.31939860925,0.9343711526044197,0.2,0.25,0.5025852921657533,1.325044162349834,0.5333333333333333,0.9455303958610671,0.7725984480592256,0.1729319478018415,1119390.9895067692,0,1182231.3368861973,0.8815162216518765,0.8815162216518765,1,0.06666666666666667,1.0,1182231.3368861973,0.8815162216518765,0.8815162216518765,1,0.06666666666666667,1.0,1182231.3368861973,0.8815162216518765,0.8815162216518765,1,0.06666666666666667,1.0,1.9278437970366034,1.9264323360473576,1.333442494123141,1.2929287593411167,1.6103356649293132,1.8921807271715971,2.3671654244947087,2.3229841485846827,1.919298322230208,1.913327887664875,1.298995504063787,1.2829700792042615,1.1032769996009877,1.0195933890448448,0.6737451737451737,0.6737451737451737,0.7818532818532818,0.4343629343629344,high,high,high,mid,1,1182231.3368861973,1182231.3368861973,0.0,0.9343711526044197,pre_price_events,7114,0x116e7d070f1888b81e1e0324f56d6746b2d7d8f1,1000863.055673601,300642.46895390877,149669.25197770135,5177.998050260203,0.014697351155295378,0.005945724242064039,-0.06107306610807293
2026-04-28T01:00:00Z,1777338000,2026-04-28,0.001087306855811,0.008928646093818049,-0.024215029314205716,-0.005033007421459068,-0.11305292835932146,CHOG,0.99,1777341539,2026-04-28T01:58:59Z,3539,observed,12,11,3,3,10,6,6,64461.26167061273,3981.486657688956,60479.77501292377,68442.74832830168,2448.962729150594,0.03539010998319995,112.75749470675,100.0,12.75749470675,863971.0833333334,1.0,1.0,1,59375.756349327705,67338.7296647056,1104.0186635960672,1104.0186635960672,3,6,-2731.958193085903,5231.0151222920085,581.2239024768899,1268.3690059367943,0.0,0.0,0,0,0.0,0.0,0.0,0,0,0.0,0.0,0.0,0,0,0.0,3,12,68442.74832830168,11.133767494599658,0.8836549742686889,65.76007400945883,74.41826948790928,0.8836549742686889,0.0,-0.3333333333333333,-0.522261574324961,2.182238205503302,0.75,0.8817474972422661,1.0,-0.11825250275773391,58271.73768573164,0,0.0,0.0,0.0,0,0.0,0.0,0.0,0.0,0.0,0,0.0,0.0,0.0,0.0,0.0,0,0.0,0.0,0.2844747121671337,0.128237116684502,1.273590079211478,1.1878580033669721,0.19696799871119708,0.010357367133702193,-0.0556928702262868,-0.044836995475457934,0.286689479973965,0.13083310467297324,1.2208536436642254,1.1616125615009578,-0.654830072426371,-0.7405455149631538,0.4673076923076923,0.4673076923076923,0.20192307692307693,0.3326923076923077,mid,mid,low,low,1,0.0,0.0,0.0,0.8836549742686889,pre_price_events,7114,0x116e7d070f1888b81e1e0324f56d6746b2d7d8f1,1000863.055673601,300642.46895390877,149669.25197770135,5177.998050260203,-0.02727846393913242,-0.008447898357645145,-0.12046269895862902
2026-04-28T02:00:00Z,1777341600,2026-04-28,0.001060977688424,-0.024215029314205716,0.02074307875558734,0.013624534343386951,-0.08683261672933773,CHOG,0.99,1777345140,2026-04-28T02:59:00Z,3540,observed,13,12,2,2,12,3,10,61425.55615860715,46337.91523872987,15087.64091987729,107763.47139733702,3836.389877994264,0.035343508970437185,107.18899813538461,100.0,7.188998135384616,943660.6923076923,1.0,1.0,1,7724.440642452349,100400.27111991208,7363.200277424935,7363.200277424935,1,8,-6385.75359066725,6681.164692299321,742.3516324777024,1481.7236861635918,0.0,0.0,0,0,0.0,0.0,0.0,0,0,0.0,0.0,0.0,0,0,0.0,2,13,107763.47139733702,11.587703304259556,0.14000700538169678,16.00765038694276,114.33463877969247,0.14000700538169678,-0.5384615384615384,-0.7777777777777778,-0.9557844903939338,1.995986297245864,0.6923076923076923,0.07693645202637689,1.0,-0.9230635479736231,361.24036502741365,0,0.0,0.0,0.0,0,0.0,0.0,0.0,0.0,0.0,0,0.0,0.0,0.0,0.0,0.0,0,0.0,0.0,0.22132428868722298,0.05253450108426025,0.1988226715080642,0.13792753442307046,0.19696799871119708,0.010357367133702193,-0.0556928702262868,-0.044836995475457934,0.21143046422568898,0.04207609325335809,0.09222600874591463,0.03807270131858143,-0.4231595219081907,-0.4590523144488465,0.342911877394636,0.342911877394636,0.23946360153256704,0.4367816091954023,mid,mid,low,mid,0,0.0,0.0,0.0,0.0,pre_price_events,7114,0x116e7d070f1888b81e1e0324f56d6746b2d7d8f1,1000863.055673601,300642.46895390877,149669.25197770135,5177.998050260203,0.015962649255518744,0.007267088583419755,-0.09839726018199144
2026-04-28T03:00:00Z,1777345200,2026-04-28,0.0010829856321729,0.02074307875558734,-0.0010629871739759045,-0.06835967977281587,-0.10538959090084965,CHOG,0.99,1777348739,2026-04-28T03:58:59Z,3539,observed,14,14,1,1,14,5,9,104529.67419977815,2234.2784437621767,102295.39575601596,106763.95264354032,3837.434521136493,0.035513649477768784,106.49622248357143,100.0,6.496222483571429,767084.7857142857,1.0,1.0,1,102295.39575601596,106763.95264354032,0.0,0.0,2,9,-1147.7341789727873,3320.8227085515664,301.89297350468786,483.93148128643037,0.0,0.0,0,0,0.0,0.0,0.0,0,0,0.0,0.0,0.0,0,0,0.0,1,14,106763.9526435403,11.578384992884011,0.958145452871684,110.78444384120594,115.62382674694209,0.9581454528716838,-0.2857142857142857,-0.6363636363636364,-0.34561742065218265,1.6029902109626801,0.7857142857142857,0.958145452871684,0.0,0.958145452871684,102295.39575601596,0,0.0,0.0,0.0,0,0.0,0.0,0.0,0.0,0.0,0,0.0,0.0,0.0,0.0,0.0,0,0.0,0.0,0.33417155095640905,0.180321392527019,1.3004622340771086,1.2534290813984634,0.19696799871119708,0.010357367133702193,-0.0556928702262868,-0.044836995475457934,0.3408373342534429,0.18786751195703216,1.2792475409902173,1.2308827966611051,-0.47612531642773837,-0.469614448876981,0.33396946564885494,0.33396946564885494,0.2385496183206107,0.49809160305343514,mid,mid,low,mid,1,0.0,0.0,0.0,0.958145452871684,pre_price_events,7114,0x116e7d070f1888b81e1e0324f56d6746b2d7d8f1,1000863.055673601,300642.46895390877,149669.25197770135,5177.998050260203,-0.002655661568816703,-0.07100861492620794,-0.11141793145012535
2026-04-28T04:00:00Z,1777348800,2026-04-28,0.0010818344323363,-0.0010629871739759045,-0.005917187295449322,-0.10856633611324096,-0.10443761957696474,CHOG,0.99,1777352342,2026-04-28T04:59:02Z,3542,observed,14,11,2,2,11,9,5,425199.22164075053,4510.768368896014,420688.4532718545,429709.9900096466,15605.998924274418,0.03601346623516882,104.90534676521429,100.0,4.9053467652142855,1656119.2857142857,1.0,1.0,1,397211.1112355254,406232.6479733174,23477.342036329144,23477.342036329144,4,5,5158.266603597806,14179.803341389834,1575.5337045988704,2327.779603064105,0.0,0.0,0,0,0.0,0.0,0.0,0,0,0.0,324287.7153654305,0.0,2,0,324287.7153654305,2,14,429709.9900096466,12.97086814544172,0.9790055224511082,455.1152540357928,464.8750631113232,0.9790055224511082,0.2857142857142857,-0.1111111111111111,0.36377560953480886,1.4774546531562494,0.6428571428571429,0.9777921917827131,1.0,-0.02220780821728685,373733.76919919625,0,0.0,0.0,0.0,0,0.0,0.0,0.0,0.0,0.0,0,0.0,0.0,324287.7153654305,0.7546664562258619,0.7546664562258619,2,0.14285714285714285,1.0,0.7622991151826787,0.6504865817246641,1.3120550402207964,1.2515285224977806,0.19696799871119708,0.0030083166878084487,-0.0556928702262868,-0.061742542322960954,0.7578341443690358,0.6446665973222552,1.2886669660578054,1.2279798916240843,0.3889098451735751,0.3692403574659162,0.26806083650190116,0.26806083650190116,0.5076045627376425,0.37832699619771865,low,low,mid,mid,0,0.0,0.0,0.0,0.0,pre_price_events,7114,0x116e7d070f1888b81e1e0324f56d6746b2d7d8f1,1000863.055673601,300642.46895390877,149669.25197770135,5177.998050260203,-0.0065912269572369455,-0.11283936490858944,-0.1111970841671449
2026-04-28T05:00:00Z,1777352400,2026-04-28,0.0010754330153775,-0.005917187295449322,-0.06181689911683075,-0.09910686617091369,-0.09910686617091369,CHOG,0.99,1777355937,2026-04-28T05:58:57Z,3537,observed,8,8,1,1,8,1,7,5458.406057930738,23007.764531191733,-17549.358473260996,28466.17058912247,1025.9453986699884,0.03599777899389066,102.19432902875,100.0,2.19432902875,721006.875,1.0,1.0,1,-17549.358473260996,28466.17058912247,0.0,0.0,0,6,-7.764531191732096,7.764531191732096,1.2940885319553492,3.0413599778164375,0.0,0.0,0,0,0.0,0.0,0.0,0,0,0.0,0.0,0.0,0,0,0.0,1,8,28466.17058912247,10.256506793145867,-0.6164987460577848,-18.873159500839755,30.613459672910285,-0.6164987460577849,-0.75,-1.0,-1.0,2.350194675800879,0.75,-0.6164987460577848,0.0,-0.6164987460577848,-17549.358473260996,0,0.0,0.0,0.0,0,0.0,0.0,0.0,0.0,0.0,0,0.0,0.0,0.0,0.0,0.0,0,0.0,0.0,0.15970970236623577,-0.023267371074314758,-0.987493377399082,-0.9876807724867102,0.19696799871119708,-0.01192757266060535,-0.0556928702262868,-0.09891142438250775,0.15807525854777138,-0.02457253029633402,-0.994508703589003,-0.9899715684477781,-1.3202966645496834,-1.2227900460916967,0.07765151515151515,0.07765151515151515,0.11931818181818182,0.23295454545454544,low,low,low,low,0,0.0,0.0,-0.0,-0.0,pre_price_events,7114,0x116e7d070f1888b81e1e0324f56d6746b2d7d8f1,1000863.055673601,300642.46895390877,149669.25197770135,5177.998050260203,-0.067154228543513,-0.10329390221994172,-0.10808950362642612
2026-04-28T06:00:00Z,1777356000,2026-04-28,0.001008953081159,-0.06181689911683075,-0.04417395640578492,-0.039747003563568306,-0.035023915225381175,CHOG,0.99,1777359538,2026-04-28T06:58:58Z,3538,observed,23,20,3,3,18,11,12,98781.48163704589,1005369.0843440389,-906587.6027069931,1104150.5659810847,38912.970730874586,0.03405441711326499,149.19635069739132,100.0,49.1963506973913,920274.0434782609,1.0,1.173913043478261,2,-874115.4492159243,1071678.4124900158,-32472.153491068857,32472.153491068857,6,7,-359.7118831298547,14372.497859403553,1105.5767584156579,1697.4177740889954,0.0,0.0,0,0,0.0,0.0,729233.1256795372,0,1,729233.1256795372,0.0,965945.2059810981,0,2,965945.2059810981,3,23,1104150.5659810847,13.914587784422384,-0.8210724430516879,-914.7043550917721,1114.0361156100691,-0.8210724430516879,-0.043478260869565216,-0.07692307692307693,-0.02502779173451082,1.535323315335855,0.5652173913043478,-0.8156508883900541,-1.0,0.18434911160994594,-841643.2957248554,0,0.0,0.0,0.0,0,0.0,0.0,-729233.1256795372,-0.6604471782628509,0.6604471782628509,1,0.043478260869565216,-1.0,-965945.2059810981,-0.8748310563268287,0.8748310563268287,2,0.08695652173913043,-1.0,-0.9948835813195919,-1.3303094766622574,-1.2715750395175343,-1.2385628126017616,-0.6334514498065295,-1.1547245239918582,-1.6814564768001523,-1.912082713959874,-1.011078067471508,-1.345460242089333,-1.2692543790441184,-1.2310956766001497,0.9056132003256072,0.9424674322303754,0.7943396226415095,0.7943396226415095,0.7339622641509433,0.6735849056603773,high,high,high,high,0,-729233.1256795372,-729233.1256795372,-0.0,-0.0,pre_price_events,7114,0x116e7d070f1888b81e1e0324f56d6746b2d7d8f1,1000863.055673601,300642.46895390877,149669.25197770135,5177.998050260203,-0.048522321518790684,-0.05059391315140439,-0.05241124929545724
2026-04-28T07:00:00Z,1777359600,2026-04-28,0.0009643836317364,-0.04417395640578492,0.004631546578883539,0.004631546578883539,0.009572914696900803,CHOG,0.99,1777363138,2026-04-28T07:58:58Z,3538,observed,201,151,5,4,119,112,89,2291967.654967628,3654014.5061240694,-1362046.8511564413,5945982.161091697,192732.10603818603,0.031330876262883944,116.58807245247264,100.0,16.588072452472638,726596.9303482587,1.0,1.3482587064676617,3,-1272112.1563367227,5700409.162022911,-89934.69481971882,245572.9990687861,66,51,30001.55404051826,260261.7863125056,2224.4597120726976,2156.6808763479853,0.0,0.0,0,0,0.0,0.0,409030.1706044254,0,1,409030.1706044254,1122372.1951336907,684541.7796044254,5,2,1806913.9747381161,5,201,5945982.161091697,15.5982264505637,-0.22907012067227023,-1313.5356889133768,5734.207870753459,-0.22907012067227026,0.11442786069651742,0.1282051282051282,0.11527452595170588,0.9695302030615076,0.582089552238806,-0.22316155212361752,-0.3662238729858396,0.14306232086222206,-1182177.4615170038,0,0.0,0.0,0.0,0,0.0,0.0,-409030.1706044254,-0.06879101879601443,0.06879101879601443,1,0.004975124378109453,-1.0,437830.4155292653,0.07363466685020773,0.30388822666873966,7,0.03482587064676617,0.42857142857142855,-1.4616611151336065,-1.9294488236084943,-0.4462062757152571,-0.40172147174566847,-0.233461300365202,-0.6349703130784882,-0.15095306216101242,-0.2597743033170995,-1.4334820135507595,-1.8915311423156391,-0.44900330666631383,-0.401361282904828,1.759813285425014,1.871705544899469,0.5469924812030075,0.5469924812030075,0.9680451127819549,0.9981203007518797,mid,mid,high,high,0,-409030.1706044254,-0.0,-0.0,-0.0,pre_price_events,7114,0x116e7d070f1888b81e1e0324f56d6746b2d7d8f1,1000863.055673601,300642.46895390877,149669.25197770135,5177.998050260203,-0.013480286293629705,-0.034202105190062684,-0.08196546336045132
2026-04-28T08:00:00Z,1777363200,2026-04-28,0.0009688502194467,0.004631546578883539,0.0,0.0,0.004918587451135048,CHOG,0.99,1777366736,2026-04-28T08:58:56Z,3536,observed,34,28,3,3,28,12,22,622969.9649788298,873265.8110235453,-250295.84604471538,1496235.7760023752,48997.940870131686,0.030880152176775925,117.50663457561765,100.0,17.50663457561765,926690.6764705882,1.0,1.0,1,-238436.77575519963,1452940.3152326206,-11859.07028951577,43295.460769754594,5,14,-11721.003640587189,18887.72026190932,994.0905401004904,1519.1755133888819,0.0,0.0,0,0,0.0,0.0,309133.14644875424,0,1,309133.14644875424,473907.9373910255,497133.1464487619,2,2,971041.0838397874,3,34,1496235.7760023754,14.218463697721614,-0.16728369289060366,-242.49918536701995,1449.6283599239048,-0.16728369289060366,-0.29411764705882354,-0.47368421052631576,-0.6205621153879974,1.5282063877554974,0.5588235294117647,-0.16410638018329413,-0.2739102455239441,0.10980386534064998,-226577.70546568386,0,0.0,0.0,0.0,0,0.0,0.0,-309133.14644875424,-0.20660724159042132,0.20660724159042132,1,0.029411764705882353,-1.0,-23225.209057736443,-0.01552242596403441,0.6489893500837169,4,0.11764705882352941,0.0,-0.01945890224191932,-0.3060431412060331,-0.32963126975519896,-0.3344705496517084,-0.0998218189901658,-0.4691177419073447,-0.48096909507184077,-0.6340564141367172,-0.021056465605677296,-0.30628149089892953,-0.3277578980895369,-0.3385252982080444,0.8609840254762982,1.047828872060509,0.5636704119850188,0.5636704119850188,0.799625468164794,0.8726591760299626,mid,mid,high,high,1,-309133.14644875424,-0.0,-0.0,-0.16728369289060366,pre_price_events,7114,0x116e7d070f1888b81e1e0324f56d6746b2d7d8f1,1000863.055673601,300642.46895390877,149669.25197770135,5177.998050260203,-3.0272970003224903e-05,-0.006902278227150014,-0.008022789955244013
2026-04-28T09:00:00Z,1777366800,2026-04-28,0.0009688502194467,0.0,0.0,0.004918587451135048,0.004918587451135048,CHOG,0.99,1777366736,2026-04-28T08:58:56Z,-64,forward_fill,53,43,3,3,41,23,30,1280203.5178934664,740350.7537815763,539852.76411189,2020554.2716750426,66066.93490135098,0.032782624657573305,107.32234325809434,100.0,7.32234325809434,1102012.0,1.0,1.1132075471698113,2,533907.8817392214,1933465.7894829714,5944.88237266861,87088.48219207127,13,20,777.6554100849052,27863.345282520644,844.3437964400196,1132.0296743512583,0.0,0.0,0,0,0.0,0.0,0.0,0,0,0.0,1105532.5058653308,480582.97444254067,4,2,1586115.4803078715,3,53,2020554.2716750428,14.51888291857073,0.2671805314411828,523.0364689787122,1957.6144495163321,0.2671805314411828,-0.1320754716981132,-0.21212121212121213,0.02790962112409192,1.3407212549250669,0.6226415094339622,0.27614033030395324,0.06826255577123659,0.20787777453271666,527962.9993665528,0,0.0,0.0,0.0,0,0.0,0.0,0.0,0.0,0.0,0,0.0,0.0,624949.5314227901,0.3092960878030294,0.784990288329637,6,0.11320754716981132,0.3333333333333333,0.9180573232469788,0.828579912240028,0.25567750638447145,0.2609932501324182,0.26723964938641553,0.020046855823046442,0.047950953959895105,-0.05990506779020556,0.9439319018461153,0.8579365660156145,0.2648261855500855,0.2594139742522484,1.036825835576396,1.1869837118554976,0.35261194029850745,0.35261194029850745,0.871268656716418,0.9384328358208955,mid,mid,high,high,0,0.0,0.0,0.0,0.0,pre_price_events,7114,0x116e7d070f1888b81e1e0324f56d6746b2d7d8f1,1000863.055673601,300642.46895390877,149669.25197770135,5177.998050260203,-0.0017598836545009919,-0.005510701493447921,-0.016617880295095762
2026-04-28T10:00:00Z,1777370400,2026-04-28,0.0009688502194467,0.0,0.0,0.004918587451135048,-0.012729803670626594,CHOG,0.99,1777366736,2026-04-28T08:58:56Z,-3664,forward_fill,27,24,3,3,23,4,23,38537.95791703563,329641.0613407216,-291103.103423686,368179.01925775723,12186.261112748529,0.0331248377312355,173.2036819904815,100.0,73.20368199048148,810802.4074074074,1.0,1.0740740740740742,2,-298863.9960915877,355326.34306567785,7760.892667901729,12852.676192079374,1,20,-13908.56413149672,13920.486135808325,662.8802921813489,1282.5241042397913,0.0,0.0,0,0,0.0,0.0,0.0,0,0,0.0,0.0,187390.1476208,0,1,187390.1476208,3,27,368179.0192577573,12.81632728030583,-0.7906564149433203,-282.0353056336536,356.7103236035489,-0.7906564149433203,-0.7037037037037037,-0.9047619047619048,-0.9991435640827989,1.9347748294331883,0.7777777777777778,-0.8410972108430087,0.6038347618750777,-1.4449319727180865,-306624.8887594894,1,0.0,0.0,0.0,0,0.0,0.0,0.0,0.0,0.0,0,0.0,0.0,-187390.1476208,-0.5089647639308058,0.5089647639308058,1,0.037037037037037035,-1.0,-0.17388826584852082,-0.3596501195565377,-1.2883475935913302,-1.2155800936889052,0.2391623098281645,0.02689394226278098,-0.005666042816977985,-0.0461293143414224,-0.20490814365264878,-0.39248223339235233,-1.3522573860159797,-1.2845508599910334,-0.006485967351140777,0.22567837075970743,0.8568773234200744,0.8568773234200744,0.4739776951672863,0.7881040892193308,high,high,mid,high,0,0.0,0.0,-298863.9960915877,-0.0,pre_price_events,7114,0x116e7d070f1888b81e1e0324f56d6746b2d7d8f1,1000863.055673601,300642.46895390877,149669.25197770135,5177.998050260203,-0.0021984906555636793,-0.0014690342866594324,-0.025368689606140023
2026-04-28T11:00:00Z,1777374000,2026-04-28,0.0009688502194467,0.0,0.004918587451135048,0.004918587451135048,-0.012729803670626594,CHOG,0.99,1777366736,2026-04-28T08:58:56Z,-7264,forward_fill,19,17,3,3,17,4,15,185348.4793369296,110027.18196549569,75321.29737143392,295375.6613024253,9841.997257806366,0.033052606879883636,133.15265417078948,100.0,33.15265417078947,1034933.947368421,1.0,1.0,1,71451.01935117562,291500.35757071513,3870.278020258287,3875.3037317101835,1,12,2127.8873881687223,5617.694363799748,432.1303356769037,1072.8869686204264,0.0,0.0,0,0,0.0,0.0,0.0,0,0,0.0,0.0,0.0,0,0,0.0,3,19,295375.6613024253,12.596006638857396,0.2550017054191711,72.9750554873239,286.17477427206893,0.25500170541917105,-0.5789473684210527,-0.8461538461538461,0.37878304698823845,2.4827855858344674,0.6842105263157895,0.2451146885260417,0.9987031438566292,-0.7535884553305875,67580.74133091734,0,0.0,0.0,0.0,0,0.0,0.0,0.0,0.0,0.0,0,0.0,0.0,0.0,0.0,0.0,0,0.0,0.0,0.2856695365765653,0.17384213120085523,0.19542572001437883,0.28481401012426316,0.2391623098281645,0.02689394226278098,-0.005666042816977985,-0.0461293143414224,0.2841925312021943,0.1734764242549398,0.18023831672045568,0.23009736004577594,-0.14414253802830415,0.08003793460260601,0.7055555555555556,0.7055555555555556,0.4166666666666667,0.6129629629629629,high,high,mid,mid,0,0.0,0.0,0.0,0.0,pre_price_events,7114,0x116e7d070f1888b81e1e0324f56d6746b2d7d8f1,1000863.055673601,300642.46895390877,149669.25197770135,5177.998050260203,0.003134975022220145,-0.00016947965392489876,-0.022156446861396912
2026-04-28T12:00:00Z,1777377600,2026-04-28,0.0009736155939781,0.004918587451135048,0.0,0.0,-0.01756201083564879,CHOG,0.99,1777381137,2026-04-28T12:58:57Z,3537,observed,17,17,1,1,17,4,13,474870.34829332144,187098.14565883126,287772.2026344902,661968.4939521527,22259.388183040257,0.03330160835894704,102.05805389758824,100.0,2.058053897588235,583447.5882352941,1.0,1.0,1,287772.2026344902,661968.4939521527,0.0,0.0,3,10,5416.202761238066,7567.367670559128,582.1052054276253,1138.7805308458012,0.0,0.0,0,0,0.0,468378.5630774228,0.0,1,0,468378.5630774228,468378.5630774228,0.0,1,0,468378.5630774228,1,17,661968.4939521526,13.40297475221408,0.4347219018180199,280.17950399836536,644.5028484340135,0.4347219018180199,-0.5294117647058824,-0.5384615384615384,0.7157314137530046,1.9563139450182925,0.7647058823529411,0.4347219018180199,0.0,0.4347219018180199,287772.2026344902,0,0.0,0.0,0.0,0,0.0,0.0,468378.5630774228,0.7075541621037894,0.7075541621037894,1,0.058823529411764705,1.0,468378.5630774228,0.7075541621037894,0.7075541621037894,1,0.058823529411764705,1.0,0.5384041652015362,0.4845491843317584,0.4008128538272049,0.5435827202724017,0.7646013784294787,0.7560290035565649,1.67759815157959,1.8584264501818213,0.5556714259494199,0.5054184550164122,0.39854544629653266,0.5009504843111974,0.31741933472884076,0.5469993787102385,0.03505535055350553,0.03505535055350553,0.6143911439114391,0.6125461254612546,low,low,mid,mid,1,0.0,0.0,0.0,0.4347219018180199,pre_price_events,7114,0x116e7d070f1888b81e1e0324f56d6746b2d7d8f1,1000863.055673601,300642.46895390877,149669.25197770135,5177.998050260203,0.00024334363162568755,-0.004180000379780214,-0.024182036247234587
2026-04-28T13:00:00Z,1777381200,2026-04-28,0.0009736155939781,0.0,0.0,-0.01756201083564879,-0.01756201083564879,CHOG,0.99,1777381137,2026-04-28T12:58:57Z,-63,forward_fill,13,12,2,2,12,3,10,244872.04129396405,199372.13809879773,45499.90319516632,444244.1793927618,14975.974982540174,0.03349645985515298,113.32862898238461,100.0,13.328628982384616,765783.0,1.0,1.0,1,45455.76753420107,444180.93227369594,44.13566096523832,63.24711906581127,1,7,-4902.515386515056,5009.898166546106,626.2372708182633,1180.1248041027213,0.0,0.0,0,0,0.0,0.0,0.0,0,0,0.0,224353.24244949518,0.0,1,0,224353.24244949518,2,13,444244.1793927617,13.004131894844376,0.10242093268922561,44.29941527530791,432.5230605907974,0.1024209326892256,-0.5384615384615384,-0.75,-0.9785658757002078,1.8844691287069668,0.6153846153846154,0.10233615230063968,0.6978287962699664,-0.5954926439693268,45411.631873235834,0,0.0,0.0,0.0,0,0.0,0.0,0.0,0.0,0.0,0,0.0,0.0,224353.24244949518,0.505022356750209,0.505022356750209,1,0.07692307692307693,1.0,0.23443311970677388,0.12962690791515416,-0.08325758715024208,0.04843849037492669,0.213431963866068,0.01651457240564307,-0.07847792001009152,-0.07180277596183858,0.23611699389705615,0.13265067554686932,-0.07982891492600663,0.009634704023789327,0.038697761343272304,0.295960976586667,0.48713235294117646,0.48713235294117646,0.5165441176470589,0.42830882352941174,mid,mid,mid,mid,0,0.0,0.0,0.0,0.0,pre_price_events,7114,0x116e7d070f1888b81e1e0324f56d6746b2d7d8f1,1000863.055673601,300642.46895390877,149669.25197770135,5177.998050260203,-0.00043386453380921,-0.021569699452468137,-0.02368313484914423
2026-04-28T14:00:00Z,1777384800,2026-04-28,0.0009736155939781,0.0,0.0,-0.01756201083564879,-0.07061807864526315,CHOG,0.99,1777381137,2026-04-28T12:58:57Z,-3663,forward_fill,30,24,4,4,23,15,15,1018967.2730695945,2887813.8880527127,-1868846.6149831184,3906781.161122307,125136.70160020732,0.03141424651147442,180.9323850398,100.0,80.9323850398,997326.7,1.0,1.0666666666666667,2,-1792031.7633405998,3764641.1655090316,-76814.85164251832,142139.99561327597,5,7,1021.9312383825581,6883.150753892896,573.5958961577413,744.8880481590072,0.0,2642011.8596607484,0,2,2642011.8596607484,688267.8492086909,2642011.8596607484,1,2,3330279.7088694395,855836.0095198109,2642011.8596607484,2,2,3497847.8691805596,4,30,3906781.161122307,15.178224616435253,-0.478359687402161,-1819.5382071007505,3803.7030607285465,-0.478359687402161,0.0,-0.16666666666666666,0.14846852479652367,1.2986286219072944,0.4,-0.4760166200590043,-0.5404168707835795,0.06440025072457517,-1715216.9116980815,0,-2642011.8596607484,-0.6762630796811188,0.6762630796811188,2,0.06666666666666667,-1.0,-1953744.0104520575,-0.5000904657507876,0.8524356936114499,3,0.1,-0.3333333333333333,-1786175.8501409376,-0.4571988489951201,0.8953273103671175,4,0.13333333333333333,0.0,-1.9508877616703157,-2.506591264313691,-0.9523213795053326,-0.7793926087859296,-1.837791054762882,-2.8872997063973593,-1.2653828731532355,-1.3922542188610025,-1.9674579622338475,-2.5228389417177137,-0.9391236770934577,-0.8075212991170531,1.341581575633864,1.5671701638422546,0.8772893772893773,0.8772893772893773,0.9358974358974359,0.7893772893772893,high,high,high,high,0,-1953744.0104520575,-1953744.0104520575,-0.0,-0.0,pre_price_events,7114,0x116e7d070f1888b81e1e0324f56d6746b2d7d8f1,1000863.055673601,300642.46895390877,149669.25197770135,5177.998050260203,0.0017745907916865023,-0.024016730978164695,-0.08089838374170294
2026-04-28T15:00:00Z,1777388400,2026-04-28,0.0009736155939781,0.0,-0.01756201083564879,-0.01756201083564879,-0.07061807864526315,CHOG,0.99,1777381137,2026-04-28T12:58:57Z,-7263,forward_fill,51,40,5,4,38,21,30,1438076.1280608443,1716300.619876814,-278224.49181596993,3154376.7479376583,98914.40469761382,0.03079766458975996,5829.9838291441565,100.0,5729.9838291441565,916960.7450980392,1.0,1.0392156862745099,2,-257910.8326147413,3037332.0331455036,-20313.659201228584,117044.71479215458,9,12,-11321.03201732897,24680.911457801005,1175.281497990524,1505.083574607542,0.0,0.0,0,0,0.0,311535.15945080464,560501.2449007015,1,1,872036.404351506,1328802.1602268256,735449.4237705145,5,2,2064251.5839973402,5,51,3154376.747937658,14.964301807227514,-0.08820268282724122,-270.8837038586606,3071.1503910740307,-0.08820268282724124,-0.17647058823529413,-0.14285714285714285,-0.45869586448156396,1.2806153905944302,0.4117647058823529,-0.08491361161711557,-0.1735546900797796,0.08864107846266404,-237597.1734135127,0,0.0,0.0,0.0,0,0.0,0.0,-248966.0854498968,-0.0789271876330789,0.27645283808335397,2,0.0392156862745098,0.0,593352.7364563111,0.18810458733068172,0.6544086990708876,7,0.13725490196078433,0.42857142857142855,-0.10387357084978137,-0.2578592812808533,-0.34943122678791205,-0.20140386817945932,-0.02392086527066184,-0.2712425718008591,-0.23132739274871347,-0.23198553085014376,-0.09632776987429496,-0.2473968680542966,-0.3382261460544486,-0.23339491884916028,1.1797679971396742,1.4364659870655356,0.9872262773722628,0.9872262773722628,0.9142335766423357,0.9306569343065694,high,high,high,high,0,-248966.0854498968,-248966.0854498968,-0.0,-0.0,pre_price_events,7114,0x116e7d070f1888b81e1e0324f56d6746b2d7d8f1,1000863.055673601,300642.46895390877,149669.25197770135,5177.998050260203,-0.018311575731821433,-0.02757413317596582,-0.09056906037621826
2026-04-28T16:00:00Z,1777392000,2026-04-28,0.0009565169463669,-0.01756201083564879,0.0,0.0,-0.05400449534198404,CHOG,0.99,1777395541,2026-04-28T16:59:01Z,3541,observed,52,40,5,4,33,18,34,2661874.0684053544,883096.7201671872,1778777.3482381671,3544970.7885725414,115722.04502071797,0.0307978566637595,693.6942645975,100.0,593.6942645975,818345.6538461539,1.0,1.3461538461538463,3,1690586.6746099365,3429098.4782428723,88190.67362823074,115872.31032966958,7,16,-15005.227252431108,27145.43158449313,1180.2361558475275,1321.2353474589584,0.0,0.0,0,0,0.0,2555892.964284712,0.0,6,0,2555892.964284712,2555892.964284712,0.0,6,0,2555892.964284712,5,52,3544970.788572542,15.081040759827149,0.5017748958530713,1701.4306774033835,3390.824633645269,0.5017748958530713,-0.3076923076923077,-0.391304347826087,-0.5527717327214229,1.119466931183937,0.4423076923076923,0.49301199290030934,0.7611022286283797,-0.2680902357280704,1602396.0009817057,0,0.0,0.0,0.0,0,0.0,0.0,2555892.964284712,0.7209912624735328,0.7209912624735328,6,0.11538461538461539,1.0,2555892.964284712,0.7209912624735328,0.7209912624735328,6,0.11538461538461539,1.0,2.078213209308097,2.5859364739754773,0.6027885784918954,0.6485572939950193,2.57401107439333,3.6832824131831647,1.848516431986237,1.889760779490319,2.0759113144790065,2.578033122232319,0.5873413447981839,0.5918022746068478,1.1925950751492367,1.4803413087779058,0.9545454545454546,0.9545454545454546,0.9254545454545454,0.9,high,high,high,high,0,2555892.964284712,2555892.964284712,0.0,0.0,pre_price_events,7114,0x116e7d070f1888b81e1e0324f56d6746b2d7d8f1,1000863.055673601,300642.46895390877,149669.25197770135,5177.998050260203,-0.0019314236826268169,-0.011672888781174723,-0.07655957107019347
2026-04-28T17:00:00Z,1777395600,2026-04-28,0.0009565169463669,0.0,0.0,-0.05400449534198404,-0.05400449534198404,CHOG,0.99,1777395541,2026-04-28T16:59:01Z,-59,forward_fill,26,21,4,4,20,6,20,884298.960379291,1224548.2468340285,-340249.28645473765,2108847.2072133194,70794.53726889272,0.03240215018974378,115.51538397096154,100.0,15.515383970961535,893705.1153846154,1.0,1.0,1,-331158.7630984167,2005858.5126546673,-9090.523356320948,102988.69455865241,4,15,-2222.640500798304,16638.975994864264,875.7355786770665,1368.722809783702,0.0,0.0,0,0,0.0,831004.4073092416,828711.722447681,1,2,1659716.1297569226,831004.4073092416,1028712.042660472,1,3,1859716.4499697136,4,26,2108847.20721332,14.56165248305053,-0.16134373571063554,-325.4542084832023,2017.1480909980496,-0.16134373571063554,-0.5384615384615384,-0.5789473684210527,-0.13358036585210156,1.5629407358912704,0.7307692307692307,-0.16509577370945389,-0.08826719665956989,-0.076828577049884,-322068.2397420957,0,0.0,0.0,0.0,0,0.0,0.0,2292.684861560585,0.0010871744779415258,0.7870253113074563,3,0.11538461538461539,-0.3333333333333333,-197707.6353512304,-0.09375152200452015,0.881864007789918,4,0.15384615384615385,-0.5,-0.46448337010753155,-0.35409411048925854,-0.5271279179176734,-0.30292997495813534,-0.036124303828292195,0.06194586679960829,-0.1255787517065801,-0.03861340931511954,-0.4747249968411205,-0.3646394904779848,-0.5246224618771433,-0.34627283941605597,0.9638150906479558,1.1469621352141186,0.5271739130434783,0.5271739130434783,0.8677536231884058,0.7282608695652174,mid,mid,high,high,0,2292.684861560585,0.0,-0.0,-0.0,pre_price_events,7114,0x116e7d070f1888b81e1e0324f56d6746b2d7d8f1,1000863.055673601,300642.46895390877,149669.25197770135,5177.998050260203,0.0010647203797034903,-0.05990280626151014,-0.06347034776143268
2026-04-28T18:00:00Z,1777399200,2026-04-28,0.0009565169463669,0.0,0.0,-0.05400449534198404,-0.043267352493434275,CHOG,0.99,1777395541,2026-04-28T16:59:01Z,-3659,forward_fill,16,13,3,3,13,6,10,461466.54219661525,383208.9407215975,78257.6014750178,844675.4829182128,27932.58742783604,0.032972239161997124,105.0399734810625,100.0,5.0399734810625,699967.375,1.0,1.0,1,63368.73517112561,829648.7997813635,14888.866303892188,15026.683136849355,2,7,-2005.3955677229424,11460.146432777507,1273.3496036419451,1717.63601106583,0.0,0.0,0,0,0.0,0.0,0.0,0,0,0.0,269311.17884328944,369070.48264147394,1,2,638381.6614847634,3,16,844675.4829182128,13.646708972577716,0.09264812707082588,74.85472199288184,807.9464135919155,0.09264812707082588,-0.25,-0.5555555555555556,-0.1749886512782464,1.3489115684751212,0.5625,0.07638019266444442,0.9908285260491583,-0.9144483333847139,48479.868867233425,0,0.0,0.0,0.0,0,0.0,0.0,0.0,0.0,0.0,0,0.0,0.0,-99759.3037981845,-0.1181037046955983,0.7557715056192483,3,0.1875,-0.3333333333333333,0.15433836446856566,0.24988256124371666,-0.039433568968611235,0.08328016152699441,-0.014101925886082398,0.07379613133419453,-0.049723548217706484,-0.016811443989060336,0.1381290095737871,0.23286211454893116,-0.06196553703046072,0.01754389294317636,0.3727807702568813,0.6232041571499558,0.26895306859205775,0.26895306859205775,0.6588447653429603,0.4620938628158845,low,low,mid,mid,0,0.0,0.0,0.0,0.0,pre_price_events,7114,0x116e7d070f1888b81e1e0324f56d6746b2d7d8f1,1000863.055673601,300642.46895390877,149669.25197770135,5177.998050260203,0.0004248566030150944,-0.05839627665634813,-0.04971769242116368
2026-04-28T19:00:00Z,1777402800,2026-04-28,0.0009565169463669,0.0,-0.05400449534198404,-0.05400449534198404,-0.043267352493434275,CHOG,0.99,1777395541,2026-04-28T16:59:01Z,-7259,forward_fill,14,11,3,3,11,3,11,8964.67120096452,1013932.3139750888,-1004967.6427741243,1022896.9851760534,32791.27457191909,0.030194588394228145,104.05414673442858,100.0,4.0541467344285715,968668.7857142857,1.0,1.0,1,-943107.2151874446,961036.5575893737,-61860.427586679674,61860.427586679674,2,4,-3296.4205635109197,4545.327965196263,757.5546608660438,802.7878563737331,0.0,0.0,0,0,0.0,0.0,898179.2775945031,0,1,898179.2775945031,0.0,898179.2775945031,0,1,898179.2775945031,3,14,1022896.9851760532,13.838150318725742,-0.982471996044799,-961.268580863847,978.4183007085068,-0.982471996044799,-0.5714285714285714,-0.3333333333333333,-0.7252327200043052,1.0597094808392813,0.42857142857142855,-0.9813437457083815,-1.0,0.018656254291618546,-881246.7876007649,0,0.0,0.0,0.0,0,0.0,0.0,-898179.2775945031,-0.8780740295562757,0.8780740295562757,1,0.07142857142857142,-1.0,-898179.2775945031,-0.8780740295562757,0.8780740295562757,1,0.07142857142857142,-1.0,-1.2894400441299023,-1.2512538604808334,-1.7569957455286993,-1.466017665019013,-1.1732787578284287,-1.1888266490258361,-2.3558748836786942,-2.3855309372378892,-1.2711238201279265,-1.2308727356864404,-1.73751618379058,-1.4888335033416449,0.4857876592549801,0.7246735656902225,0.22482014388489208,0.22482014388489208,0.6924460431654677,0.36330935251798563,low,low,high,mid,0,-898179.2775945031,-0.0,-0.0,-0.0,pre_price_events,7114,0x116e7d070f1888b81e1e0324f56d6746b2d7d8f1,1000863.055673601,300642.46895390877,149669.25197770135,5177.998050260203,-0.053029372477705145,-0.05802593636677686,-0.04852924704496293
2026-04-28T20:00:00Z,1777406400,2026-04-28,0.0009048607313923,-0.05400449534198404,0.0,0.0,0.01135009922952146,CHOG,0.99,1777409932,2026-04-28T20:58:52Z,3532,observed,15,13,4,3,13,7,8,69077.31689533866,437313.54032207397,-368236.2234267353,506390.8572174126,15799.47736062143,0.029441800172196195,104.30613869560001,100.0,4.3061386956,548356.3333333334,1.0,1.0,1,-367497.27574114176,505651.9095318191,-738.9476855935441,738.9476855935441,5,7,2409.5320444869635,10336.772156008481,861.3976796673734,1252.8609439567167,0.0,0.0,0,0,0.0,0.0,433349.9202663132,0,1,433349.9202663132,0.0,433349.9202663132,0,1,433349.9202663132,4,15,506390.8572174126,13.135066069938377,-0.7271778670139727,-333.2024984550541,458.2132014321217,-0.7271778670139728,-0.06666666666666667,-0.16666666666666666,0.23310294626996966,1.4544512639510545,0.8,-0.7267791712314621,-1.0,0.2732208287685379,-366758.3280555482,0,0.0,0.0,0.0,0,0.0,0.0,-433349.9202663132,-0.85576173836855,0.85576173836855,1,0.06666666666666667,-1.0,-433349.9202663132,-0.85576173836855,0.85576173836855,1,0.06666666666666667,-1.0,-0.39168140322009326,-0.3640469477874479,-1.2295214934155594,-1.1092744595225215,-0.5291523902821371,-0.5204068578971507,-1.9994469415042637,-2.212579766001269,-0.4158564027075848,-0.3886884390799032,-1.2162978709269059,-1.1375208837884845,0.0031899542676060402,0.32033643188188027,0.23835125448028674,0.23835125448028674,0.543010752688172,0.46415770609318996,low,low,mid,mid,0,-0.0,-0.0,-0.0,-0.0,pre_price_events,7114,0x116e7d070f1888b81e1e0324f56d6746b2d7d8f1,1000863.055673601,300642.46895390877,149669.25197770135,5177.998050260203,-0.004371866300855037,-0.008976616308527087,-0.002657351312039747
2026-04-28T21:00:00Z,1777410000,2026-04-28,0.0009048607313923,0.0,0.0,0.01135009922952146,0.01135009922952146,CHOG,0.99,1777409932,2026-04-28T20:58:52Z,-68,forward_fill,2,2,1,1,2,1,1,3006.4452126752312,0.001212049597205441,3006.444000625634,3006.4464247248284,95.01352993562433,0.03128975842260542,102.0000000005,100.0,2.0000000005,955434.0,1.0,1.0,1,3006.444000625634,3006.4464247248284,0.0,0.0,1,1,3006.444000625634,3006.4464247248284,1503.2232123624142,2125.876940099999,0.0,0.0,0,0,0.0,0.0,0.0,0,0,0.0,0.0,0.0,0,0,0.0,1,2,3006.4464247248284,8.008846633799834,0.9999991936995204,2.7204131172961037,2.7204153107682734,0.9999991936995204,0.0,0.0,0.9999991936995204,1.4142124220920216,1.0,0.9999991936995204,0.0,0.9999991936995204,3006.444000625634,0,0.0,0.0,0.0,0,0.0,0.0,0.0,0.0,0.0,0,0.0,0.0,0.0,0.0,0.0,0,0.0,0.0,0.1200208483151626,0.16627022353704984,1.426260099287064,1.392971179526628,0.0424770473209419,0.10632519002627629,0.09563834600356151,0.04987216072616251,0.12097046816749919,0.1661034699782454,1.427865326613422,1.337251517868042,-2.6699684808620647,-2.4728956357622436,0.026785714285714284,0.026785714285714284,0.019642857142857142,0.01607142857142857,low,low,low,low,0,0.0,0.0,0.0,0.0,pre_price_events,7114,0x116e7d070f1888b81e1e0324f56d6746b2d7d8f1,1000863.055673601,300642.46895390877,149669.25197770135,5177.998050260203,-0.00836307480636414,0.008264161920348179,0.002310312344888014
2026-04-28T22:00:00Z,1777413600,2026-04-28,0.0009048607313923,0.0,0.0,0.01135009922952146,0.17549294207635802,CHOG,0.99,1777409932,2026-04-28T20:58:52Z,-3668,forward_fill,2,2,1,1,2,1,1,1566.1490304427293,8.743604757971e-06,1566.1490216991247,1566.149039186334,49.500000270861136,0.03129219356609505,102.5000000005,100.0,2.5000000005,497171.5,1.0,1.0,1,1566.1490216991247,1566.149039186334,0.0,0.0,1,1,1566.1490216991247,1566.149039186334,783.074519593167,1107.4345935921283,0.0,0.0,0,0,0.0,0.0,0.0,0,0,0.0,0.0,0.0,0,0,0.0,1,2,1566.149039186334,7.357013348992357,0.9999999888342623,1.417146749244005,1.417146765067494,0.9999999888342623,0.0,0.0,0.9999999888342623,1.4142135465823573,1.0,0.9999999888342623,0.0,0.9999999888342623,1566.1490216991247,0,0.0,0.0,0.0,0,0.0,0.0,0.0,0.0,0.0,0,0.0,0.0,0.0,0.0,0.0,0,0.0,0.0,0.11606405713307931,0.1673338770770445,1.313902178284727,1.3742254025656813,0.0424770473209419,0.10632519002627629,0.09563834600356151,0.04987216072616251,0.11690542577797232,0.16710454360675173,1.3155047330975267,1.3195144535422492,-2.578412273044768,-2.6514967812627424,0.14768683274021352,0.14768683274021352,0.012455516014234875,0.017793594306049824,low,low,low,low,0,0.0,0.0,0.0,0.0,pre_price_events,7114,0x116e7d070f1888b81e1e0324f56d6746b2d7d8f1,1000863.055673601,300642.46895390877,149669.25197770135,5177.998050260203,-0.009543799398717119,0.008143982198072932,0.16543415051353985
2026-04-28T23:00:00Z,1777417200,2026-04-28,0.0009048607313923,0.0,0.01135009922952146,0.01135009922952146,0.1696226339652671,CHOG,0.99,1777409932,2026-04-28T20:58:52Z,-7268,forward_fill,5,4,2,2,4,1,4,2777.9069280451995,231245.2390047127,-228467.33207666752,234023.1459327579,7230.725042273567,0.030981061101437973,141.7350254844,100.0,41.7350254844,1038230.0,1.0,1.0,1,-199696.1320766675,205251.9459327579,-28771.2,28771.2,1,1,1352.6679233324821,4203.145932757917,2101.5729663789584,956.4806612819231,0.0,0.0,0,0,0.0,0.0,0.0,0,0,0.0,0.0,151048.8,0,1,151048.8,2,5,234023.14593275794,12.363179576763178,-0.9762595540114364,-206.73111720214084,211.75835499144227,-0.9762595540114363,-0.6,0.0,0.32182273586796967,0.45512607774449704,0.4,-0.9729317360142811,-1.0,0.027068263985718932,-170924.9320766675,0,0.0,0.0,0.0,0,0.0,0.0,0.0,0.0,0.0,0,0.0,0.0,-151048.8,-0.6454438487182844,0.6454438487182844,1,0.2,-1.0,-0.1841187057991167,-0.1545420934228132,-1.5695702083372713,-1.4647511724986393,0.0424770473209419,0.10632519002627629,0.09563834600356151,0.04987216072616251,-0.15879546713818748,-0.12865684699082913,-1.553019255969843,-1.4858667461301285,-0.2659371240800968,-0.03867315429093971,0.7606382978723404,0.7606382978723404,0.36347517730496454,0.07624113475177305,high,high,mid,low,0,0.0,0.0,-0.0,-0.0,pre_price_events,7114,0x116e7d070f1888b81e1e0324f56d6746b2d7d8f1,1000863.055673601,300642.46895390877,149669.25197770135,5177.998050260203,0.010569184716946263,0.00856441259622999,0.16605618325924976
2026-04-29T00:00:00Z,1777420800,2026-04-29,0.0009151309904825,0.01135009922952146,0.0,0.0,0.16741897013805684,CHOG,0.99,1777424338,2026-04-29T00:58:58Z,3538,observed,11,11,1,1,11,6,5,37856.299168411366,15798.06960307917,22058.229565332193,53654.36877149053,1672.8385471290155,0.031075772983096474,113.0310646860909,100.0,13.031064686090911,640775.4545454546,1.0,1.0,1,22058.229565332193,53654.36877149053,0.0,0.0,4,4,4206.578456093424,4437.775914403691,554.7219893004614,1128.6244177309013,0.0,0.0,0,0,0.0,0.0,0.0,0,0,0.0,0.0,0.0,0,0,0.0,1,11,53654.36877149053,10.8903368133502,0.41111712001079254,20.186169470412814,49.100775637567445,0.41111712001079254,0.09090909090909091,0.0,0.94790240364326,2.0345766699354506,0.7272727272727273,0.41111712001079254,0.0,0.41111712001079254,22058.229565332193,0,0.0,0.0,0.0,0,0.0,0.0,0.0,0.0,0.0,0,0.0,0.0,0.0,0.0,0.0,0,0.0,0.0,0.24773429890905707,0.19273876488401745,0.5768991577775949,0.5077674050023647,0.11397103102551637,0.10632519002627629,0.21001882448148293,0.04987216072616251,0.24843218599388397,0.19326915401049274,0.5836887105490086,0.4617453319157275,-0.9071801359802085,-0.7943192654796057,0.4823321554770318,0.4823321554770318,0.17491166077738515,0.36925795053003535,mid,mid,low,mid,1,0.0,0.0,0.0,0.41111712001079254,pre_price_events,7114,0x116e7d070f1888b81e1e0324f56d6746b2d7d8f1,1000863.055673601,300642.46895390877,149669.25197770135,5177.998050260203,-0.0032245547102392907,-0.0030833943007611917,0.16039614658032092
2026-04-29T01:00:00Z,1777424400,2026-04-29,0.0009151309904825,0.0,0.0,0.16230071364197807,0.12371998283404784,CHOG,0.99,1777424338,2026-04-29T00:58:58Z,-62,forward_fill,63,52,5,4,40,23,40,5746932.4897361295,3177422.8584398,2569509.63129633,8924355.34817593,313687.70635400753,0.03103239593576463,5940.486951461365,100.0,5840.486951461365,1142375.873015873,1.0,1.2857142857142858,3,2441472.176106546,8563911.366396328,128037.45518978433,360443.9817796012,14,26,177.69242003934042,19896.40326004034,497.4100815010085,971.2585332715556,5054520.212432824,1364537.5245358935,1,1,6419057.736968718,5054520.212432824,2150829.572357573,1,2,7205349.784790397,5512205.161816744,2902475.1268944815,3,5,8414680.288711226,5,63,8924355.348175934,16.004294765177924,0.28792103530721896,2351.4378939425337,8166.9541491940345,0.2879210353072189,-0.2698412698412698,-0.3,0.00893088151244981,1.9526313788024547,0.6349206349206349,0.28508844518015036,0.35522150919993645,-0.07013306401978608,2313434.7209167616,0,3689982.6878969306,0.4134733035536438,0.7192741084968926,2,0.031746031746031744,0.0,2903690.640075251,0.3253669903080163,0.80738042174252,3,0.047619047619047616,-0.3333333333333333,2609730.0349222627,0.292427848635103,0.9428894256693983,8,0.12698412698412698,-0.25,3.013073131262941,3.4258965919410214,0.4385065947119593,0.3440595746421266,3.075559515123268,3.766872657532532,1.0490119995651885,0.9896348760405904,3.008187104853926,3.419135221196792,0.4413748616927979,0.2966053702426825,1.410508330431246,1.8059927527963315,0.9876760563380281,0.9876760563380281,0.9876760563380281,0.9366197183098591,high,high,high,high,0,2903690.640075251,2903690.640075251,0.0,0.0,pre_price_events,7114,0x116e7d070f1888b81e1e0324f56d6746b2d7d8f1,1000863.055673601,300642.46895390877,149669.25197770135,5177.998050260203,-8.66789771074546e-05,0.15047007340669075,0.10005981023591307
2026-04-29T02:00:00Z,1777428000,2026-04-29,0.0009151309904825,0.0,0.0,0.15649628635654733,0.12015513426326563,CHOG,0.99,1777424338,2026-04-29T00:58:58Z,-3662,forward_fill,30,26,3,3,23,13,17,1321578.537387863,78766.71735607772,1242811.8200317854,1400345.2547439407,49522.309313213045,0.03492835778830106,288.76261745109997,100.0,188.7626174511,799483.1333333333,1.0,1.2,2,1207226.640712852,1364760.0754250071,35585.17931893344,35585.17931893344,3,11,-3737.431271113537,16138.09010259055,1152.7207216136107,1666.0772561939177,0.0,0.0,0,0,0.0,0.0,0.0,0,0,0.0,1116658.0230433801,0.0,4,0,1116658.0230433801,3,30,1400345.254743941,14.152230088822847,0.8875038607954144,1137.3356118490462,1281.4993399912912,0.8875038607954143,-0.13333333333333333,-0.5714285714285714,-0.23159068064154567,1.4453433732514984,0.4666666666666667,0.884570601420109,1.0,-0.11542939857989098,1171641.4613939184,0,0.0,0.0,0.0,0,0.0,0.0,0.0,0.0,0.0,0,0.0,0.0,1116658.0230433801,0.7974162223640812,0.7974162223640812,4,0.13333333333333333,1.0,1.3639411028082773,1.6529817593278309,1.3061107820640008,1.1909765157281664,-0.04244306669902501,0.045483159413950064,0.1684393736223028,0.06335889434957233,1.3884288089427175,1.6832049771276971,1.3027082571755233,1.1379917176462135,0.4991214660310159,0.8591057392476573,0.9280701754385965,0.9280701754385965,0.7771929824561403,0.7859649122807018,high,high,high,high,0,0.0,0.0,0.0,0.0,pre_price_events,7114,0x116e7d070f1888b81e1e0324f56d6746b2d7d8f1,1000863.055673601,300642.46895390877,149669.25197770135,5177.998050260203,-8.388590566310453e-05,0.14985240168337877,0.10827090183172856
2026-04-29T03:00:00Z,1777431600,2026-04-29,0.0009151309904825,0.0,0.16230071364197807,0.16741897013805684,0.16602410148004432,CHOG,0.99,1777424338,2026-04-29T00:58:58Z,-7262,forward_fill,9,9,1,1,9,1,8,2868.846014539276,3519.753236336487,-650.9072217972114,6388.599250875764,229.05556148817317,0.03561011954674845,102.110751566,100.0,2.110751566,503020.0,1.0,1.0,1,-650.9072217972114,6388.599250875764,0.0,0.0,1,8,-650.9072217972114,6388.599250875764,709.8443612084181,1381.1723454441228,0.0,0.0,0,0,0.0,0.0,0.0,0,0,0.0,0.0,0.0,0,0,0.0,1,9,6388.599250875763,8.762426830361994,-0.10188574932258954,-0.5956653705954943,5.846405160249694,-0.10188574932258954,-0.7777777777777778,-0.7777777777777778,-0.10188574932258954,1.9457396873490065,1.0,-0.10188574932258954,0.0,-0.10188574932258954,-650.9072217972114,0,0.0,0.0,0.0,0,0.0,0.0,0.0,0.0,0.0,0,0.0,0.0,0.0,0.0,0.0,0,0.0,0.0,-0.007542413232528687,0.07529029883440991,-0.17105321580399493,-0.2478133196116713,-0.04244306669902501,0.045483159413950064,0.1684393736223028,0.06335889434957233,-0.009076975100367885,0.07428335433137043,-0.16648560730642162,-0.2786798129598232,-1.837988143210932,-1.8666587529245529,0.05419580419580419,0.05419580419580419,0.043706293706293704,0.2744755244755245,low,low,low,low,0,0.0,0.0,-0.0,-0.0,pre_price_events,7114,0x116e7d070f1888b81e1e0324f56d6746b2d7d8f1,1000863.055673601,300642.46895390877,149669.25197770135,5177.998050260203,0.1545904474955586,0.16329931820323493,0.15505029484694183
2026-04-29T04:00:00Z,1777435200,2026-04-29,0.0010636574033137,0.16230071364197807,-0.004993911831339348,-0.03319341574439927,-0.0002631954706728834,CHOG,0.99,1777438733,2026-04-29T04:58:53Z,3533,observed,13,11,4,3,11,8,5,177216.29079185158,48.13821946033493,177168.15257239126,177264.42901131194,6405.823700330851,0.0332774374569892,108.21770903846154,100.0,8.217709038461539,1744055.6153846155,1.0,1.0,1,142790.04049675888,142886.31693567956,34378.11207563237,34378.11207563237,3,5,2786.244210108621,2882.5206490292912,360.3150811286614,687.6604173367481,0.0,0.0,0,0,0.0,0.0,0.0,0,0,0.0,0.0,0.0,0,0,0.0,4,13,177264.42901131194,12.085403487214286,0.9994568767154378,188.4462171150351,188.54862226205773,0.9994568767154378,0.23076923076923078,-0.25,0.9665999135329378,1.9084974605634064,0.6153846153846154,0.9993262025294976,1.0,-0.0006737974705024463,108411.9284211265,0,0.0,0.0,0.0,0,0.0,0.0,0.0,0.0,0.0,0,0.0,0.0,0.0,0.0,0.0,0,0.0,0.0,0.20128607400273793,0.2935640778270233,1.6151156716987107,1.3254417831547203,-0.04244306669902501,0.045483159413950064,0.1684393736223028,0.06335889434957233,0.17048106296600055,0.2585176362402143,1.6154474285121612,1.295727755414692,-0.36863163308800856,-0.17967022360001209,0.3710801393728223,0.3710801393728223,0.32578397212543553,0.3693379790940767,mid,mid,low,mid,1,0.0,0.0,0.0,0.9994568767154378,pre_price_events,7114,0x116e7d070f1888b81e1e0324f56d6746b2d7d8f1,1000863.055673601,300642.46895390877,149669.25197770135,5177.998050260203,0.004844221854970854,-0.023371644787514842,0.01382328799610519
2026-04-29T05:00:00Z,1777438800,2026-04-29,0.0010583455920228,-0.004993911831339348,0.009444633683970416,-0.03142349225155883,-0.022173452013672934,CHOG,0.99,1777442335,2026-04-29T05:58:55Z,3535,observed,15,15,1,1,15,1,14,776.1935127464747,38500.66995782449,-37724.47644507801,39276.86347057096,1403.3909699963465,0.03575791362031206,108.77936972173333,100.0,8.779369721733334,603893.2,1.0,1.0,1,-37724.47644507801,39276.86347057096,0.0,0.0,1,12,-2736.5551628762214,4288.94218836917,329.9186298745516,491.2239039337423,0.0,0.0,0,0,0.0,0.0,0.0,0,0,0.0,0.0,0.0,0,0,0.0,1,15,39276.863470570956,10.578416368692015,-0.9604757893497247,-39.92553335701626,41.56849532256011,-0.9604757893497248,-0.8666666666666667,-0.8461538461538461,-0.6380489740097828,1.4889244178800254,0.8666666666666667,-0.9604757893497247,0.0,-0.9604757893497247,-37724.47644507801,0,0.0,0.0,0.0,0,0.0,0.0,0.0,0.0,0.0,0,0.0,0.0,0.0,0.0,0.0,0,0.0,0.0,-0.036555153791564404,0.024680460244052193,-1.4982777429653715,-1.4785450465574974,-0.04244306669902501,0.045483159413950064,0.1684393736223028,0.06335889434957233,-0.03899461932937841,0.021918567322401647,-1.491267730400641,-1.5080696077797726,-1.037762754459916,-0.9260405746757534,0.3767361111111111,0.3767361111111111,0.15104166666666666,0.5295138888888888,mid,mid,low,mid,0,0.0,0.0,-0.0,-0.0,pre_price_events,7114,0x116e7d070f1888b81e1e0324f56d6746b2d7d8f1,1000863.055673601,300642.46895390877,149669.25197770135,5177.998050260203,0.004046089848136855,-0.036644196001168805,-0.033641810993364246
2026-04-29T06:00:00Z,1777442400,2026-04-29,0.0010683412784505,0.009444633683970416,-0.03743213740893836,-0.0011948312419898244,-0.08684936918937847,CHOG,0.99,1777445938,2026-04-29T06:58:58Z,3538,observed,15,12,2,2,12,3,12,26948.680600355725,378672.6073337242,-351723.9267333685,405621.28793407994,14408.392899577242,0.0358033891044864,115.45290589173334,100.0,15.452905891733334,3681579.066666667,1.0,1.0,1,-334902.8654401309,386077.8545398385,-16821.061293237628,19543.4333942414,2,9,-1793.4230612885735,9409.713338884565,855.4284853531423,1083.966554957898,0.0,0.0,0,0,0.0,0.0,351587.28083094413,0,1,351587.28083094413,0.0,351587.28083094413,0,1,351587.28083094413,2,15,405621.2879340799,12.913177680277196,-0.8671239335705905,-375.7611895479569,433.34196531823335,-0.8671239335705905,-0.6,-0.6363636363636364,-0.19059274142576244,1.267162098898787,0.7333333333333333,-0.8674490429897812,-0.8607014414465199,-0.006747601543261261,-318081.80414689326,0,0.0,0.0,0.0,0,0.0,0.0,-351587.28083094413,-0.8667870530702589,0.8667870530702589,1,0.06666666666666667,-1.0,-351587.28083094413,-0.8667870530702589,0.8667870530702589,1,0.06666666666666667,-1.0,-0.41880439634488775,-0.36777403947027676,-1.3427443217491901,-1.3429489088450384,-0.4416116119949968,-0.39815565653496693,-2.0654046036394336,-2.2628650965701715,-0.41955899831774207,-0.36808805535407785,-1.335599805807734,-1.3729714370455661,0.0044169568776778615,0.23151346377244514,0.527681660899654,0.527681660899654,0.486159169550173,0.4290657439446367,mid,mid,mid,mid,1,-0.0,-0.0,-0.0,-0.8671239335705905,pre_price_events,7114,0x116e7d070f1888b81e1e0324f56d6746b2d7d8f1,1000863.055673601,300642.46895390877,149669.25197770135,5177.998050260203,-0.03753965468281192,-0.004739709593294369,-0.09274234521337844
2026-04-29T07:00:00Z,1777446000,2026-04-29,0.0010283509809159,-0.03743213740893836,-0.003172363778555898,0.034060815068901684,-0.05133895873836647,CHOG,0.99,1777449532,2026-04-29T07:58:52Z,3532,observed,12,12,1,1,12,0,12,0.0,6282.8997092481795,-6282.8997092481795,6282.8997092481795,221.0508452917194,0.035181757134699544,102.09305224775,100.0,2.0930522477499998,503943.5,1.0,1.0,1,-6282.8997092481795,6282.8997092481795,0.0,0.0,0,12,-6282.8997092481795,6282.8997092481795,523.5749757706816,919.8583618289841,0.0,0.0,0,0,0.0,0.0,0.0,0,0,0.0,0.0,0.0,0,0,0.0,1,12,6282.89970924818,8.745746039548628,-1.0,-6.461026079001589,6.461026079001589,-1.0,-1.0,-1.0,-1.0,1.7568799205404901,1.0,-1.0,0.0,-1.0,-6282.8997092481795,0,0.0,0.0,0.0,0,0.0,0.0,0.0,0.0,0.0,0,0.0,0.0,0.0,0.0,0.0,0,0.0,0.0,-0.09703029619782161,0.06468969049359513,-1.4357577037011924,-1.528570931224776,-0.07890825950981259,0.05168074359144004,0.17625188794978044,0.09376409169264747,-0.09681310676468795,0.0639236786577889,-1.4281396428436905,-1.5575201386386985,-1.6517138050861226,-1.8088366058040137,0.04655172413793104,0.04655172413793104,0.04310344827586207,0.42931034482758623,low,low,low,mid,0,0.0,0.0,-0.0,-0.0,pre_price_events,7114,0x116e7d070f1888b81e1e0324f56d6746b2d7d8f1,1000863.055673601,300642.46895390877,149669.25197770135,5177.998050260203,-0.013970975263743371,0.026206905257346817,-0.06866440964065722
2026-04-29T08:00:00Z,1777449600,2026-04-29,0.0010250886775124,-0.003172363778555898,0.040948763089808216,0.009550138955350507,-0.048319883207080805,CHOG,0.99,1777453140,2026-04-29T08:59:00Z,3540,observed,16,16,1,1,16,2,14,54627.9199733652,13901.02175275132,40726.89822061388,68528.94172611652,2452.9967755620783,0.0352976314087054,103.053854615875,100.0,3.053854615875,753083.625,1.0,1.0,1,40726.89822061388,68528.94172611652,0.0,0.0,0,13,-5249.253027343726,5249.253027343726,403.78869441105587,941.272808280178,0.0,0.0,0,0,0.0,0.0,0.0,0,0,0.0,0.0,0.0,0,0,0.0,1,16,68528.9417261165,11.135026034238292,0.5943021619009298,41.748682236151204,70.24824224534912,0.5943021619009298,-0.75,-1.0,-1.0,2.3311024337941584,0.8125,0.5943021619009298,0.0,0.5943021619009298,40726.89822061388,0,0.0,0.0,0.0,0,0.0,0.0,0.0,0.0,0.0,0,0.0,0.0,0.0,0.0,0.0,0,0.0,0.0,-0.0554566413897939,0.12365216579927202,0.8961424882372284,0.763096772184864,-0.09329986740833049,0.05168074359144004,0.15428296909026304,0.09376409169264747,-0.05262567989213679,0.1258367998392406,0.8987278438295906,0.7327097987578046,-0.579331544128405,-0.6523119129540322,0.1872852233676976,0.1872852233676976,0.20790378006872853,0.5687285223367697,low,low,low,mid,0,0.0,0.0,0.0,0.0,pre_price_events,7114,0x116e7d070f1888b81e1e0324f56d6746b2d7d8f1,1000863.055673601,300642.46895390877,149669.25197770135,5177.998050260203,0.036590674223162804,0.004421649554901527,-0.05911976797855617
2026-04-29T09:00:00Z,1777453200,2026-04-29,0.0010670647909139,0.040948763089808216,-0.003455589053727337,-0.08575700309390466,-0.08575700309390466,CHOG,0.99,1777456736,2026-04-29T09:58:56Z,3536,observed,30,28,3,3,27,13,17,1289598.0196206642,712800.7378740883,576797.2817465758,2002398.7574947525,73541.11407426554,0.03673738030177012,234.866879363,100.0,134.866879363,972880.8,1.0,1.0666666666666667,2,534612.4084194913,1953965.1557243417,42184.873327084555,48433.60177041092,5,10,-790.9789113311658,15745.79371860065,1049.7195812400432,1361.3980601587702,1101719.930824203,0.0,1,0,1101719.930824203,1101719.930824203,421611.94352636,1,1,1523331.874350563,1101719.930824203,421611.94352636,1,1,1523331.874350563,3,30,2002398.7574947525,14.5098568979924,0.2880531560398191,615.4800708466158,2136.689211492391,0.2880531560398191,-0.13333333333333333,-0.3333333333333333,-0.050234299106609995,1.2969159425896757,0.5,0.2736038597481072,0.8709836102434191,-0.5973797504953119,492427.5350924067,0,1101719.930824203,0.5502000671447631,0.5502000671447631,1,0.03333333333333333,1.0,680107.987297843,0.3396466287008397,0.7607535055886864,2,0.06666666666666667,0.0,680107.987297843,0.3396466287008397,0.7607535055886864,2,0.06666666666666667,0.0,0.585789605715407,0.7918262258303834,0.4423351454334028,0.337117799655597,0.615546853814595,0.9045157497314422,0.9796915992048137,0.9973741942096482,0.5685538424825906,0.7723651844372742,0.4263913439024991,0.285789139215909,0.8647970730056155,1.0206895896996702,0.9058219178082192,0.9058219178082192,0.8578767123287672,0.8527397260273972,high,high,high,high,1,680107.987297843,680107.987297843,0.0,0.2880531560398191,pre_price_events,7114,0x116e7d070f1888b81e1e0324f56d6746b2d7d8f1,1000863.055673601,300642.46895390877,149669.25197770135,5177.998050260203,0.00011984510457046203,-0.08880301700694276,-0.09162137938144216
2026-04-29T10:00:00Z,1777456800,2026-04-29,0.0010633774535028,-0.003455589053727337,-0.02680048987753436,-0.08258680008252484,-0.07463722134841277,CHOG,0.99,1777460342,2026-04-29T10:59:02Z,3542,observed,16,16,2,2,16,3,13,97571.48001520666,43737.219195852624,53834.260819354036,141308.69921105928,5167.112442692726,0.036213054128490144,191.55190769525,100.0,91.55190769525,749702.5,1.0,1.0,1,54069.135939203145,141073.82409121018,-234.87511984910543,234.87511984910543,0,12,-1975.2217000748644,1975.2217000748644,164.60180833957205,402.8908362416959,0.0,0.0,0,0,0.0,0.0,0.0,0,0,0.0,0.0,0.0,0,0,0.0,2,16,141308.69921105928,11.858709208999473,0.3809691909975546,57.24613918129026,150.26448472484935,0.3809691909975546,-0.625,-1.0,-1.0,2.4476695627215452,0.75,0.3832683794283847,-1.0,1.3832683794283847,54304.01105905225,1,0.0,0.0,0.0,0,0.0,0.0,0.0,0.0,0.0,0,0.0,0.0,0.0,0.0,0.0,0,0.0,0.0,-0.05902488401839612,0.13072430157273793,0.5195944610397523,0.47363821629401553,-0.12333232017193703,0.03936712990689431,0.11508236045119687,0.08037458667613007,-0.054646929959107374,0.1342873986691177,0.5269300893941468,0.4460799014626033,-0.25228139348638406,-0.3113974363599654,0.878839590443686,0.878839590443686,0.295221843003413,0.5665529010238908,high,high,low,mid,0,0.0,0.0,54069.135939203145,0.0,pre_price_events,7114,0x116e7d070f1888b81e1e0324f56d6746b2d7d8f1,1000863.055673601,300642.46895390877,149669.25197770135,5177.998050260203,-0.02986853534494445,-0.08760629155873673,-0.08434354911948808
2026-04-29T11:00:00Z,1777460400,2026-04-29,0.0010348784168242,-0.02680048987753436,-0.05732258352449271,-0.05732258352449271,-0.049154085029141426,CHOG,0.99,1777463935,2026-04-29T11:58:55Z,3535,observed,28,26,3,3,26,10,18,58596.0965700737,19221.445029758925,39374.65154031477,77817.54159983262,2858.6528632752556,0.0361959079458253,154.82667345542856,100.0,54.82667345542857,900579.0,1.0,1.0,1,41970.69885603883,75141.74132383845,-2596.047315724053,2675.8002759941783,6,17,-6515.593747513961,7548.831677470768,328.21007293351164,836.6285019267069,0.0,0.0,0,0,0.0,0.0,0.0,0,0,0.0,0.0,0.0,0,0,0.0,3,28,77817.54159983262,11.262135005677155,0.5059868344697163,40.7479770490455,80.53169425198611,0.5059868344697164,-0.2857142857142857,-0.4782608695652174,-0.8631261135361554,2.54906406268704,0.8214285714285714,0.5585537161716503,-0.9701947260467736,1.5287484422184239,44566.74617176288,1,0.0,0.0,0.0,0,0.0,0.0,0.0,0.0,0.0,0,0.0,0.0,0.0,0.0,0.0,0,0.0,0.0,-0.07463514870557818,0.11157773445847786,0.6872151077097077,0.635215445404615,-0.12333232017193703,0.03936712990689431,0.11508236045119687,0.08037458667613007,-0.06838215111955318,0.11726290529328959,0.7643563047876737,0.6794743352878193,-0.48114697999801564,-0.6278979907347647,0.8010204081632653,0.8010204081632653,0.2193877551020408,0.8350340136054422,high,high,low,high,0,0.0,0.0,41970.69885603883,0.0,pre_price_events,7114,0x116e7d070f1888b81e1e0324f56d6746b2d7d8f1,1000863.055673601,300642.46895390877,149669.25197770135,5177.998050260203,-0.06440907258889834,-0.06647588661483819,-0.0682412263627927
2026-04-29T12:00:00Z,1777464000,2026-04-29,0.0009755565123381,-0.05732258352449271,0.0,0.0,0.008665210763075137,CHOG,0.99,1777467536,2026-04-29T12:58:56Z,3536,observed,25,19,3,3,19,3,22,3922.5719400874627,1232323.35800503,-1228400.7860649426,1236245.9299451176,43665.73155521129,0.034082700822320684,4498.41808822616,100.0,4398.41808822616,1105075.52,1.0,1.0,1,-1159426.4237419139,1167271.5676220888,-68974.3623230288,68974.3623230288,3,6,1701.1747705477976,6143.969109627128,682.6632344030143,939.7158146214475,0.0,0.0,0,0,0.0,0.0,0.0,0,0,0.0,0.0,1025065.0670897432,0,6,1025065.0670897432,3,25,1236245.9299451176,14.0275906785551,-0.9936540588808869,-1198.374386606896,1206.02776780943,-0.9936540588808869,-0.76,-0.3333333333333333,0.2768853065817319,1.3765437587146825,0.36,-0.9932790756686066,-1.0,0.006720924331393374,-1090452.0614188851,0,0.0,0.0,0.0,0,0.0,0.0,0.0,0.0,0.0,0,0.0,0.0,-1025065.0670897432,-0.8291756860507928,0.8291756860507928,6,0.24,-1.0,-1.4555247655360815,-1.4433315924992791,-1.4167681451804033,-1.5042981009094538,-0.10243831578326515,0.03936712990689431,0.207212877635077,0.08037458667613007,-1.4425775749807193,-1.43082315315028,-1.415950062981147,-1.5316243054035785,0.6799124576529575,0.7666857723802518,0.9813559322033898,0.9813559322033898,0.7576271186440678,0.6983050847457627,high,high,high,high,0,0.0,0.0,-0.0,-0.0,pre_price_events,7114,0x116e7d070f1888b81e1e0324f56d6746b2d7d8f1,1000863.055673601,300642.46895390877,149669.25197770135,5177.998050260203,-0.004016635963602532,-0.010773472830641721,-0.008835287978065449
2026-04-29T13:00:00Z,1777467600,2026-04-29,0.0009755565123381,0.0,0.0,0.008665210763075137,0.008665210763075137,CHOG,0.99,1777467536,2026-04-29T12:58:56Z,-64,forward_fill,6,6,2,2,6,2,4,285258.28993014904,2330.7801976818173,282927.5097324672,287589.07012783084,10157.21173044658,0.029246864400028702,112.71873600216668,100.0,12.718736002166665,642776.1666666666,1.0,1.0,1,283560.1948097061,286956.3850505919,-632.6850772389066,632.6850772389066,0,4,-2330.7801976818173,2330.7801976818173,582.6950494204543,787.3139807220916,0.0,0.0,0,0,0.0,0.0,0.0,0,0,0.0,279632.3468233646,0.0,1,0,279632.3468233646,2,6,287589.0701278308,12.569291377556443,0.9837908986134569,276.01177463910955,280.5593902404639,0.9837908986134569,-0.3333333333333333,-1.0,-1.0,1.351159549931221,0.6666666666666666,0.9881647859472198,-1.0,1.9881647859472198,284192.879886945,1,0.0,0.0,0.0,0,0.0,0.0,0.0,0.0,0.0,0,0.0,0.0,279632.3468233646,0.9723330121658326,0.9723330121658326,1,0.16666666666666666,1.0,0.26950343329360066,0.44097011921627133,1.3302761182275862,1.3656110242771677,-0.10243831578326515,0.03936712990689431,0.207212877635077,0.08037458667613007,0.2865885544567394,0.45902875213972283,1.3336758897139633,1.317219074315055,0.07114860977678734,0.012362537445813412,0.46452702702702703,0.46452702702702703,0.41385135135135137,0.13682432432432431,mid,mid,mid,low,0,0.0,0.0,283560.1948097061,0.0,pre_price_events,7114,0x116e7d070f1888b81e1e0324f56d6746b2d7d8f1,1000863.055673601,300642.46895390877,149669.25197770135,5177.998050260203,-0.0005093111801081137,0.005750003402922022,0.004976389160001897
2026-04-29T14:00:00Z,1777471200,2026-04-29,0.0009755565123381,0.0,0.0,0.008665210763075137,-0.12200992912899389,CHOG,0.99,1777467536,2026-04-29T12:58:56Z,-3664,forward_fill,21,19,3,3,19,7,14,249456.1826180477,122331.9445126332,127124.23810541448,371788.1271306809,13218.756844302861,0.03537704538076461,121.61727452385715,100.0,21.61727452385714,860234.8095238095,1.0,1.0,1,106464.27748161023,339010.29519702995,20659.960623804272,32777.831933650945,3,12,-3048.2746490781574,3607.603357074234,240.50689047161558,518.5557910486667,0.0,0.0,0,0,0.0,0.0,0.0,0,0,0.0,159277.11429112003,0.0,1,0,159277.11429112003,3,21,371788.1271306809,12.826082109976031,0.3419265673880199,124.01687835975635,362.7003286323212,0.3419265673880199,-0.3333333333333333,-0.6,-0.8449583691346567,2.156095361890957,0.7142857142857143,0.3140443785629993,0.6303028420434966,-0.3162584634804973,85804.31685780596,0,0.0,0.0,0.0,0,0.0,0.0,0.0,0.0,0.0,0,0.0,0.0,159277.11429112003,0.42840828597825353,0.42840828597825353,1,0.047619047619047616,1.0,-0.005273948574557933,0.23168433788910656,0.3953139169430786,0.4151497378403818,-0.2157259616779186,0.02435065967036788,0.1540648091400966,0.05031443525715893,-0.024899534518877647,0.2120443458039505,0.3567099271369198,0.3310830268262841,0.22803054736767345,0.1510964184313995,0.6245791245791246,0.6245791245791246,0.4764309764309764,0.6986531986531986,mid,mid,mid,high,0,0.0,0.0,0.0,0.0,pre_price_events,7114,0x116e7d070f1888b81e1e0324f56d6746b2d7d8f1,1000863.055673601,300642.46895390877,149669.25197770135,5177.998050260203,-0.0015703471494656522,0.003284519212685311,-0.13196606452689638
2026-04-29T15:00:00Z,1777474800,2026-04-29,0.0009755565123381,0.0,0.008665210763075137,0.008665210763075137,-0.12200992912899389,CHOG,0.99,1777467536,2026-04-29T12:58:56Z,-7264,forward_fill,25,24,4,4,23,12,13,778478.5224444339,18867.04659183016,759611.4758526036,797345.569036264,28929.776631384902,0.034443766513022736,169.99170763708,100.0,69.99170763708,1097796.88,1.0,1.0,1,720902.2789798398,758636.3721635,38709.196872763896,38709.196872763896,7,12,-6144.962572739482,15569.954784222427,819.4713044327593,1310.6257796846332,0.0,0.0,0,0,0.0,663945.6403610266,0.0,1,0,663945.6403610266,663945.6403610266,0.0,1,0,663945.6403610266,4,25,797345.569036264,13.589044705208641,0.9526753585283368,741.0439221147628,777.8556624572554,0.9526753585283368,-0.04,-0.2631578947368421,-0.3946679780320483,1.599355307007184,0.76,0.9502606326716854,1.0,-0.04973936732831463,682193.0821070758,0,0.0,0.0,0.0,0,0.0,0.0,663945.6403610266,0.83269496457292,0.83269496457292,1,0.04,1.0,663945.6403610266,0.83269496457292,0.83269496457292,1,0.04,1.0,0.7508036402878047,0.9976889005898281,1.1543064085796166,1.271910424967097,0.5536123024722899,0.8515844923076474,2.1661364156697456,2.3019924779011633,0.7494004898267007,0.9947117055421874,1.151376648536028,1.2178547540904694,0.5989619134550952,0.5479201646792845,0.837248322147651,0.837248322147651,0.6526845637583892,0.7869127516778524,high,high,mid,high,0,0.0,663945.6403610266,0.0,0.0,pre_price_events,7114,0x116e7d070f1888b81e1e0324f56d6746b2d7d8f1,1000863.055673601,300642.46895390877,149669.25197770135,5177.998050260203,0.008069904311336284,0.002755100273037392,-0.1325516664088431
2026-04-29T16:00:00Z,1777478400,2026-04-29,0.0009840099151288,0.008665210763075137,0.0,0.0,-0.12955253982955417,CHOG,0.99,1777481935,2026-04-29T16:58:55Z,3535,observed,15,14,2,2,14,2,13,35411.149144817035,255608.84561983458,-220197.69647501755,291019.99476465164,10490.504677714782,0.03600512821080346,188.28409649686668,100.0,88.28409649686665,1059438.8666666667,1.0,1.0,1,-208792.08472407688,279614.38301371096,-11405.611750940685,11405.611750940685,0,10,-10303.775788395284,10303.775788395284,1030.3775788395283,1590.8592046302551,0.0,0.0,0,0,0.0,0.0,0.0,0,0,0.0,0.0,174019.99638806,0,1,174019.99638806,2,15,291019.99476465164,12.581150690508728,-0.7566411258205533,-216.6767166199393,286.3665603491487,-0.7566411258205533,-0.7333333333333333,-1.0,-1.0,1.5439575135378762,0.6666666666666666,-0.7467143945661718,-1.0,0.25328560543382816,-197386.4729731362,0,0.0,0.0,0.0,0,0.0,0.0,0.0,0.0,0.0,0,0.0,0.0,-174019.99638806,-0.5979657738939562,0.5979657738939562,1,0.06666666666666667,-1.0,-0.440443941107536,-0.29373477588931807,-1.074106860794418,-1.2086955082411874,-0.16423564459179563,-0.007461753027791358,0.12735681217141825,-0.011752797128557842,-0.4392343480960171,-0.2932678056564693,-1.0609986432824685,-1.222135331961705,0.20295790577014589,0.051265071487008304,0.8745819397993311,0.8745819397993311,0.41638795986622074,0.4882943143812709,high,high,mid,mid,1,0.0,0.0,-0.0,-0.7566411258205533,pre_price_events,7114,0x116e7d070f1888b81e1e0324f56d6746b2d7d8f1,1000863.055673601,300642.46895390877,149669.25197770135,5177.998050260203,-0.000766269340048044,-0.00367332198785357,-0.13606851151210855
2026-04-29T17:00:00Z,1777482000,2026-04-29,0.0009840099151288,0.0,0.0,-0.12955253982955417,-0.12955253982955417,CHOG,0.99,1777481935,2026-04-29T16:58:55Z,-65,forward_fill,15,15,2,2,15,4,11,145420.16657382497,4439.535593133752,140980.63098069123,149859.7021669587,5493.730574324001,0.03615696800630695,123.3828803704,100.0,23.382880370400002,707356.1333333333,1.0,1.0,1,141137.29623092007,147417.86610031538,-156.66525022884184,2441.8360666433555,3,11,1160.5898417865542,10039.661028054059,717.1186448610042,1339.0861965524361,0.0,0.0,0,0,0.0,0.0,0.0,0,0,0.0,0.0,0.0,0,0,0.0,2,15,149859.7021669587,11.917461489393503,0.9407507751725324,138.72633872611468,147.4634328105363,0.9407507751725325,-0.4666666666666667,-0.5714285714285714,0.11560050070848915,1.8673147130514018,0.9333333333333333,0.9573961417599038,-0.06415879115267557,1.0215549329125795,141293.9614811489,1,0.0,0.0,0.0,0,0.0,0.0,0.0,0.0,0.0,0,0.0,0.0,0.0,0.0,0.0,0,0.0,0.0,0.04245283571759624,0.20566026705800866,1.0970936472519712,1.2317483412850658,-0.16408504607608498,-0.00014304743058727112,0.127484540787417,-0.002173580909105471,0.052538732893089364,0.21486101552424336,1.1163179111929364,1.205232049803975,-0.054186401870821986,-0.27961104045361385,0.6383333333333333,0.6383333333333333,0.305,0.5233333333333333,mid,mid,low,mid,0,0.0,0.0,141137.29623092007,0.0,pre_price_events,7114,0x116e7d070f1888b81e1e0324f56d6746b2d7d8f1,1000863.055673601,300642.46895390877,149669.25197770135,5177.998050260203,-0.0026057401708815702,-0.134095623792548,-0.13826161216078234
2026-04-29T18:00:00Z,1777485600,2026-04-29,0.0009840099151288,0.0,0.0,-0.12955253982955417,0.04893610824134509,CHOG,0.99,1777481935,2026-04-29T16:58:55Z,-3665,forward_fill,69,64,4,4,50,34,35,519213.2107901553,1780904.9641034217,-1261691.7533132664,2300118.174893577,80194.8972874887,0.034342225635530285,741.7087215852754,100.0,641.7087215852754,1091929.8550724639,1.0,1.5507246376811594,4,-1204602.5907181457,2241078.2900829264,-57089.162595120666,59039.884810650256,32,20,-22017.139204005973,36207.214890176125,696.2925940418486,1136.5222438441583,0.0,0.0,0,0,0.0,501113.6406737242,1083823.5324854353,1,2,1584937.1731591595,501113.6406737242,1241863.8617185499,1,3,1742977.5023922739,4,69,2300118.1748935767,14.648471494728138,-0.5485334480136626,-1241.5171950964943,2263.3390900632394,-0.5485334480136626,-0.014492753623188406,0.23076923076923078,-0.6080870696845491,1.6322480715281757,0.7536231884057971,-0.5375102672890433,-0.9669592476037877,0.42944898031474443,-1147513.428123025,0,0.0,0.0,0.0,0,0.0,0.0,-582709.891811711,-0.253339110212749,0.6890677141979855,3,0.043478260869565216,-0.3333333333333333,-740750.2210448256,-0.3220487665070074,0.7577773704922438,4,0.057971014492753624,-0.5,-1.7490261666419615,-1.6434671065266158,-0.791139506542704,-0.9115409976315136,-0.9997104876081859,-0.7421328023965198,-0.5427125738924634,-0.6962031078870266,-1.7562839832402404,-1.6492657844564131,-0.7793137659421429,-0.8986625567351062,1.1995829286301791,1.1259675527660638,0.9551495016611296,0.9551495016611296,0.8853820598006644,0.9584717607973422,high,high,high,high,0,-582709.891811711,-582709.891811711,-0.0,-0.0,pre_price_events,7114,0x116e7d070f1888b81e1e0324f56d6746b2d7d8f1,1000863.055673601,300642.46895390877,149669.25197770135,5177.998050260203,-0.0031530780127433833,-0.14263828740911555,0.020488889313591253
2026-04-29T19:00:00Z,1777489200,2026-04-29,0.0009840099151288,0.0,-0.12955253982955417,-0.12955253982955417,0.05895613347900697,CHOG,0.99,1777481935,2026-04-29T16:58:55Z,-7265,forward_fill,24,19,4,3,19,10,14,69847.80458026155,539585.6508792115,-469737.84629894997,609433.4554594731,20680.398856049378,0.0315608458591968,104.08529114262501,100.0,4.0852911426250005,996362.5416666666,1.0,1.0,1,-442090.60725991975,578541.4109586407,-27647.2390390302,30892.04450083227,6,8,906.1343474216455,6290.7649007404925,449.34035005289235,358.0704993915404,0.0,0.0,0,0,0.0,0.0,368000.0,0,1,368000.0,0.0,368000.0,0,1,368000.0,4,24,609433.4554594728,13.320286683908302,-0.7707779119949991,-462.2266982694151,599.6885627833275,-0.7707779119949991,-0.16666666666666666,-0.14285714285714285,0.14404199834506348,0.7968803588402233,0.5833333333333334,-0.7641468681167999,-0.8949630717476581,0.13081620363085822,-414443.36822088953,0,0.0,0.0,0.0,0,0.0,0.0,-368000.0,-0.6038395114402638,0.6038395114402638,1,0.041666666666666664,-1.0,-368000.0,-0.6038395114402638,0.6038395114402638,1,0.041666666666666664,-1.0,-0.7510884018339238,-0.5758178831850893,-1.102340157942352,-1.1976047377457137,-0.737504877567831,-0.4576066463266921,-1.6422522363337968,-1.616075229440363,-0.7440654309423264,-0.5693210106829244,-1.0965378295067167,-1.1896479742411485,0.5951734748071869,0.41406571857160795,0.23013245033112584,0.23013245033112584,0.5844370860927153,0.695364238410596,low,low,mid,high,0,-0.0,-0.0,-0.0,-0.0,pre_price_events,7114,0x116e7d070f1888b81e1e0324f56d6746b2d7d8f1,1000863.055673601,300642.46895390877,149669.25197770135,5177.998050260203,-0.1305329263798208,-0.13534467979361386,0.048438832864784884
2026-04-29T20:00:00Z,1777492800,2026-04-29,0.0008565289314064,-0.12955253982955417,0.0,0.0,0.1910765982834577,CHOG,0.99,1777496334,2026-04-29T20:58:54Z,3534,observed,20,17,4,4,17,11,9,319849.52872780536,155015.35328327055,164834.1754445348,474864.8820110759,16207.00924320288,0.032442179417728825,108.78037950165,100.0,8.78037950165,1267749.55,1.0,1.0,1,157889.0115288874,458774.69922294014,6945.163915647406,16090.182788135828,3,8,-5908.535858226571,10817.918003363222,983.4470912148383,1372.3105449346233,0.0,0.0,0,0,0.0,0.0,0.0,0,0,0.0,206612.70696067114,0.0,1,0,206612.70696067114,4,20,474864.8820110759,13.070787689486586,0.347118057554507,141.18524015276245,406.73550995137305,0.347118057554507,0.1,-0.45454545454545453,-0.5461804994629876,1.3954086164812662,0.55,0.3441537028879654,0.43163983946586704,-0.08748613657790166,150943.84761324,0,0.0,0.0,0.0,0,0.0,0.0,0.0,0.0,0.0,0,0.0,0.0,206612.70696067114,0.43509788739410726,0.43509788739410726,1,0.05,1.0,0.0898195818563605,0.3062770520246285,0.2979916792767722,0.41429635613975274,-0.19433306274295456,0.048919534327146456,0.0319267039004575,0.04961791835640527,0.08990218028361893,0.30716420734684774,0.29109888044816185,0.4003083777870904,0.47967045861359525,0.30032879771470233,0.3712871287128713,0.3712871287128713,0.5363036303630363,0.6089108910891089,mid,mid,mid,mid,0,0.0,0.0,0.0,0.0,pre_price_events,7114,0x116e7d070f1888b81e1e0324f56d6746b2d7d8f1,1000863.055673601,300642.46895390877,149669.25197770135,5177.998050260203,-0.010553100619386031,-0.016342287169106753,0.1646709256603738
2026-04-29T21:00:00Z,1777496400,2026-04-29,0.0008565289314064,0.0,0.0,0.20505390185864725,0.11584717886852047,CHOG,0.99,1777496334,2026-04-29T20:58:54Z,-66,forward_fill,24,19,3,3,19,15,9,331709.56173346116,113300.27097853707,218409.2907549241,445009.8327119982,15380.324174540092,0.03171907713025653,105.75455502125,100.0,5.75455502125,1675947.9166666667,1.0,1.0833333333333333,2,201076.93139193222,427677.4733490063,17332.35936299188,17332.35936299188,7,7,10509.84777194817,15108.55642926619,1079.182602090442,1346.1272954004362,0.0,0.0,0,0,0.0,0.0,0.0,0,0,0.0,0.0,0.0,0,0,0.0,3,24,445009.83271199814,13.005853904025116,0.49079655032313496,187.07387641954486,381.16379647814864,0.49079655032313496,0.25,0.0,0.6956222337423289,1.2473582253762303,0.5833333333333334,0.4701602116598817,1.0,-0.5298397883401182,183744.57202894034,0,0.0,0.0,0.0,0,0.0,0.0,0.0,0.0,0.0,0,0.0,0.0,0.0,0.0,0.0,0,0.0,0.0,0.1514898679173368,0.3638604915253815,0.5297115656733719,0.5999279826053987,-0.19433306274295456,0.04185143549328438,0.0319267039004575,0.029811692468193176,0.14068927920834362,0.3535621147838374,0.5000202385919265,0.5597292893411565,0.3814253257650569,0.2696664889287035,0.31085526315789475,0.31085526315789475,0.5180921052631579,0.6957236842105263,low,low,mid,high,0,0.0,0.0,0.0,0.0,pre_price_events,7114,0x116e7d070f1888b81e1e0324f56d6746b2d7d8f1,1000863.055673601,300642.46895390877,149669.25197770135,5177.998050260203,-0.001549947087451595,0.19920378933466873,0.10483832852656359
2026-04-29T22:00:00Z,1777500000,2026-04-29,0.0008565289314064,0.0,0.0,0.21656525170588514,0.07651756428832557,CHOG,0.99,1777496334,2026-04-29T20:58:54Z,-3666,forward_fill,14,11,3,3,11,5,9,130714.35412439953,80246.92428584768,50467.42983855185,210961.2784102472,7304.199139727071,0.03208830590214362,121.83683303457143,100.0,21.83683303457143,1066488.5,1.0,1.0,1,48948.47947007698,207690.73344177232,1518.950368474872,3270.544968474872,3,6,1172.3564729365366,8993.296592386065,999.255176931785,882.5984767887719,0.0,0.0,0,0,0.0,0.0,0.0,0,0,0.0,0.0,0.0,0,0,0.0,3,14,210961.27841024718,12.259434621169108,0.2392260334164739,43.22681375044228,180.6944383648571,0.2392260334164739,-0.2857142857142857,-0.3333333333333333,0.1303589246605167,0.8832563464907855,0.6428571428571429,0.2356796505020772,0.464433414955671,-0.22875376445359377,47429.52910160211,0,0.0,0.0,0.0,0,0.0,0.0,0.0,0.0,0.0,0,0.0,0.0,0.0,0.0,0.0,0,0.0,0.0,-0.08361230702464982,0.13030787315847117,0.2380850389690079,0.24830019415607862,-0.19433306274295456,0.04185143549328438,0.0319267039004575,0.029811692468193176,-0.08337989676861249,0.13124615516769725,0.23150864482958877,0.23453081582590057,-0.12055697229132013,-0.15742035539192312,0.6245901639344262,0.6245901639344262,0.34590163934426227,0.3524590163934426,mid,mid,mid,mid,0,0.0,0.0,0.0,0.0,pre_price_events,7114,0x116e7d070f1888b81e1e0324f56d6746b2d7d8f1,1000863.055673601,300642.46895390877,149669.25197770135,5177.998050260203,-0.0018845476862812188,0.21225273991421675,0.06878767873537237
2026-04-29T23:00:00Z,1777503600,2026-04-29,0.0008565289314064,0.0,0.20505390185864725,0.1910765982834577,0.07651756428832557,CHOG,0.99,1777496334,2026-04-29T20:58:54Z,-7266,forward_fill,8,5,2,2,5,4,4,196615.47052629016,43110.485608298644,153504.9849179915,239725.9561345888,8358.919087399016,0.03464987943527126,102.0000000005,100.0,2.0000000005,4157233.625,1.0,1.0,1,147647.64914385564,224148.9844194973,5857.335774135885,15576.971715091473,0,3,-5414.979844294869,5414.979844294869,1804.9932814316228,2645.573569787979,0.0,0.0,0,0,0.0,0.0,0.0,0,0,0.0,0.0,0.0,0,0,0.0,2,8,239725.95613458878,12.387255871899274,0.6403352702942586,131.48146069736282,205.33221703833686,0.6403352702942586,0.0,-1.0,-1.0,1.4656971840303215,0.375,0.6587031813962245,0.3760253200216772,0.2826778613745473,141790.31336971975,0,0.0,0.0,0.0,0,0.0,0.0,0.0,0.0,0.0,0,0.0,0.0,0.0,0.0,0.0,0,0.0,0.0,0.03709050456717438,0.28314110968648704,0.7342321476183729,0.841475328516555,-0.19433306274295456,0.055452438149593934,0.0319267039004575,0.06297661896812315,0.039281387400595176,0.2854208173157039,0.7579953324881222,0.8561653660443981,-0.044901860675134096,-0.07746556113895378,0.026143790849673203,0.026143790849673203,0.3709150326797386,0.09803921568627451,low,low,mid,low,0,0.0,0.0,0.0,0.0,pre_price_events,7114,0x116e7d070f1888b81e1e0324f56d6746b2d7d8f1,1000863.055673601,300642.46895390877,149669.25197770135,5177.998050260203,0.2040113620669906,0.18779278480614256,0.0716550013686414
2026-04-30T00:00:00Z,1777507200,2026-04-30,0.0010321635308461,0.20505390185864725,0.009552560121570686,-0.07402716413974209,-0.10666438851579196,CHOG,0.99,1777510740,2026-04-30T00:59:00Z,3540,observed,39,29,5,4,29,24,15,2171559.3680426013,65303.00612756373,2106256.3619150375,2236862.374170165,81625.37693984939,0.03485964259217876,111.1229401584359,100.0,11.122940158435897,1685491.6923076923,1.0,1.0,1,1999956.5218498514,2127405.6623867564,106299.84006518597,109456.71178340851,6,14,-1029.8562202138764,9576.156034913589,478.80780174567946,636.2811400021833,0.0,0.0,0,0,0.0,1024831.4227539367,0.0,2,0,1024831.4227539367,1838372.5799914065,0.0,6,0,1838372.5799914065,5,39,2236862.374170165,14.620585163135544,0.9416119588923838,2174.001003381286,2308.8077661402676,0.9416119588923837,0.23076923076923078,-0.4,-0.10754380113055138,1.3288863249144516,0.5128205128205128,0.940091754576831,0.9711587195815884,-0.031066965004757363,1893656.6817846654,0,0.0,0.0,0.0,0,0.0,0.0,1024831.4227539367,0.45815577864245244,0.45815577864245244,2,0.05128205128205128,1.0,1838372.5799914065,0.8218532356839383,0.8218532356839383,6,0.15384615384615385,1.0,2.307365013289714,2.8006342730099076,1.1142696439369704,1.2773151299293275,1.3101420460617978,1.3972638808374513,1.4480110534006216,1.359004060049228,2.3030073640405995,2.7946927004553,1.1092778650601662,1.2594691975761527,1.1807850647464655,1.1255453147891277,0.4218241042345277,0.4218241042345277,0.8811074918566775,0.8778501628664495,mid,mid,high,high,1,1024831.4227539367,0.0,0.0,0.9416119588923838,pre_price_events,7114,0x116e7d070f1888b81e1e0324f56d6746b2d7d8f1,1000863.055673601,300642.46895390877,149669.25197770135,5177.998050260203,0.024481733810787783,-0.06440597689981403,-0.09447243728365919
2026-04-30T01:00:00Z,1777510800,2026-04-30,0.0010420233350298,0.009552560121570686,-0.020951324548097117,-0.11511728386223663,-0.11511728386223663,CHOG,0.99,1777514336,2026-04-30T01:58:56Z,3536,observed,32,27,4,4,24,9,23,741839.7220364847,197767.73199225188,544071.9900442329,939607.4540287367,36017.899840494094,0.03540226506176463,178.52710418159376,100.0,78.52710418159376,960807.28125,1.0,1.25,3,536259.4187814312,919739.8308414125,7812.5712628017445,19867.623187324138,6,16,2082.0907568126304,23589.97838651835,1072.2717448417432,1414.7657304585991,0.0,0.0,0,0,0.0,706417.1885070663,0.0,1,0,706417.1885070663,706417.1885070663,0.0,1,0,706417.1885070663,4,32,939607.4540287363,13.753218529202723,0.5790417984781049,566.9357095621917,979.0928928658836,0.5790417984781049,-0.4375,-0.45454545454545453,0.08826166445334868,1.3194096900011152,0.6875,0.5830555563640654,0.393231298436659,0.18982425792740637,528446.8475186294,0,0.0,0.0,0.0,0,0.0,0.0,706417.1885070663,0.7518216096287604,0.7518216096287604,1,0.03125,1.0,706417.1885070663,0.7518216096287604,0.7518216096287604,1,0.03125,1.0,0.6260704431849836,0.7374450446296116,0.5767764900706148,0.7583443454579765,1.8133537128563055,0.9550311493894919,2.141569536696779,2.103262253903177,0.6535975439063602,0.7622334951072753,0.5793181322928952,0.7512761134592566,0.7862508968508812,0.6388253372703048,0.8522727272727273,0.8522727272727273,0.6866883116883117,0.8068181818181818,high,high,high,high,1,706417.1885070663,706417.1885070663,0.0,0.5790417984781049,pre_price_events,7114,0x116e7d070f1888b81e1e0324f56d6746b2d7d8f1,1000863.055673601,300642.46895390877,149669.25197770135,5177.998050260203,-0.021258938033542826,-0.12134584645061346,-0.12724055868992737
2026-04-30T02:00:00Z,1777514400,2026-04-30,0.0010201915659509,-0.020951324548097117,-0.06316085760005319,-0.09618108034380923,-0.0581087579213071,CHOG,0.99,1777517939,2026-04-30T02:58:59Z,3539,observed,24,20,3,3,20,9,15,822376.8795064812,1110046.5536622289,-287669.6741557477,1932423.43316871,72827.56301148924,0.03447702457962442,108.96495186233334,100.0,8.964951862333333,1027884.75,1.0,1.0,1,-288387.3732501329,1876492.9132029386,717.6990943852616,55930.51996577138,4,9,-4265.492261294943,18546.9776030956,1426.6905848535077,1779.003259344061,0.0,0.0,0,0,0.0,463989.81344494125,1018271.0826274934,1,2,1482260.8960724347,633352.4455911149,1018271.0826274934,2,2,1651623.5282186083,3,24,1932423.4331687097,14.474285955532315,-0.14886472044278545,-293.4781753535374,1971.4420883646005,-0.14886472044278545,-0.25,-0.38461538461538464,-0.22998314618027074,1.2469439962882551,0.5416666666666666,-0.1536842325494807,0.012831976080760242,-0.16651620863024094,-289105.07234451815,1,0.0,0.0,0.0,0,0.0,0.0,-554281.2691825521,-0.2868322023365573,0.7670476721770462,3,0.125,-0.3333333333333333,-384918.6370363785,-0.19918959293781924,0.8546902815757842,4,0.16666666666666666,0.0,-0.5651766182773369,-0.3468147926239887,-0.3997917387861379,-0.31045434903704683,-1.6325694360137553,-0.6964776387768572,-0.8787429895997403,-0.7695114955784964,-0.5892098197633854,-0.36730742689576706,-0.4092350583098655,-0.3205166729481942,1.2269916912171004,1.00303896378048,0.3737864077669903,0.3737864077669903,0.8398058252427184,0.7297734627831716,mid,mid,high,high,0,-554281.2691825521,-0.0,-288387.3732501329,-0.0,pre_price_events,7114,0x116e7d070f1888b81e1e0324f56d6746b2d7d8f1,1000863.055673601,300642.46895390877,149669.25197770135,5177.998050260203,-0.06359173610993905,-0.10356756006209628,-0.06961601684918114
2026-04-30T03:00:00Z,1777518000,2026-04-30,0.0009557553917291,-0.06316085760005319,-0.03524641664647632,-0.03524641664647632,0.005392707723338663,CHOG,0.99,1777521539,2026-04-30T03:58:59Z,3539,observed,22,20,4,4,18,6,16,269715.1201404898,1700019.7537609232,-1430304.6336204333,1969734.8739014128,72006.16087081087,0.0349672589170806,111.89665871404546,100.0,11.896658714045456,1408629.8636363635,1.0,1.0,1,-1382784.3210575457,1922013.227747189,-47520.312562887484,47721.64615422381,3,11,-6120.149919162714,9477.239782257442,676.9456987326745,1021.7586994812956,0.0,1433924.9531700618,0,1,1433924.9531700618,0.0,1433924.9531700618,0,1,1433924.9531700618,190352.58931642227,1433924.9531700618,1,1,1624277.5424864842,4,22,1969734.8739014126,14.493410017563708,-0.7261406865318167,-1367.021365397844,1882.584726008114,-0.7261406865318166,-0.45454545454545453,-0.5714285714285714,-0.6457734593378535,1.5093658197314104,0.6363636363636364,-0.7194457879347277,-0.995781084527435,0.2763352965927073,-1335264.0084946582,0,-1433924.9531700618,-0.7279786595491994,0.7279786595491994,1,0.045454545454545456,-1.0,-1433924.9531700618,-0.7279786595491994,0.7279786595491994,1,0.045454545454545456,-1.0,-1243572.3638536395,-0.6313399738872073,0.8246173452111916,2,0.09090909090909091,0.0,-2.073079854729921,-1.7766569864639805,-1.1622515785353709,-1.1820488279774934,-3.0005486467775615,-1.785893969233484,-1.9028156634886506,-1.9114687487394098,-2.100060389991569,-1.8042256352182877,-1.1554558638178922,-1.1724167751280339,1.2141446934045148,0.9863848490581821,0.45,0.45,0.8467741935483871,0.6516129032258065,mid,mid,high,mid,0,-1433924.9531700618,-0.0,-0.0,-0.0,pre_price_events,7114,0x116e7d070f1888b81e1e0324f56d6746b2d7d8f1,1000863.055673601,300642.46895390877,149669.25197770135,5177.998050260203,-0.03854340257908025,-0.04593500557106052,-0.010824401185955967
2026-04-30T04:00:00Z,1777521600,2026-04-30,0.0009220684389801,-0.03524641664647632,0.0,0.0,0.04212383874082293,CHOG,0.99,1777525140,2026-04-30T04:59:00Z,3540,observed,30,27,5,4,23,12,18,481237.7592528075,991351.3218917057,-510113.5626388983,1472589.0811445133,51983.45428333612,0.03434169720125471,124.85605660350001,100.0,24.8560566035,1363359.0666666667,1.0,1.0666666666666667,2,-466611.07272487244,1428863.5393981359,-43502.48991402591,43725.54174637743,5,14,2314.6653437489904,14075.190531905957,740.7995016792609,1424.946479509611,0.0,0.0,0,0,0.0,0.0,910337.9873350118,0,1,910337.9873350118,0.0,910337.9873350118,0,1,910337.9873350118,5,30,1472589.0811445133,14.20253336828665,-0.34640591130991694,-470.35961640502643,1357.8279153100611,-0.34640591130991694,-0.2,-0.47368421052631576,0.16445001852742633,1.923525159344074,0.6333333333333333,-0.3265609765096377,-0.994898820610496,0.6683378441008583,-423108.5828108465,0,0.0,0.0,0.0,0,0.0,0.0,-910337.9873350118,-0.6181887391338571,0.6181887391338571,1,0.03333333333333333,-1.0,-910337.9873350118,-0.6181887391338571,0.6181887391338571,1,0.03333333333333333,-1.0,-0.6969876321339363,-0.5841767354161144,-0.566805091824319,-0.5934608678751719,-1.7000942058196835,-1.087392203528976,-1.4672858670794136,-1.5646773473065347,-0.6681540298964112,-0.5588805841073887,-0.5425428670223892,-0.5664466492894539,0.932868253966853,0.8114543578211819,0.6543408360128617,0.6543408360128617,0.7893890675241158,0.7845659163987139,mid,mid,high,high,0,-910337.9873350118,-0.0,-0.0,-0.0,pre_price_events,7114,0x116e7d070f1888b81e1e0324f56d6746b2d7d8f1,1000863.055673601,300642.46895390877,149669.25197770135,5177.998050260203,-0.0025849143777910677,-0.009674702789267364,0.025617908001310793
2026-04-30T05:00:00Z,1777525200,2026-04-30,0.0009220684389801,0.0,0.0,0.04212383874082293,0.04212383874082293,CHOG,0.99,1777525140,2026-04-30T04:59:00Z,-60,forward_fill,26,22,4,3,18,7,19,1621688.7074993413,143125.51976036603,1478563.1877389753,1764814.2272597074,65065.910371631595,0.03547292143831026,510.06173513557684,100.0,410.06173513557684,782209.6153846154,1.0,1.3076923076923077,2,1429563.1794608138,1715814.218981546,49000.00827816157,49000.00827816157,2,14,-17391.77106856596,19712.961046174616,1232.0600653859135,1663.7329485594198,1035015.5275085993,0.0,1,0,1035015.5275085993,1035015.5275085993,0.0,1,0,1035015.5275085993,1572688.6992211798,0.0,3,0,1572688.6992211798,4,26,1764814.2272597072,14.383556555764475,0.8378010358828506,1363.3364504519175,1627.2794996192297,0.8378010358828506,-0.46153846153846156,-0.75,-0.8822505674225388,1.3503667518338849,0.6153846153846154,0.8331689781131189,1.0,-0.16683102188688115,1380563.1711826522,0,1035015.5275085993,0.5864727921622133,0.5864727921622133,1,0.038461538461538464,1.0,1035015.5275085993,0.5864727921622133,0.5864727921622133,1,0.038461538461538464,1.0,1572688.6992211798,0.8911355512263475,0.8911355512263475,3,0.11538461538461539,1.0,1.8900356858938314,1.8830386588810217,1.0590607648225723,1.1628080234844655,1.8816852346339366,1.3564287002865685,1.4587645294323537,1.576643116317579,1.913297420685752,1.909038960041851,1.048628413721824,1.147534727028559,0.9843041346404959,0.8856351871936262,0.9407051282051282,0.9407051282051282,0.8189102564102564,0.6490384615384616,high,high,high,mid,0,1035015.5275085993,1035015.5275085993,0.0,0.0,pre_price_events,7114,0x116e7d070f1888b81e1e0324f56d6746b2d7d8f1,1000863.055673601,300642.46895390877,149669.25197770135,5177.998050260203,0.0007421191163963226,0.03619269194197239,0.032379570678448454
2026-04-30T06:00:00Z,1777528800,2026-04-30,0.0009220684389801,0.0,0.0,0.04212383874082293,0.04272304690818096,CHOG,0.99,1777525140,2026-04-30T04:59:00Z,-3660,forward_fill,38,35,4,3,32,28,10,732845.3009898652,1973375.8202476406,-1240530.5192577753,2706221.1212375057,96506.60802613113,0.03471503976398395,299.81275934002633,100.0,199.8127593400263,1168552.6578947369,1.0,1.2105263157894737,3,-1196637.0914071393,2648564.769039769,-43893.427850635875,57656.35219773642,7,7,12454.651557755536,22068.83791400631,1576.345565286165,1577.1940563269434,0.0,1905596.574552083,0,1,1905596.574552083,0.0,1905596.574552083,0,1,1905596.574552083,0.0,1905596.574552083,0,1,1905596.574552083,4,38,2706221.1212375057,14.81106416905863,-0.45839954079232936,-1143.8540393991896,2495.321084794443,-0.45839954079232925,0.47368421052631576,0.0,0.5643546618216363,1.0005382646162513,0.3684210526315789,-0.45180586308296217,-0.7612938761734414,0.3094880130904792,-1152743.6635565034,0,-1905596.574552083,-0.7041540543740521,0.7041540543740521,1,0.02631578947368421,-1.0,-1905596.574552083,-0.7041540543740521,0.7041540543740521,1,0.02631578947368421,-1.0,-1905596.574552083,-0.7041540543740521,0.7041540543740521,1,0.02631578947368421,-1.0,-1.5555328151005345,-1.4623181270924823,-0.9086471244162656,-0.7826539454350894,-2.750082267513716,-2.2281423025360394,-1.735821973490266,-1.7196200126580792,-1.5703335513948609,-1.4809290406397189,-0.9045726305370397,-0.775332955193734,1.1974073351855508,1.0900430738927356,0.9281150159744409,0.9281150159744409,0.9121405750798722,0.8961661341853036,high,high,high,high,0,-1905596.574552083,-1905596.574552083,-0.0,-0.0,pre_price_events,7114,0x116e7d070f1888b81e1e0324f56d6746b2d7d8f1,1000863.055673601,300642.46895390877,149669.25197770135,5177.998050260203,0.0002955549264431834,0.034261248978071035,0.02831209555522496
2026-04-30T07:00:00Z,1777532400,2026-04-30,0.0009220684389801,0.0,0.04212383874082293,0.04212383874082293,0.04272304690818096,CHOG,0.99,1777525140,2026-04-30T04:59:00Z,-7260,forward_fill,22,22,3,3,22,7,15,101984.39797894353,8368.674029475531,93615.723949468,110353.07200841905,3982.3341158656913,0.0356228518987896,210.79695339113638,100.0,110.79695339113637,576380.6818181818,1.0,1.0,1,91327.6392679576,108047.84985838039,2288.084681510395,2305.222150038662,3,14,-272.0206137010012,4865.327445250058,286.19573207353284,723.2313476945117,0.0,0.0,0,0,0.0,0.0,0.0,0,0,0.0,0.0,0.0,0,0,0.0,3,22,110353.07200841905,11.611449311850633,0.8483291153174772,86.3201044460779,101.75308484346152,0.8483291153174771,-0.36363636363636365,-0.6470588235294118,-0.05591003211234438,2.5270514778630258,0.7727272727272727,0.8452517971219402,0.9925658060642963,-0.14731400894235613,89039.5545864472,0,0.0,0.0,0.0,0,0.0,0.0,0.0,0.0,0.0,0,0.0,0.0,0.0,0.0,0.0,0,0.0,0.0,0.1075295761027498,0.17300044697045136,1.0111989825477596,1.146555162762641,0.10257706644394637,0.08429881609275593,0.023479337891934234,0.07429550684135683,0.10926801626318555,0.17499706130080264,1.0035946785731025,1.1338978710236587,-1.3991966018356392,-0.6800527043267861,0.8837579617834395,0.8837579617834395,0.24044585987261147,0.7643312101910829,high,high,low,high,0,0.0,0.0,0.0,0.0,pre_price_events,7114,0x116e7d070f1888b81e1e0324f56d6746b2d7d8f1,1000863.055673601,300642.46895390877,149669.25197770135,5177.998050260203,0.03825157171398797,0.0363516811237097,0.03042350430448085
2026-04-30T08:00:00Z,1777536000,2026-04-30,0.0009609095012117,0.04212383874082293,0.0,0.0,0.0005749874871705529,CHOG,0.99,1777539532,2026-04-30T08:58:52Z,3532,observed,37,37,3,3,37,20,17,16044.823953854491,82772.71897669075,-66727.89502283625,98817.54293054524,3490.391276557081,0.03474112058641564,166.22502219056759,100.0,66.22502219056756,609265.8918918918,1.0,1.0,1,-67422.83911962225,98122.59883375923,694.9440967860011,694.9440967860011,19,15,492.1828842629012,1822.2866949459255,53.59666749840957,150.49268504618013,0.0,0.0,0,0,0.0,0.0,0.0,0,0,0.0,0.0,0.0,0,0,0.0,3,37,98817.54293054526,11.501040547609245,-0.675263653031087,-64.11946832330027,94.95471588835598,-0.6752636530310872,0.08108108108108109,0.11764705882352941,0.2700908071314795,2.807873923330137,0.918918918918919,-0.6871285506191191,1.0,-1.6871285506191191,-68117.78321640825,1,0.0,0.0,0.0,0,0.0,0.0,0.0,0.0,0.0,0,0.0,0.0,0.0,0.0,0.0,0,0.0,0.0,-0.0873151634086886,-0.02251004897482798,-1.2979531869031653,-1.1059539192186862,0.10257706644394637,0.08429881609275593,0.023479337891934234,0.07429550684135683,-0.09245337847106083,-0.027973076431177444,-1.321193643631149,-1.1226527628750245,-1.5427294218529723,-0.765687842259295,0.8174603174603174,0.8174603174603174,0.22380952380952382,0.9285714285714286,high,high,low,high,1,0.0,0.0,-67422.83911962225,-0.675263653031087,pre_price_events,7114,0x116e7d070f1888b81e1e0324f56d6746b2d7d8f1,1000863.055673601,300642.46895390877,149669.25197770135,5177.998050260203,-0.002500507126553231,-0.004672055380951199,-0.012948422814990996
2026-04-30T09:00:00Z,1777539600,2026-04-30,0.0009609095012117,0.0,0.0,0.0005749874871705529,0.0005749874871705529,CHOG,0.99,1777539532,2026-04-30T08:58:52Z,-68,forward_fill,34,34,2,2,34,12,22,175539.87773448502,387507.91098989744,-211968.03325541236,563047.7887243824,19939.748497750417,0.03547267680375493,213.42791126470587,100.0,113.42791126470587,584740.5294117647,1.0,1.0,1,-197150.71089244646,548230.4663614165,-14817.322362965897,14817.322362965897,5,20,-736.072875049858,6343.617167445669,253.74468669782675,755.6722854573427,0.0,0.0,0,0,0.0,0.0,369150.74360568373,0,1,369150.74360568373,0.0,369150.74360568373,0,1,369150.74360568373,2,34,563047.7887243823,13.241121561847452,-0.3764654395244821,-203.68209710828333,541.037969821497,-0.3764654395244821,-0.29411764705882354,-0.6,-0.11603362176823263,2.9780812173507267,0.7352941176470589,-0.3596128325390739,-1.0,0.640387167460926,-182333.38852948055,0,0.0,0.0,0.0,0,0.0,0.0,-369150.74360568373,-0.6556295060531474,0.6556295060531474,1,0.029411764705882353,-1.0,-369150.74360568373,-0.6556295060531474,0.6556295060531474,1,0.029411764705882353,-1.0,-0.2301068009087578,-0.21463145603713307,-0.7820144691794781,-0.6697718766729845,-0.3942035990828404,-0.3571404816399879,-1.4633169415950242,-1.5461545240684502,-0.2243506112001008,-0.20928137226474994,-0.7629936244618645,-0.6447379866004452,0.05224584488955186,0.22132509049020843,0.884493670886076,0.884493670886076,0.5680379746835443,0.9066455696202531,high,high,mid,high,0,-0.0,-369150.74360568373,-0.0,-0.0,pre_price_events,7114,0x116e7d070f1888b81e1e0324f56d6746b2d7d8f1,1000863.055673601,300642.46895390877,149669.25197770135,5177.998050260203,-0.002141241664835169,-0.006906967750570833,-0.014511906042072278
2026-04-30T10:00:00Z,1777543200,2026-04-30,0.0009609095012117,0.0,0.0,0.0005749874871705529,0.033437456239410634,CHOG,0.99,1777539532,2026-04-30T08:58:52Z,-3668,forward_fill,29,28,3,3,28,10,19,69602.39860091629,627616.5757034915,-558014.1771025751,697218.9743044077,24235.84354505447,0.03523321143203377,107.29432101924138,100.0,7.294321019241379,952991.2068965518,1.0,1.0,1,-562779.7309587715,692265.5767956947,4765.553856196416,4953.3975087131475,7,15,7540.755505828895,14262.415355225123,648.2916070556875,1144.5133464825556,0.0,0.0,0,0,0.0,0.0,546890.9962705649,0,1,546890.9962705649,0.0,546890.9962705649,0,1,546890.9962705649,3,29,697218.9743044078,13.454856241535474,-0.8003427870839105,-536.2011245886927,669.9643368341815,-0.8003427870839106,-0.3103448275862069,-0.36363636363636365,0.5287151802844035,1.7654298374778177,0.7586206896551724,-0.8129535106508153,0.9620778158453244,-1.7750313264961397,-567545.284814968,1,0.0,0.0,0.0,0,0.0,0.0,-546890.9962705649,-0.784389146632419,0.784389146632419,1,0.034482758620689655,-1.0,-546890.9962705649,-0.784389146632419,0.784389146632419,1,0.034482758620689655,-1.0,-0.6295408434292782,-0.6460902947514973,-1.3080203666943542,-1.291505423385513,-0.6269458519261042,-0.5733978014671498,-1.5992524016731906,-1.8317119775825699,-0.6667520782978755,-0.6858866449821004,-1.330981413753464,-1.3079936270092365,0.19300341854138547,0.34662059913383125,0.3359621451104101,0.3359621451104101,0.6261829652996845,0.862776025236593,mid,mid,mid,high,0,-0.0,-0.0,-562779.7309587715,-0.0,pre_price_events,7114,0x116e7d070f1888b81e1e0324f56d6746b2d7d8f1,1000863.055673601,300642.46895390877,149669.25197770135,5177.998050260203,-0.0012453566215617751,-0.00602995136178109,0.020907609492667775
2026-04-30T11:00:00Z,1777546800,2026-04-30,0.0009609095012117,0.0,0.0005749874871705529,0.0005749874871705529,0.033437456239410634,CHOG,0.99,1777539532,2026-04-30T08:58:52Z,-7268,forward_fill,30,30,1,1,30,12,18,171686.42055755362,3965.5907304237307,167720.82982712987,175652.01128797734,6166.784573854685,0.03440015937929421,250.02358426803332,100.0,150.02358426803337,562942.6,1.0,1.0,1,167720.82982712987,175652.01128797734,0.0,0.0,5,18,8523.65604727194,16454.837508119403,715.4277177443219,1555.6731165559927,0.0,0.0,0,0,0.0,0.0,0.0,0,0,0.0,0.0,0.0,0,0,0.0,1,30,175652.01128797734,12.076265801230354,0.954847192453467,161.16453893199977,168.7856865535622,0.9548471924534672,-0.2,-0.5652173913043478,0.5180030518725004,2.1744658167017734,0.7666666666666667,0.954847192453467,0.0,0.954847192453467,167720.82982712987,0,0.0,0.0,0.0,0,0.0,0.0,0.0,0.0,0.0,0,0.0,0.0,0.0,0.0,0.0,0,0.0,0.0,0.27211404754673163,0.24646090673722681,1.2251706257166495,1.275627076350094,0.20554313987771736,0.0899121095588641,0.19065426100051858,0.10416603722356083,0.28128540108298705,0.25622827650648916,1.2257740853896302,1.2724863046982053,-1.2005638935753675,-0.4276391729914296,0.9072327044025157,0.9072327044025157,0.3191823899371069,0.8773584905660378,high,high,low,high,0,0.0,0.0,0.0,0.0,pre_price_events,7114,0x116e7d070f1888b81e1e0324f56d6746b2d7d8f1,1000863.055673601,300642.46895390877,149669.25197770135,5177.998050260203,-0.0032692803203326036,-0.006451646605751683,0.018307888888491594
2026-04-30T12:00:00Z,1777550400,2026-04-30,0.0009614620121512,0.0005749874871705529,0.0,0.0,0.032843584102347334,CHOG,0.99,1777553944,2026-04-30T12:59:04Z,3544,observed,25,22,3,3,22,9,16,318131.53896108904,43512.26141029689,274619.27755079215,361643.80037138594,12810.064394223426,0.035052976770052105,107.74831230699999,100.0,7.748312307,928472.88,1.0,1.0,1,278542.4924547344,357650.9217941004,-3923.214903942217,3992.8785772855917,2,14,-3412.4698884568725,9074.810857202563,567.1756785751602,1222.1224943755146,0.0,0.0,0,0,0.0,0.0,0.0,0,0,0.0,0.0,0.0,0,0,0.0,3,25,361643.8003713859,12.7984177946582,0.7593639854154144,264.0360031694935,347.7067759870796,0.7593639854154144,-0.28,-0.75,-0.3760375772183106,2.154751235888129,0.64,0.7788110570426302,-0.9825530198339432,1.7613640768765735,282465.7073586766,1,0.0,0.0,0.0,0,0.0,0.0,0.0,0.0,0.0,0,0.0,0.0,0.0,0.0,0.0,0,0.0,0.0,0.3432440084571151,0.37261733195146923,0.873271943491389,0.9617454601796026,0.20554313987771736,0.0899121095588641,0.19065426100051858,0.10416603722356083,0.3638333043472926,0.39363064443374934,0.9005028021366258,0.987434988722224,-0.43546471038150186,-0.03277238985887849,0.35266457680250785,0.35266457680250785,0.4561128526645768,0.7539184952978056,mid,mid,mid,high,1,0.0,0.0,278542.4924547344,0.7593639854154144,pre_price_events,7114,0x116e7d070f1888b81e1e0324f56d6746b2d7d8f1,1000863.055673601,300642.46895390877,149669.25197770135,5177.998050260203,-0.001985153860195712,-0.006006285727010296,0.021142545698874846
2026-04-30T13:00:00Z,1777554000,2026-04-30,0.0009614620121512,0.0,0.0,0.032843584102347334,0.032843584102347334,CHOG,0.99,1777553944,2026-04-30T12:59:04Z,-56,forward_fill,16,14,4,4,14,10,6,863619.1708883721,90.00744573672043,863529.1634426354,863709.1783341089,31296.172400542902,0.03365274735395556,103.30782722125,100.0,3.3078272212499997,1667510.5,1.0,1.0,1,818603.403187936,818783.4180794095,44925.760254699446,44925.760254699446,4,6,4500.302093535149,4680.316985008591,468.0316985008591,988.8648451638729,0.0,0.0,0,0,0.0,751348.7994219,0.0,2,0,751348.7994219,751348.7994219,0.0,2,0,751348.7994219,4,16,863709.1783341088,13.668992549770097,0.9997915792769266,830.2504870347988,830.423564514572,0.9997915792769266,0.25,-0.2,0.9615378847095094,2.112815965951199,0.625,0.9997801434573557,1.0,-0.00021985654264433663,773677.6429332367,0,0.0,0.0,0.0,0,0.0,0.0,751348.7994219,0.8699094767883264,0.8699094767883264,2,0.125,1.0,751348.7994219,0.8699094767883264,0.8699094767883264,2,0.125,1.0,1.0595378306464283,1.081305733836837,1.2313434828001146,1.3128647694412454,1.2572404694432977,0.9818682905918267,1.9195514332047574,2.1480628926220806,1.04845024510362,1.0747746300452665,1.2303858427793564,1.3099347122788638,0.39305633666593853,0.45095459427671125,0.1859375,0.1859375,0.6734375,0.4640625,low,low,high,mid,0,751348.7994219,0.0,0.0,0.0,pre_price_events,7114,0x116e7d070f1888b81e1e0324f56d6746b2d7d8f1,1000863.055673601,300642.46895390877,149669.25197770135,5177.998050260203,0.00046522086211304905,0.028455911252801926,0.026428079875609224
2026-04-30T14:00:00Z,1777557600,2026-04-30,0.0009614620121512,0.0,0.0,0.032843584102347334,0.08303353749284192,CHOG,0.99,1777553944,2026-04-30T12:59:04Z,-3656,forward_fill,38,30,3,3,29,12,26,66266.55196289247,702684.5376561562,-636417.9856932637,768951.0896190486,27493.056323071163,0.035616389226909045,155.11018323681577,100.0,55.11018323681579,2530812.236842105,1.0,1.7894736842105263,6,-611381.2094761451,720427.835363278,-25036.776217118622,48523.25425577059,8,16,-13293.18425644699,23323.305976392425,971.8044156830177,1641.1046217819514,0.0,0.0,0,0,0.0,0.0,0.0,0,0,0.0,0.0,152000.0,0,1,152000.0,3,38,768951.0896190486,13.552783944361027,-0.8276442992083618,-611.8917170938589,739.3172618709882,-0.8276442992083618,-0.3684210526315789,-0.3333333333333333,-0.5699528304393122,1.6887190419159872,0.631578947368421,-0.8486362956365424,-0.5159747960255807,-0.3326614996109617,-586344.4332590265,0,0.0,0.0,0.0,0,0.0,0.0,0.0,0.0,0.0,0,0.0,0.0,-152000.0,-0.19767187022948804,0.19767187022948804,1,0.02631578947368421,-1.0,-0.8107240228291941,-0.7421823260664293,-1.3746452019325064,-1.3681586093776825,0.1525063945085749,0.08272114332561036,0.09899820124023768,0.10491492809239168,-0.8119838095924937,-0.7479837525473253,-1.405899245981259,-1.3955838748932035,0.24620225648666239,0.37928384731331594,0.7834890965732088,0.7834890965732088,0.6370716510903427,0.8691588785046729,high,high,mid,high,0,0.0,0.0,-0.0,-0.0,pre_price_events,7114,0x116e7d070f1888b81e1e0324f56d6746b2d7d8f1,1000863.055673601,300642.46895390877,149669.25197770135,5177.998050260203,-0.001983681866152792,0.02474900286037348,0.06665552881814624
2026-04-30T15:00:00Z,1777561200,2026-04-30,0.0009614620121512,0.0,0.032843584102347334,0.032843584102347334,0.07991283918601355,CHOG,0.99,1777553944,2026-04-30T12:59:04Z,-7256,forward_fill,29,25,2,2,25,18,11,698546.1088688553,116736.15746836981,581809.9514004855,815282.2663372251,29520.96834965848,0.035896470915331824,117.71071201844828,100.0,17.710712018448277,1393490.6206896552,1.0,1.0,1,555912.7307945169,773841.0819698924,25897.220605968727,41441.18436733276,10,7,16994.988260287086,18683.456422170344,1099.0268483629613,1603.0044752474148,0.0,0.0,0,0,0.0,415272.66491946153,0.0,1,0,415272.66491946153,415272.66491946153,0.0,1,0,415272.66491946153,2,29,815282.2663372251,13.611290897893854,0.7136300830071428,559.3881665631027,783.862928263779,0.7136300830071428,0.2413793103448276,0.17647058823529413,0.9096276340024712,1.458567165702226,0.5862068965517241,0.7183810006304958,0.6249150694250664,0.09346593120542945,530015.5101885481,0,0.0,0.0,0.0,0,0.0,0.0,415272.66491946153,0.5093606006973938,0.5093606006973938,1,0.034482758620689655,1.0,415272.66491946153,0.5093606006973938,0.5093606006973938,1,0.034482758620689655,1.0,0.7440588282234237,0.7273674533195493,0.8671123919996425,0.89066707603463,0.7898899044306703,0.5624742120803269,1.2477643854266314,1.3319192927166905,0.741408856562883,0.7286565808932414,0.8692488889614239,0.8951827470859508,0.30434265036628616,0.4213817599773918,0.5543478260869565,0.5543478260869565,0.6537267080745341,0.812111801242236,mid,mid,mid,high,0,0.0,0.0,0.0,0.0,pre_price_events,7114,0x116e7d070f1888b81e1e0324f56d6746b2d7d8f1,1000863.055673601,300642.46895390877,149669.25197770135,5177.998050260203,0.03188159172462466,0.02626748740367178,0.06762754522657809
2026-04-30T16:00:00Z,1777564800,2026-04-30,0.0009930398706085,0.032843584102347334,0.0,0.0,0.0672407897463212,CHOG,0.99,1777568338,2026-04-30T16:58:58Z,3538,observed,21,18,4,3,16,5,16,1319153.2645923488,131840.31120249678,1187312.953389852,1450993.5757948454,54833.61119015095,0.035190790448181845,221.12922936095237,100.0,121.1292293609524,1574388.4761904762,1.0,1.0952380952380953,2,1149773.9404661176,1404500.2875649352,37539.012923734415,46493.28822991039,2,11,-8286.839126714924,10534.568601469655,810.3514308822812,1186.455353183035,1255345.6700862765,0.0,1,0,1255345.6700862765,1255345.6700862765,0.0,1,0,1255345.6700862765,1255345.6700862765,0.0,1,0,1255345.6700862765,4,21,1450993.5757948456,14.187759793606302,0.8182758167895053,1179.0491016060548,1440.894472761078,0.8182758167895053,-0.5238095238095238,-0.6923076923076923,-0.7866329832964252,1.464124462507909,0.6190476190476191,0.8186356034569052,0.8074071409641566,0.01122846249274867,1112234.927542383,0,1255345.6700862765,0.8651628036317155,0.8651628036317155,1,0.047619047619047616,1.0,1255345.6700862765,0.8651628036317155,0.8651628036317155,1,0.047619047619047616,1.0,1255345.6700862765,0.8651628036317155,0.8651628036317155,1,0.047619047619047616,1.0,1.381887362473751,1.4322076970068656,0.940040280374551,1.0202262068628547,1.819568670694473,1.5463687324964734,1.8050405190790457,2.119190841036761,1.3944598023294263,1.45366808783203,0.9356320024556153,1.017991430549902,0.8171526333364588,0.7472203528312813,0.8900928792569659,0.8900928792569659,0.7848297213622291,0.5340557275541795,high,high,high,mid,1,1255345.6700862765,1255345.6700862765,0.0,0.8182758167895053,pre_price_events,7114,0x116e7d070f1888b81e1e0324f56d6746b2d7d8f1,1000863.055673601,300642.46895390877,149669.25197770135,5177.998050260203,0.0033116172798717553,-0.0022967942495956354,0.06379325564397914
2026-04-30T17:00:00Z,1777568400,2026-04-30,0.0009930398706085,0.0,0.0,0.04859395378257125,0.0802325723342594,CHOG,0.99,1777568338,2026-04-30T16:58:58Z,-62,forward_fill,9,9,1,1,9,0,9,0.0,135669.30623453596,-135669.30623453596,135669.30623453596,5132.363738730471,0.03783220741294453,119.03246139888887,100.0,19.032461398888888,857941.3333333334,1.0,1.0,1,-135669.30623453596,135669.30623453596,0.0,0.0,0,6,-4449.031656896339,4449.031656896339,741.5052761493898,1270.1752065374535,0.0,0.0,0,0,0.0,0.0,0.0,0,0,0.0,0.0,0.0,0,0,0.0,1,9,135669.30623453594,11.81798300267837,-1.0,-134.72503030868856,134.72503030868856,-1.0,-1.0,-1.0,-1.0,1.7129685349420944,0.6666666666666666,-1.0,0.0,-1.0,-135669.30623453596,0,0.0,0.0,0.0,0,0.0,0.0,0.0,0.0,0.0,0,0.0,0.0,0.0,0.0,0.0,0,0.0,0.0,-0.220363023452317,-0.24682197852331328,-1.5892025978926423,-1.6196320837483424,0.08534394404392577,-0.03481902562306461,0.05015754703221989,0.019423853571013925,-0.2270222969465417,-0.2553495802988618,-1.5888077338741424,-1.6148313466464925,-1.557784837022916,-0.5806822721996558,0.5756172839506173,0.5756172839506173,0.27314814814814814,0.25,mid,mid,low,low,0,0.0,0.0,-0.0,-0.0,pre_price_events,7114,0x116e7d070f1888b81e1e0324f56d6746b2d7d8f1,1000863.055673601,300642.46895390877,149669.25197770135,5177.998050260203,-0.0021754608517873296,0.045037660456068745,0.07403548715220434
2026-04-30T18:00:00Z,1777572000,2026-04-30,0.0009930398706085,0.0,0.0,0.04557249113821493,0.0763254303225065,CHOG,0.99,1777568338,2026-04-30T16:58:58Z,-3662,forward_fill,13,11,3,3,11,7,6,46505.06345275457,267907.8695714629,-221402.8061187083,314412.9330242175,11848.488216206102,0.03799476662183611,115.31321065692308,100.0,15.313210656923077,1193837.6153846155,1.0,1.0,1,-231498.41354293827,304106.04836827714,10095.607424229951,10306.884655940303,3,5,6853.3855938757115,10081.13897603704,1260.14237200463,1892.782078424332,0.0,0.0,0,0,0.0,0.0,0.0,0,0,0.0,0.0,266293.9928803822,0,1,266293.9928803822,3,13,314412.93302421743,12.658465654790042,-0.7041784318129651,-219.8618139404809,312.2245783280079,-0.7041784318129651,0.07692307692307693,-0.25,0.6798225488376137,1.5020382779552923,0.6153846153846154,-0.7612423849675956,0.9795013489756497,-1.7407437339432452,-241594.0209671682,1,0.0,0.0,0.0,0,0.0,0.0,0.0,0.0,0.0,0,0.0,0.0,-266293.9928803822,-0.8469562314724218,0.8469562314724218,1,0.07692307692307693,-1.0,-0.39937533824993493,-0.34759118216521956,-1.1428429446519994,-1.157997677928501,0.05239252881788401,-0.02612327770968934,0.028881133214913254,0.04470769121234621,-0.4227225888256307,-0.37533307738845617,-1.214673786314401,-1.234206623736842,-0.6504203533233929,-0.08672544475276003,0.5092307692307693,0.5092307692307693,0.42,0.3384615384615385,mid,mid,mid,mid,0,0.0,0.0,-231498.41354293827,-0.0,pre_price_events,7114,0x116e7d070f1888b81e1e0324f56d6746b2d7d8f1,1000863.055673601,300642.46895390877,149669.25197770135,5177.998050260203,-0.0010600010627207174,0.041501071389988375,0.06966392961466977
2026-04-30T19:00:00Z,1777575600,2026-04-30,0.0009930398706085,0.0,0.04859395378257125,0.0672407897463212,0.07807747460632153,CHOG,0.99,1777568338,2026-04-30T16:58:58Z,-7262,forward_fill,7,7,1,1,7,2,5,437492.5436951991,1942.632603462177,435549.911091737,439435.17629866133,16903.701406315522,0.03817476676303465,103.00135943285714,100.0,3.001359432857143,714120.1428571428,1.0,1.0,1,435549.911091737,439435.17629866133,0.0,0.0,0,5,-1942.632603462177,1942.632603462177,388.5265206924354,835.8777792641004,0.0,0.0,0,0,0.0,360883.66059773933,0.0,1,0,360883.66059773933,360883.66059773933,0.0,1,0,360883.66059773933,1,7,439435.17629866133,12.993247766673942,0.991158502057915,432.5184273540822,436.37665061244604,0.991158502057915,-0.42857142857142855,-1.0,-1.0,2.151404691176272,0.7142857142857143,0.991158502057915,0.0,0.991158502057915,435549.911091737,0,0.0,0.0,0.0,0,0.0,0.0,360883.66059773933,0.8212443610851613,0.8212443610851613,1,0.14285714285714285,1.0,360883.66059773933,0.8212443610851613,0.8212443610851613,1,0.14285714285714285,1.0,0.4026285725983127,0.5216005566887086,1.174013176113514,1.265235345273527,0.5136184405026962,0.4709345054855088,1.5463497271886582,1.9953622963759814,0.426689271804675,0.5486239442350718,1.1689681034262116,1.261126763819193,-0.2911246182854972,0.11278015379838231,0.17024539877300612,0.17024539877300612,0.504601226993865,0.16717791411042945,low,low,mid,low,0,0.0,0.0,0.0,0.0,pre_price_events,7114,0x116e7d070f1888b81e1e0324f56d6746b2d7d8f1,1000863.055673601,300642.46895390877,149669.25197770135,5177.998050260203,0.04875084754356303,0.06423622607363472,0.07460683644699319
2026-04-30T20:00:00Z,1777579200,2026-04-30,0.0010412956041851,0.04859395378257125,-0.002881441985677191,0.030172421305271424,0.052627973281694995,CHOG,0.99,1777582738,2026-04-30T20:58:58Z,3538,observed,7,6,2,2,6,3,4,253971.28149313672,2944.7447953485744,251026.53669778813,256916.02628848527,10018.129330795495,0.038566123734533546,109.15714892514286,100.0,9.157148925142858,1435853.0,1.0,1.0,1,226924.47484055723,232813.9644312544,24102.06185723089,24102.06185723089,1,4,-188.5483020620914,5700.941288635057,1140.1882577270114,1476.011014510054,0.0,0.0,0,0,0.0,0.0,0.0,0,0,0.0,229869.2196359058,0.0,1,0,229869.2196359058,2,7,256916.02628848527,12.456508456839872,0.9770762078342129,261.3928291972165,267.5255288189033,0.977076207834213,-0.14285714285714285,-0.6,-0.033073187832677084,1.2945327269485412,0.7142857142857143,0.9747030226254482,1.0,-0.025296977374551832,202822.41298332636,0,0.0,0.0,0.0,0,0.0,0.0,0.0,0.0,0.0,0,0.0,0.0,229869.2196359058,0.8947251090431813,0.8947251090431813,1,0.14285714285714285,1.0,0.1579567022223035,0.27021635974382374,1.0886675683271596,1.2172152418793365,0.009947999189073093,-0.039304087125510714,-0.09007936606451213,0.002657363095703771,0.1407005711706258,0.25220736494004165,1.0811644739794823,1.2101319722391863,-0.805680268273803,-0.20638770704569515,0.37767584097859325,0.37767584097859325,0.38073394495412843,0.12844036697247707,mid,mid,mid,low,1,0.0,0.0,0.0,0.9770762078342129,pre_price_events,7114,0x116e7d070f1888b81e1e0324f56d6746b2d7d8f1,1000863.055673601,300642.46895390877,149669.25197770135,5177.998050260203,-0.0001230197885773959,0.03126024948122585,0.054798572828348255
2026-04-30T21:00:00Z,1777582800,2026-04-30,0.0010382951713117,-0.002881441985677191,0.0207238606521849,0.029412536619831897,0.09707439205507207,CHOG,0.99,1777586339,2026-04-30T21:58:59Z,3539,observed,7,7,2,2,7,3,4,2048.9399405401655,51350.664123193754,-49301.72418265359,53399.60406373392,2051.941326986691,0.03845242548974746,113.31956329685714,100.0,13.319563296857142,881117.4285714285,1.0,1.0,1,-49328.56364339813,53372.76460298938,26.839460744541384,26.839460744541384,3,3,1598.2758173464147,2499.604063733917,416.60067728898616,503.9325636928719,0.0,0.0,0,0,0.0,0.0,0.0,0,0,0.0,0.0,0.0,0,0,0.0,2,7,53399.604063733925,10.885577336939248,-0.9232601073935044,-51.18974215619049,55.44455104933156,-0.9232601073935044,-0.14285714285714285,0.0,0.6394115934340837,1.2096297273739323,0.8571428571428571,-0.9242272535501236,1.0,-1.9242272535501237,-49355.40310414267,1,0.0,0.0,0.0,0,0.0,0.0,0.0,0.0,0.0,0,0.0,0.0,0.0,0.0,0.0,0,0.0,0.0,-0.21769502320632575,-0.1295597940329746,-1.4199320254333165,-1.4387673254699025,0.009947999189073093,-0.039304087125510714,-0.09007936606451213,0.002657363095703771,-0.21836157371482756,-0.1324094028608891,-1.4109284261889623,-1.4328189481171225,-2.0829595905742746,-1.1051554077135826,0.4771341463414634,0.4771341463414634,0.1600609756097561,0.17073170731707318,mid,mid,low,low,0,0.0,0.0,-49328.56364339813,-0.0,pre_price_events,7114,0x116e7d070f1888b81e1e0324f56d6746b2d7d8f1,1000863.055673601,300642.46895390877,149669.25197770135,5177.998050260203,0.01685102877413517,0.025770846143969434,0.08992459420143467
2026-04-30T22:00:00Z,1777586400,2026-04-30,0.0010598126557578,0.0207238606521849,0.012173244044604292,0.01015392680275684,0.09623468223907294,CHOG,0.99,1777589940,2026-04-30T22:59:00Z,3540,observed,15,10,5,4,9,8,7,539840.7541189529,1198.4791024138374,538642.2750165391,541039.2332213668,21392.200584945607,0.036597111329240366,115.71159472146665,100.0,15.711594721466668,776440.2,1.0,1.0,1,510646.86628999276,512547.1884462812,27995.40872654633,28492.044775085553,4,7,2027.6197584291974,4424.577963256872,402.2343602960793,663.2945078174522,0.0,0.0,0,0,0.0,450693.276265666,0.0,1,0,450693.276265666,450693.276265666,0.0,1,0,450693.276265666,5,15,541039.2332213668,13.201248923309956,0.9955697146202207,570.8598999887017,573.4002266295005,0.9955697146202208,0.06666666666666667,-0.2727272727272727,0.45826286151294165,1.6490249796889804,0.7333333333333333,0.9962923957069221,0.9825693082943103,0.013723087412611745,482651.4575634464,0,0.0,0.0,0.0,0,0.0,0.0,450693.276265666,0.833014037784695,0.833014037784695,1,0.06666666666666667,1.0,450693.276265666,0.833014037784695,0.833014037784695,1,0.06666666666666667,1.0,0.5164881638846237,0.6447324383794336,1.0772731172261492,1.217451081903378,0.6078133183940411,0.5876345719080555,1.4323961704771069,1.9421107850448955,0.5090163310691376,0.639662283500211,1.0729269270556248,1.2165756026745245,-0.0005009081077643014,0.2181567517534256,0.5273556231003039,0.5273556231003039,0.5638297872340425,0.256838905775076,mid,mid,mid,low,1,0.0,0.0,0.0,0.9955697146202207,pre_price_events,7114,0x116e7d070f1888b81e1e0324f56d6746b2d7d8f1,1000863.055673601,300642.46895390877,149669.25197770135,5177.998050260203,0.013417050903342087,0.0076350225532835336,0.09229620285479834
2026-04-30T23:00:00Z,1777590000,2026-04-30,0.0010727140138579,0.012173244044604292,-0.003616945194783394,0.021797857826528988,0.13564136468592336,CHOG,0.99,1777593537,2026-04-30T23:58:57Z,3537,observed,8,7,2,2,7,4,4,91496.39238080922,518.4227666992177,90977.96961411,92014.81514750842,3689.2891317036024,0.03970100171688072,105.319075986375,100.0,5.319075986375,1138425.375,1.0,1.0,1,86050.98623420029,87087.8317675987,4926.9833799097105,4926.9833799097105,3,4,7254.0366106947995,8290.882144093235,1184.4117348704622,1870.2402752467776,0.0,0.0,0,0,0.0,0.0,0.0,0,0,0.0,0.0,0.0,0,0,0.0,2,8,92014.81514750843,11.429715745034681,0.988731754427412,97.593342957394,98.70558169127645,0.988731754427412,0.0,-0.14285714285714285,0.8749414699933797,1.579045715425408,0.875,0.9880942548189129,1.0,-0.011905745181087113,81124.00285429058,0,0.0,0.0,0.0,0,0.0,0.0,0.0,0.0,0.0,0,0.0,0.0,0.0,0.0,0.0,0,0.0,0.0,-0.05821849293806583,0.04625588910101995,1.0332780912547275,1.2083952893430354,-0.016129828916274905,-0.04803759797377442,-0.15199932336357982,-0.02473143775899791,-0.05774050647033097,0.04545462809231705,1.0292397640057072,1.2056754363451978,-1.542468951200481,-0.8382444520857104,0.2803030303030303,0.2803030303030303,0.2106060606060606,0.1712121212121212,low,low,low,low,1,0.0,0.0,0.0,0.988731754427412,pre_price_events,7114,0x116e7d070f1888b81e1e0324f56d6746b2d7d8f1,1000863.055673601,300642.46895390877,149669.25197770135,5177.998050260203,-0.005498700195203849,0.019387473987409927,0.13090526912458472
2026-05-01T00:00:00Z,1777593600,2026-05-01,0.0010688340660601,-0.003616945194783394,0.0016278016243564952,0.06572861027845445,0.11499573511580863,CHOG,0.99,1777597130,2026-05-01T00:58:50Z,3530,observed,18,13,3,3,13,9,9,175686.9774687487,371762.46909860783,-196075.4916298591,547449.4465673565,21665.16858156842,0.035432939000141765,104.14556361055556,100.0,4.145563610555556,1517112.4444444445,1.0,1.1111111111111112,2,-191971.88541790168,533289.5260178635,-4103.606211957459,14159.920549493045,6,5,3461.7447405353055,12556.007597427688,1141.45523612979,981.9028369911055,0.0,0.0,0,0,0.0,0.0,338083.5742894364,0,1,338083.5742894364,0.0,338083.5742894364,0,1,338083.5742894364,3,18,547449.4465673566,13.213027228023874,-0.35816182272043745,-209.5721649734754,585.132617936939,-0.3581618227204374,0.0,0.09090909090909091,0.27570425660179615,0.8602201872763213,0.6111111111111112,-0.3599768531952589,-0.2898043246509866,-0.0701725285442723,-187868.2792059442,0,0.0,0.0,0.0,0,0.0,0.0,-338083.5742894364,-0.6175612678198947,0.6175612678198947,1,0.05555555555555555,-1.0,-338083.5742894364,-0.6175612678198947,0.6175612678198947,1,0.05555555555555555,-1.0,-0.3587850600093839,-0.315409118320525,-0.634473530361115,-0.66146528892003,-0.42245321532058855,-0.503602713555741,-1.2146236065795653,-1.4561745746821062,-0.36107725316340084,-0.32165851447210264,-0.6311745912196212,-0.659683912657748,0.10153438702126512,0.226307201934573,0.22205438066465258,0.22205438066465258,0.5664652567975831,0.4471299093655589,low,low,mid,mid,0,-0.0,-0.0,-0.0,-0.0,pre_price_events,7114,0x116e7d070f1888b81e1e0324f56d6746b2d7d8f1,1000863.055673601,300642.46895390877,149669.25197770135,5177.998050260203,0.0007975969533789444,0.06060985568341176,0.10649591477198005
2026-05-01T01:00:00Z,1777597200,2026-05-01,0.001070573915889,0.0016278016243564952,0.023840451511753624,0.08521548365284382,0.09793046395459726,CHOG,0.99,1777600735,2026-05-01T01:58:55Z,3535,observed,23,20,3,3,19,9,14,499646.48206512467,768618.1817883851,-268971.69972326036,1268264.6638535098,49672.137027350684,0.03752585431313237,104.63448460004348,100.0,4.6344846000434785,944236.0,1.0,1.0869565217391304,2,-252151.0534938038,1251444.0176240532,-16820.64622945654,16820.64622945654,4,9,705.5756906090271,19907.49258992229,1531.3455838401762,1659.0165571658945,0.0,0.0,0,0,0.0,0.0,500000.0,0,1,500000.0,376263.3684196472,676000.0,2,2,1052263.3684196472,3,23,1268264.66385351,14.053160906114353,-0.2120785253970679,-287.9540858360511,1357.7710675652984,-0.21207852539706787,-0.21739130434782608,-0.38461538461538464,0.03544272024324191,1.0833717579317113,0.5652173913043478,-0.2014880809231313,-1.0,0.7985119190768687,-235330.40726434728,0,0.0,0.0,0.0,0,0.0,0.0,-500000.0,-0.39423947875421705,0.39423947875421705,1,0.043478260869565216,-1.0,-299736.6315803528,-0.23633602679556615,0.8296875237558368,4,0.17391304347826086,0.0,-0.42183962219240695,-0.40771349395489764,-0.40330920030469003,-0.4367280703850704,-0.5943382037004915,-0.7232567647734307,-0.7306804227184126,-0.9022773958661557,-0.4080586069006343,-0.40058202538599413,-0.38566531864918846,-0.41829507324530335,0.859710303681149,0.7042826887329696,0.24849397590361447,0.24849397590361447,0.7635542168674698,0.6807228915662651,low,low,high,high,1,-500000.0,-0.0,-0.0,-0.2120785253970679,pre_price_events,7114,0x116e7d070f1888b81e1e0324f56d6746b2d7d8f1,1000863.055673601,300642.46895390877,149669.25197770135,5177.998050260203,0.024409046296019973,0.0798663890347214,0.08922051986081139
2026-05-01T02:00:00Z,1777600800,2026-05-01,0.0010960968814205,0.023840451511753624,0.03922113377814429,0.11141490069430304,0.16711099727764855,CHOG,0.99,1777604338,2026-05-01T02:58:58Z,3538,observed,21,21,1,1,21,5,16,157089.87905730447,60279.93198980867,96809.94706749578,217369.81104711312,8534.935502834482,0.03887877953273162,102.43269855209523,100.0,2.432698552095238,807999.8095238095,1.0,1.0,1,96809.94706749578,217369.81104711312,0.0,0.0,2,14,-1254.70483983656,6765.639754225188,422.85248463907425,726.0682076511047,0.0,0.0,0,0,0.0,0.0,0.0,0,0,0.0,0.0,0.0,0,0,0.0,1,21,217369.8110471131,12.289359980842326,0.4453697898578613,106.1130810711658,238.258372003704,0.4453697898578613,-0.5238095238095238,-0.75,-0.18545250492431087,1.7170721091324324,0.7619047619047619,0.4453697898578613,0.0,0.4453697898578613,96809.94706749578,0,0.0,0.0,0.0,0,0.0,0.0,0.0,0.0,0.0,0,0.0,0.0,0.0,0.0,0.0,0,0.0,0.0,0.1147076527568267,0.0868968086197831,0.4216502017151201,0.49171884785380227,0.10725841208846584,-0.008574552358124205,0.0013627088826625887,0.0377240863484831,0.12102307257943777,0.09301830689564748,0.4212120163708776,0.4911448658400786,-0.691073315022023,-0.35518947094620057,0.12162162162162163,0.12162162162162163,0.33783783783783783,0.7402402402402403,low,low,mid,high,1,0.0,0.0,0.0,0.4453697898578613,pre_price_events,7114,0x116e7d070f1888b81e1e0324f56d6746b2d7d8f1,1000863.055673601,300642.46895390877,149669.25197770135,5177.998050260203,0.03843188522877792,0.10799155195127548,0.15949508729859993
2026-05-01T03:00:00Z,1777604400,2026-05-01,0.0011390870438405,0.03922113377814429,0.019942590164585328,0.04622858424011134,0.05613670311928676,CHOG,0.99,1777607938,2026-05-01T03:58:58Z,3538,observed,22,14,3,3,14,11,11,234185.64059752773,61815.49388381737,172370.1467137104,296001.1344813451,11675.949204862914,0.03410787938523259,430.9220630474545,100.0,330.92206304745457,1771345.3181818181,1.0,1.0909090909090908,2,158609.2056323268,275850.96014161396,13760.941081383577,20150.174339731126,4,10,19.14305380904876,8938.227820066868,638.4448442904906,1050.4086124296316,0.0,0.0,0,0,0.0,0.0,0.0,0,0,0.0,0.0,0.0,0,0,0.0,3,22,296001.1344813451,12.598121944365824,0.5823293448376079,196.34460086647366,337.1710572497897,0.582329344837608,0.0,-0.42857142857142855,0.002141705737917245,1.6452613280900719,0.6363636363636364,0.5749815246280143,0.6829192070189898,-0.10793768239097545,144848.26455094322,0,0.0,0.0,0.0,0,0.0,0.0,0.0,0.0,0.0,0,0.0,0.0,0.0,0.0,0.0,0,0.0,0.0,0.14486787929306658,0.18802809197247097,0.5402159497246019,0.6986215039418147,0.02054490589650494,-0.008574552358124205,-0.05967005915089206,0.0377240863484831,0.13241978882419572,0.1796015163364262,0.5299860340108944,0.6871516574770611,-0.34025678455380487,-0.17955225437571973,0.9416167664670658,0.9416167664670658,0.4116766467065868,0.47005988023952094,high,high,mid,mid,1,0.0,0.0,0.0,0.5823293448376079,pre_price_events,7114,0x116e7d070f1888b81e1e0324f56d6746b2d7d8f1,1000863.055673601,300642.46895390877,149669.25197770135,5177.998050260203,0.020742034774500765,0.044021263338650016,0.05061000741040462
2026-05-01T04:00:00Z,1777608000,2026-05-01,0.0011618033899176,0.019942590164585328,0.04855814433602346,0.011716548918888403,0.009806886284613014,CHOG,0.99,1777611536,2026-05-01T04:58:56Z,3536,observed,21,18,3,3,18,10,11,93980.84098788264,235466.26814832498,-141485.42716044234,329447.1091362076,12872.955692312871,0.0391753034054647,102.31659366928571,100.0,2.316593669285714,912140.8095238095,1.0,1.0,1,-134314.05566740403,312312.4056292459,-7171.371493038307,17134.703506961694,7,8,17652.68608946851,21001.676131145116,1400.111742076341,1958.8698053195415,0.0,0.0,0,0,0.0,0.0,0.0,0,0,0.0,0.0,212625.0,0,1,212625.0,3,21,329447.10913620755,12.705174136869456,-0.4294632529373514,-164.3782488989416,382.75276819299955,-0.4294632529373514,-0.047619047619047616,-0.06666666666666667,0.8405370113907188,1.399081049355798,0.7142857142857143,-0.4300631458964576,-0.4185290682225482,-0.011534077673909404,-127142.68417436571,0,0.0,0.0,0.0,0,0.0,0.0,0.0,0.0,0.0,0,0.0,0.0,-212625.0,-0.6453995014783744,0.6453995014783744,1,0.047619047619047616,-1.0,-0.4362247040383661,-0.2273622957408454,-0.7984535558152573,-0.7262565025914871,-0.04357831610920477,-0.008574552358124205,-0.11589002142552911,0.0377240863484831,-0.428146851497783,-0.22599511313969398,-0.790777610699862,-0.7239438344368316,-0.18030853631758775,-0.11297351504250783,0.1,0.1,0.43134328358208956,0.6388059701492538,low,low,mid,mid,1,0.0,0.0,-0.0,-0.4294632529373514,pre_price_events,7114,0x116e7d070f1888b81e1e0324f56d6746b2d7d8f1,1000863.055673601,300642.46895390877,149669.25197770135,5177.998050260203,0.04823543493766076,0.008033664205155552,0.002321209614216852
2026-05-01T05:00:00Z,1777611600,2026-05-01,0.0012182184066153,0.04855814433602346,-0.021730899211540144,0.05011278555699761,-0.04659649452540715,CHOG,0.99,1777615144,2026-05-01T05:59:04Z,3544,observed,50,37,5,4,34,22,28,1873567.0512134219,517799.3902447008,1355767.6609687211,2391366.441458123,98736.60145333139,0.03958638158570502,111.04411329845999,100.0,11.04411329846,839340.96,1.0,1.0,1,1265468.9138444548,2280335.4586460595,90298.74712426624,111030.98281206324,5,23,-10557.700683450936,13462.379883331832,480.79928154756544,901.1510588666724,0.0,0.0,0,0,0.0,0.0,405973.5097461741,0,1,405973.5097461741,1752220.0599664906,405973.5097461741,8,1,2158193.569712665,5,50,2391366.441458123,14.687375911529289,0.566942664020178,1651.6211196858678,2913.206615946415,0.5669426640201779,-0.12,-0.6428571428571429,-0.7842373172460194,1.874277049595636,0.56,0.5549485752398123,0.8132752213597042,-0.25832664611989187,1175170.1667201885,0,0.0,0.0,0.0,0,0.0,0.0,-405973.5097461741,-0.16976633221407672,0.16976633221407672,1,0.02,-1.0,1346246.5502203165,0.5629612120003866,0.9024938764285402,9,0.18,0.7777777777777778,2.2777131013170084,1.741949490354152,0.5433151171371268,0.6888700274595242,-0.6772805967568282,-0.579424623360384,-0.41496980661243255,-0.3611064017006041,2.2181119870630224,1.7025384290190264,0.5280178884140356,0.6708868949451079,1.7754178685039221,1.0521254950251258,0.41517857142857145,0.41517857142857145,0.8973214285714286,0.9107142857142857,mid,mid,high,high,1,-405973.5097461741,-0.0,0.0,0.566942664020178,pre_price_events,7114,0x116e7d070f1888b81e1e0324f56d6746b2d7d8f1,1000863.055673601,300642.46895390877,149669.25197770135,5177.998050260203,-0.01930920007015704,0.044405390640408396,-0.06006026668573102
2026-05-01T06:00:00Z,1777615200,2026-05-01,0.0011917454252035,-0.021730899211540144,-0.013702346733163728,0.009470319420083362,0.0005384761567601704,CHOG,0.99,1777618743,2026-05-01T06:59:03Z,3543,observed,38,27,4,4,27,20,18,169255.69771961868,212561.43295058046,-43305.7352309618,381817.13067019917,15801.251226719922,0.04045503664743786,112.19089141223685,100.0,12.190891412236843,2833975.6842105263,1.0,2.1578947368421053,7,-21097.264184437536,342217.37716505607,-22208.471046524246,39599.75350514309,13,16,23593.27556790574,34328.38513166386,1183.7374183332365,1805.8420042660848,0.0,0.0,0,0,0.0,0.0,0.0,0,0,0.0,0.0,176726.7891260854,0,1,176726.7891260854,4,38,381817.13067019917,12.852699676496215,-0.1134200949940296,-51.609411846572755,455.0288187405368,-0.1134200949940296,0.05263157894736842,-0.10344827586206896,0.6872818362243246,1.5255427228183795,0.7631578947368421,-0.061648722689678144,-0.5608234668339509,0.49917474414427276,1111.2068620867103,0,0.0,0.0,0.0,0,0.0,0.0,0.0,0.0,0.0,0,0.0,0.0,-176726.7891260854,-0.46285715053140475,0.46285715053140475,1,0.02631578947368421,-1.0,-0.40324593595824093,-0.13477294370688578,-0.39231610751923013,-0.313338267961117,-0.11608735278585311,-0.015071817171711122,-0.12055673197485044,0.021817869860988173,-0.355082175009263,-0.10624419147611563,-0.31878775174647,-0.23654266984763714,0.04132965325090532,-0.05308516452549298,0.45252225519287836,0.45252225519287836,0.4762611275964392,0.844213649851632,mid,mid,mid,high,0,0.0,0.0,-0.0,-0.0,pre_price_events,7114,0x116e7d070f1888b81e1e0324f56d6746b2d7d8f1,1000863.055673601,300642.46895390877,149669.25197770135,5177.998050260203,-0.018552322495606188,-0.000627682714627471,-0.019831923028863
2026-05-01T07:00:00Z,1777618800,2026-05-01,0.0011754157161697,-0.013702346733163728,0.08835257755129988,-0.0018875470963837238,0.025222234250966924,CHOG,0.99,1777622334,2026-05-01T07:58:54Z,3534,observed,15,14,3,3,14,4,11,85123.99621712699,436175.63085296797,-351051.634635841,521299.627070095,21309.396966455733,0.038220629019484795,204.5497531928667,100.0,104.54975319286667,993225.7333333333,1.0,1.0,1,-334366.8233367582,504614.81577101216,-16684.811299082823,16684.811299082823,0,7,-3231.171379218832,3231.171379218832,461.595911316976,1065.9578014002761,0.0,0.0,0,0,0.0,0.0,396337.7878693338,0,1,396337.7878693338,0.0,396337.7878693338,0,1,396337.7878693338,3,15,521299.6270700949,13.164082173652261,-0.6734162397331581,-412.6316085380309,612.7437744915932,-0.6734162397331581,-0.4666666666666667,-1.0,-1.0,2.3092877888779375,0.4666666666666667,-0.6626179273509275,-1.0,0.3373820726490725,-317682.01203767536,0,0.0,0.0,0.0,0,0.0,0.0,-396337.7878693338,-0.7602878791548444,0.7602878791548444,1,0.06666666666666667,-1.0,-396337.7878693338,-0.7602878791548444,0.7602878791548444,1,0.06666666666666667,-1.0,-0.9877824943985084,-0.5809782990773943,-1.058754444088718,-1.1159777812857747,-1.0742254094999883,-0.5849405906966338,-1.6620245017917075,-1.7574127193390314,-0.9810004723265535,-0.5788188551905553,-1.038291686401376,-1.097224194001655,0.3187689948277869,0.15996657509942158,0.8742603550295858,0.8742603550295858,0.5576923076923077,0.46597633136094674,high,high,mid,mid,0,-0.0,-396337.7878693338,-0.0,-0.0,pre_price_events,7114,0x116e7d070f1888b81e1e0324f56d6746b2d7d8f1,1000863.055673601,300642.46895390877,149669.25197770135,5177.998050260203,0.08699723467999522,-0.007382651350588767,0.016634695700968573
2026-05-01T08:00:00Z,1777622400,2026-05-01,0.0012792667243876,0.08835257755129988,-0.05959280256937405,-0.09209418398911184,-0.059923846054228846,CHOG,0.99,1777625937,2026-05-01T08:58:57Z,3537,observed,59,50,5,4,42,20,39,2325215.308694161,545100.6681096929,1780114.6405844681,2870315.9768038536,124859.1977410451,0.04248606176963596,984.1385814707288,100.0,884.1385814707288,747560.3559322034,1.0,1.4067796610169492,4,1685631.3223213395,2773684.0565407677,94483.31826312849,96631.92026308595,12,29,-7392.390663763092,19780.188333254777,482.44361788426284,750.5748604115289,1290763.0860215372,0.0,1,0,1290763.0860215372,2050824.999470198,0.0,2,0,2050824.999470198,2050824.999470198,243500.0,2,1,2294324.999470198,5,59,2870315.976803853,14.869933026516609,0.6201807239935502,2277.2414252949025,3671.8997176032603,0.6201807239935502,-0.3220338983050847,-0.4146341463414634,-0.3737270110484683,1.5557773646237563,0.6949152542372882,0.6077229013688006,0.9777650905196982,-0.3700421891508976,1591148.004058211,0,1290763.0860215372,0.4496937258659669,0.4496937258659669,1,0.01694915254237288,1.0,2050824.999470198,0.7144945072402192,0.7144945072402192,2,0.03389830508474576,1.0,1807324.999470198,0.6296606415725301,0.7993283729079084,3,0.05084745762711865,0.3333333333333333,2.6825215136895513,2.2340512812141804,0.6215183140037005,0.745971190448677,3.4281100414800023,2.733083557303235,1.3526550169647469,1.675065274524258,2.6636086468685924,2.2154255426969933,0.6028162874240367,0.7267443074072486,1.9889539973166117,1.2053046365371296,0.971976401179941,0.971976401179941,0.9188790560471977,0.948377581120944,high,high,high,high,1,2050824.999470198,2050824.999470198,0.0,0.6201807239935502,pre_price_events,7114,0x116e7d070f1888b81e1e0324f56d6746b2d7d8f1,1000863.055673601,300642.46895390877,149669.25197770135,5177.998050260203,-0.05482950702996717,-0.09584324745212533,-0.07179663552463096
2026-05-01T09:00:00Z,1777626000,2026-05-01,0.0012030316350476,-0.05959280256937405,-0.024799490329960983,-0.008848049409173497,-0.023317897945377086,CHOG,0.99,1777629540,2026-05-01T09:59:00Z,3540,observed,54,42,5,4,37,26,28,243883.7800429846,2045681.5715488843,-1801797.7915058995,2289565.351591869,96517.59592872238,0.041572519786212785,402.47164074675925,100.0,302.47164074675925,723125.5185185185,1.0,1.1851851851851851,2,-1725705.2173171898,2213094.795727231,-76092.5741887099,76470.55586463751,14,18,1677.4136073742952,11809.398560273055,369.043705008533,591.637507132147,0.0,0.0,0,0,0.0,0.0,1661138.1975530498,0,4,1661138.1975530498,0.0,1951138.1975530498,0,5,1951138.1975530498,5,54,2289565.351591869,14.643872991481308,-0.7869606299960652,-2167.619743140497,2754.4195484738993,-0.7869606299960652,-0.037037037037037035,-0.125,0.1420405619145697,1.6031637963272323,0.5925925925925926,-0.7797701303391826,-0.9950571606070617,0.2152870302678791,-1649612.6431284798,0,0.0,0.0,0.0,0,0.0,0.0,-1661138.1975530498,-0.7255255659761396,0.7255255659761396,4,0.07407407407407407,-1.0,-1951138.1975530498,-0.8521871612865208,0.8521871612865208,5,0.09259259259259259,-1.0,-2.7476330712813657,-2.3873829013801284,-1.2531544982328573,-1.258129346153039,-2.600515420807257,-2.2093558817826695,-1.5645258220321792,-1.6194635638497867,-2.752097729277243,-2.393276854334653,-1.237344255678188,-1.2446124528813611,1.5899295641122235,1.063678346281725,0.9367647058823529,0.9367647058823529,0.8838235294117647,0.9294117647058824,high,high,high,high,0,-1661138.1975530498,-1661138.1975530498,-0.0,-0.0,pre_price_events,7114,0x116e7d070f1888b81e1e0324f56d6746b2d7d8f1,1000863.055673601,300642.46895390877,149669.25197770135,5177.998050260203,-0.030817381295223323,-0.024561845664924246,-0.053050637896561864
2026-05-01T10:00:00Z,1777629600,2026-05-01,0.0011731970636476,-0.024799490329960983,-0.010009711676560507,0.027161049106726676,-8.355717998065337e-05,CHOG,0.99,1777633135,2026-05-01T10:58:55Z,3535,observed,31,29,2,2,28,17,14,458012.4064018084,507326.9281167356,-49314.52171492723,965339.3345185439,39474.21145167595,0.040886357487796524,186.80437208729032,100.0,86.80437208729032,925323.6451612903,1.0,1.064516129032258,2,-25184.431741644647,917469.4244918264,-24130.089973282586,47869.910026717414,6,9,7541.741850726974,14438.631145938316,962.5754097292211,1611.491778224837,0.0,0.0,0,0,0.0,0.0,360000.0,0,1,360000.0,166137.47223446076,360000.0,1,1,526137.4722344608,2,31,965339.334518544,13.780235996402324,-0.05108516762089933,-57.85565207113843,1132.533272680684,-0.05108516762089933,0.0967741935483871,-0.2,0.5223308064662706,1.6741460065743425,0.4838709677419355,-0.027449886687607006,-0.5040763594461525,0.47662647275854547,-1054.341768362061,0,0.0,0.0,0.0,0,0.0,0.0,-360000.0,-0.3729258584283706,0.3729258584283706,1,0.03225806451612903,-1.0,-193862.52776553924,-0.20082319328904877,0.5450285235676925,2,0.06451612903225806,0.0,-0.3055496295807479,-0.15271239559107172,-0.32082113729781947,-0.22045963264765464,-0.6521887162217659,-0.49236408154429295,-0.9287042915269978,-0.7993544741544367,-0.27298424517802244,-0.12289763336215034,-0.28800771692834753,-0.18696323045111748,0.6941576568257635,0.5225096469422098,0.8489736070381232,0.8489736070381232,0.6876832844574781,0.8563049853372434,high,high,high,high,0,-360000.0,-360000.0,-0.0,-0.0,pre_price_events,7114,0x116e7d070f1888b81e1e0324f56d6746b2d7d8f1,1000863.055673601,300642.46895390877,149669.25197770135,5177.998050260203,-0.012693012831546165,0.018142038446161357,-0.016301079817382862
2026-05-01T11:00:00Z,1777633200,2026-05-01,0.0011614536993007,-0.010009711676560507,0.026633392633580444,0.03543356300572165,0.04127656220722775,CHOG,0.99,1777636738,2026-05-01T11:58:58Z,3538,observed,24,23,3,3,23,10,14,26120.936647056435,512601.1663146756,-486480.22966761916,538722.102961732,21541.644883229048,0.040464468654620035,198.66054760854163,100.0,98.66054760854168,718719.9583333334,1.0,1.0,1,-484556.24555868015,536798.118852793,-1923.9841089390075,1923.9841089390075,9,12,-765.5004007110105,10522.041446501247,501.0495926905356,902.9976462243587,0.0,0.0,0,0,0.0,0.0,434957.39539106947,0,1,434957.39539106947,0.0,434957.39539106947,0,1,434957.39539106947,3,24,538722.1029617318,13.196956994256789,-0.9030263042728288,-565.0242623841104,625.7007793799562,-0.9030263042728288,-0.16666666666666666,-0.14285714285714285,-0.07275207996501021,1.802212115123062,0.875,-0.9026787325451876,-1.0,0.0973212674548124,-482632.26144974114,0,0.0,0.0,0.0,0,0.0,0.0,-434957.39539106947,-0.8073873208465081,0.8073873208465081,1,0.041666666666666664,-1.0,-434957.39539106947,-0.8073873208465081,0.8073873208465081,1,0.041666666666666664,-1.0,-0.8814123836609108,-0.699607851254987,-1.3701013476423574,-1.4121155068080162,-0.7304193937374166,-0.5813727474424959,-1.667466824309751,-1.7236990684703744,-0.9103759873047703,-0.725530175458128,-1.3665057420710047,-1.4116405971736405,0.060642315926679145,0.15882724508343707,0.8640350877192983,0.8640350877192983,0.5599415204678363,0.7675438596491229,high,high,mid,high,0,-0.0,-434957.39539106947,-0.0,-0.0,pre_price_events,7114,0x116e7d070f1888b81e1e0324f56d6746b2d7d8f1,1000863.055673601,300642.46895390877,149669.25197770135,5177.998050260203,0.02469345791679965,0.02875532155463158,0.029231601882812132
2026-05-01T12:00:00Z,1777636800,2026-05-01,0.0011923871516999,0.026633392633580444,0.010630083515433597,-0.014599021398866374,0.04159420284971538,CHOG,0.99,1777640339,2026-05-01T12:58:59Z,3539,observed,23,22,2,2,22,9,14,269422.97641174874,82856.21420393289,186566.76220781586,352279.19061568164,14249.427439684192,0.03996765588862641,116.57249917826086,100.0,16.57249917826087,834691.9565217391,1.0,1.0,1,198937.80220781584,339908.1506156816,-12371.04,12371.04,7,12,11998.55771271398,19310.986120579753,1016.3676905568291,1716.1966626378496,0.0,0.0,0,0,0.0,0.0,0.0,0,0,0.0,231361.4835661807,0.0,1,0,231361.4835661807,2,23,352279.19061568164,12.77218213401066,0.5295991565148976,222.4598101908501,420.0531807013788,0.5295991565148978,-0.21739130434782608,-0.2631578947368421,0.6213332471886092,1.6885588538313443,0.8260869565217391,0.5852692906818395,-1.0,1.5852692906818395,211308.84220781585,1,0.0,0.0,0.0,0,0.0,0.0,0.0,0.0,0.0,0,0.0,0.0,231361.4835661807,0.656756032514518,0.656756032514518,1,0.043478260869565216,1.0,0.07792688924659327,0.1603600178990956,0.5995586732789493,0.6329884008928417,-0.07462460737902456,-0.0037052448047158455,-0.0633692152279575,0.09548853951471906,0.11049634472158452,0.18886596693806953,0.6706549240048237,0.7092325078707182,-0.3762296753935034,-0.09699691333803358,0.5379008746355685,0.5379008746355685,0.44169096209912534,0.7463556851311953,mid,mid,mid,high,1,0.0,0.0,198937.80220781584,0.5295991565148976,pre_price_events,7114,0x116e7d070f1888b81e1e0324f56d6746b2d7d8f1,1000863.055673601,300642.46895390877,149669.25197770135,5177.998050260203,0.010717326037970333,-0.018027496969356425,0.034216373818629756
2026-05-01T13:00:00Z,1777640400,2026-05-01,0.0012050623267052,0.010630083515433597,-0.0020365623567455415,-0.02652418168543358,-0.01305650177357931,CHOG,0.99,1777643940,2026-05-01T13:59:00Z,3540,observed,39,33,4,3,29,23,16,1505145.2557652562,1247723.5505617044,257421.70520355174,2752868.8063269607,109251.2703055809,0.037848316005322284,440.8420716955385,100.0,340.84207169553844,832992.6666666666,1.0,1.1538461538461537,2,243816.79987589456,2676243.4270103998,13604.905327657185,76625.37931656095,6,10,10231.869668490594,16176.012460458482,1011.0007787786551,1526.0087468271815,0.0,1057347.9861998023,0,1,1057347.9861998023,852417.3873181988,1057347.9861998023,1,1,1909765.373518001,852417.3873181988,1057347.9861998023,1,1,1909765.373518001,4,39,2752868.8063269607,14.828154491443426,0.09351034259675416,310.20919901701217,3317.378488866534,0.09351034259675414,0.1794871794871795,-0.25,0.6325334932513145,1.5094041259500162,0.41025641025641024,0.09110411908540751,0.17755090348657854,-0.08644678440117103,230211.89454823738,0,-1057347.9861998023,-0.38408949375636176,0.38408949375636176,1,0.02564102564102564,-1.0,-204930.59888160345,-0.07444255912617714,0.6937364283865464,2,0.05128205128205128,0.0,-204930.59888160345,-0.07444255912617714,0.6937364283865464,2,0.05128205128205128,0.0,0.2192404522557069,0.2468743178018758,0.05366728129103223,0.010524331156406119,-0.3309127295878169,-0.2686809795543834,-0.14185906404880175,-0.07095597166400214,0.2177622352714124,0.2450339563711474,0.047237223361902066,0.004941869130174247,1.6065092771754623,1.141516368045366,0.940406976744186,0.940406976744186,0.9171511627906976,0.8677325581395349,high,high,high,high,1,-204930.59888160345,-204930.59888160345,0.0,0.09351034259675416,pre_price_events,7114,0x116e7d070f1888b81e1e0324f56d6746b2d7d8f1,1000863.055673601,300642.46895390877,149669.25197770135,5177.998050260203,-0.0010300214962029072,-0.03363427081633239,-0.02646772929242455
2026-05-01T14:00:00Z,1777644000,2026-05-01,0.0012026081421331,-0.0020365623567455415,-0.02297396384461048,0.005643045976358563,-0.035194511985530474,CHOG,0.99,1777647537,2026-05-01T14:58:57Z,3537,observed,19,19,2,2,19,4,15,214511.03299203268,21759.91029841183,192751.12269362085,236270.9432904445,9752.732025661757,0.04075813034010602,104.939391647,100.0,4.939391647,805562.947368421,1.0,1.0,1,183191.5787647731,226711.39936159676,9559.543928847745,9559.543928847745,2,14,-7355.047105907417,21316.192580609684,1332.2620362881053,1577.8048367766617,0.0,0.0,0,0,0.0,0.0,0.0,0,0,0.0,197970.9163258338,0.0,1,0,197970.9163258338,2,19,236270.9432904445,12.37273872269543,0.8158054478018257,231.80406955664458,284.14136015055647,0.8158054478018258,-0.5789473684210527,-0.75,-0.34504506741030055,1.1843051845661516,0.8421052631578947,0.8080386750760111,1.0,-0.19196132492398887,173632.03483592535,0,0.0,0.0,0.0,0,0.0,0.0,0.0,0.0,0.0,0,0.0,0.0,197970.9163258338,0.8378978539162599,0.8378978539162599,1,0.05263157894736842,1.0,0.07718853665979093,0.13374815010053476,0.9980267688792328,1.0134160003455461,-0.014881575608348976,-0.03731788902366999,0.015781511056288677,0.08271055796211829,0.07712166831308112,0.13330687421701123,0.9812646917401759,0.9991141651166866,-0.7397502767720818,-0.335347400598536,0.2565217391304348,0.2565217391304348,0.3492753623188406,0.6652173913043479,low,low,mid,mid,0,0.0,0.0,0.0,0.0,pre_price_events,7114,0x116e7d070f1888b81e1e0324f56d6746b2d7d8f1,1000863.055673601,300642.46895390877,149669.25197770135,5177.998050260203,-0.02531177771516257,0.00033815589113556956,-0.04524177647574196
2026-05-01T15:00:00Z,1777647600,2026-05-01,0.0011749794661565,-0.02297396384461048,-0.001600395242013164,0.057025744310050364,0.025531691263789513,CHOG,0.99,1777651138,2026-05-01T15:58:58Z,3538,observed,25,24,2,2,23,8,17,380990.2022163246,1177361.4958750238,-796371.2936586993,1558351.6980913482,62781.54094333034,0.04029674425898969,185.34457371759999,100.0,85.3445737176,703285.08,1.0,1.08,2,-771779.3245914169,1533759.729024066,-24591.9690672824,24591.9690672824,0,14,-7132.500225830425,7132.500225830425,509.4643018450303,924.6545499321352,0.0,1137411.9921284164,0,1,1137411.9921284164,0.0,1137411.9921284164,0,1,1137411.9921284164,0.0,1137411.9921284164,0,1,1137411.9921284164,2,25,1558351.6980913482,14.259139858542289,-0.5110343798733533,-935.7199174854597,1831.0312463074474,-0.5110343798733533,-0.36,-1.0,-1.0,1.8149545445745443,0.56,-0.503194411736512,-1.0,0.496805588263488,-747187.3555241345,0,-1137411.9921284164,-0.7298814468656247,0.7298814468656247,1,0.04,-1.0,-1137411.9921284164,-0.7298814468656247,0.7298814468656247,1,0.04,-1.0,-1137411.9921284164,-0.7298814468656247,0.7298814468656247,1,0.04,-1.0,-1.2753553253570238,-1.165899689614538,-0.8435279911517736,-0.8634689742374385,-1.588506504030846,-1.5599968307410357,-1.3958170955079987,-1.5379739109463093,-1.291179501395497,-1.1806742001330905,-0.8347229358216436,-0.8533502444766567,1.0413733422703786,0.8399841739555411,0.8424855491329479,0.8424855491329479,0.8049132947976878,0.7658959537572254,high,high,high,high,0,-1137411.9921284164,-1137411.9921284164,-0.0,-0.0,pre_price_events,7114,0x116e7d070f1888b81e1e0324f56d6746b2d7d8f1,1000863.055673601,300642.46895390877,149669.25197770135,5177.998050260203,-0.0026714850729998847,0.04925761800057232,0.012973781043365657
2026-05-01T16:00:00Z,1777651200,2026-05-01,0.0011730990346094,-0.001600395242013164,0.030939826468602716,0.013834632210147468,0.008746731299984933,CHOG,0.99,1777654745,2026-05-01T16:59:05Z,3545,observed,11,10,2,2,10,3,8,26259.793431756018,60260.10351077528,-34000.310079019255,86519.8969425313,3425.517829843563,0.03929276636005968,225.82557179100002,100.0,125.825571791,980453.9090909091,1.0,1.0,1,-13419.59686949552,59100.61015205504,-20580.713209523736,27419.286790476264,2,6,8137.587738656558,8657.794760207114,1082.2243450258893,1970.2689450627195,0.0,0.0,0,0,0.0,0.0,0.0,0,0,0.0,0.0,0.0,0,0,0.0,2,11,86519.8969425313,11.368141246894112,-0.39297677506022827,-39.88573093011774,101.49640757778823,-0.3929767750602283,-0.45454545454545453,-0.5,0.9399146045894357,1.8205734828628217,0.7272727272727273,-0.22706359265952344,-0.7505925798431847,0.5235289871836613,7161.116340028215,0,0.0,0.0,0.0,0,0.0,0.0,0.0,0.0,0.0,0,0.0,0.0,0.0,0.0,0.0,0,0.0,0.0,-0.10240231767878424,-0.12899874043722187,-0.6109061831670539,-0.6779088567749734,0.1718745799844635,0.0307390010873514,0.2158815485471149,0.12679101090845984,-0.07012309433445033,-0.10105394322696373,-0.3823660010151533,-0.4486721325673867,-1.5415447151560304,-0.9295933491814173,0.8919308357348703,0.8919308357348703,0.19740634005763688,0.2881844380403458,high,high,low,low,0,0.0,0.0,-0.0,-0.0,pre_price_events,7114,0x116e7d070f1888b81e1e0324f56d6746b2d7d8f1,1000863.055673601,300642.46895390877,149669.25197770135,5177.998050260203,0.02762833653772893,0.009722318687711815,0.0007438228518600303
2026-05-01T17:00:00Z,1777654800,2026-05-01,0.0012093945151707,0.030939826468602716,0.02694656638805748,-0.040608402877425176,-0.0048005718207516646,CHOG,0.99,1777658338,2026-05-01T17:58:58Z,3538,observed,27,20,2,2,20,22,5,144769.83189993227,1.8846976851095745,144767.94720224716,144771.71659761737,5823.465317014582,0.04006968099688909,102.02483863837038,100.0,2.0248386383703707,1971775.111111111,1.0,2.111111111111111,6,134198.41062920788,134202.1800245781,10569.53657303928,10569.53657303928,17,5,10443.702837060153,10447.472232430373,474.88510147410784,1071.7100188292716,0.0,0.0,0,0,0.0,0.0,0.0,0,0,0.0,0.0,0.0,0,0,0.0,2,27,144771.7165976174,11.88292031989306,0.9999739631783141,175.0815613189192,175.08612000500545,0.999973963178314,0.6296296296296297,0.5454545454545454,0.9996392050357866,2.2567775141871964,0.8148148148148148,0.9999719125623032,1.0,-2.8087437696777684e-05,123628.8740561686,0,0.0,0.0,0.0,0,0.0,0.0,0.0,0.0,0.0,0,0.0,0.0,0.0,0.0,0.0,0,0.0,0.0,0.15458448938322417,0.10719337916956595,1.3288360158990489,1.258328419440293,0.1718745799844635,0.030786278000384762,0.2158815485471149,0.12682622029647772,0.15015584819542088,0.10189590727433803,1.3212760716448093,1.2536745569956942,-1.0739331694450274,-0.5877695727437149,0.027298850574712645,0.027298850574712645,0.27155172413793105,0.7011494252873564,low,low,low,high,1,0.0,0.0,0.0,0.9999739631783141,pre_price_events,7114,0x116e7d070f1888b81e1e0324f56d6746b2d7d8f1,1000863.055673601,300642.46895390877,149669.25197770135,5177.998050260203,0.025332736602042633,-0.04449948027758073,-0.014772618473316132
2026-05-01T18:00:00Z,1777658400,2026-05-01,0.0012419835447631,0.02694656638805748,-0.042395985587589724,-0.029794972559365362,0.0035672145992442506,CHOG,0.99,1777661937,2026-05-01T18:58:57Z,3537,observed,23,22,3,3,22,14,9,418331.1555214655,107264.95642340761,311066.1990980579,525596.1119448731,21166.756412952513,0.03681693449989015,855.7144907184783,100.0,755.7144907184783,965527.304347826,1.0,1.0,1,296752.20753680536,511282.12038362055,14313.991561252575,14313.991561252575,6,7,4235.035696812946,12052.045914787865,927.0804549836819,1266.146715352063,0.0,0.0,0,0,0.0,0.0,0.0,0,0,0.0,222929.61731288297,0.0,1,0,222929.61731288297,3,23,525596.1119448732,13.172290251359803,0.5918350460147315,386.3391006117902,652.7817222269966,0.5918350460147314,0.21739130434782608,-0.07692307692307693,0.3513955826882933,1.365735528718863,0.5652173913043478,0.5804079503389419,1.0,-0.4195920496610581,282438.2159755528,0,0.0,0.0,0.0,0,0.0,0.0,0.0,0.0,0.0,0,0.0,0.0,222929.61731288297,0.424146245085361,0.424146245085361,1,0.043478260869565216,1.0,0.37653141363012727,0.3310693173654671,0.6568037258064818,0.6745545465792329,0.1718745799844635,0.030786278000384762,0.2158815485471149,0.12682622029647772,0.377673974355366,0.33093899262918264,0.629519695557035,0.6536135008927497,0.09466040667152566,0.22748284249296302,0.9613180515759312,0.9613180515759312,0.5544412607449857,0.7435530085959885,high,high,mid,high,1,0.0,0.0,0.0,0.5918350460147315,pre_price_events,7114,0x116e7d070f1888b81e1e0324f56d6746b2d7d8f1,1000863.055673601,300642.46895390877,149669.25197770135,5177.998050260203,-0.04156095912277655,-0.03312266741887144,-0.0031433655369762043
2026-05-01T19:00:00Z,1777662000,2026-05-01,0.0011893284282993,-0.042395985587589724,-0.02442175949660441,-0.005018472193114021,-0.038045200481841235,CHOG,0.99,1777665536,2026-05-01T19:58:56Z,3536,observed,14,10,2,2,10,3,11,3991.416403569527,451007.704804232,-447016.2884006624,454999.1212078015,18067.954969611485,0.03986019641728162,101.93312293764286,100.0,1.9331229376428571,1653512.0,1.0,1.1428571428571428,2,-427522.704804232,427522.704804232,-19493.583596430475,27476.416403569525,3,4,-2920.1480489244746,10902.980856063528,1557.568693723361,1160.960959539305,0.0,0.0,0,0,0.0,0.0,0.0,0,0,0.0,0.0,174990.0,0,1,174990.0,2,14,454999.1212078015,13.028052964323825,-0.9824552786257069,-531.6491797077465,541.1433897036372,-0.982455278625707,-0.5714285714285714,-0.14285714285714285,-0.26783024637711605,0.7453674205302835,0.5,-1.0,-0.7094660129658691,-0.2905339870341309,-408029.1212078015,0,0.0,0.0,0.0,0,0.0,0.0,0.0,0.0,0.0,0,0.0,0.0,-174990.0,-0.38459414940294084,0.38459414940294084,1,0.07142857142857142,-1.0,-0.7305072246146909,-0.729327143837164,-1.5791554943828232,-1.5242788876905005,0.19821849962755944,0.012432768158041308,0.32499410460964095,0.10141437833741826,-0.7329263984098772,-0.7292124736401895,-1.6335890824349546,-1.5544245433243766,-0.03993657080452061,0.14413556815773954,0.012857142857142857,0.012857142857142857,0.5185714285714286,0.28714285714285714,low,low,mid,low,0,0.0,0.0,-0.0,-0.0,pre_price_events,7114,0x116e7d070f1888b81e1e0324f56d6746b2d7d8f1,1000863.055673601,300642.46895390877,149669.25197770135,5177.998050260203,-0.028031991435301423,-0.012846033421607462,-0.05022729046257776
2026-05-01T20:00:00Z,1777665600,2026-05-01,0.0011602829354609,-0.02442175949660441,0.03852141775147744,0.03732347788334711,-0.008915904774287386,CHOG,0.99,1777669143,2026-05-01T20:59:03Z,3543,observed,9,7,3,3,7,3,6,432.07101012773967,205067.96224626835,-204635.89123614063,205500.0332563961,8032.384272484107,0.03519620292778356,103.76444444444445,100.0,3.764444444444445,1001603.0,1.0,1.0,1,-194247.73966815206,195111.88168840753,-10388.151567988545,10388.151567988545,3,3,-4427.224544105342,5291.366564360821,881.8944273934702,1233.56678099789,0.0,0.0,0,0,0.0,0.0,0.0,0,0,0.0,0.0,169980.0,0,1,169980.0,3,9,205500.03325639607,12.233206340917446,-0.9957949300223358,-237.43553258412672,238.43818182404385,-0.9957949300223358,-0.3333333333333333,0.0,-0.836688309202433,1.3987692207601579,0.6666666666666666,-0.9955710435839294,-1.0,0.004428956416070551,-183859.58810016353,0,0.0,0.0,0.0,0,0.0,0.0,0.0,0.0,0.0,0,0.0,0.0,-169980.0,-0.8271531508120058,0.8271531508120058,1,0.1111111111111111,-1.0,-0.3300511436107122,-0.39626580808080175,-1.464327862150123,-1.526974061022163,0.19821849962755944,0.0034070449843347666,0.32499410460964095,0.07539936886818485,-0.3287183839531826,-0.3941144540013585,-1.4878816557764676,-1.5322074969492039,-0.7613648722242585,-0.3497470930064042,0.20085470085470086,0.20085470085470086,0.32336182336182334,0.1623931623931624,low,low,low,low,0,0.0,0.0,-0.0,-0.0,pre_price_events,7114,0x116e7d070f1888b81e1e0324f56d6746b2d7d8f1,1000863.055673601,300642.46895390877,149669.25197770135,5177.998050260203,0.03530202508391804,0.03173730150540819,-0.017720674429686015
2026-05-01T21:00:00Z,1777669200,2026-05-01,0.0012049786791277,0.03852141775147744,-0.017941282156087812,0.03438673910669987,-0.05024358524602901,CHOG,0.99,1777672738,2026-05-01T21:58:58Z,3538,observed,27,10,3,3,10,13,14,689071.3057402204,191301.10012389827,497770.205616322,880372.4058641186,35021.81692169066,0.0393769270274993,104.25704332959259,100.0,4.257043329592593,3373766.222222222,1.0,4.185185185185185,9,481756.22855219455,840358.428799991,16013.977064127504,40013.9770641275,6,8,-7737.52165860766,18864.678589188905,1347.4770420849218,1152.8131482510505,0.0,0.0,0,0,0.0,0.0,0.0,0,0,0.0,532532.8341858938,0.0,3,0,532532.8341858938,3,27,880372.4058641185,13.68810142129965,0.5654086864839225,599.8024848726793,1060.829978758621,0.5654086864839224,-0.037037037037037035,-0.14285714285714285,-0.41015920955271035,0.8555345376922547,0.5185185185185185,0.5732747028433205,0.4002095827281318,0.1730651201151887,465742.25148806704,0,0.0,0.0,0.0,0,0.0,0.0,0.0,0.0,0.0,0,0.0,0.0,532532.8341858938,0.6048949633572315,0.6048949633572315,3,0.1111111111111111,1.0,0.7039013227779882,0.5706597211957339,0.7715698045658304,0.6519152917481852,0.19821849962755944,0.0034070449843347666,0.32499410460964095,0.07539936886818485,0.7168231307239854,0.5799398664143289,0.7718398983483252,0.6576626071197077,0.5118622002779056,0.5544115660635819,0.22869318181818182,0.22869318181818182,0.6803977272727273,0.2897727272727273,low,low,high,low,1,0.0,0.0,0.0,0.5654086864839225,pre_price_events,7114,0x116e7d070f1888b81e1e0324f56d6746b2d7d8f1,1000863.055673601,300642.46895390877,149669.25197770135,5177.998050260203,-0.015727646821523958,0.03148241775679257,-0.05638255563286063
2026-05-01T22:00:00Z,1777672800,2026-05-01,0.0011833598166534,-0.017941282156087812,0.017094473720434822,-0.03319330798183162,-0.08453907376559266,CHOG,0.99,1777676340,2026-05-01T22:59:00Z,3540,observed,5,5,2,2,5,3,2,10838.204133237752,0.000478635620387753,10838.20365460213,10838.20461187337,439.71001906889893,0.04024978754239348,117.8949691042,100.0,17.8949691042,885246.2,1.0,1.0,1,6087.87800951533,6087.87896678657,4750.325645086801,4750.325645086801,2,2,4750.325166451181,4750.3261237224215,1187.5815309306054,1468.3627709691013,0.0,0.0,0,0,0.0,0.0,0.0,0,0,0.0,0.0,0.0,0,0,0.0,2,5,10838.20461187337,9.290924897013104,0.9999999116762163,12.825494689562186,12.825495822358507,0.9999999116762162,0.2,0.0,0.9999997984830482,1.236431127232563,0.8,0.9999998427578397,1.0,-1.5724216029244786e-07,1337.5523644285286,0,0.0,0.0,0.0,0,0.0,0.0,0.0,0.0,0.0,0,0.0,0.0,0.0,0.0,0.0,0,0.0,0.0,-0.001062306029388482,-0.10583514996831388,1.431199913191186,1.2595015910755407,0.23276387781708738,0.0034070449843347666,0.4749507957742264,0.07539936886818485,-0.0077260275071804945,-0.11171013128221426,1.4241574270729416,1.2543264904772673,-2.9508200091609256,-2.577473016218692,0.5594900849858357,0.5594900849858357,0.05807365439093484,0.08640226628895184,mid,mid,low,low,0,0.0,0.0,0.0,0.0,pre_price_events,7114,0x116e7d070f1888b81e1e0324f56d6746b2d7d8f1,1000863.055673601,300642.46895390877,149669.25197770135,5177.998050260203,0.00942904043434249,-0.038092912944385236,-0.09530093620412751
2026-05-01T23:00:00Z,1777676400,2026-05-01,0.001203588729941,0.017094473720434822,0.03558128751928358,-0.044575663853656966,-0.09198668250742692,CHOG,0.99,1777679938,2026-05-01T23:58:58Z,3538,observed,9,8,2,2,8,4,5,77683.07037329537,58485.7030199576,19197.36735333777,136168.77339325298,5493.251212220973,0.040249954773050975,119.27473958366666,100.0,19.274739583666666,1966812.0,1.0,1.0,1,13274.603857406943,130246.00989732213,5922.763495930823,5922.763495930823,1,3,3172.008893461257,6559.5266732909395,1639.8816683227349,2255.3842735679123,0.0,0.0,0,0,0.0,0.0,0.0,0,0,0.0,0.0,0.0,0,0,0.0,2,9,136168.77339325295,11.821657719971338,0.14098215673791903,23.10573499101462,163.89120102600918,0.14098215673791903,-0.1111111111111111,-0.5,0.483572832530285,1.3753335482277276,0.4444444444444444,0.10191946661453825,1.0,-0.8980805333854618,7351.840361476119,0,0.0,0.0,0.0,0,0.0,0.0,0.0,0.0,0.0,0,0.0,0.0,0.0,0.0,0.0,0,0.0,0.0,0.01637571871140909,-0.0991296491509076,0.18808805752757957,0.03744630774990438,0.23276387781708738,0.0034070449843347666,0.4749507957742264,0.07539936886818485,0.00877025208295643,-0.1056793870971477,0.11161721631043221,-0.02264209159570795,-0.9729815075598122,-0.758914585676406,0.5889830508474576,0.5889830508474576,0.2641242937853107,0.2062146892655367,mid,mid,low,low,1,0.0,0.0,0.0,0.14098215673791903,pre_price_events,7114,0x116e7d070f1888b81e1e0324f56d6746b2d7d8f1,1000863.055673601,300642.46895390877,149669.25197770135,5177.998050260203,0.03466967166070324,-0.04665683805017258,-0.09589836473870407
2026-05-02T00:00:00Z,1777680000,2026-05-02,0.001246413966596,0.03558128751928358,-0.08210255944866962,-0.08181690769336036,-0.1277916910216459,CHOG,0.99,1777683537,2026-05-02T00:58:57Z,3537,observed,18,14,4,4,14,11,7,523198.5992790208,5051.3905925261815,518147.2086864946,528249.989871547,21720.57434766063,0.03885788103754383,102.89367415677778,100.0,2.8936741567777777,874625.7222222222,1.0,1.0,1,494295.45985945204,504398.2410445044,23851.748827042597,23851.748827042597,4,7,-97.37448472154203,10005.406700330821,909.5824273028019,1617.794141965803,0.0,0.0,0,0,0.0,0.0,0.0,0,0,0.0,418503.4745831358,0.0,2,0,418503.4745831358,4,18,528249.9898715471,13.177326809346017,0.9808749997562536,645.8259176595792,658.4181652300917,0.9808749997562536,0.2222222222222222,-0.2727272727272727,-0.00973218657051916,1.7786119140000007,0.6111111111111112,0.979970625662509,1.0,-0.02002937433749097,470443.71103240945,0,0.0,0.0,0.0,0,0.0,0.0,0.0,0.0,0.0,0,0.0,0.0,418503.4745831358,0.7922451161521121,0.7922451161521121,2,0.1111111111111111,1.0,0.730222283469442,0.583829597864364,1.383803863258527,1.208467703109014,0.209817542669822,0.0034070449843347666,0.4148034460890173,0.07539936886818485,0.732206730040963,0.5835300524587118,1.3785383025834697,1.2029355542957885,0.11790919857133884,0.1881621799704897,0.1591549295774648,0.1591549295774648,0.5591549295774648,0.4619718309859155,low,low,mid,mid,1,0.0,0.0,0.0,0.9808749997562536,pre_price_events,7114,0x116e7d070f1888b81e1e0324f56d6746b2d7d8f1,1000863.055673601,300642.46895390877,149669.25197770135,5177.998050260203,-0.080114653498453,-0.08356129767974789,-0.13111998439121406
2026-05-02T01:00:00Z,1777683600,2026-05-02,0.0011440801898059,-0.08210255944866962,0.005120072476907378,-0.053108616445940116,-0.019402677752654807,CHOG,0.99,1777687135,2026-05-02T01:58:55Z,3535,observed,59,44,5,4,29,24,35,291228.6138274121,2602272.5693695494,-2311043.9555421374,2893501.1831969614,105306.30653686111,0.03231648463884472,55305.365306826665,100.0,55205.365306826665,1194812.152542373,1.0,1.8135593220338984,5,-2189002.205926268,2399482.1372402404,-122041.74961586959,494019.04595672095,15,21,-7939.093651136389,32104.33708213343,891.787141170373,1382.2923272610803,0.0,1810954.926357566,0,1,1810954.926357566,0.0,1810954.926357566,0,1,1810954.926357566,0.0,2210795.4404614577,0,3,2210795.4404614577,5,59,2893501.1831969614,14.877978154513444,-0.7987015761260963,-2644.019607306426,3310.3973828755757,-0.7987015761260962,-0.1864406779661017,-0.16666666666666666,-0.24729037795814263,1.550024959372001,0.6101694915254238,-0.9122811009728726,-0.24703855168078112,-0.6652425492920915,-2066960.4563103984,0,-1810954.926357566,-0.6258697721895121,0.6258697721895121,1,0.01694915254237288,-1.0,-1810954.926357566,-0.6258697721895121,0.6258697721895121,1,0.01694915254237288,-1.0,-2210795.4404614577,-0.7640554817464432,0.7640554817464432,3,0.05084745762711865,-1.0,-2.807129769015927,-3.2758224045956545,-1.2664235193730609,-1.261882994132369,-2.3609838659443527,-2.885241439119614,-1.3894409753202048,-1.3935214827402884,-2.798403586674453,-3.2486608587129577,-1.4373894666905438,-1.4183527625574783,1.4136317052922158,1.4606421476408347,0.9985955056179775,0.9985955056179775,0.922752808988764,0.8707865168539326,high,high,high,high,0,-1810954.926357566,-1810954.926357566,-0.0,-0.0,pre_price_events,7114,0x116e7d070f1888b81e1e0324f56d6746b2d7d8f1,1000863.055673601,300642.46895390877,149669.25197770135,5177.998050260203,-0.0026379386217668917,-0.07155838351194854,-0.05399418201510188
2026-05-02T02:00:00Z,1777687200,2026-05-02,0.0011499379632971,0.005120072476907378,-0.004784373878765957,-0.049622996672870956,-0.020385680994726374,CHOG,0.99,1777690732,2026-05-02T02:58:52Z,3532,observed,24,21,4,4,20,14,10,563731.3555358447,24194.605610401788,539536.749925443,587925.9611462465,22435.01187237398,0.03583396315981671,117.25116714558334,100.0,17.251167145583334,1264797.625,1.0,1.0,1,510047.4981486569,558436.7093694606,29489.251776785994,29489.251776785994,10,8,4121.823382618349,11310.13827710166,628.3410153945366,1406.224504870807,0.0,0.0,0,0,0.0,506421.3059878367,0.0,1,0,506421.3059878367,506421.3059878367,0.0,1,0,506421.3059878367,4,24,587925.9611462464,13.284358003427675,0.9176950595505907,620.4337913332007,676.0783823300047,0.9176950595505907,0.16666666666666666,0.1111111111111111,0.3644361617543909,2.2379957227331975,0.75,0.9133487995883354,1.0,-0.08665120041166463,480558.2463718709,0,0.0,0.0,0.0,0,0.0,0.0,506421.3059878367,0.861369184991415,0.861369184991415,1,0.041666666666666664,1.0,506421.3059878367,0.861369184991415,0.861369184991415,1,0.041666666666666664,1.0,0.6970358956473459,0.739747206357735,1.221378835483912,1.1270175109356344,0.948919818542341,0.9329880093301993,2.4447960045830106,2.0761935423106688,0.6939251494784422,0.7331672662499438,1.2061246182247816,1.1155379547899773,0.1397520992705433,0.29335563196086034,0.5504201680672269,0.5504201680672269,0.5868347338935574,0.7016806722689075,mid,mid,mid,high,1,0.0,0.0,0.0,0.9176950595505907,pre_price_events,7114,0x116e7d070f1888b81e1e0324f56d6746b2d7d8f1,1000863.055673601,300642.46895390877,149669.25197770135,5177.998050260203,-0.005453292883217421,-0.05498014166763583,-0.03027635388761159
2026-05-02T03:00:00Z,1777690800,2026-05-02,0.0011444362301433,-0.004784373878765957,-0.05340319950684125,-0.050071476716902596,-0.00021845844016032956,CHOG,0.99,1777694334,2026-05-02T03:58:54Z,3534,observed,10,9,2,2,9,0,10,0.0,132889.08647063613,-132889.08647063613,132889.08647063613,5017.3451214994,0.037751548459583256,102.3887827335,100.0,2.3887827335000003,654897.2,1.0,1.0,1,-126359.86287473787,126359.86287473787,-6529.22359589827,6529.22359589827,0,7,-2092.573645281828,2092.573645281828,298.93909218311825,759.3946723326445,0.0,0.0,0,0,0.0,0.0,0.0,0,0,0.0,0.0,0.0,0,0,0.0,2,10,132889.08647063613,11.797277648018667,-1.0,-152.08308514764184,152.08308514764184,-1.0,-1.0,-1.0,-1.0,2.540298984608776,0.7,-1.0,-1.0,0.0,-119830.6392788396,0,0.0,0.0,0.0,0,0.0,0.0,0.0,0.0,0.0,0,0.0,0.0,0.0,0.0,0.0,0,0.0,0.0,-0.11283211864392283,-0.2146645915793475,-1.4103548882621486,-1.5009549021618542,0.22847586072392698,0.09987485952150543,0.2815144906226211,0.07535353633016571,-0.11308137024558548,-0.2132890033516551,-1.4123737668741172,-1.4990899836052796,-0.9844761432248149,-0.8999214247368135,0.11312849162011174,0.11312849162011174,0.25558659217877094,0.24860335195530725,low,low,low,low,0,0.0,0.0,-0.0,-0.0,pre_price_events,7114,0x116e7d070f1888b81e1e0324f56d6746b2d7d8f1,1000863.055673601,300642.46895390877,149669.25197770135,5177.998050260203,-0.056069771398326806,-0.054211773827354315,-0.007530522695358829
2026-05-02T04:00:00Z,1777694400,2026-05-02,0.0010833196738221,-0.05340319950684125,0.008820038977588984,0.03559641504685951,0.07203542378702799,CHOG,0.99,1777697934,2026-05-02T04:58:54Z,3534,observed,46,38,5,4,31,21,25,752827.766139384,1973924.6594561131,-1221096.893316729,2726752.4255954972,98635.66176746767,0.03472754671980117,3367.6495784043477,100.0,3267.6495784043477,1640444.7391304348,1.0,1.173913043478261,2,-1138974.0708862662,2634941.746744226,-82122.82243046288,91810.6788512708,7,11,6541.25785134211,12197.2398790636,677.6244377257556,1040.2120411394576,0.0,0.0,0,0,0.0,0.0,1811573.9681086442,0,4,1811573.9681086442,0.0,1811573.9681086442,0,4,1811573.9681086442,5,46,2726752.4255954972,14.818622238082671,-0.4478209616151906,-1322.8382881730586,2953.944548289734,-0.44782096161519064,-0.08695652173913043,-0.2222222222222222,0.5362900062800349,1.5350863741434995,0.391304347826087,-0.43225778038303875,-0.8944800698347758,0.46222228945173705,-1056851.2484558034,0,0.0,0.0,0.0,0,0.0,0.0,-1811573.9681086442,-0.6643705351112005,0.6643705351112005,4,0.08695652173913043,-1.0,-1811573.9681086442,-0.6643705351112005,0.6643705351112005,4,0.08695652173913043,-1.0,-1.3395958015378326,-1.7003470046878302,-0.6360313445242356,-0.7220017624047604,-2.0324094528512657,-2.69052561791977,-1.2724665648327527,-1.4256554311885423,-1.3163880960294938,-1.6634937180311293,-0.6200251875950065,-0.7012475720806877,1.2377766425858776,1.4494252786176531,0.979108635097493,0.979108635097493,0.915041782729805,0.8871866295264624,high,high,high,high,0,-1811573.9681086442,-1811573.9681086442,-0.0,-0.0,pre_price_events,7114,0x116e7d070f1888b81e1e0324f56d6746b2d7d8f1,1000863.055673601,300642.46895390877,149669.25197770135,5177.998050260203,0.004387857578054462,0.02178888212502799,0.04695795900139515
2026-05-02T05:00:00Z,1777698000,2026-05-02,0.0010928745955704,0.008820038977588984,-0.005254013133778823,0.03076391324262806,0.03335217446698513,CHOG,0.99,1777701538,2026-05-02T05:58:58Z,3538,observed,16,14,3,3,14,8,8,544966.3684488253,128002.7071094419,416963.66133938346,672969.0755582673,24619.323571478497,0.036398762357761794,112.6877982850625,100.0,12.6877982850625,1636824.125,1.0,1.0,1,380838.74759523076,636844.1618141145,36124.913744152655,36124.913744152655,4,7,-585.9770319884944,1843.4371868953015,167.58519880866376,310.61629150277497,0.0,0.0,0,0,0.0,417221.8211681971,0.0,1,0,417221.8211681971,417221.8211681971,0.0,1,0,417221.8211681971,3,16,672969.0755582673,13.419456143386098,0.6195881452553933,455.68899275383194,735.4708062821273,0.6195881452553933,0.0,-0.2727272727272727,-0.31787198183594806,1.8534828475957081,0.6875,0.5980093254060355,1.0,-0.40199067459396454,344713.8338510781,0,0.0,0.0,0.0,0,0.0,0.0,417221.8211681971,0.6199717584676341,0.6199717584676341,1,0.0625,1.0,417221.8211681971,0.6199717584676341,0.6199717584676341,1,0.0625,1.0,0.6774817092341436,0.5731883923579356,0.8517096887963589,0.7288107587251823,0.7884870135874078,0.7721679418201662,1.654929685051823,1.4721821499317045,0.6555565034549188,0.5487190100019286,0.8132933837970795,0.6948868005747008,0.23889213850279917,0.32966114013253095,0.45416666666666666,0.45416666666666666,0.6180555555555556,0.4597222222222222,mid,mid,mid,mid,1,0.0,0.0,0.0,0.6195881452553933,pre_price_events,7114,0x116e7d070f1888b81e1e0324f56d6746b2d7d8f1,1000863.055673601,300642.46895390877,149669.25197770135,5177.998050260203,-0.004592142972502422,0.02709098357964825,0.027722781458201742
2026-05-02T06:00:00Z,1777701600,2026-05-02,0.0010871326180917,-0.005254013133778823,0.03196422578985558,0.05248080992919624,0.03909329335477185,CHOG,0.99,1777705133,2026-05-02T06:58:53Z,3533,observed,25,20,4,4,19,7,18,279381.7684813572,995736.5670493235,-716354.7985679662,1275118.3355306806,46335.253196331665,0.03505321525242387,111.35297120092,100.0,11.35297120092,1407580.76,1.0,1.08,2,-696246.3843569761,1227550.690129425,-20108.414210990235,47567.64540125577,3,11,4937.625259191871,5907.511070094585,421.9650764353275,915.9327678594444,0.0,0.0,0,0,0.0,0.0,941233.4198640641,0,2,941233.4198640641,234074.01609256762,941233.4198640641,1,2,1175307.4359566316,4,25,1275118.3355306804,14.058550328689437,-0.5617947594407641,-778.7726676497455,1386.2227344821995,-0.5617947594407641,-0.44,-0.5714285714285714,0.8358215838455999,2.170636431803912,0.56,-0.5671834083556814,-0.42273301613662334,-0.14445039221905803,-676137.970145986,0,0.0,0.0,0.0,0,0.0,0.0,-941233.4198640641,-0.7381537804272418,0.7381537804272418,2,0.08,-1.0,-707159.4037714965,-0.5545833543968214,0.9217242064576622,3,0.12,-0.3333333333333333,-0.696455061368991,-0.9909288199089742,-0.7611656526667766,-0.9317165145037356,-0.87813194548557,-1.30996197269281,-1.316500355437511,-1.6048575645826328,-0.7160705141176954,-1.0097085813853766,-0.7699244333022311,-0.939105110816634,0.6845506656983565,0.82640049274198,0.4224376731301939,0.4224376731301939,0.7631578947368421,0.6620498614958449,mid,mid,high,mid,0,-941233.4198640641,-0.0,-0.0,-0.0,pre_price_events,7114,0x116e7d070f1888b81e1e0324f56d6746b2d7d8f1,1000863.055673601,300642.46895390877,149669.25197770135,5177.998050260203,0.031832978455454804,0.046204091141462275,0.028584873150444806
2026-05-02T07:00:00Z,1777705200,2026-05-02,0.0011218819705599,0.03196422578985558,0.004112486317430886,0.035186495637414605,0.019163683489244576,CHOG,0.99,1777708734,2026-05-02T07:58:54Z,3534,observed,32,27,3,3,27,17,15,1351026.5060756882,22803.63889962801,1328222.8671760603,1373830.1449753162,51024.79866206181,0.03693564662036549,106.8925512541875,100.0,6.8925512541875,997013.96875,1.0,1.0,1,1276374.8056463765,1306842.5407937001,51848.06152968377,66987.60418161623,3,14,-12310.00516985847,19317.272629397554,1136.3101546704443,1792.268311291729,0.0,0.0,0,0,0.0,0.0,0.0,0,0,0.0,1068000.5750610312,0.0,5,0,1068000.5750610312,3,32,1373830.1449753165,14.133113851181399,0.966802826414851,1490.1092875701988,1541.2752702595008,0.9668028264148512,0.0625,-0.6470588235294118,-0.6372537886701857,1.57727034641482,0.53125,0.9766859937626309,0.7739948631259261,0.20269113063670474,1224526.7441166926,0,0.0,0.0,0.0,0,0.0,0.0,0.0,0.0,0.0,0,0.0,0.0,1068000.5750610312,0.7773890964375513,0.7773890964375513,5,0.15625,1.0,1.6421825390067684,1.771914597810903,1.2322037142647548,1.185617541661999,0.2812703018021971,0.13555643236849887,0.24197287807446,0.07099327458054193,1.656363371555172,1.784990077491209,1.2379670326531924,1.1941455195688708,0.7028824259769182,0.8989388489514,0.324585635359116,0.324585635359116,0.7748618784530387,0.8370165745856354,low,low,high,high,1,0.0,0.0,0.0,0.966802826414851,pre_price_events,7114,0x116e7d070f1888b81e1e0324f56d6746b2d7d8f1,1000863.055673601,300642.46895390877,149669.25197770135,5177.998050260203,0.006141245523306452,0.030961037936315463,0.010623035482817792
2026-05-02T08:00:00Z,1777708800,2026-05-02,0.0011264956948136,0.004112486317430886,0.015704031233716442,0.0025110126490701656,0.029866098101126726,CHOG,0.99,1777712334,2026-05-02T08:58:54Z,3534,observed,36,34,4,3,34,13,23,679.1110713855912,10067.431171491824,-9388.320100106233,10746.542242877415,386.2698881542607,0.03634564214559844,136.1477531291111,100.0,36.147753129111116,603975.6944444445,1.0,1.0,1,-10057.33722771242,10077.525115271226,669.0171276061876,669.0171276061876,13,22,-1788.3201001062325,3146.542242877415,89.90120693935471,214.94640811720754,0.0,0.0,0,0,0.0,0.0,0.0,0,0,0.0,0.0,0.0,0,0,0.0,4,36,10746.542242877415,9.28243237884677,-0.8736131015842438,-10.575902174301659,12.105933570733896,-0.8736131015842438,-0.2777777777777778,-0.2571428571428571,-0.5683445388836952,2.390917935753693,0.9722222222222222,-0.9979967415285114,1.0,-1.9979967415285114,-10726.354355318608,1,0.0,0.0,0.0,0,0.0,0.0,0.0,0.0,0.0,0,0.0,0.0,0.0,0.0,0.0,0,0.0,0.0,0.193418877808084,-0.03656876515355784,-1.1604455030155376,-1.3749539702335576,0.4804889485592481,0.13555643236849887,0.3359059709670233,0.07099327458054193,0.19042790369829277,-0.038083435461425744,-1.3066151751621489,-1.5395022248568058,-2.4640972552196923,-3.128213964793333,0.7066115702479339,0.7066115702479339,0.05647382920110193,0.9104683195592287,high,high,low,high,1,0.0,0.0,-10057.33722771242,-0.8736131015842438,pre_price_events,7114,0x116e7d070f1888b81e1e0324f56d6746b2d7d8f1,1000863.055673601,300642.46895390877,149669.25197770135,5177.998050260203,0.006491013453094611,-0.005681145058888252,0.008249883608513406
2026-05-02T09:00:00Z,1777712400,2026-05-02,0.0011441862183896,0.015704031233716442,0.015007039026625701,-0.01271996263316677,0.01665620378815902,CHOG,0.99,1777715936,2026-05-02T09:58:56Z,3536,observed,34,34,2,2,34,10,24,51105.51023630404,8905.042501141157,42200.467735162885,60010.55273744521,2283.8122328540876,0.03753940568692714,3863.1246276137936,100.0,3763.124627613794,500056.4117647059,1.0,1.0,1,42191.502000465385,60001.5870027477,8.965734697504782,8.965734697504782,9,23,264.4764725485915,2374.561474830905,74.20504608846578,257.0017276489342,0.0,0.0,0,0,0.0,0.0,0.0,0,0,0.0,0.0,0.0,0,0,0.0,2,34,60010.5527374452,11.002292368293794,0.7032174477678284,48.28519359216835,68.66324740012709,0.7032174477678284,-0.4117647058823529,-0.4375,0.11137908003305123,3.46339960954329,0.9411764705882353,0.7031731010470319,1.0,-0.2968268989529681,42182.53626576788,0,0.0,0.0,0.0,0,0.0,0.0,0.0,0.0,0.0,0,0.0,0.0,0.0,0.0,0.0,0,0.0,0.0,0.17929413227968105,0.04343536024200418,0.8663119300681619,0.821175204746468,0.4133093222560747,0.15153231086592459,0.27364460694062787,0.08211032496382989,0.18026895985187003,0.04587296364049776,0.8579655737883325,0.8159208660738558,-1.2066674264493336,-1.6530974399846492,0.9793956043956044,0.9793956043956044,0.16346153846153846,0.9093406593406593,high,high,low,high,1,0.0,0.0,0.0,0.7032174477678284,pre_price_events,7114,0x116e7d070f1888b81e1e0324f56d6746b2d7d8f1,1000863.055673601,300642.46895390877,149669.25197770135,5177.998050260203,0.009965334062668082,-0.019260182565559635,0.00016360403427994816
2026-05-02T10:00:00Z,1777716000,2026-05-02,0.0011613570656227,0.015007039026625701,-0.02758215093230143,-0.015478188921218439,0.03148336314938183,CHOG,0.99,1777719537,2026-05-02T10:58:57Z,3537,observed,33,27,4,3,26,11,22,935404.3362549391,37693.76031505323,897710.5759398859,973098.0965699924,37710.9306000343,0.03747864312033091,204.79887405063639,100.0,104.79887405063637,772664.1818181818,1.0,1.0,1,857261.9002664522,926818.5756858652,40448.67567343369,46279.52088412713,3,19,-2114.0342038888375,6157.154921831396,279.8706782650634,658.262129409629,0.0,0.0,0,0,0.0,0.0,0.0,0,0,0.0,890781.657453338,0.0,4,0,890781.657453338,4,33,973098.0965699925,13.788241202405572,0.9225283443716159,1042.56252025201,1130.114349995561,0.9225283443716161,-0.3333333333333333,-0.7272727272727273,-0.34334594966794096,2.3520224894234683,0.6666666666666666,0.9249511422794482,0.8740080904188164,0.05094305186063175,816813.2245930185,0,0.0,0.0,0.0,0,0.0,0.0,0.0,0.0,0.0,0,0.0,0.0,890781.657453338,0.9154078716145824,0.9154078716145824,4,0.12121212121212122,1.0,1.3149079525726277,1.1778133734375646,1.0786941653209792,1.1078158133690412,0.38664646043942164,0.15153231086592459,0.23553179040202205,0.08211032496382989,1.3182522798330112,1.1784386521480403,1.0718693546033202,1.1042611895455807,0.6481359150477093,0.6037094695865093,0.8616438356164383,0.8616438356164383,0.6945205479452055,0.8136986301369863,high,high,high,high,1,0.0,0.0,0.0,0.9225283443716159,pre_price_events,7114,0x116e7d070f1888b81e1e0324f56d6746b2d7d8f1,1000863.055673601,300642.46895390877,149669.25197770135,5177.998050260203,-0.027526928440706346,-0.02139735365104177,0.019697645378041553
2026-05-02T11:00:00Z,1777719600,2026-05-02,0.0011293243397524,-0.02758215093230143,0.0002726167169719851,0.027286568533319677,0.05487893650134912,CHOG,0.99,1777723133,2026-05-02T11:58:53Z,3533,observed,24,22,3,3,22,6,18,37037.45429923854,739908.3712216908,-702870.9169224522,776945.8255209293,29609.85240293186,0.038244724480959655,109.9469482865,100.0,9.946948286500001,1048437.7916666666,1.0,1.0,1,-678627.6267590374,752491.108411431,-24243.29016341481,24454.717109498324,4,13,960.9350807261495,18782.01566289982,1104.8244507588129,1655.0735200698966,0.0,0.0,0,0,0.0,0.0,419480.9306399987,0,1,419480.9306399987,0.0,581807.6215497091,0,2,581807.6215497091,3,24,776945.8255209292,13.563127191384961,-0.9046588498640672,-793.7692341846123,877.4238314298068,-0.9046588498640673,-0.5,-0.5294117647058824,0.051162510881315466,1.4980420816475983,0.7083333333333334,-0.9018413894506669,-0.9913543491369444,0.08951295968627748,-654384.3365956226,0,0.0,0.0,0.0,0,0.0,0.0,-419480.9306399987,-0.5399101415581243,0.5399101415581243,1,0.041666666666666664,-1.0,-581807.6215497091,-0.7488393687675929,0.7488393687675929,2,0.08333333333333333,-1.0,-0.9045655933785451,-0.9547420436307332,-1.3149516013475866,-1.3767130096375306,-0.33311559135229035,-0.4892182928763639,-1.2657572567728634,-1.122617957474287,-0.9205547504840271,-0.9656963559227367,-1.2896475645092391,-1.3648131767686595,0.48626911163818076,0.3985016737360538,0.38934426229508196,0.38934426229508196,0.6461748633879781,0.7377049180327869,mid,mid,mid,high,0,-0.0,-0.0,-0.0,-0.0,pre_price_events,7114,0x116e7d070f1888b81e1e0324f56d6746b2d7d8f1,1000863.055673601,300642.46895390877,149669.25197770135,5177.998050260203,-0.002296380736449461,0.01916017121418148,0.04106300842240351
2026-05-02T12:00:00Z,1777723200,2026-05-02,0.0011296322124463,0.0002726167169719851,0.012171350071476184,0.029754644386079665,0.03694066417345887,CHOG,0.99,1777726743,2026-05-02T12:59:03Z,3543,observed,17,16,3,3,16,2,15,52680.83099729318,39099.3042997317,13581.526697561478,91780.13529702488,3502.159800877524,0.03783127506411067,115.13468776635294,100.0,15.13468776635294,1304816.5294117648,1.0,1.0,1,15264.804043547263,90096.8579510391,-1683.2773459857874,1683.2773459857874,1,14,-9096.833495525012,9101.775103938398,606.7850069292266,1395.2132978459883,0.0,0.0,0,0,0.0,0.0,0.0,0,0,0.0,0.0,0.0,0,0,0.0,3,17,91780.13529702488,11.427162057637245,0.14797893524135752,15.342130051764862,103.67779729419897,0.14797893524135752,-0.7647058823529411,-0.8666666666666667,-0.9994570720154085,2.299353612751215,0.8823529411764706,0.1694265970056641,-1.0,1.169426597005664,16948.08138953305,1,0.0,0.0,0.0,0,0.0,0.0,0.0,0.0,0.0,0,0.0,0.0,0.0,0.0,0.0,0,0.0,0.0,0.09909282453565009,-0.020851307769847945,0.08540916238464187,0.041714791181003644,0.3856891898024533,0.16032256329472847,0.2163193853104628,0.09833993334458986,0.10210976637193069,-0.01735582047511582,0.11860334742601432,0.07151631162995557,-0.8782471529925272,-1.3374391984028957,0.5054495912806539,0.5054495912806539,0.20027247956403268,0.5231607629427792,mid,mid,low,mid,1,0.0,0.0,15264.804043547263,0.14797893524135752,pre_price_events,7114,0x116e7d070f1888b81e1e0324f56d6746b2d7d8f1,1000863.055673601,300642.46895390877,149669.25197770135,5177.998050260203,0.008494044161680687,0.024809632990806827,0.026612299704541285
2026-05-02T13:00:00Z,1777726800,2026-05-02,0.001143381361556,0.012171350071476184,0.014656845697216703,0.04769985950757416,0.01932827616144217,CHOG,0.99,1777730334,2026-05-02T13:58:54Z,3534,observed,12,12,1,1,12,3,9,171920.65102700074,440062.6319209833,-268141.9808939825,611983.2829479841,23001.71110530861,0.03754058277423806,116.39453771041667,100.0,16.394537710416667,536406.5833333334,1.0,1.0,1,-268141.9808939825,611983.2829479841,0.0,0.0,1,7,-2567.385764525115,2572.79068704318,321.5988358803975,899.6655334176031,0.0,0.0,0,0,0.0,0.0,0.0,0,0,0.0,0.0,437492.5436951991,0,2,437492.5436951991,1,12,611983.2829479841,13.324461879707146,-0.43815245998602453,-306.5885432048847,699.7302793065768,-0.43815245998602453,-0.5,-0.75,-0.9978991985063983,2.7974775808958103,0.6666666666666666,-0.43815245998602453,0.0,-0.43815245998602453,-268141.9808939825,0,0.0,0.0,0.0,0,0.0,0.0,0.0,0.0,0.0,0,0.0,0.0,-437492.5436951991,-0.7148766247139207,0.7148766247139207,2,0.16666666666666666,-1.0,-0.26266405873400317,-0.39426535513410654,-0.6523272417044138,-0.7500550792514454,0.3699613786932976,0.16032256329472847,0.20761072509647732,0.09833993334458986,-0.28149312015830863,-0.41083725052592684,-0.6390165507445736,-0.7454744093155599,0.4148416805123086,0.21955631962635147,0.53125,0.53125,0.5855978260869565,0.3858695652173913,mid,mid,mid,mid,1,0.0,0.0,-0.0,-0.43815245998602453,pre_price_events,7114,0x116e7d070f1888b81e1e0324f56d6746b2d7d8f1,1000863.055673601,300642.46895390877,149669.25197770135,5177.998050260203,0.015800094008917978,0.04496856241752273,0.015775632420115066
2026-05-02T14:00:00Z,1777730400,2026-05-02,0.0011601397257454,0.014656845697216703,0.002675791027934693,0.026859465326626086,0.012513254823053988,CHOG,0.99,1777733940,2026-05-02T14:59:00Z,3540,observed,29,27,3,3,27,15,14,628965.0496164381,443776.8976601317,185188.15195630642,1072741.94727657,41030.957649267715,0.0381147191548758,115.66660909834482,100.0,15.666609098344829,1120223.7241379311,1.0,1.0,1,172225.91181235813,1059779.7071326217,12962.240143948264,12962.240143948264,6,12,2528.435859922865,2850.075038526588,158.33750214036598,413.1621675191481,0.0,0.0,0,0,0.0,0.0,428110.6908309453,0,1,428110.6908309453,172998.09754128227,428110.6908309453,1,1,601108.7883722276,3,29,1072741.94727657,13.88572942839876,0.17263066148056758,214.84413182188678,1244.530548509026,0.1726306614805676,0.034482758620689655,-0.3333333333333333,0.8871471191965522,2.609376565463818,0.6206896551724138,0.16251104890311477,1.0,-0.8374889510968853,159263.67166840986,0,0.0,0.0,0.0,0,0.0,0.0,-428110.6908309453,-0.3990807779240981,0.3990807779240981,1,0.034482758620689655,-1.0,-255112.59328966305,-0.23781357104318676,0.5603479848050094,2,0.06896551724137931,0.0,0.36947646236953735,0.22225213833484633,0.1846033880311057,0.10743737644184194,-0.33118460421609963,-0.49261925518954713,-0.8293594476911939,-0.7881933726589488,0.3642556386866987,0.21621437111858646,0.17537740984953396,0.0928867460498553,0.7436841639109601,0.6689203760962759,0.521680216802168,0.521680216802168,0.7140921409214093,0.8333333333333334,mid,mid,high,high,1,-428110.6908309453,-0.0,0.0,0.17263066148056758,pre_price_events,7114,0x116e7d070f1888b81e1e0324f56d6746b2d7d8f1,1000863.055673601,300642.46895390877,149669.25197770135,5177.998050260203,0.003288830760951402,0.021598157403414708,0.0026115728528995595
2026-05-02T15:00:00Z,1777734000,2026-05-02,0.0011632440172147,0.002675791027934693,0.029810146571078056,0.006978380555557662,-2.3693249990741627e-05,CHOG,0.99,1777737537,2026-05-02T15:58:57Z,3537,observed,33,28,4,4,28,12,21,707242.121496991,496368.8753663527,210873.24613063838,1203610.9968633438,46170.47853333797,0.03708725657590021,103.21911167560606,100.0,3.2191116756060607,1025567.4242424242,1.0,1.0,1,216384.56773747705,1175888.840636189,-5511.321606838682,27722.15622715465,4,13,2211.4755111546087,17950.690612806084,1055.9229772238873,1622.0340040377293,0.0,0.0,0,0,0.0,409224.4126703397,0.0,1,0,409224.4126703397,409224.4126703397,179062.01465078408,1,1,588286.4273211238,4,33,1203610.996863344,14.00083759117202,0.17520049806804866,245.297041952108,1400.0932911551058,0.17520049806804866,-0.2727272727272727,-0.5294117647058824,0.12319723841582644,1.5361290918227737,0.5151515151515151,0.18401787674114406,-0.19880566149613513,0.3828235382372792,221895.8893443157,1,0.0,0.0,0.0,0,0.0,0.0,409224.4126703397,0.3399972364300377,0.3399972364300377,1,0.030303030303030304,1.0,230162.3980195556,0.19122656624056078,0.4887679066195147,2,0.06060606060606061,0.0,0.3535874549384115,0.26940827646662213,0.1515616892534389,0.12742762899717636,1.0217332565453436,0.8118900236324799,1.093819235643785,0.9117941154052689,0.37607653352019127,0.2910920714189723,0.16768673177397977,0.13899654626788024,0.8333959055537378,0.7568788803415918,0.17702702702702702,0.17702702702702702,0.7554054054054054,0.8527027027027027,low,low,high,high,1,409224.4126703397,0.0,216384.56773747705,0.17520049806804866,pre_price_events,7114,0x116e7d070f1888b81e1e0324f56d6746b2d7d8f1,1000863.055673601,300642.46895390877,149669.25197770135,5177.998050260203,0.02934358011739771,3.481127591905761e-05,-0.013121512576284019
2026-05-02T16:00:00Z,1777737600,2026-05-02,0.0011979204918658,0.029810146571078056,-0.005526271090320112,-0.027079877016941478,-0.04550289927305662,CHOG,0.99,1777741134,2026-05-02T16:58:54Z,3534,observed,31,24,3,3,23,10,21,1044846.9516733534,425280.1819888099,619566.7696845435,1470127.1336621633,57261.07417658089,0.03721625820087748,133.36881649861292,100.0,33.3688164986129,1234638.3548387096,1.0,1.0,1,596715.4398264406,1395928.761426005,22851.32985810278,74198.37223615819,2,10,1721.640990548924,8770.943747115803,730.9119789263169,1307.47780873835,0.0,0.0,0,0,0.0,663679.9111849847,0.0,2,0,663679.9111849847,901807.7234333062,0.0,3,0,901807.7234333062,3,31,1470127.133662163,14.200860120712779,0.42143754475245304,742.191729484213,1761.0954190618372,0.42143754475245304,-0.3548387096774194,-0.6666666666666666,0.19628913833988051,1.7888307298766497,0.3870967741935484,0.4274684040587204,0.3079761613283333,0.11949224273038711,573864.1099683378,0,0.0,0.0,0.0,0,0.0,0.0,663679.9111849847,0.4514438894354147,0.4514438894354147,2,0.06451612903225806,1.0,901807.7234333062,0.613421589727996,0.613421589727996,3,0.0967741935483871,1.0,0.8803876330016068,0.8106754956860982,0.43978289312174706,0.4563030545098872,1.3656539185341257,1.181606646435671,1.3045566244895648,1.143501419093162,0.8907768307843468,0.81787587157032,0.4550368546366684,0.4620108405743364,0.8904444688164999,0.8985500993836637,0.6859838274932615,0.6859838274932615,0.7964959568733153,0.7587601078167115,high,high,high,high,1,663679.9111849847,663679.9111849847,0.0,0.42143754475245304,pre_price_events,7114,0x116e7d070f1888b81e1e0324f56d6746b2d7d8f1,1000863.055673601,300642.46895390877,149669.25197770135,5177.998050260203,-0.0034314699998794045,-0.03131111704983312,-0.05378031706019025
2026-05-02T17:00:00Z,1777741200,2026-05-02,0.0011913004584831,-0.005526271090320112,-0.016737072243461104,-0.013970958040503412,-0.039290669033486214,CHOG,0.99,1777744737,2026-05-02T17:58:57Z,3537,observed,31,25,5,4,22,7,24,1018639.251627907,859755.7411535713,158883.51047433578,1878394.9927814782,74634.40935817898,0.037052564674875256,173.45345735125807,100.0,73.45345735125805,900900.1935483871,1.0,1.1290322580645162,2,164569.5361372602,1838996.8063235327,-5686.025662924378,39398.18645794565,5,15,-5059.327019733456,14693.608912925009,734.6804456462504,1096.2851910557613,0.0,0.0,0,0,0.0,997997.7136923887,414057.65112983895,1,1,1412055.3648222277,997997.7136923887,638379.7431330965,1,2,1636377.4568254852,5,31,1878394.9927814787,14.445928775298839,0.08458471784950046,189.27799887348064,2237.7328161129344,0.08458471784950046,-0.5483870967741935,-0.5,-0.3443216060611969,1.4921932352390717,0.6451612903225806,0.08948875581043704,-0.14432201515147774,0.23381077096191477,170255.56180018457,1,0.0,0.0,0.0,0,0.0,0.0,583940.0625625497,0.3108718159953496,0.7517350558581362,2,0.06451612903225806,0.0,359617.97055929224,0.1914496002924174,0.8711572715610684,3,0.0967741935483871,-0.3333333333333333,0.23605997706072213,0.18105749065845597,0.036324537159722455,-0.007126187095716914,1.1557235991383277,1.0385623879528276,0.872926621490715,0.809146432391186,0.25413799923669167,0.19933700667897958,0.05777830535431479,0.00016611005206899424,0.9729774136994833,1.068582907932649,0.8131720430107527,0.8131720430107527,0.831989247311828,0.7325268817204301,high,high,high,high,0,583940.0625625497,583940.0625625497,164569.5361372602,0.0,pre_price_events,7114,0x116e7d070f1888b81e1e0324f56d6746b2d7d8f1,1000863.055673601,300642.46895390877,149669.25197770135,5177.998050260203,-0.016797122479139323,-0.021204869748166072,-0.05189731251456669
2026-05-02T18:00:00Z,1777744800,2026-05-02,0.0011713615766458,-0.016737072243461104,-0.0050203323150134205,-0.006953549292374461,-0.008181781385081188,CHOG,0.99,1777748334,2026-05-02T18:58:54Z,3534,observed,13,12,3,3,12,1,12,1268.4797233118281,230884.98285819686,-229616.50313488505,232153.4625815087,8891.677772902904,0.03500329124947681,116.98024392399999,100.0,16.980243924,1046041.7692307692,1.0,1.0,1,-221197.9090163671,223734.86846299077,-8418.594118517929,8418.594118517929,1,8,-6099.72410446696,8636.683551090617,959.6315056767352,1500.8780797118848,0.0,0.0,0,0,0.0,0.0,0.0,0,0,0.0,0.0,0.0,0,0,0.0,3,13,232153.4625815087,12.355158216099877,-0.989072058549491,-268.96394913597425,271.9356459532578,-0.989072058549491,-0.8461538461538461,-0.7777777777777778,-0.7062576819428221,1.5640150107967337,0.6923076923076923,-0.9886608669267691,-1.0,0.011339133073230867,-212779.31489784917,0,0.0,0.0,0.0,0,0.0,0.0,0.0,0.0,0.0,0,0.0,0.0,0.0,0.0,0.0,0,0.0,0.0,-0.2757718883510941,-0.37710141979333683,-1.3373435072305015,-1.5283920443023105,0.1942188197883573,0.134372485963852,0.042700300313512955,0.09503039453071921,-0.28124015977069844,-0.3798625777748867,-1.300239281880449,-1.518234138801525,-0.3987548841201971,-0.6167983494194957,0.5455764075067024,0.5455764075067024,0.3418230563002681,0.3820375335120643,mid,mid,mid,mid,0,0.0,0.0,-0.0,-0.0,pre_price_events,7114,0x116e7d070f1888b81e1e0324f56d6746b2d7d8f1,1000863.055673601,300642.46895390877,149669.25197770135,5177.998050260203,-0.007860645642433104,-0.012524505234249732,-0.01754943619136844
2026-05-02T19:00:00Z,1777748400,2026-05-02,0.00116548095227,-0.0050203323150134205,0.007873056591897187,-0.018935801430058352,-0.015398978075055081,CHOG,0.99,1777751936,2026-05-02T19:58:56Z,3536,observed,9,6,2,2,6,1,8,6718.737011010215,262997.52641895047,-256278.78940794023,269716.26342996064,10263.325374101893,0.03812838323741945,107.9862860988889,100.0,7.986286098888889,1143682.7777777778,1.0,1.0,1,-242107.98940794024,255545.46342996066,-14170.8,14170.8,0,3,-8760.0000000369,8760.0000000369,2920.0000000123,2606.0890237849226,0.0,0.0,0,0,0.0,0.0,0.0,0,0,0.0,0.0,0.0,0,0,0.0,2,9,269716.26342996064,12.505129516830715,-0.9501792222273248,-298.688047525769,314.34916754505673,-0.9501792222273246,-0.7777777777777778,-1.0,-1.0,0.8924962410184742,0.3333333333333333,-0.9474165033428452,-1.0,0.05258349665715478,-227937.18940794026,0,0.0,0.0,0.0,0,0.0,0.0,0.0,0.0,0.0,0,0.0,0.0,0.0,0.0,0.0,0,0.0,0.0,-0.3258808957236441,-0.4194202833504725,-1.2892921191335969,-1.462455703457177,0.1942188197883573,0.12668329409674878,0.042700300313512955,0.07683501283930241,-0.3250730544546998,-0.41540787978358135,-1.2526512769548703,-1.4492785641810761,-0.2839702177256147,-0.4833924863481577,0.3462566844919786,0.3462566844919786,0.3810160427807487,0.1163101604278075,mid,mid,mid,low,0,0.0,0.0,-0.0,-0.0,pre_price_events,7114,0x116e7d070f1888b81e1e0324f56d6746b2d7d8f1,1000863.055673601,300642.46895390877,149669.25197770135,5177.998050260203,0.006573073212031757,-0.022798420634104713,-0.021191347435336325
2026-05-02T20:00:00Z,1777752000,2026-05-02,0.001174656849764,0.007873056591897187,-0.009739349481423965,-0.025678463732331847,0.0003198622059501499,CHOG,0.99,1777755538,2026-05-02T20:58:58Z,3538,observed,3,3,1,1,3,1,2,4774.477582899293,1805.589243266075,2968.888339633218,6580.066826165368,252.67388951149618,0.03809966605602014,132.490907761,100.0,32.490907760999995,614583.3333333334,1.0,1.0,1,2968.888339633218,6580.066826165368,0.0,0.0,1,2,2968.888339633218,6580.066826165368,2193.3556087217894,2405.9360215755123,0.0,0.0,0,0,0.0,0.0,0.0,0,0,0.0,0.0,0.0,0,0,0.0,1,3,6580.066826165368,8.791952142813523,0.45119425350325537,3.4874250243346285,7.729320569260014,0.4511942535032553,-0.3333333333333333,-0.3333333333333333,0.45119425350325537,1.0969201765588787,1.0,0.45119425350325537,0.0,0.45119425350325537,2968.888339633218,0,0.0,0.0,0.0,0,0.0,0.0,0.0,0.0,0.0,0,0.0,0.0,0.0,0.0,0.0,0,0.0,0.0,0.02685348596165618,-0.05372262193808503,0.560736636085507,0.5226416216458181,0.1942188197883573,0.12668329409674878,0.042700300313512955,0.07683501283930241,0.025417187234286643,-0.05344494333795721,0.5646156858984909,0.5199491885257982,-2.3315340821925963,-3.2208258538918004,0.6813333333333333,0.6813333333333333,0.03866666666666667,0.036,high,high,low,low,1,0.0,0.0,0.0,0.45119425350325537,pre_price_events,7114,0x116e7d070f1888b81e1e0324f56d6746b2d7d8f1,1000863.055673601,300642.46895390877,149669.25197770135,5177.998050260203,-0.016206647359772647,-0.028108469305244008,-0.0068903640204954035
2026-05-02T21:00:00Z,1777755600,2026-05-02,0.0011632164561834,-0.009739349481423965,-0.017025910947890965,-0.0012368324682410226,0.016902128678534023,CHOG,0.99,1777759134,2026-05-02T21:58:54Z,3534,observed,6,5,2,2,5,2,4,37170.27187341382,85513.62546883024,-48343.35359541643,122683.89734224406,4670.355337723223,0.0380886586439645,124.25849835466666,100.0,24.258498354666667,820259.0,1.0,1.0,1,-46094.46689541643,120435.01064224406,-2248.8867,2248.8867,0,3,-2253.5121688302484,2253.5121688302484,751.1707229434161,1297.0619280044639,0.0,0.0,0,0,0.0,0.0,0.0,0,0,0.0,0.0,0.0,0,0,0.0,2,6,122683.89734224406,11.717374537078014,-0.3940480751158061,-56.23378444928133,142.7079282972132,-0.3940480751158061,-0.3333333333333333,-1.0,-1.0,1.726720555511012,0.5,-0.38273311597357246,-1.0,0.6172668840264275,-43845.58019541643,0,0.0,0.0,0.0,0,0.0,0.0,0.0,0.0,0.0,0,0.0,0.0,0.0,0.0,0.0,0,0.0,0.0,-0.013549922566578275,-0.120354338939675,-0.5796777138942456,-0.6572313495633686,0.1942188197883573,0.12668329409674878,0.042700300313512955,0.07683501283930241,-0.014865980824057497,-0.12030094381227815,-0.5409569157624784,-0.6374824046219211,-0.576550923157588,-0.9794060813276465,0.6396276595744681,0.6396276595744681,0.24335106382978725,0.0851063829787234,mid,mid,low,low,0,0.0,0.0,-0.0,-0.0,pre_price_events,7114,0x116e7d070f1888b81e1e0324f56d6746b2d7d8f1,1000863.055673601,300642.46895390877,149669.25197770135,5177.998050260203,-0.01979464270604318,-0.005149152868106685,0.010582708651782846
2026-05-02T22:00:00Z,1777759200,2026-05-02,0.0011434116363873,-0.017025910947890965,0.0009461422532992536,0.003605088596810191,-0.003028770835009298,CHOG,0.99,1777762735,2026-05-02T22:58:55Z,3535,observed,12,10,3,3,10,2,10,161999.2518221149,502640.3689621917,-340641.1171400768,664639.6207843065,24956.49757273039,0.03759797276434514,119.96797895208334,100.0,19.96797895208333,1490466.0,1.0,1.0,1,-324096.6008340473,648095.104478277,-16544.516306029556,16544.516306029556,1,5,-7848.389793067422,8326.164631555363,1387.6941052592272,1565.40566567712,0.0,0.0,0,0,0.0,0.0,0.0,0,0,0.0,161760.3644028709,288372.65036309476,1,1,450133.01476596564,3,12,664639.6207843065,13.407001753685316,-0.5125200281290845,-389.4930171699332,759.9566764088186,-0.5125200281290844,-0.6666666666666666,-0.6666666666666666,-0.9426176565525476,1.1280624885155763,0.5,-0.5000756811686585,-1.0,0.4999243188313415,-307552.08452801773,0,0.0,0.0,0.0,0,0.0,0.0,0.0,0.0,0.0,0,0.0,0.0,-126612.28596022385,-0.19049765015635886,0.677258774062833,2,0.16666666666666666,0.0,-0.4079636612881015,-0.5207514340125483,-0.6813015729442912,-0.8068135398770109,0.1942188197883573,0.12668329409674878,0.042700300313512955,0.07683501283930241,-0.40959454630789505,-0.5189488671543212,-0.6394338481177103,-0.785124062600739,0.33749306057154127,0.28323739466010617,0.5954907161803713,0.5954907161803713,0.6114058355437666,0.28779840848806365,mid,mid,mid,low,0,0.0,0.0,-0.0,-0.0,pre_price_events,7114,0x116e7d070f1888b81e1e0324f56d6746b2d7d8f1,1000863.055673601,300642.46895390877,149669.25197770135,5177.998050260203,9.163166020283707e-05,-0.0016293281080354402,-0.01034602381789646
2026-05-02T23:00:00Z,1777762800,2026-05-02,0.0011444934664494,0.0009461422532992536,0.015102127150643962,0.026683517679259916,-0.027795515468420184,CHOG,0.99,1777766337,2026-05-02T23:58:57Z,3537,observed,10,10,2,2,10,6,4,187124.5009040193,39597.149014887604,147527.3518891317,226721.6499189069,8608.563728086541,0.03786719362963933,107.93401562540001,100.0,7.934015625399999,614436.1,1.0,1.0,1,147625.80216796117,226623.19964007745,-98.45027882946249,98.45027882946249,0,3,-384.3690148876033,384.3690148876033,128.12300496253445,141.74320085215206,0.0,0.0,0,0,0.0,0.0,0.0,0,0,0.0,0.0,0.0,0,0,0.0,2,10,226721.6499189069,12.331482742924775,0.6506981223094435,168.84409035969279,259.4814470348171,0.6506981223094435,0.2,-1.0,-1.0,1.10630562320639,0.3,0.6514152231652373,-1.0,1.6514152231652373,147724.25244679063,1,0.0,0.0,0.0,0,0.0,0.0,0.0,0.0,0.0,0,0.0,0.0,0.0,0.0,0.0,0,0.0,0.0,0.27757912397074475,0.16112709373095366,0.9764868684901502,0.8331292412731208,0.1942188197883573,0.12668329409674878,0.042700300313512955,0.07683501283930241,0.28633992039935735,0.17073007648216137,0.9726582363166544,0.8293441172793697,-0.3655775935950119,-0.5284917734524758,0.3425925925925926,0.3425925925925926,0.3425925925925926,0.28835978835978837,mid,mid,mid,low,1,0.0,0.0,147625.80216796117,0.6506981223094435,pre_price_events,7114,0x116e7d070f1888b81e1e0324f56d6746b2d7d8f1,1000863.055673601,300642.46895390877,149669.25197770135,5177.998050260203,0.013824651891955936,0.023135984478937964,-0.03350826078031945
2026-05-03T00:00:00Z,1777766400,2026-05-03,0.0011617777523028,0.015102127150643962,-0.012260534026810599,0.018161423785382214,-0.040768838360278115,CHOG,0.99,1777769939,2026-05-03T00:58:59Z,3539,observed,15,13,4,4,13,7,8,388473.99906068685,68424.29390830248,320049.70515238435,456898.2929689893,17483.33879310793,0.03556943664715769,105.96340506046666,100.0,5.963405060466666,1313578.6,1.0,1.0,1,315177.31585260556,451133.24476908776,4872.3892997788025,5765.048199901538,6,7,4612.053489916431,6595.641306521389,507.3570235785684,981.27878791479,0.0,0.0,0,0,0.0,382870.1516624679,0.0,1,0,382870.1516624679,382870.1516624679,0.0,1,0,382870.1516624679,4,15,456898.2929689893,13.032218280097746,0.7004834775649005,371.82662707711097,530.8142718364986,0.7004834775649005,-0.06666666666666667,-0.07692307692307693,0.6992577788237664,1.9340991497338185,0.8666666666666667,0.6986346484261625,0.8451602017589408,-0.14652555333277828,310304.9265528268,0,0.0,0.0,0.0,0,0.0,0.0,382870.1516624679,0.8379767610303901,0.8379767610303901,1,0.06666666666666667,1.0,382870.1516624679,0.8379767610303901,0.8379767610303901,1,0.06666666666666667,1.0,0.5382684907873766,0.46435515318248594,1.0883056480711906,0.9126902715630897,0.7881688912283658,0.7407920741792525,1.9902201641975703,1.956846040471571,0.5515592907366719,0.477946579130729,1.0787855798194783,0.904800079116395,0.0890936299347143,0.017541439103295635,0.29683377308707126,0.29683377308707126,0.5158311345646438,0.4287598944591029,low,low,mid,mid,1,0.0,0.0,0.0,0.7004834775649005,pre_price_events,7114,0x116e7d070f1888b81e1e0324f56d6746b2d7d8f1,1000863.055673601,300642.46895390877,149669.25197770135,5177.998050260203,-0.011736350020406463,0.015126466299819641,-0.04572125612943902
2026-05-03T01:00:00Z,1777770000,2026-05-03,0.0011475337366391,-0.012260534026810599,0.023963427460214515,-0.006610029689162578,-0.03265112537164894,CHOG,0.99,1777773538,2026-05-03T01:58:58Z,3538,observed,12,10,2,2,10,7,5,129767.7012082714,10876.2669163848,118891.4342918866,140643.9681246562,5452.4731227962475,0.038529480594146556,114.275445044,100.0,14.275445044,1406525.6666666667,1.0,1.1666666666666667,2,93329.76200152584,115082.29583429545,25561.672290360755,25561.672290360755,1,4,637.8247719478,2390.3586047174003,478.07172094348005,690.4074930340319,0.0,0.0,0,0,0.0,0.0,0.0,0,0,0.0,0.0,0.0,0,0,0.0,2,12,140643.96812465618,11.853994037413518,0.8453361767104737,136.43193184735065,161.39369827783722,0.8453361767104736,0.16666666666666666,-0.6,0.2668322529887546,1.4441504543952206,0.4166666666666667,0.8109827956153167,1.0,-0.18901720438468328,67768.08971116508,0,0.0,0.0,0.0,0,0.0,0.0,0.0,0.0,0.0,0,0.0,0.0,0.0,0.0,0.0,0,0.0,0.0,0.14292760169518726,0.1751570065493958,1.1956967419584372,1.1073555476605552,0.052927783585975864,0.1598243527410501,-0.11567319477573305,0.08905547274630395,0.10125017647462473,0.14360063061811704,1.144379434943368,1.0544244826489333,-0.6052310533921985,-0.8587562573778361,0.4855263157894737,0.4855263157894737,0.26710526315789473,0.2881578947368421,mid,mid,low,low,0,0.0,0.0,0.0,0.0,pre_price_events,7114,0x116e7d070f1888b81e1e0324f56d6746b2d7d8f1,1000863.055673601,300642.46895390877,149669.25197770135,5177.998050260203,0.020646276345494378,-0.011719751514176868,-0.04176068657617362
2026-05-03T02:00:00Z,1777773600,2026-05-03,0.0011750325780952,0.023963427460214515,0.006676165799859524,-0.05306312238344468,-0.05145792017019413,CHOG,0.99,1777777139,2026-05-03T02:58:59Z,3539,observed,15,14,2,2,14,2,13,8707.28719965671,54206.19187536861,-45498.9046757119,62913.479075025316,2405.369538284698,0.038172227301070887,118.55220480946667,100.0,18.552204809466666,947725.4666666667,1.0,1.0,1,-41502.9046757119,58917.479075025316,-3996.0,3996.0,1,12,-8248.989113084024,8255.394637653191,635.0303567425532,1493.2987353113756,0.0,0.0,0,0,0.0,0.0,0.0,0,0,0.0,0.0,0.0,0,0,0.0,2,15,62913.479075025316,11.049531608170211,-0.7231980387136712,-53.462695261609504,73.92538751446543,-0.723198038713671,-0.7333333333333333,-0.8461538461538461,-0.9992240801499723,2.351539134241376,0.8666666666666667,-0.7044243122293512,-1.0,0.2955756877706488,-37506.9046757119,0,0.0,0.0,0.0,0,0.0,0.0,0.0,0.0,0.0,0,0.0,0.0,0.0,0.0,0.0,0,0.0,0.0,-0.12992848773482882,-0.07511651661372322,-1.0182637739168492,-1.0850181277801905,0.09740520037861299,0.14818065990928012,-0.02605165382447001,0.08003346152262841,-0.127544239377024,-0.07223860965226231,-0.9804083998802274,-1.0540227612334172,-1.0528040236375713,-1.4268287457736837,0.568241469816273,0.568241469816273,0.16141732283464566,0.45931758530183725,mid,mid,low,mid,1,0.0,0.0,-0.0,-0.7231980387136712,pre_price_events,7114,0x116e7d070f1888b81e1e0324f56d6746b2d7d8f1,1000863.055673601,300642.46895390877,149669.25197770135,5177.998050260203,0.0042606217577260234,-0.05569932194526409,-0.058328141326614937
2026-05-03T03:00:00Z,1777777200,2026-05-03,0.0011828772904068,0.006676165799859524,-0.03629183363680666,-0.05787909536639679,-0.036853454140207575,CHOG,0.99,1777780734,2026-05-03T03:58:54Z,3534,observed,17,15,2,2,15,6,11,169772.7027385622,364.4608753231331,169408.24186323906,170137.16361388532,6637.421728236343,0.0384317801511059,104.90067737617647,100.0,4.90067737617647,1105470.4117647058,1.0,1.0,1,160259.59605825465,160988.5178089009,9148.645804984415,9148.645804984415,2,11,3130.69813735023,3859.6198879964954,296.893837538192,958.4928292520822,0.0,0.0,0,0,0.0,0.0,0.0,0,0,0.0,0.0,0.0,0,0,0.0,2,17,170137.16361388532,12.044366113089032,0.9957156817760258,200.38916210776807,201.2513870930911,0.9957156817760258,-0.29411764705882354,-0.6923076923076923,0.8111415704657268,3.228402573794692,0.7647058823529411,0.995472212797738,1.0,-0.00452778720226199,151110.95025327025,0,0.0,0.0,0.0,0,0.0,0.0,0.0,0.0,0.0,0,0.0,0.0,0.0,0.0,0.0,0,0.0,0.0,0.26858676073239546,0.21976756785636514,1.417040418398951,1.2827065315263118,0.09740520037861299,0.12050315292973401,-0.02605165382447001,0.057675856611853156,0.26423265833744225,0.21676751250035073,1.4135760402929871,1.2769664035631896,-0.41636101519559465,-0.6528365492755926,0.24738219895287958,0.24738219895287958,0.29712041884816753,0.49607329842931935,low,low,low,mid,1,0.0,0.0,0.0,0.9957156817760258,pre_price_events,7114,0x116e7d070f1888b81e1e0324f56d6746b2d7d8f1,1000863.055673601,300642.46895390877,149669.25197770135,5177.998050260203,-0.038380202141896545,-0.06215798938279631,-0.04536299490857558
2026-05-03T04:00:00Z,1777780800,2026-05-03,0.0011399485045706,-0.03629183363680666,-0.02391934711267585,-0.02621437346940192,-0.021175525095050496,CHOG,0.99,1777784343,2026-05-03T04:59:03Z,3543,observed,24,22,3,3,21,9,15,73781.4108861839,564301.7435250498,-490520.33263886586,638083.1544112337,24334.071618048834,0.038484269016477946,170.83537643091665,100.0,70.83537643091667,691164.1666666666,1.0,1.0833333333333333,2,-489001.627861759,628907.6120964392,-1518.7047771069429,9175.542314794497,8,14,2141.033185551701,25489.694913244024,1158.6224960565467,1943.772574389969,0.0,0.0,0,0,0.0,0.0,552627.4126612036,0,1,552627.4126612036,0.0,552627.4126612036,0,1,552627.4126612036,3,24,638083.1544112337,13.366225457094313,-0.7687404521617159,-559.1679196531484,727.3819376627771,-0.7687404521617159,-0.25,-0.2727272727272727,0.08399603027179645,1.6776582372651454,0.9166666666666666,-0.7775412770592662,-0.16551662288758756,-0.6120246541716787,-487482.92308465205,0,0.0,0.0,0.0,0,0.0,0.0,-552627.4126612036,-0.8660742864636803,0.8660742864636803,1,0.041666666666666664,-1.0,-552627.4126612036,-0.8660742864636803,0.8660742864636803,1,0.041666666666666664,-1.0,-1.2308615740087394,-0.7995125505009861,-1.1687513877258895,-1.161808542396651,-1.62633564377677,-0.7994555721147805,-2.3560640728352804,-1.950554181832433,-1.264287606724397,-0.8318938280159094,-1.1675121585836512,-1.1675608423721715,0.500892265004335,0.36527496514197044,0.8107049608355091,0.8107049608355091,0.5992167101827677,0.7180156657963447,high,high,mid,high,0,-0.0,-552627.4126612036,-0.0,-0.0,pre_price_events,7114,0x116e7d070f1888b81e1e0324f56d6746b2d7d8f1,1000863.055673601,300642.46895390877,149669.25197770135,5177.998050260203,-0.027485551658969345,-0.035128306102563685,-0.0364607601045671
2026-05-03T05:00:00Z,1777784400,2026-05-03,0.0011126816805992,-0.02391934711267585,0.001556368132588748,0.0016951522864869784,0.004617201176470687,CHOG,0.99,1777787937,2026-05-03T05:58:57Z,3537,observed,20,19,3,3,17,8,12,175790.74821687432,609445.9072038109,-433655.1589869365,785236.6554206852,29246.888943210477,0.03761143749315707,411.4005766377501,100.0,311.40057663775,789817.55,1.0,1.1,2,-403274.9177359422,754856.4141696908,-30380.24125099431,30380.24125099431,1,10,-4248.462676633226,12059.978827291689,1096.3617115719717,1687.2913796742084,0.0,0.0,0,0,0.0,0.0,571991.75,0,1,571991.75,0.0,571991.75,0,1,571991.75,3,20,785236.6554206851,13.573741696705131,-0.5522604631270158,-482.52015110209777,873.7184414215828,-0.5522604631270158,-0.2,-0.8181818181818182,-0.3522777889973546,1.5389915224738717,0.55,-0.5342405657101384,-1.0,0.46575943428986155,-372894.67648494785,0,0.0,0.0,0.0,0,0.0,0.0,-571991.75,-0.7284323089751322,0.7284323089751322,1,0.05,-1.0,-571991.75,-0.7284323089751322,0.7284323089751322,1,0.05,-1.0,-1.0162093227122333,-0.6933984735631048,-0.7832000690569569,-0.8378345819239624,-1.5298726882706382,-0.8100797982284053,-1.809162075717796,-1.582438943722781,-0.982095750608316,-0.6750642879159444,-0.7479070283351857,-0.8086708750877097,0.6350621872964978,0.5368462719003544,0.9309895833333334,0.9309895833333334,0.6549479166666666,0.5729166666666666,high,high,mid,mid,0,-0.0,-571991.75,-0.0,-0.0,pre_price_events,7114,0x116e7d070f1888b81e1e0324f56d6746b2d7d8f1,1000863.055673601,300642.46895390877,149669.25197770135,5177.998050260203,-0.0003170441664973253,-0.0054432741375737385,-0.006915340902928396
2026-05-03T06:00:00Z,1777788000,2026-05-03,0.0011144134229086,0.001556368132588748,-0.0039015629956715703,0.022317349209405535,-0.011951059574497158,CHOG,0.99,1777791538,2026-05-03T06:58:58Z,3538,observed,16,14,4,4,14,2,14,52660.335537635015,63815.80529454532,-11155.469756910306,116476.14083218033,4342.512917472959,0.03504994247288564,110.334284659375,100.0,10.334284659375,1333780.1875,1.0,1.0,1,2183.3558609721686,103137.31521429785,-13338.825617882474,13338.825617882474,1,12,-3671.5450472291873,3959.056902499545,304.54283865381115,606.6922773204558,0.0,0.0,0,0,0.0,0.0,0.0,0,0,0.0,0.0,0.0,0,0,0.0,4,16,116476.14083218032,11.665450316702222,-0.09577471984569945,-12.431805235951781,129.80257479197422,-0.09577471984569945,-0.75,-0.8461538461538461,-0.9273787009505124,1.9921410071642263,0.8125,0.021169407565395804,-1.0,1.0211694075653959,15522.181478854644,1,0.0,0.0,0.0,0,0.0,0.0,0.0,0.0,0.0,0,0.0,0.0,0.0,0.0,0.0,0,0.0,0.0,-0.1605841786107974,-0.04757245352226118,-0.14450317210545513,-0.2114137174477535,-0.009537771934575027,0.11652184630871809,0.07191522513953795,0.08578446872906821,-0.13032473663795946,-0.02558190814325485,0.025505578973283843,-0.04995715414316989,-0.5906462798888013,-0.9118628026374481,0.38831168831168833,0.38831168831168833,0.23246753246753246,0.45584415584415583,mid,mid,low,mid,1,0.0,0.0,2183.3558609721686,-0.09577471984569945,pre_price_events,7114,0x116e7d070f1888b81e1e0324f56d6746b2d7d8f1,1000863.055673601,300642.46895390877,149669.25197770135,5177.998050260203,-0.006951078546289886,0.01769452021958071,-0.021291130295899838
2026-05-03T07:00:00Z,1777791600,2026-05-03,0.0011100654687359,-0.0039015629956715703,0.004055956054039855,0.0051744945058429526,-0.00468379913873096,CHOG,0.99,1777795137,2026-05-03T07:58:57Z,3537,observed,16,16,2,2,16,4,12,1123.7203731926766,4177.996161357406,-3054.2757881647294,5301.716534550082,196.5269018204115,0.03677471594944202,103.0218136636875,100.0,3.0218136636875,560150.6875,1.0,1.0,1,-3080.758362697321,5275.225028016131,26.482574532591673,26.49150653395171,4,12,-3054.2757881647294,5301.716534550082,331.3572834093801,1046.650919017126,0.0,0.0,0,0,0.0,0.0,0.0,0,0,0.0,0.0,0.0,0,0,0.0,2,16,5301.716534550082,8.575974521918134,-0.5760918691636394,-3.390446084437791,5.885252450030208,-0.5760918691636394,-0.5,-0.5,-0.5760918691636394,3.1586778725609785,1.0,-0.5840051080922155,0.999662835280863,-1.5836679433730785,-3107.2409372299126,1,0.0,0.0,0.0,0,0.0,0.0,0.0,0.0,0.0,0,0.0,0.0,0.0,0.0,0.0,0,0.0,0.0,-0.015040012678492323,-0.03206637538133831,-0.7883357460123203,-0.8561663088988006,-0.009537771934575027,0.11652184630871809,0.07191522513953795,0.08578446872906821,-0.01714976958955473,-0.03239073313122893,-0.797942181668354,-0.8647946536889232,-2.291940541220878,-3.080514007178732,0.16191709844559585,0.16191709844559585,0.03238341968911917,0.5297927461139896,low,low,low,mid,0,0.0,0.0,-3080.758362697321,-0.0,pre_price_events,7114,0x116e7d070f1888b81e1e0324f56d6746b2d7d8f1,1000863.055673601,300642.46895390877,149669.25197770135,5177.998050260203,-0.004991202218283686,-0.0004887072875154191,-0.019581467839631495
2026-05-03T08:00:00Z,1777795200,2026-05-03,0.0011145678454942,0.004055956054039855,0.022175707864729333,0.0029171039545452526,-0.015948190641206117,CHOG,0.99,1777798734,2026-05-03T08:58:54Z,3534,observed,40,29,4,4,29,14,26,312780.5582449022,57358.08789296245,255422.47035193973,370138.6461378647,13930.525352822522,0.034985466923876704,124.15105210915002,100.0,24.151052109149997,3256835.6,1.0,2.0,5,263499.61605458317,360592.0788119148,-8077.14570264343,9546.567325949829,9,22,-12520.757048499763,13995.418737425147,451.4651205621015,644.7597647760354,0.0,0.0,0,0,0.0,0.0,0.0,0,0,0.0,0.0,0.0,0,0,0.0,4,40,370138.6461378646,12.821635635408871,0.6900724175037997,284.68567247096763,412.54463336001993,0.6900724175037997,-0.3,-0.41935483870967744,-0.8946325425060708,1.4281496740507225,0.775,0.7307415540650988,-0.8460785355473099,1.5768200896124087,271576.7617572266,1,0.0,0.0,0.0,0,0.0,0.0,0.0,0.0,0.0,0,0.0,0.0,0.0,0.0,0.0,0,0.0,0.0,0.7151273708047068,0.384766199113523,1.066378070028443,0.8892003515375794,-0.009537771934575027,0.11652184630871809,0.07191522513953795,0.08578446872906821,0.7632530230656157,0.4182371482208897,1.119093973478482,0.938623437072535,0.24971386581574154,0.007893399883495284,0.6395348837209303,0.6395348837209303,0.46124031007751937,0.872093023255814,mid,mid,mid,high,1,0.0,0.0,263499.61605458317,0.6900724175037997,pre_price_events,7114,0x116e7d070f1888b81e1e0324f56d6746b2d7d8f1,1000863.055673601,300642.46895390877,149669.25197770135,5177.998050260203,0.01896242918762247,-0.005297487886356802,-0.03381747548032675
2026-05-03T09:00:00Z,1777798800,2026-05-03,0.0011392841764313,0.022175707864729333,-0.020604762632473572,-0.03352032400741678,-0.1151601817117941,CHOG,0.99,1777802336,2026-05-03T09:58:56Z,3536,observed,25,23,3,3,21,8,17,436735.58969218243,131822.18508245164,304913.4046097308,568557.774774634,21784.909393343423,0.03790131717071615,127.98844233403999,100.0,27.988442334040002,610659.36,1.0,1.24,3,290393.3813312469,554037.7514961502,14520.0232784839,14520.0232784839,5,12,-257.9651142802138,2566.433568816372,150.9666805186101,369.3489513920304,0.0,0.0,0,0,0.0,411999.39688340283,0.0,1,0,411999.39688340283,411999.39688340283,0.0,1,0,411999.39688340283,3,25,568557.774774634,13.250859972536153,0.5362927360031141,347.383017053661,647.7488761877315,0.5362927360031141,-0.36,-0.4117647058823529,-0.10051501718752308,2.4465594005460014,0.68,0.5241400618406502,1.0,-0.4758599381593498,275873.35805276304,0,0.0,0.0,0.0,0,0.0,0.0,411999.39688340283,0.7246394564680994,0.7246394564680994,1,0.04,1.0,411999.39688340283,0.7246394564680994,0.7246394564680994,1,0.04,1.0,0.8168607280125635,0.4540052860054747,0.8475593978227208,0.6557928827290918,1.2810472501258656,0.8389643514448826,1.918025442809214,1.738124997661339,0.802514089856123,0.4526383292708845,0.8185005444348289,0.6333995627993759,0.48082373250535526,0.32334715095559535,0.6713917525773195,0.6713917525773195,0.5760309278350515,0.7177835051546392,high,high,mid,high,1,0.0,411999.39688340283,0.0,0.5362927360031141,pre_price_events,7114,0x116e7d070f1888b81e1e0324f56d6746b2d7d8f1,1000863.055673601,300642.46895390877,149669.25197770135,5177.998050260203,-0.020181772931545456,-0.037580075330994764,-0.12327332627862186
2026-05-03T10:00:00Z,1777802400,2026-05-03,0.001115809496405,-0.020604762632473572,0.001801077482648239,-0.009807544559136794,-0.12389870973926631,CHOG,0.99,1777805934,2026-05-03T10:58:54Z,3534,observed,15,15,2,2,15,0,15,0.0,174478.27211090337,-174478.27211090337,174478.27211090337,6574.338127953149,0.03780141275518713,102.83422826346667,100.0,2.8342282634666662,711205.8666666667,1.0,1.0,1,-174476.79885799962,174476.79885799962,-1.4732529037478745,1.4732529037478745,0,13,-1.4732529037478745,1.4732529037478745,0.1133271464421442,0.2950615436861577,0.0,0.0,0,0,0.0,0.0,0.0,0,0,0.0,0.0,0.0,0,0,0.0,2,15,174478.27211090337,12.06956122910445,-1.0,-194.68451293768163,194.68451293768163,-1.0,-1.0,-1.0,-1.0,2.603626341520852,0.8666666666666667,-1.0,-1.0,0.0,-174475.32560509586,0,0.0,0.0,0.0,0,0.0,0.0,0.0,0.0,0.0,0,0.0,0.0,0.0,0.0,0.0,0,0.0,0.0,-0.5239692543938794,-0.3430101257842585,-1.435882276405791,-1.4829979259935853,-0.06528855221888352,0.08341892202399916,-0.014605473635501997,0.015136908932405465,-0.5473359852970744,-0.35808856072383055,-1.450998561320763,-1.478194278704525,-0.2744247959711965,-0.5307486594479427,0.14781491002570693,0.14781491002570693,0.3046272493573265,0.4910025706940874,low,low,low,mid,0,0.0,0.0,-0.0,-0.0,pre_price_events,7114,0x116e7d070f1888b81e1e0324f56d6746b2d7d8f1,1000863.055673601,300642.46895390877,149669.25197770135,5177.998050260203,-0.0020444984989846015,-0.01609979852538476,-0.13511778397901691
2026-05-03T11:00:00Z,1777806000,2026-05-03,0.0011178191557639,0.001801077482648239,-0.01496141301288667,-0.018810422637488777,-0.12547379918753554,CHOG,0.99,1777809533,2026-05-03T11:58:53Z,3533,observed,18,18,2,2,18,2,16,30111.420554237804,452090.2682284037,-421978.8476741659,482201.68878264155,17979.763071389287,0.03780329275206385,103.14261203038889,100.0,3.142612030388889,553965.9444444445,1.0,1.0,1,-421915.98754013726,482138.8286486129,-62.86013402862336,62.86013402862336,0,15,-2090.268228403712,2090.268228403712,139.35121522691412,518.5631275028105,0.0,0.0,0,0,0.0,0.0,450000.0,0,1,450000.0,0.0,450000.0,0,1,450000.0,2,18,482201.6887826415,13.086119820787161,-0.8751086059849496,-471.6960392573595,539.0142846629392,-0.8751086059849496,-0.7777777777777778,-1.0,-1.0,3.7212673506894247,0.8333333333333334,-0.8750923229367893,-1.0,0.12490767706321071,-421853.12740610866,0,0.0,0.0,0.0,0,0.0,0.0,-450000.0,-0.9332194607946368,0.9332194607946368,1,0.05555555555555555,-1.0,-450000.0,-0.9332194607946368,0.9332194607946368,1,0.05555555555555555,-1.0,-1.525264972139401,-0.7352309363896601,-1.2449307846918347,-1.2729199243143425,-1.5222898584721316,-0.7179687083042878,-2.2730480605616843,-2.1212153642903,-1.5705848153070538,-0.7691019523787371,-1.2592580392162989,-1.2690068835620951,0.4409442971588013,0.20632483511466507,0.17051282051282052,0.17051282051282052,0.5294871794871795,0.6166666666666667,low,low,mid,mid,1,-0.0,-0.0,-0.0,-0.8751086059849496,pre_price_events,7114,0x116e7d070f1888b81e1e0324f56d6746b2d7d8f1,1000863.055673601,300642.46895390877,149669.25197770135,5177.998050260203,-0.015623035813792964,-0.02348525722255639,-0.13344948439430696
2026-05-03T12:00:00Z,1777809600,2026-05-03,0.0011010950017008,-0.01496141301288667,0.0034249027948314303,-0.08447136523645205,-0.1121909208782037,CHOG,0.99,1777813134,2026-05-03T12:58:54Z,3534,observed,10,10,2,2,10,2,8,53385.25496833662,6218.860594632803,47166.39437370382,59604.115562969426,2238.357467319868,0.03735826224274267,102.0995830859,100.0,2.0995830859,571143.1,1.0,1.0,1,47197.694383608825,59572.81555306442,-31.300009905,31.300009905,1,8,-6192.531739347091,6245.189449918515,693.909938879835,1350.8448994354346,0.0,0.0,0,0,0.0,0.0,0.0,0,0,0.0,0.0,0.0,0,0,0.0,2,10,59604.11556296942,10.995496680963567,0.791327812319845,51.93468109313401,65.6297937271825,0.791327812319845,-0.6,-0.7777777777777778,-0.9915682765120744,1.9467150184014899,0.9,0.7922689895623203,-1.0,1.7922689895623203,47228.99439351382,1,0.0,0.0,0.0,0,0.0,0.0,0.0,0.0,0.0,0,0.0,0.0,0.0,0.0,0.0,0,0.0,0.0,0.20213861030108488,0.04125573221676753,1.2882838053664603,1.0448363871626352,-0.060759612502733845,0.0944025560986356,0.026891803458741318,0.044732042129119735,0.20465479010316512,0.04506025025563838,1.2821390724057438,1.0394462102047481,-0.9837710810908323,-1.298426277992423,0.04475703324808184,0.04475703324808184,0.1547314578005115,0.2813299232736573,low,low,low,low,0,0.0,0.0,47197.694383608825,0.0,pre_price_events,7114,0x116e7d070f1888b81e1e0324f56d6746b2d7d8f1,1000863.055673601,300642.46895390877,149669.25197770135,5177.998050260203,-0.0014424632921134209,-0.08963728358193769,-0.12211357536794844
2026-05-03T13:00:00Z,1777813200,2026-05-03,0.0011048661450495,0.0034249027948314303,-0.007307346753246846,-0.11522120225540677,-0.11522120225540677,CHOG,0.99,1777816734,2026-05-03T13:58:54Z,3534,observed,10,10,2,2,10,3,7,208775.2812782765,200.32880439410835,208574.95247388238,208975.61008267058,7910.264199061938,0.03727762743940363,102.0949739838,100.0,2.0949739838,528186.1,1.0,1.0,1,208774.95937388242,208775.60318267057,-200.0069000000066,200.0069000000066,1,7,4676.481937103988,5077.139545892204,634.6424432365255,1715.5221972382242,0.0,0.0,0,0,0.0,0.0,0.0,0,0,0.0,158664.609651267,0.0,1,0,158664.609651267,2,10,208975.61008267058,12.249977611204121,0.9980827542093085,230.4474036937011,230.89007672140764,0.9980827542093086,-0.4,-0.75,0.9210859569317177,2.703131843009851,0.8,0.9999969162642649,-1.0,1.9999969162642648,208974.96627388243,1,0.0,0.0,0.0,0,0.0,0.0,0.0,0.0,0.0,0,0.0,0.0,158664.609651267,0.7592494147450959,0.7592494147450959,1,0.1,1.0,0.730908370702495,0.32607743459607363,1.4512435315674328,1.3324691454189657,-0.060759612502733845,0.11494734918303806,0.026891803458741318,0.07505694772887499,0.7491446726519775,0.34287133625681826,1.4479356750931407,1.3270230240888066,-0.09431175795400151,-0.3724481490968291,0.044642857142857144,0.044642857142857144,0.33035714285714285,0.28188775510204084,low,low,low,low,1,0.0,0.0,208774.95937388242,0.9980827542093085,pre_price_events,7114,0x116e7d070f1888b81e1e0324f56d6746b2d7d8f1,1000863.055673601,300642.46895390877,149669.25197770135,5177.998050260203,-0.008550162727417262,-0.11856996334021436,-0.12073080505050202
2026-05-03T14:00:00Z,1777816800,2026-05-03,0.0010967925050117,-0.007307346753246846,-0.08087993030063045,-0.10870822419125514,-0.10181788668532954,CHOG,0.99,1777820337,2026-05-03T14:58:57Z,3537,observed,22,20,3,3,18,10,12,360457.1712179962,581744.4325628079,-221287.26134481173,942201.6037808042,34889.542322097834,0.03709188267111266,117.53617818645453,100.0,17.536178186454546,774716.6363636364,1.0,1.2727272727272727,3,-215741.7856444092,936656.1280804016,-5545.475700402543,5545.475700402543,2,11,-4207.201253479327,15298.133824244413,1176.779524941878,1909.8002563207203,0.0,0.0,0,0,0.0,0.0,571991.7650239461,0,1,571991.7650239461,0.0,571991.7650239461,0,1,571991.7650239461,3,22,942201.6037808042,13.755975608756044,-0.23486190265103016,-242.7062096975548,1033.3996572367896,-0.23486190265103016,-0.09090909090909091,-0.6923076923076923,-0.27501401816813587,1.6229040494352982,0.5909090909090909,-0.2303319000181571,-1.0,0.7696680999818429,-210196.30994400664,0,0.0,0.0,0.0,0,0.0,0.0,-571991.7650239461,-0.6070800163454354,0.6070800163454354,1,0.045454545454545456,-1.0,-571991.7650239461,-0.6070800163454354,0.6070800163454354,1,0.045454545454545456,-1.0,-0.8023604836913899,-0.40313163554101006,-0.3221408478851117,-0.3974131996997626,-1.8399647865934947,-0.9133238044739417,-1.4121028154894968,-1.3407140212134734,-0.8091681488837723,-0.4117475587110784,-0.3275461550625903,-0.39197588010571416,0.9531350678018403,0.7219943801326073,0.5585241730279898,0.5585241730279898,0.6984732824427481,0.6183206106870229,mid,mid,high,mid,0,-571991.7650239461,-0.0,-0.0,-0.0,pre_price_events,7114,0x116e7d070f1888b81e1e0324f56d6746b2d7d8f1,1000863.055673601,300642.46895390877,149669.25197770135,5177.998050260203,-0.0814050312324777,-0.1147152686311888,-0.11173939385214779
2026-05-03T15:00:00Z,1777820400,2026-05-03,0.0010080840036521,-0.08087993030063045,-0.030277103947612516,-0.030277103947612516,-0.022780436501128265,CHOG,0.99,1777823935,2026-05-03T15:58:55Z,3535,observed,71,58,5,4,49,38,33,2269591.088143294,4425618.931650921,-2156027.843507626,6695210.0197942145,227279.48762210013,0.03207860789489928,5743.196536914944,100.0,5643.196536914944,1137295.7464788733,1.0,1.3098591549295775,4,-2029107.8136701912,6472114.802547527,-126920.02983743483,223095.21724668765,18,22,-2448.536618668271,27193.660748866132,679.8415187216533,1043.7689906157966,0.0,3408011.6989044677,0,1,3408011.6989044677,819953.1617352355,3758904.952436628,2,2,4578858.1141718635,1667516.5885949368,4171746.064832749,6,4,5839262.653427686,5,71,6695210.0197942145,15.716903055624021,-0.32202542371835774,-2173.4571804685706,6749.334122045807,-0.3220254237183577,0.07042253521126761,-0.1,-0.09004071357955604,1.535312218910163,0.5633802816901409,-0.31351542356317635,-0.5689052029165329,0.25538977935335655,-1902187.7838327563,0,-3408011.6989044677,-0.5090223740299064,0.5090223740299064,1,0.014084507042253521,-1.0,-2938951.790701392,-0.4389633457370952,0.6839005946989846,4,0.056338028169014086,0.0,-2504229.476237812,-0.37403299804399304,0.8721552626674977,10,0.14084507042253522,0.2,-4.0724785264740415,-3.31916337132307,-0.4180678070199318,-0.5017804748368541,-4.249229597384222,-4.406204494601498,-0.9276345039025223,-0.9177909906821725,-4.035116348754238,-3.2823555207790784,-0.4179022260998034,-0.4904249356521094,2.094079487158061,2.068242052005777,0.983502538071066,0.983502538071066,0.9809644670050761,0.9644670050761421,high,high,high,high,0,-2938951.790701392,-2938951.790701392,-0.0,-0.0,pre_price_events,7114,0x116e7d070f1888b81e1e0324f56d6746b2d7d8f1,1000863.055673601,300642.46895390877,149669.25197770135,5177.998050260203,-0.037646525372991076,-0.05047700534457358,-0.06123241390117094
2026-05-03T16:00:00Z,1777824000,2026-05-03,0.0009775621394856,-0.030277103947612516,0.0,0.0,0.007730731611063524,CHOG,0.99,1777827534,2026-05-03T16:58:54Z,3534,observed,48,33,5,4,33,26,22,587988.7743575365,626183.427593094,-38194.653235557475,1214172.2019506304,41258.01323406274,0.03335896379561949,115.09933774985417,100.0,15.099337749854167,2110816.0416666665,1.0,1.1666666666666667,3,-27969.23845019276,1153617.8493456913,-10225.414785364743,60554.352604939086,16,15,17375.00368874144,45884.77696308955,1480.154095583534,1541.455997463691,0.0,0.0,0,0,0.0,0.0,447447.11226412473,0,1,447447.11226412473,0.0,447447.11226412473,0,1,447447.11226412473,5,48,1214172.2019506302,14.009573910895158,-0.031457360969223136,-37.33764693386215,1186.9287754428,-0.031457360969223136,0.08333333333333333,0.03225806451612903,0.37866597243609074,1.0414158918068523,0.6458333333333334,-0.024244803828283642,-0.16886341518793996,0.1446186113596563,-17743.823664828014,0,0.0,0.0,0.0,0,0.0,0.0,-447447.11226412473,-0.3685203067120774,0.3685203067120774,1,0.020833333333333332,-1.0,-447447.11226412473,-0.3685203067120774,0.3685203067120774,1,0.020833333333333332,-1.0,0.19218104987297505,-0.0030549654241581073,0.03221368372776705,-0.07612020288856775,-0.4263500547328465,-0.49410299212873776,-0.6920375089304905,-0.73186692384115,0.20717699806771736,0.0103479440912227,0.031581134231016196,-0.06835648715768158,1.0094182612300546,0.8636441433999995,0.5,0.5,0.7632911392405063,0.9037974683544304,mid,mid,high,high,0,-447447.11226412473,-0.0,-0.0,-0.0,pre_price_events,7114,0x116e7d070f1888b81e1e0324f56d6746b2d7d8f1,1000863.055673601,300642.46895390877,149669.25197770135,5177.998050260203,-0.0044003993975078376,-0.012297058304082295,-0.016416663612289325
2026-05-03T17:00:00Z,1777827600,2026-05-03,0.0009775621394856,0.0,0.0,0.007730731611063524,0.007730731611063524,CHOG,0.99,1777827534,2026-05-03T16:58:54Z,-66,forward_fill,12,11,3,3,11,7,5,34845.67822494255,0.9352492197197332,34844.74297572283,34846.61347416227,1204.0154073227811,0.03428392462306706,113.75659908658334,100.0,13.756599086583334,788719.3333333334,1.0,1.0,1,17256.563209432563,17258.43370786848,17588.17976629027,17588.17976629379,5,5,671.590288720884,673.4607871603234,67.34607871603234,138.54218072548514,0.0,0.0,0,0,0.0,0.0,0.0,0,0,0.0,0.0,0.0,0,0,0.0,3,12,34846.613474162266,10.458739933905857,0.9999463219448619,34.06290149317344,34.064730021629806,0.9999463219448619,0.16666666666666666,0.0,0.9972225577567382,2.0571677426039052,0.8333333333333334,0.9998916182970263,0.9999999999997999,-0.00010838170277360781,-331.61655685770893,0,0.0,0.0,0.0,0,0.0,0.0,0.0,0.0,0.0,0,0.0,0.0,0.0,0.0,0.0,0,0.0,0.0,0.35648408886837013,0.10955318343214397,1.4245450568445852,1.3539371205653017,0.31577818069821306,0.22712822255015355,0.2478828339358098,0.17189584752058087,0.3216242890067245,0.08257083628935778,1.4181793173758162,1.34565946206173,-1.1812404363297058,-1.6139419280214111,0.47853535353535354,0.47853535353535354,0.12247474747474747,0.32954545454545453,mid,mid,low,low,0,0.0,0.0,0.0,0.0,pre_price_events,7114,0x116e7d070f1888b81e1e0324f56d6746b2d7d8f1,1000863.055673601,300642.46895390877,149669.25197770135,5177.998050260203,-0.004942817627116909,0.003421266261275602,-0.0019249955849932887
2026-05-03T18:00:00Z,1777831200,2026-05-03,0.0009775621394856,0.0,0.0,0.007730731611063524,0.02945786857237853,CHOG,0.99,1777827534,2026-05-03T16:58:54Z,-3666,forward_fill,9,8,3,3,8,4,5,157239.21630999487,216628.54516490246,-59389.328854907566,373867.7614748973,12796.72243306746,0.03429844821084996,115.93770604677778,100.0,15.937706046777777,1258658.4444444445,1.0,1.0,1,-48632.903719015565,363111.3363390053,-10756.425135892003,10756.425135892003,1,3,-1355.465976583033,1644.6506775417477,411.1626693854369,729.1228946318577,0.0,0.0,0,0,0.0,0.0,0.0,0,0,0.0,0.0,204372.06249594805,0,1,204372.06249594805,3,9,373867.7614748973,12.831660109667718,-0.15885116336487107,-58.05675937801731,365.4789687920926,-0.15885116336487107,-0.1111111111111111,-0.5,-0.8241664902415886,1.7733197805181937,0.4444444444444444,-0.13393386229509308,-1.0,0.8660661377049069,-37876.478583123564,0,0.0,0.0,0.0,0,0.0,0.0,0.0,0.0,0.0,0,0.0,0.0,-204372.06249594805,-0.5466426462921175,0.5466426462921175,1,0.1111111111111111,-1.0,0.14495365494961185,-0.04421342795999249,-0.26045954564059154,-0.3105187981073115,0.31577818069821306,0.22712822255015355,0.2478828339358098,0.17189584752058087,0.16073979299426,-0.03211404863701663,-0.2374640191576952,-0.2784487069773622,0.3452835516288864,0.040101551748222275,0.5302267002518891,0.5302267002518891,0.464735516372796,0.19269521410579346,mid,mid,mid,low,0,0.0,0.0,-0.0,-0.0,pre_price_events,7114,0x116e7d070f1888b81e1e0324f56d6746b2d7d8f1,1000863.055673601,300642.46895390877,149669.25197770135,5177.998050260203,-0.00033929581262236955,0.004361331829327965,0.024845455020732748
2026-05-03T19:00:00Z,1777834800,2026-05-03,0.0009775621394856,0.0,0.007730731611063524,0.007730731611063524,0.016929009442415932,CHOG,0.99,1777827534,2026-05-03T16:58:54Z,-7266,forward_fill,21,17,4,4,14,11,10,134672.43615255284,835074.1687969397,-700401.7326443868,969746.6049494925,32351.63371988716,0.03209698469634893,210.6155811284762,100.0,110.6155811284762,1103319.1904761905,1.0,1.380952380952381,3,-674595.6568763328,937171.7088585712,-25806.075768053965,32574.89609092121,4,6,3402.940240950526,7304.493174916712,730.4493174916712,1100.9213613186878,0.0,0.0,0,0,0.0,0.0,800000.0,0,1,800000.0,0.0,800000.0,0,1,800000.0,4,21,969746.6049494924,13.784791115538393,-0.7222523173266133,-684.686216263268,947.9875658933228,-0.7222523173266133,0.047619047619047616,-0.2,0.46586945315193995,1.5071837771020176,0.47619047619047616,-0.7198207655008675,-0.792207462336196,0.0723866968353285,-648789.5811082788,0,0.0,0.0,0.0,0,0.0,0.0,-800000.0,-0.8249577734192393,0.8249577734192393,1,0.047619047619047616,-1.0,-800000.0,-0.8249577734192393,0.8249577734192393,1,0.047619047619047616,-1.0,-1.1249215610515493,-1.0372289244004869,-1.1175642913174013,-1.0900469175958571,-0.8964073083721869,-1.0333360397198688,-1.6280999987093958,-1.8151624828728814,-1.1461552327390712,-1.0521886623218257,-1.131556308303096,-1.0880597510875396,0.9113264418166767,0.6952416356038253,0.8706030150753769,0.8706030150753769,0.699748743718593,0.45226130653266333,high,high,high,mid,0,-800000.0,-800000.0,-0.0,-0.0,pre_price_events,7114,0x116e7d070f1888b81e1e0324f56d6746b2d7d8f1,1000863.055673601,300642.46895390877,149669.25197770135,5177.998050260203,0.00789698080633974,0.0025267990337373277,0.008471614572890114
2026-05-03T20:00:00Z,1777838400,2026-05-03,0.0009851194100191,0.007730731611063524,0.0,0.0,0.009127713924777403,CHOG,0.99,1777841939,2026-05-03T20:58:59Z,3539,observed,10,9,2,2,9,6,4,512604.6027839393,92.38254278365869,512512.2202411556,512696.9853267229,17387.730275194663,0.03359516678255457,102.8240408687,100.0,2.8240408687,811609.4,1.0,1.0,1,511684.5530115576,511771.43977110815,827.667229598022,925.5455556147601,2,4,1668.0084735402947,1852.773559107612,308.795593184602,443.0892850781357,0.0,0.0,0,0,0.0,441628.493048005,0.0,1,0,441628.493048005,441628.493048005,0.0,1,0,441628.493048005,2,10,512696.98532672296,13.14744222822774,0.9996396212756165,504.8857360315463,505.0677517036325,0.9996396212756165,0.2,-0.3333333333333333,0.9002764883711373,1.4348951049092566,0.6,0.99983022350839,0.8942479649726955,0.10558225853569447,510856.8857819596,0,0.0,0.0,0.0,0,0.0,0.0,441628.493048005,0.8613830501979086,0.8613830501979086,1,0.1,1.0,441628.493048005,0.8613830501979086,0.8613830501979086,1,0.1,1.0,1.2559384686375745,0.8802614487506185,1.3640072640856622,1.3917816419465847,1.0096692965124412,0.9466666734658764,2.0466315560584643,2.2526235236575523,1.3019100766473617,0.9192427194839237,1.3581376380947046,1.3836199830873255,0.44120906240657504,0.245268181406668,0.14912280701754385,0.14912280701754385,0.5451127819548872,0.23433583959899748,low,low,mid,low,1,0.0,0.0,0.0,0.9996396212756165,pre_price_events,7114,0x116e7d070f1888b81e1e0324f56d6746b2d7d8f1,1000863.055673601,300642.46895390877,149669.25197770135,5177.998050260203,0.0006995088977292016,-0.0028119052230630394,0.0055953189348793755
2026-05-03T21:00:00Z,1777842000,2026-05-03,0.0009851194100191,0.0,0.0,0.02156045884060709,0.009127713924777403,CHOG,0.99,1777841939,2026-05-03T20:58:59Z,-61,forward_fill,5,5,1,1,5,2,3,37509.60946880206,14424.507320940065,23085.102147861995,51934.116789742126,1772.3134297897482,0.03391609004505905,302.2493897898,100.0,202.2493897898,542573.6,1.0,1.0,1,23085.102147861995,51934.116789742126,0.0,0.0,0,2,-1.7193308761597e-05,1.7193308761597e-05,8.5966543807985e-06,1.1980337397074967e-05,0.0,0.0,0,0,0.0,0.0,0.0,0,0,0.0,0.0,0.0,0,0,0.0,1,5,51934.11678974213,10.857750464426923,0.44450745627047417,22.741582208132467,51.1613064917738,0.4445074562704741,-0.2,-1.0,-1.0,1.3936046357562386,0.4,0.44450745627047417,0.0,0.44450745627047417,23085.102147861995,0,0.0,0.0,0.0,0,0.0,0.0,0.0,0.0,0.0,0,0.0,0.0,0.0,0.0,0.0,0,0.0,0.0,0.28710617351775974,0.1042403907162809,0.5166009825914614,0.5707479219593989,0.3278493914205559,0.24108706002855163,0.20836260836290424,0.19360267380780954,0.28605033296599347,0.10482777287603992,0.5073672548455161,0.5645907359283671,-1.1518269937730454,-1.3464044307762577,0.91875,0.91875,0.14125,0.08125,high,high,low,low,0,0.0,0.0,0.0,0.0,pre_price_events,7114,0x116e7d070f1888b81e1e0324f56d6746b2d7d8f1,1000863.055673601,300642.46895390877,149669.25197770135,5177.998050260203,-0.00350783444196255,0.01849721342527355,0.003207840428146946
2026-05-03T22:00:00Z,1777845600,2026-05-03,0.0009851194100191,0.0,0.0,0.009127713924777403,0.09314843525915384,CHOG,0.99,1777841939,2026-05-03T20:58:59Z,-3661,forward_fill,16,12,4,4,12,11,5,311693.33467679186,65236.15552204604,246457.1791547458,376929.4901988379,12924.86427308648,0.03218209147375557,108.59097625025,100.0,8.59097625025,1804497.3125,1.0,1.0,1,215826.12806917483,345534.2232096306,30631.051085570984,31395.266989207325,5,3,7945.507574250575,9873.444509611865,1234.1805637014832,1298.722566064009,0.0,0.0,0,0,0.0,0.0,0.0,0,0,0.0,0.0,0.0,0,0,0.0,4,16,376929.4901988378,12.839816073300376,0.6538548602942548,242.78975092389481,371.32055700347934,0.6538548602942547,0.375,0.25,0.8047351222276653,1.0522954292595204,0.5,0.6246157791965986,0.9756582447953364,-0.35104246559873775,185195.07698360385,0,0.0,0.0,0.0,0,0.0,0.0,0.0,0.0,0.0,0,0.0,0.0,0.0,0.0,0.0,0,0.0,0.0,0.6737775801249251,0.4661525226211766,0.751709784372714,0.8897754349153466,0.3278493914205559,0.2526239265106562,0.20836260836290424,0.22900878982308295,0.6343091982355711,0.4342163554778874,0.704494229848172,0.8408743110568259,0.25911856807046685,0.03508850088517833,0.35286783042394015,0.35286783042394015,0.46758104738154616,0.3865336658354115,mid,mid,mid,mid,0,0.0,0.0,0.0,0.0,pre_price_events,7114,0x116e7d070f1888b81e1e0324f56d6746b2d7d8f1,1000863.055673601,300642.46895390877,149669.25197770135,5177.998050260203,-0.001036741495420677,0.004587164256907612,0.08543668745563532
2026-05-03T23:00:00Z,1777849200,2026-05-03,0.0009851194100191,0.0,0.02156045884060709,0.009127713924777403,0.09152780317317255,CHOG,0.99,1777841939,2026-05-03T20:58:59Z,-7261,forward_fill,5,5,1,1,5,2,3,71401.30912754053,17952.227839162308,53449.08128837823,89353.53696670284,3084.2006738199802,0.03423940454966804,3150.0400169895997,100.0,3050.0400169895997,402616.0,1.0,1.0,1,53449.08128837823,89353.53696670284,0.0,0.0,0,2,-131.79048796626333,131.79048796626333,65.89524398313166,91.83191748917406,0.0,0.0,0,0,0.0,0.0,0.0,0,0,0.0,0.0,0.0,0,0,0.0,1,5,89353.53696670284,11.400367296765738,0.5981753280599935,52.65372742487008,88.02390361975816,0.5981753280599934,-0.2,-1.0,-1.0,1.3936046357561382,0.4,0.5981753280599935,0.0,0.5981753280599935,53449.08128837823,0,0.0,0.0,0.0,0,0.0,0.0,0.0,0.0,0.0,0,0.0,0.0,0.0,0.0,0.0,0,0.0,0.0,0.30549031955910777,0.16026591471330937,0.6757042970751337,0.8231868882466279,0.3278493914205559,0.2526239265106562,0.20836260836290424,0.22900878982308295,0.30990551066984795,0.16367153570644372,0.6707056025286998,0.8171700837348234,-0.7240149076858816,-0.965664096581498,0.9738805970149254,0.9738805970149254,0.19776119402985073,0.08208955223880597,high,high,low,low,0,0.0,0.0,0.0,0.0,pre_price_events,7114,0x116e7d070f1888b81e1e0324f56d6746b2d7d8f1,1000863.055673601,300642.46895390877,149669.25197770135,5177.998050260203,0.01903551535113148,0.006164511790037635,0.08645619732948703
2026-05-04T00:00:00Z,1777852800,2026-05-04,0.0010063590365119,0.02156045884060709,-0.012170346657641606,-0.012170346657641606,0.08178615550706292,CHOG,0.99,1777856339,2026-05-04T00:58:59Z,3539,observed,8,6,3,3,6,4,4,63762.68310626763,18143.093875359464,45619.58923090817,81905.77698162709,2831.6505768554607,0.03443594079427011,127.0374400865,100.0,27.0374400865,1376437.0,1.0,1.0,1,40479.52784743932,76745.71559815825,5140.061383468847,5160.061383468847,2,3,5006.967508109386,5293.15525882831,1058.631051765662,2111.7405899555797,0.0,0.0,0,0,0.0,0.0,0.0,0,0,0.0,0.0,0.0,0,0,0.0,3,8,81905.77698162707,11.313337013446228,0.5569764540679646,45.90968586448539,82.42661880798879,0.5569764540679646,0.0,-0.2,0.9459324851199858,1.9947842890433498,0.625,0.5274500020221422,0.9961240771158123,-0.4686740750936701,35339.46646397047,0,0.0,0.0,0.0,0,0.0,0.0,0.0,0.0,0.0,0,0.0,0.0,0.0,0.0,0.0,0,0.0,0.0,0.3166190088586332,0.14252076396191582,0.6285090604621799,0.7422460571232762,0.35813068532160325,0.24511830196590906,0.31046986454096837,0.21023605495136113,0.3110344760801714,0.13664190766242681,0.5820046958743538,0.6937691323594513,-0.7290343335407615,-1.0013106064673636,0.6687344913151365,0.6687344913151365,0.18734491315136476,0.11910669975186104,high,high,low,low,1,0.0,0.0,0.0,0.5569764540679646,pre_price_events,7114,0x116e7d070f1888b81e1e0324f56d6746b2d7d8f1,1000863.055673601,300642.46895390877,149669.25197770135,5177.998050260203,-0.013572539682164767,-0.013792516430999028,0.078119971823237
2026-05-04T01:00:00Z,1777856400,2026-05-04,0.0009941112981755,-0.012170346657641606,0.0,0.08326074110837411,0.08924305846229097,CHOG,0.99,1777859934,2026-05-04T01:58:54Z,3534,observed,19,18,2,2,18,5,14,958.0243287444114,30873.19616651235,-29915.17183776794,31831.220495256763,1085.2373814779037,0.033491727866253075,145.05544860473682,100.0,45.05544860473684,919317.5263157894,1.0,1.0,1,-29035.903244433717,30951.95190192254,-879.2685933342212,879.2685933342212,5,12,-296.5637407359566,2212.6123982247796,130.15367048381057,301.4406167866794,0.0,0.0,0,0,0.0,0.0,0.0,0,0,0.0,0.0,0.0,0,0,0.0,2,19,31831.220495256763,10.368234278925472,-0.9398059946279993,-29.739010310786643,31.64377592905028,-0.9398059946279994,-0.47368421052631576,-0.4117647058823529,-0.13403329972022904,2.3160362336779023,0.8947368421052632,-0.9380960314373643,-1.0,0.06190396856263569,-28156.634651099495,0,0.0,0.0,0.0,0,0.0,0.0,0.0,0.0,0.0,0,0.0,0.0,0.0,0.0,0.0,0,0.0,0.0,0.17977314537629857,0.017163972579016324,-1.420295637444847,-1.438275666692163,0.35813068532160325,0.23437886580082704,0.31046986454096837,0.1973154323233497,0.17703195197187638,0.015266492699348794,-1.4329230586355473,-1.436431030761493,-1.295870998362713,-1.5985157597401753,0.7438118811881188,0.7438118811881188,0.11262376237623763,0.6225247524752475,high,high,low,mid,0,0.0,0.0,-0.0,-0.0,pre_price_events,7114,0x116e7d070f1888b81e1e0324f56d6746b2d7d8f1,1000863.055673601,300642.46895390877,149669.25197770135,5177.998050260203,-0.006714028780522532,0.07671221224928618,0.07471076605423131
2026-05-04T02:00:00Z,1777860000,2026-05-04,0.0009941112981755,0.0,0.0,0.0816547678865327,0.09044092342799992,CHOG,0.99,1777859934,2026-05-04T01:58:54Z,-66,forward_fill,17,14,4,4,14,7,10,671627.7189392562,5493.213617225462,666134.5053220307,677120.9325564817,23789.198163259567,0.030960109570206562,112.13489819670588,100.0,12.134898196705882,929590.8823529412,1.0,1.0,1,658724.1144082774,668956.4592172349,7410.39091375331,8164.473339246813,4,10,2294.2185092745995,13280.645743725525,948.6175531232518,1807.045327004897,0.0,0.0,0,0,0.0,432209.8596913053,0.0,1,0,432209.8596913053,432209.8596913053,0.0,1,0,432209.8596913053,4,17,677120.9325564816,13.425606642850594,0.9837747930890698,662.2118378451785,673.1335692855291,0.9837747930890699,-0.17647058823529413,-0.42857142857142855,0.17274901789760552,1.904925036496886,0.8235294117647058,0.984704019719115,0.9076385708961028,0.07706544882301225,651313.7234945241,0,0.0,0.0,0.0,0,0.0,0.0,432209.8596913053,0.6383052700194773,0.6383052700194773,1,0.058823529411764705,1.0,432209.8596913053,0.6383052700194773,0.6383052700194773,1,0.058823529411764705,1.0,1.438422268723207,1.1030331006451772,1.2232079038948307,1.34490582102377,0.9889596207164048,0.9157495151493089,1.6414162497782385,1.7413308273348864,1.4817609689330837,1.1426975823402903,1.220335306169507,1.3405676113194314,0.690725232876372,0.47598388791357926,0.43333333333333335,0.43333333333333335,0.6308641975308642,0.4580246913580247,mid,mid,mid,mid,0,0.0,0.0,0.0,0.0,pre_price_events,7114,0x116e7d070f1888b81e1e0324f56d6746b2d7d8f1,1000863.055673601,300642.46895390877,149669.25197770135,5177.998050260203,-7.73916640953139e-05,0.07705469957676152,0.08320035287936596
2026-05-04T03:00:00Z,1777863600,2026-05-04,0.0009941112981755,0.0,0.08326074110837411,0.09511407341012612,0.07577315790832295,CHOG,0.99,1777859934,2026-05-04T01:58:54Z,-3666,forward_fill,25,23,4,4,23,7,18,44728.27891989589,152344.32714784893,-107616.04822795304,197072.60606774484,6879.598278956546,0.03364995446209511,116.08646372151999,100.0,16.08646372152,776245.08,1.0,1.0,1,-121548.57567961946,182200.26642996786,13932.52745166643,14872.339637776973,5,14,-384.7890803397495,2472.322073639864,130.1222144020981,190.65406613013684,0.0,0.0,0,0,0.0,0.0,0.0,0,0,0.0,0.0,0.0,0,0,0.0,4,25,197072.60606774484,12.191332572797652,-0.5460730964858678,-106.98232940840761,195.91210425283472,-0.5460730964858678,-0.44,-0.47368421052631576,-0.15563873511562581,1.4651922963821211,0.76,-0.6671152466527208,0.9368080470860589,-1.6039232937387797,-135481.1031312859,1,0.0,0.0,0.0,0,0.0,0.0,0.0,0.0,0.0,0,0.0,0.0,0.0,0.0,0.0,0,0.0,0.0,-0.01061434282444733,-0.11201867554728458,-0.8767353005774041,-0.8418611253516073,0.3236953195409953,0.22346573677356438,0.2336766443550905,0.17130304609733318,-0.0510573833065057,-0.14485054090652277,-1.0486180879079086,-1.013285945023731,-0.14509880311437126,-0.3610256328340025,0.5283251231527094,0.5283251231527094,0.3263546798029557,0.770935960591133,mid,mid,low,high,0,0.0,0.0,-121548.57567961946,-0.0,pre_price_events,7114,0x116e7d070f1888b81e1e0324f56d6746b2d7d8f1,1000863.055673601,300642.46895390877,149669.25197770135,5177.998050260203,0.0801336322368567,0.0889462641191695,0.0630463907521565
2026-05-04T04:00:00Z,1777867200,2026-05-04,0.0010768817416058,0.08326074110837411,-0.001482536162252357,0.00552250914936292,-0.0411065197546121,CHOG,0.99,1777870736,2026-05-04T04:58:56Z,3536,observed,8,8,2,2,8,2,6,2998.973380597941,126.84260184865205,2872.1307787492888,3125.8159824465924,110.78149550217798,0.0352382006320263,102.053611462,100.0,2.053611462,540482.875,1.0,1.0,1,2316.581340360493,2324.698813475404,555.5494383887959,801.1171689711883,2,6,2872.1307787492888,3125.8159824465924,390.72699780582406,814.0922862276682,0.0,0.0,0,0,0.0,0.0,0.0,0,0,0.0,0.0,0.0,0,0,0.0,2,8,3125.8159824465924,8.047770507771833,0.9188419263571802,3.0929451951391567,3.3661341591163314,0.9188419263571801,-0.5,-0.5,0.9188419263571802,2.0835322125148874,1.0,0.9965081613721927,0.6934683962674827,0.30303976510471,1761.0319019716972,0,0.0,0.0,0.0,0,0.0,0.0,0.0,0.0,0.0,0,0.0,0.0,0.0,0.0,0.0,0,0.0,0.0,0.1631331633428354,0.059308500446624154,1.1454711123070258,1.236071653760433,0.2894800409902902,0.22346573677356438,0.1643687895771447,0.17130304609733318,0.1582500942324475,0.05752743175334169,1.2404315727270352,1.3366014796058894,-2.427904246538447,-2.9410478462884186,0.033169533169533166,0.033169533169533166,0.020884520884520884,0.19656019656019655,low,low,low,low,1,0.0,0.0,0.0,0.9188419263571802,pre_price_events,7114,0x116e7d070f1888b81e1e0324f56d6746b2d7d8f1,1000863.055673601,300642.46895390877,149669.25197770135,5177.998050260203,-0.004262286092675376,0.008620066246070241,-0.04164960151350741
2026-05-04T05:00:00Z,1777870800,2026-05-04,0.0010752852254814,-0.001482536162252357,0.012443254468236464,0.008122883384164004,-0.1130191963585222,CHOG,0.99,1777874337,2026-05-04T05:58:57Z,3537,observed,33,26,5,4,24,12,21,1123618.9168040822,964665.424887651,158953.4919164312,2088284.3416917333,74805.76379296456,0.0324349657486833,422.41085926248485,100.0,322.41085926248485,1496492.4545454546,1.0,1.0606060606060606,2,124777.36790444209,2015810.6967343017,34176.124011989144,72473.64495743133,7,17,-2680.7130922157085,19825.39156456761,826.0579818569837,1099.5849765005653,1001835.0405068705,0.0,1,0,1001835.0405068705,1001835.0405068705,939207.9513084611,1,2,1941042.9918153316,1001835.0405068705,939207.9513084611,1,2,1941042.9918153316,5,33,2088284.3416917333,14.551853876546167,0.07611678579539695,170.92034139641564,2245.5012992252728,0.07611678579539695,-0.2727272727272727,-0.4166666666666667,-0.13521614861855943,1.3311232391080965,0.7272727272727273,0.06189934804224756,0.4715662366928432,-0.40966688865059564,90601.24389245294,0,1001835.0405068705,0.4797407232844916,0.4797407232844916,1,0.030303030303030304,1.0,62627.08919840935,0.029989732694961798,0.9294917138740213,3,0.09090909090909091,-0.3333333333333333,62627.08919840935,0.029989732694961798,0.9294917138740213,3,0.09090909090909091,-0.3333333333333333,0.4198117840506815,0.3436916945964585,-0.11857841572847203,0.03887605277873007,0.34718630433709136,0.3135383022536287,0.16957010010869153,0.23825064952488842,0.36475076556013103,0.29671777051324644,-0.1427614534848078,0.01582218483171788,1.3308700479033173,1.2122292184200831,0.9301470588235294,0.9301470588235294,0.8811274509803921,0.7941176470588235,high,high,high,high,0,62627.08919840935,62627.08919840935,0.0,0.0,pre_price_events,7114,0x116e7d070f1888b81e1e0324f56d6746b2d7d8f1,1000863.055673601,300642.46895390877,149669.25197770135,5177.998050260203,0.012668975424295806,0.000922239765303829,-0.12581015699297643
2026-05-04T06:00:00Z,1777874400,2026-05-04,0.001088665273168,0.012443254468236464,-0.005361098985380619,-0.017661096657790587,-0.08817203532842666,CHOG,0.99,1777877938,2026-05-04T06:58:58Z,3538,observed,21,18,4,4,18,6,15,133768.72070644514,5337.352634811931,128431.36807163322,139106.07334125706,4966.933699604327,0.0354852415354172,102.56713766814285,100.0,2.5671376681428573,6226728.523809524,1.0,1.0,1,132422.78846886673,132456.46478243277,-3991.420397233507,6649.608558824293,3,15,840.366438194475,11515.071707818339,639.7262059899077,1175.6653706999448,0.0,0.0,0,0,0.0,0.0,0.0,0,0,0.0,0.0,0.0,0,0,0.0,4,21,139106.07334125706,11.842999227382567,0.9232621192358978,139.81877040504455,151.43995133338746,0.923262119235898,-0.42857142857142855,-0.6666666666666666,0.07297969648108184,1.8377633426486393,0.8571428571428571,0.9997457556064073,-0.6002489262223917,1.599994681828799,136414.20886610023,1,0.0,0.0,0.0,0,0.0,0.0,0.0,0.0,0.0,0,0.0,0.0,0.0,0.0,0.0,0,0.0,0.0,0.34824719828974615,0.28972844734558884,1.052088800778986,1.2235718434469454,0.24988241438301464,0.21316720791071658,0.09506735161216101,0.16448343367412488,0.36830134205631637,0.30597801225053584,1.1413244243457694,1.3184884823760488,-0.22342978917619963,-0.5090598177749596,0.1356968215158924,0.1356968215158924,0.2726161369193154,0.6210268948655256,low,low,low,mid,1,0.0,0.0,132422.78846886673,0.9232621192358978,pre_price_events,7114,0x116e7d070f1888b81e1e0324f56d6746b2d7d8f1,1000863.055673601,300642.46895390877,149669.25197770135,5177.998050260203,-0.007797071716792189,-0.022149778853355367,-0.09800562648020453
2026-05-04T07:00:00Z,1777878000,2026-05-04,0.0010828288308766,-0.005361098985380619,0.0010997223772992726,-0.04637293395194275,-0.08325728689936784,CHOG,0.99,1777881542,2026-05-04T07:59:02Z,3542,observed,14,14,3,3,14,0,14,0.0,138976.62832231936,-138976.62832231936,138976.62832231936,4866.949490649397,0.035084748030024586,102.29589051192856,100.0,2.2958905119285715,634863.5714285715,1.0,1.0,1,-132310.35479636886,132310.35479636886,-6666.273525950488,6666.273525950488,0,12,-0.10910687096618647,0.10910687096618647,0.009092239247182205,0.025886642504877325,0.0,0.0,0,0,0.0,0.0,0.0,0,0,0.0,0.0,0.0,0,0,0.0,3,14,138976.62832231936,11.842068251837976,-1.0,-150.48789996542885,150.48789996542885,-1.0,-1.0,-1.0,-1.0,2.84711409380257,0.8571428571428571,-1.0,-1.0,0.0,-125644.08127041838,0,0.0,0.0,0.0,0,0.0,0.0,0.0,0.0,0.0,0,0.0,0.0,0.0,0.0,0.0,0,0.0,0.0,-0.1597090140455921,-0.15218189519865324,-1.6550247427680829,-1.4947136750017938,0.24988241438301464,0.20454146364267403,0.09506735161216101,0.14141763099014457,-0.16053741321460063,-0.15291036051597237,-1.6318639520224438,-1.484965697882255,-0.33480052120273424,-0.4974616933113291,0.09146341463414634,0.09146341463414634,0.27195121951219514,0.4560975609756098,low,low,low,mid,0,0.0,0.0,-0.0,-0.0,pre_price_events,7114,0x116e7d070f1888b81e1e0324f56d6746b2d7d8f1,1000863.055673601,300642.46895390877,149669.25197770135,5177.998050260203,-0.0019351131329062399,-0.051224804715604325,-0.0923545743858368
2026-05-04T08:00:00Z,1777881600,2026-05-04,0.0010840196419727,0.0010997223772992726,-0.013451224366714087,-0.12016598545608315,-0.08426434189427756,CHOG,0.99,1777885133,2026-05-04T08:58:53Z,3533,observed,34,33,2,2,33,10,24,56336.09980874331,19624.726534393998,36711.37327434931,75960.82634313732,2694.097339974805,0.03526067853317492,135.50096180208826,100.0,35.500961802088234,605851.0588235294,1.0,1.0,1,36012.75566143544,75248.72839808463,698.6176129138735,712.0979450526884,8,23,-2344.5766254676487,12904.876443320349,416.28633688130157,1193.5456011394672,0.0,0.0,0,0,0.0,0.0,0.0,0,0,0.0,0.0,0.0,0,0,0.0,2,34,75960.82634313733,11.237986208122402,0.4832934953671156,39.795849713186286,82.34302777643815,0.48329349536711563,-0.4117647058823529,-0.4838709677419355,-0.18168144699139815,2.867126531418663,0.9117647058823529,0.478582913334016,0.9810695533774957,-0.5024866400434798,35314.13804852156,0,0.0,0.0,0.0,0,0.0,0.0,0.0,0.0,0.0,0,0.0,0.0,0.0,0.0,0.0,0,0.0,0.0,0.20026510347476967,0.1870136318366228,0.43902174513297904,0.6027933780477964,0.24988241438301464,0.2748535378555485,0.09506735161216101,0.17087574564323607,0.20359922682938697,0.18741127596827994,0.426591432872486,0.5881878852613284,-0.6711386637838773,-0.85839435512304,0.7068126520681265,0.7068126520681265,0.18613138686131386,0.9063260340632603,high,high,low,high,1,0.0,0.0,0.0,0.4832934953671156,pre_price_events,7114,0x116e7d070f1888b81e1e0324f56d6746b2d7d8f1,1000863.055673601,300642.46895390877,149669.25197770135,5177.998050260203,-0.019140048786543587,-0.12792240866892154,-0.10233606250368997
2026-05-04T09:00:00Z,1777885200,2026-05-04,0.0010694382505506,-0.013451224366714087,-0.034432441060099905,-0.07177862795694734,-0.07177862795694734,CHOG,0.99,1777888736,2026-05-04T09:58:56Z,3536,observed,27,24,3,3,24,9,18,11950.802986426228,395856.6217722082,-383905.818785782,407807.4247586344,14181.702348602843,0.03481526786024903,141.04457476581482,100.0,41.044574765814815,921962.1481481482,1.0,1.0,1,-360695.0475101153,384562.74324465945,-23210.77127566666,23244.68151397502,8,14,-10074.456611480004,10111.166232242886,459.59846510194933,1150.8599825994597,0.0,0.0,0,0,0.0,0.0,0.0,0,0,0.0,0.0,267634.43982856016,0,1,267634.43982856016,3,27,407807.4247586344,12.918552795954302,-0.9413899685936349,-410.56356721846237,436.12485889541944,-0.9413899685936349,-0.3333333333333333,-0.2727272727272727,-0.9963693979586825,2.504055322169479,0.8148148148148148,-0.9379354964727837,-0.9985411614141508,0.0606056649413671,-337484.27623444865,0,0.0,0.0,0.0,0,0.0,0.0,0.0,0.0,0.0,0,0.0,0.0,-267634.43982856016,-0.6562765255854838,0.6562765255854838,1,0.037037037037037035,-1.0,-0.5681190776202203,-0.6234031885068505,-1.4259114256821264,-1.4033829415152195,0.28095975604105056,0.24663595682304323,0.18500921224031155,0.14790123832378735,-0.5587259540649643,-0.6149853328598534,-1.4036045756232227,-1.3893854554364449,0.39818068892339187,0.241242868979124,0.7317961165048543,0.7317961165048543,0.4890776699029126,0.7924757281553398,high,high,mid,high,0,0.0,0.0,-0.0,-0.0,pre_price_events,7114,0x116e7d070f1888b81e1e0324f56d6746b2d7d8f1,1000863.055673601,300642.46895390877,149669.25197770135,5177.998050260203,-0.037435012469129704,-0.07930760432474503,-0.08605151323791146
2026-05-04T10:00:00Z,1777888800,2026-05-04,0.0010326148810211,-0.034432441060099905,-0.07636683242625941,-0.03867796359878728,-0.0062459670175606385,CHOG,0.99,1777892334,2026-05-04T10:58:54Z,3534,observed,28,25,4,4,25,7,21,408.96005193074393,47787.98716196484,-47379.02711003409,48196.947213895575,1635.5434653288598,0.032305672170754356,130.39529139414284,100.0,30.395291394142856,954723.3571428572,1.0,1.0,1,-43858.74030872778,43863.1235332386,-3520.286801306309,4333.823680656978,7,20,-12215.970927506765,13033.891031368252,482.7367048654908,1101.8161200754537,0.0,0.0,0,0,0.0,0.0,0.0,0,0,0.0,0.0,0.0,0,0,0.0,4,28,48196.947213895575,10.783071710208429,-0.9830296284071355,-48.92428844212333,49.76888491285702,-0.9830296284071355,-0.5,-0.48148148148148145,-0.9372466670242199,2.282437007524552,0.9642857142857143,-0.9999000703972325,-0.8122819617739173,-0.18761810862331518,-40338.453507421465,0,0.0,0.0,0.0,0,0.0,0.0,0.0,0.0,0.0,0,0.0,0.0,0.0,0.0,0.0,0,0.0,0.0,0.08207708573861952,0.005766786120797012,-1.4854352736869259,-1.423282015738606,0.28095975604105056,0.23756084803920652,0.18500921224031155,0.13490558798166755,0.08444494558464889,0.007076582882450329,-1.4865251989857908,-1.435891377958962,-0.903189898593625,-1.1177274287452144,0.6840193704600485,0.6840193704600485,0.1368038740920097,0.8087167070217918,high,high,low,high,0,0.0,0.0,-0.0,-0.0,pre_price_events,7114,0x116e7d070f1888b81e1e0324f56d6746b2d7d8f1,1000863.055673601,300642.46895390877,149669.25197770135,5177.998050260203,-0.08488237311815965,-0.04857786758716694,-0.02709979327704362
2026-05-04T11:00:00Z,1777892400,2026-05-04,0.0009537573534413,-0.07636683242625941,0.04080501886530952,0.04080501886530952,0.09270369400799772,CHOG,0.99,1777895925,2026-05-04T11:58:45Z,3525,observed,45,36,5,4,27,24,21,776736.9658491398,2689379.310836434,-1912642.3449872942,3466116.276685574,113124.84555331421,0.03149810686783899,678.3571029826445,100.0,578.3571029826445,959375.8,1.0,1.4444444444444444,3,-1808867.8823333306,3285666.935446623,-103774.46265396367,180449.34123895128,14,17,2699.9094738488757,34860.88318281871,1124.5446188006035,1443.28042440436,0.0,2525586.8602861045,0,1,2525586.8602861045,307457.74257892655,2525586.8602861045,1,1,2833044.602865031,307457.74257892655,2525586.8602861045,1,1,2833044.602865031,5,45,3466116.276685573,15.058545585005383,-0.5518113624324894,-1824.1967010348435,3305.8338867714456,-0.5518113624324895,0.06666666666666667,-0.0967741935483871,0.07744810880693734,1.2834354460241053,0.6888888888888889,-0.5505329413699231,-0.5750891742882307,0.024556232918307552,-1705093.419679367,0,-2525586.8602861045,-0.7286503563871095,0.7286503563871095,1,0.022222222222222223,-1.0,-2218129.117707178,-0.6399465397705103,0.8173541730037086,2,0.044444444444444446,0.0,-2218129.117707178,-0.6399465397705103,0.8173541730037086,2,0.044444444444444446,0.0,-2.8225425327054965,-3.201463623618748,-0.9379863593668565,-0.8373694981340003,-2.613194101939585,-3.4978202089627106,-1.6904416252646495,-1.5822410331710368,-2.8167149975458736,-3.182618711864883,-0.922136962651146,-0.8301125153840667,1.6143887698104367,1.6103620873516626,0.9432367149758454,0.9432367149758454,0.9432367149758454,0.8381642512077294,high,high,high,high,0,-2218129.117707178,-2218129.117707178,-0.0,-0.0,pre_price_events,7114,0x116e7d070f1888b81e1e0324f56d6746b2d7d8f1,1000863.055673601,300642.46895390877,149669.25197770135,5177.998050260203,0.03522035037098154,0.02522857155689583,0.06538353403171543
2026-05-04T12:00:00Z,1777896000,2026-05-04,0.0009926754402414,0.04080501886530952,0.0,0.0,0.07323403834008557,CHOG,0.99,1777899536,2026-05-04T12:58:56Z,3536,observed,44,35,3,3,34,22,22,1496308.172587426,604722.0800088643,891586.0925785617,2101030.2525962903,68789.7669016025,0.03285135926260033,180.81715546886363,100.0,80.81715546886363,1191090.6590909092,1.0,1.0909090909090908,2,849306.5121096825,2054665.361058711,42279.58046887916,46364.89153757932,11,15,6965.5536911018435,20029.22415665763,770.3547752560627,1097.2192570208226,0.0,0.0,0,0,0.0,1087243.0752173783,500000.0,3,1,1587243.0752173783,1238410.4814172238,500000.0,4,1,1738410.4814172238,3,44,2101030.2525962903,14.557938854821831,0.42435661812903874,885.0556169635333,2085.6411309565224,0.4243566181290387,0.0,-0.15384615384615385,0.34776952100695935,1.4243038302139577,0.5909090909090909,0.41335515174697784,0.911887832943835,-0.4985326811968572,807026.9316408033,0,0.0,0.0,0.0,0,0.0,0.0,587243.0752173783,0.2795024367172766,0.7554594100946364,4,0.09090909090909091,0.5,738410.4814172238,0.351451617845461,0.8274085912228207,5,0.11363636363636363,0.6,1.5334151880523332,1.6255934081196255,0.4428147015220942,0.5307791579236358,1.0582003597048264,1.2266192760772503,0.9216409964228941,0.8632563592380234,1.537914711883948,1.6261156081739654,0.4218500943176354,0.510471703722352,1.2083633057858447,1.2612636914592963,0.8301204819277108,0.8301204819277108,0.880722891566265,0.9168674698795181,high,high,high,high,1,587243.0752173783,587243.0752173783,0.0,0.42435661812903874,pre_price_events,7114,0x116e7d070f1888b81e1e0324f56d6746b2d7d8f1,1000863.055673601,300642.46895390877,149669.25197770135,5177.998050260203,0.002227519257495706,-0.0053948544886191436,0.06120149010991728
2026-05-04T13:00:00Z,1777899600,2026-05-04,0.0009926754402414,0.0,0.0,0.0337368700114673,0.05228243579399838,CHOG,0.99,1777899536,2026-05-04T12:58:56Z,-64,forward_fill,56,43,5,4,35,20,36,1817472.7604481205,192631.50394210857,1624841.256506012,2010104.2643902292,70237.23121364569,0.032563266537854095,137.04679726807143,100.0,37.04679726807143,806935.7857142857,1.0,1.4285714285714286,3,1562400.5650655217,1946574.2459493836,62440.69144049043,63530.01844084548,11,26,-15831.036070106837,42287.46271856984,1142.9043977991848,1421.1140347148705,0.0,0.0,0,0,0.0,694041.0467871333,0.0,1,0,694041.0467871333,1724100.0380419127,0.0,5,0,1724100.0380419127,5,56,2010104.2643902288,14.513697649007378,0.8083368038617201,1612.940009624495,1995.381135584686,0.8083368038617202,-0.2857142857142857,-0.40540540540540543,-0.3743671304061215,1.2434233672137542,0.6607142857142857,0.8026411365077459,0.9828533498480038,-0.18021221334025783,1499959.8736250312,0,0.0,0.0,0.0,0,0.0,0.0,694041.0467871333,0.3452761426769435,0.3452761426769435,1,0.017857142857142856,1.0,1724100.0380419127,0.857716720761708,0.857716720761708,5,0.08928571428571429,1.0,2.267375309986717,2.700667624791558,1.0066967409464909,1.0465115350566911,1.1289484114517736,1.3664781676178672,1.042598462317523,1.0154263596495985,2.2901027943654526,2.724240530742683,0.985120197046037,1.0297754663618677,1.0986782366845178,1.2406920706810394,0.7175480769230769,0.7175480769230769,0.8689903846153846,0.9266826923076923,high,high,high,high,0,694041.0467871333,694041.0467871333,0.0,0.0,pre_price_events,7114,0x116e7d070f1888b81e1e0324f56d6746b2d7d8f1,1000863.055673601,300642.46895390877,149669.25197770135,5177.998050260203,-0.0020745130526672313,0.022804059213429775,0.029404111512638952
2026-05-04T14:00:00Z,1777903200,2026-05-04,0.0009926754402414,0.0,0.0,0.04986397471379256,0.0359994433088926,CHOG,0.99,1777899536,2026-05-04T12:58:56Z,-3664,forward_fill,35,29,5,4,28,11,24,723033.6191962208,746783.9908478515,-23750.37165163065,1469817.6100440724,52911.47175799381,0.034655019794344155,131.15484814305714,100.0,31.154848143057144,845884.8285714285,1.0,1.1142857142857143,2,-52287.21594294884,1439071.7509644441,28536.844291318135,30745.85907962827,8,19,-7681.254086357804,12394.907636921984,459.0706532193327,863.0265778183684,0.0,0.0,0,0,0.0,679630.5557381297,492269.8713664454,1,1,1171900.427104575,679630.5557381297,668269.8713664454,1,2,1347900.427104575,5,35,1469817.6100440721,14.200649556613346,-0.01615872029926114,-23.576410635179318,1459.0518431250619,-0.01615872029926114,-0.37142857142857144,-0.4074074074074074,-0.6197104739592302,1.8799428187495912,0.7714285714285715,-0.036333988147503236,0.92815244542073,-0.9644864335682333,-80824.06023426697,1,0.0,0.0,0.0,0,0.0,0.0,187360.68437168427,0.12747206394272706,0.7973101009923509,2,0.05714285714285714,0.0,11360.684371684212,0.007729315728734236,0.9170528492063437,3,0.08571428571428572,-0.3333333333333333,0.0338883694088008,0.03365401651054032,-0.18157771863066938,-0.08390113897755361,0.44810091019119747,0.5232018296025053,0.37320562170641347,0.434577861468843,-0.009092775911809932,-0.017892414624732202,-0.2044144775688962,-0.11166134928760973,0.9047094141916191,1.0191116077861968,0.6798561151079137,0.6798561151079137,0.802158273381295,0.8537170263788969,high,high,high,high,0,187360.68437168427,187360.68437168427,-52287.21594294884,-0.0,pre_price_events,7114,0x116e7d070f1888b81e1e0324f56d6746b2d7d8f1,1000863.055673601,300642.46895390877,149669.25197770135,5177.998050260203,-0.0005049074276503129,0.042391407502485316,0.021967987141503203
2026-05-04T15:00:00Z,1777906800,2026-05-04,0.0009926754402414,0.0,0.0337368700114673,0.07323403834008557,0.04557327652026788,CHOG,0.99,1777899536,2026-05-04T12:58:56Z,-7264,forward_fill,23,22,3,3,22,7,16,181672.70133873625,330722.5733005223,-149049.8719617861,512395.27463925857,18104.082174576244,0.035340744392024025,3322.1027140880433,100.0,3222.1027140880433,1046613.304347826,1.0,1.0,1,-134807.4903866921,498152.89306416456,-14242.381575093972,14242.381575093972,3,12,-6127.174376767073,6293.321660559634,419.5547773706423,904.4939188302759,0.0,0.0,0,0,0.0,0.0,0.0,0,0,0.0,0.0,178304.09817268973,0,1,178304.09817268973,3,23,512395.2746392585,13.1468535785631,-0.29088845924022544,-147.9581472675903,508.642204830139,-0.2908884592402255,-0.391304347826087,-0.6,-0.9735994292435727,2.1558422585454906,0.6521739130434783,-0.2706146893125204,-1.0,0.7293853106874796,-120565.10881159814,0,0.0,0.0,0.0,0,0.0,0.0,0.0,0.0,0.0,0,0.0,0.0,-178304.09817268973,-0.3479815427615352,0.3479815427615352,1,0.043478260869565216,-1.0,-0.30740501414576377,-0.1861291112411689,-0.5771214253926786,-0.4742709284633069,0.08204641171197337,0.19140332599998042,-0.0569812601435812,0.07309339813214423,-0.2937867662585807,-0.17540852176581762,-0.5377414119572593,-0.4428144600553019,0.402958943651776,0.3694424145228213,0.9748803827751196,0.9748803827751196,0.5490430622009569,0.7320574162679426,high,high,mid,high,0,0.0,0.0,-0.0,-0.0,pre_price_events,7114,0x116e7d070f1888b81e1e0324f56d6746b2d7d8f1,1000863.055673601,300642.46895390877,149669.25197770135,5177.998050260203,0.0325440740058504,0.06757744413510788,0.03522943309205727
2026-05-04T16:00:00Z,1777910400,2026-05-04,0.0010261652025324,0.0337368700114673,0.015600783110450989,0.017940315684324526,0.09909934403811471,CHOG,0.99,1777913924,2026-05-04T16:58:44Z,3524,observed,18,13,4,4,13,6,12,110467.01584753512,734616.7527974161,-624149.736949881,845083.7686449513,29292.035611474515,0.03306803968542085,106.52231396061111,100.0,6.522313960611111,1609758.3333333333,1.0,1.1111111111111112,2,-597017.5174585419,802759.2802871986,-27132.219491339107,42324.48835775267,5,8,-94.9680315259302,20824.450206868416,1601.8807851437243,1378.1382826349668,0.0,0.0,0,0,0.0,0.0,465136.8392788371,0,1,465136.8392788371,0.0,465136.8392788371,0,1,465136.8392788371,4,18,845083.7686449514,13.647192219230824,-0.7385655246351178,-640.4807412277188,867.1955566083903,-0.7385655246351178,-0.3333333333333333,-0.23076923076923078,-0.004560410026796646,0.860325122453677,0.7222222222222222,-0.7437067775098786,-0.6410525098850779,-0.10265426762480068,-569885.2979672028,0,0.0,0.0,0.0,0,0.0,0.0,-465136.8392788371,-0.550403234018635,0.550403234018635,1,0.05555555555555555,-1.0,-465136.8392788371,-0.550403234018635,0.550403234018635,1,0.05555555555555555,-1.0,-1.03638958420184,-0.9454849131248881,-1.1432558754782642,-1.0900003677741534,-0.7794537183965994,-0.5799203269903276,-1.657622003647902,-1.375785051609956,-1.0364457771121023,-0.9512040851281052,-1.1309608592842553,-1.0838768487551653,0.7160585048225633,0.6664951282279884,0.30668257756563244,0.30668257756563244,0.6766109785202864,0.4152744630071599,low,low,high,mid,1,-465136.8392788371,-0.0,-0.0,-0.7385655246351178,pre_price_events,7114,0x116e7d070f1888b81e1e0324f56d6746b2d7d8f1,1000863.055673601,300642.46895390877,149669.25197770135,5177.998050260203,0.01830415373038216,0.016123469985360715,0.09625962175745915
2026-05-04T17:00:00Z,1777914000,2026-05-04,0.0010421741832926,0.015600783110450989,0.02226008720097683,-0.013206026436595963,0.06600745151426035,CHOG,0.99,1777917546,2026-05-04T17:59:06Z,3546,observed,10,10,3,3,10,5,5,312629.6427001753,19927.654288835292,292701.98841134,332557.29698901053,11671.23453880505,0.03138773824355004,111.62563714339998,100.0,11.6256371434,690344.4,1.0,1.0,1,292283.6870374399,332138.9882551105,418.3013739000744,418.30873390007434,2,4,-481.0735377415095,1374.2350399290738,229.0391733215123,376.5887242416957,0.0,0.0,0,0,0.0,0.0,0.0,0,0,0.0,0.0,0.0,0,0,0.0,3,10,332557.2969890106,12.714570452999919,0.8801550621847051,305.0464557207083,346.58262938751665,0.8801550621847051,0.0,-0.3333333333333333,-0.35006641787152976,1.6442109826909899,0.6,0.8800041469775948,0.9999824053398758,-0.11997825836228104,291865.3856635398,0,0.0,0.0,0.0,0,0.0,0.0,0.0,0.0,0.0,0,0.0,0.0,0.0,0.0,0.0,0,0.0,0.0,0.44178003853747866,0.5438387107861075,1.1267640280550577,1.1761849057842497,0.08332789033208296,0.2018567736040449,-0.032795138411439835,0.09250819564632369,0.461899781229197,0.5656018800935882,1.1127577770379529,1.1671170608577726,0.10163107360521813,0.06884412375492158,0.4154761904761905,0.4154761904761905,0.4297619047619048,0.2785714285714286,mid,mid,mid,low,1,0.0,0.0,0.0,0.8801550621847051,pre_price_events,7114,0x116e7d070f1888b81e1e0324f56d6746b2d7d8f1,1000863.055673601,300642.46895390877,149669.25197770135,5177.998050260203,0.022754287988366574,-0.015418929181972782,0.06284787437499888
2026-05-04T18:00:00Z,1777917600,2026-05-04,0.0010653730714913,0.02226008720097683,-0.019521932586569757,-0.025773280413840638,0.0033426027728624685,CHOG,0.99,1777921144,2026-05-04T18:59:04Z,3544,observed,14,11,4,4,11,7,7,927743.6601405978,299016.55531752517,628727.1048230727,1226760.215458123,43722.447703912134,0.032938990210039217,137.15007486757142,100.0,37.15007486757143,1781202.357142857,1.0,1.0,1,578427.3226494286,1174551.3141877959,50299.78217364405,52208.90127032727,3,5,2257.00471659756,5327.195014318152,665.899376789769,920.5491621466496,0.0,0.0,0,0,0.0,862678.9267392278,0.0,1,0,862678.9267392278,862678.9267392278,200000.0,1,1,1062678.926739228,4,14,1226760.215458123,14.019888096325783,0.5125101848760885,669.8289267951894,1306.9572987259494,0.5125101848760885,0.0,-0.25,0.42367600782988096,1.3824148125569968,0.5714285714285714,0.4924666259042178,0.9634330727092267,-0.47096644680500893,528127.5404757846,0,0.0,0.0,0.0,0,0.0,0.0,862678.9267392278,0.7032172350136638,0.7032172350136638,1,0.07142857142857142,1.0,662678.9267392278,0.5401861899244557,0.8662482801028721,2,0.14285714285714285,0.0,0.9243818937879147,1.0768465199805406,0.568659070043926,0.6635696108665381,1.532316874935604,1.602349075784893,1.81170698393008,1.8928722596464291,0.8888843450037142,1.0420522007755053,0.5381404459139763,0.6321040098328272,0.867929999864467,0.8848105843102074,0.7185273159144893,0.7185273159144893,0.7660332541567696,0.32779097387173395,high,high,high,low,1,862678.9267392278,862678.9267392278,0.0,0.5125101848760885,pre_price_events,7114,0x116e7d070f1888b81e1e0324f56d6746b2d7d8f1,1000863.055673601,300642.46895390877,149669.25197770135,5177.998050260203,-0.01658052533785618,-0.02784122525492856,0.0013333433014057977
2026-05-04T19:00:00Z,1777921200,2026-05-04,0.0010445749302101,-0.019521932586569757,-0.015473975361775971,0.07972867083000823,0.039075937058904886,CHOG,0.99,1777924694,2026-05-04T19:58:14Z,3494,observed,8,6,3,3,6,1,7,1109.587522970876,366718.10173843993,-365608.51421546907,367827.6892614108,12944.852808578753,0.0353925270166361,109.9497108205,100.0,9.9497108205,3501235.0,1.0,1.0,1,-343722.5373173147,345941.7123632565,-21885.97689815438,21885.97689815438,1,3,-2844.6666737458336,5063.841719687585,1265.9604299218963,1373.7825962302825,0.0,0.0,0,0,0.0,0.0,320604.7606297077,0,1,320604.7606297077,0.0,320604.7606297077,0,1,320604.7606297077,3,8,367827.6892614108,12.815372590452396,-0.9939668080714702,-381.90548822084196,384.22358283958056,-0.9939668080714701,-0.75,-0.5,-0.5617605824222595,1.0851702500014462,0.5,-0.993585118629431,-1.0,0.006414881370569003,-321836.56041916035,0,0.0,0.0,0.0,0,0.0,0.0,-320604.7606297077,-0.8716167107307077,0.8716167107307077,1,0.125,-1.0,-320604.7606297077,-0.8716167107307077,0.8716167107307077,1,0.125,-1.0,-0.7003017616456894,-0.5333879601952481,-1.4894850871528649,-1.4479277375670512,-0.6042462187592228,-0.3431628668050172,-2.456136175862126,-2.101184124158639,-0.6915504118733125,-0.5272068541776974,-1.4627325919270893,-1.4315898618171408,0.15780825957127476,0.12661714787584227,0.37796208530805686,0.37796208530805686,0.4561611374407583,0.11492890995260663,mid,mid,mid,low,0,-0.0,-0.0,-0.0,-0.0,pre_price_events,7114,0x116e7d070f1888b81e1e0324f56d6746b2d7d8f1,1000863.055673601,300642.46895390877,149669.25197770135,5177.998050260203,-0.01717674125385384,0.0748399739477763,0.032279269276740206
2026-05-04T20:00:00Z,1777924800,2026-05-04,0.0010284112034765,-0.015473975361775971,0.00924115671413639,0.08027357287642234,0.04870809580814206,CHOG,0.99,1777928289,2026-05-04T20:58:09Z,3489,observed,6,4,2,2,4,1,5,2837.0454646731523,372671.784430737,-369834.73896606383,375508.82989541016,13054.53101203182,0.03487954801925139,102.366680825,100.0,2.366680825,1933819.1666666667,1.0,1.0,1,-354295.29266263125,354295.29266263125,-15539.446303432589,21213.537232778894,1,0,2837.0454646731523,2837.0454646731523,2837.0454646731523,,0.0,0.0,0,0,0.0,0.0,0.0,0,0,0.0,0.0,240000.0,0,1,240000.0,2,6,375508.82989541016,12.836039927993912,-0.984889593858747,-380.342188987507,386.1774876687911,-0.9848895938587471,-0.6666666666666666,1.0,1.0,,0.16666666666666666,-1.0,-0.7325249972654834,-0.26747500273451663,-338755.8463591987,0,0.0,0.0,0.0,0,0.0,0.0,0.0,0.0,0.0,0,0.0,0.0,-240000.0,-0.6391327737002797,0.6391327737002797,1,0.16666666666666666,-1.0,-0.648878854528911,-0.5357105082755778,-1.3543618553171441,-1.4358571450839555,0.013676950308548772,0.1856910748092932,-0.007840365753313166,0.09319231819806012,-0.6504073444695426,-0.5405777843273721,-1.3490029054079313,-1.4402359640361242,0.17899687823070484,0.13441624837190855,0.10520094562647754,0.10520094562647754,0.46926713947990545,0.054373522458628844,low,low,mid,low,0,0.0,0.0,-0.0,-0.0,pre_price_events,7114,0x116e7d070f1888b81e1e0324f56d6746b2d7d8f1,1000863.055673601,300642.46895390877,149669.25197770135,5177.998050260203,0.008077019904065105,0.0760728769141664,0.04337272524232719
2026-05-04T21:00:00Z,1777928400,2026-05-04,0.0010379149125744,0.00924115671413639,0.08665699597726206,0.029886147240009375,0.0615541813585998,CHOG,0.99,1777931946,2026-05-04T21:59:06Z,3546,observed,14,11,4,4,11,4,10,14178.146317101127,158718.8183085214,-144540.67199142027,172896.96462562252,5958.851798046796,0.03232193472765647,345.261711109,100.0,245.261711109,889581.4285714285,1.0,1.0,1,-137364.37704462095,164919.08118058715,-7176.294946799333,7977.883445035388,3,5,-3093.089056095215,7278.238586325132,909.7798232906415,718.9941512845318,0.0,0.0,0,0,0.0,0.0,0.0,0,0,0.0,0.0,0.0,0,0,0.0,4,14,172896.96462562252,12.06045689962767,-0.8359931147686558,-150.02091893341998,179.45233792378212,-0.8359931147686557,-0.42857142857142855,-0.25,-0.4249776947277778,0.7902946766657841,0.5714285714285714,-0.8329198541568779,-0.8995236639192967,0.06660380976241886,-130188.08209782162,0,0.0,0.0,0.0,0,0.0,0.0,0.0,0.0,0.0,0,0.0,0.0,0.0,0.0,0.0,0,0.0,0.0,-0.2685997053491764,-0.15795295989802904,-1.0607466334962055,-1.1923138822003594,0.013676950308548772,0.1856910748092932,-0.007840365753313166,0.09319231819806012,-0.2661673645789558,-0.15839382366930374,-1.036716305090709,-1.1741871355191447,-0.33995793254750123,-0.3418599328565917,0.9139150943396226,0.9139150943396226,0.3007075471698113,0.3313679245283019,high,high,low,low,1,0.0,0.0,-0.0,-0.8359931147686558,pre_price_events,7114,0x116e7d070f1888b81e1e0324f56d6746b2d7d8f1,1000863.055673601,300642.46895390877,149669.25197770135,5177.998050260203,0.08509164961168642,0.026334022704628483,0.05474560369293481
2026-05-04T22:00:00Z,1777932000,2026-05-04,0.0011278575009781,0.08665699597726206,-0.01497711882729058,-0.037650879215657795,0.002659439532829877,CHOG,0.99,1777935497,2026-05-04T22:58:17Z,3497,observed,71,38,5,4,30,16,55,5244453.726863455,2611601.378845135,2632852.3480183193,7856055.10570859,303022.72794934234,0.03572429492160143,461.1340092736056,100.0,361.1340092736056,4283645.366197183,1.0,2.943661971830986,10,2512658.563650695,7438117.416283553,120193.78436762436,417937.6894250379,6,35,-46845.13688643497,58985.10461715773,1438.6610882233592,1388.9551421628548,4674857.251496035,0.0,1,0,4674857.251496035,4674857.251496035,1715277.298474216,1,3,6390134.549970251,4930248.8182792775,2215362.7613775674,2,5,7145611.579656845,5,71,7856055.1057085935,15.876795270756286,0.3351366955286708,2969.482269680265,8860.510679070734,0.3351366955286708,-0.5492957746478874,-0.7073170731707317,-0.7941858743912195,0.9654498571849972,0.5774647887323944,0.33780840272163143,0.28758780892189084,0.05022059379974059,2392464.779283071,0,4674857.251496035,0.5950642133478744,0.5950642133478744,1,0.014084507042253521,1.0,2959579.953021819,0.37672596655683394,0.8134024601389149,4,0.056338028169014086,-0.5,2714886.05690171,0.34557879500220695,0.9095673952776245,7,0.09859154929577464,-0.42857142857142855,3.1234828440870794,3.8268936800714077,0.5279959403168566,0.4576620422922584,3.5416403783380317,4.300637631788257,1.0642718725562383,1.020947521010335,3.1259272012147803,3.8349611982461864,0.5278075203571584,0.459873234830681,1.8442071583890738,2.0204162813881115,0.9329411764705883,0.9329411764705883,0.9870588235294118,0.8811764705882353,high,high,high,high,1,2959579.953021819,2959579.953021819,0.0,0.3351366955286708,pre_price_events,7114,0x116e7d070f1888b81e1e0324f56d6746b2d7d8f1,1000863.055673601,300642.46895390877,149669.25197770135,5177.998050260203,-0.009735649151736817,-0.04337081714669815,-0.013200450465989562
2026-05-04T23:00:00Z,1777935600,2026-05-04,0.0011109654451657,-0.01497711882729058,-0.037833089115774654,-0.029219891942956266,0.008691336295396423,CHOG,0.99,1777939091,2026-05-04T23:58:11Z,3491,observed,17,13,3,3,13,8,9,72326.6179066136,262592.3022570518,-190265.68435043818,334918.9201636654,12593.965088658535,0.037763697850772174,103.56036000352941,100.0,3.5603600035294116,2082343.1176470588,1.0,1.0,1,-180298.57635532354,317753.291727447,-9967.10799511467,17165.628436218394,5,5,2883.797903279391,13212.363326424467,1321.2363326424468,1309.798189044297,0.0,0.0,0,0,0.0,0.0,0.0,0,0,0.0,0.0,228000.0,0,1,228000.0,3,17,334918.9201636655,12.721646737943997,-0.568094762330718,-211.37860071414113,372.0833472340421,-0.5680947623307179,-0.058823529411764705,0.0,0.21826510761415802,0.9913428481222025,0.5882352941176471,-0.5674168641185147,-0.5806433497118404,0.013226485593325732,-170331.46836020888,0,0.0,0.0,0.0,0,0.0,0.0,0.0,0.0,0.0,0,0.0,0.0,-228000.0,-0.6807617792646139,0.6807617792646139,1,0.058823529411764705,-1.0,-0.3711369278673689,-0.2553088430680416,-0.6337806393312648,-0.7984814338305938,-0.14436138435646043,0.10139959099776018,-0.054249958883365715,0.07943481485555075,-0.3692674853126463,-0.25504628948666197,-0.6191420978082192,-0.7879384966191546,-0.03390373654240603,0.010879363073088727,0.1960093896713615,0.1960093896713615,0.4307511737089202,0.4213615023474178,low,low,mid,mid,0,0.0,0.0,-0.0,-0.0,pre_price_events,7114,0x116e7d070f1888b81e1e0324f56d6746b2d7d8f1,1000863.055673601,300642.46895390877,149669.25197770135,5177.998050260203,-0.04028709783948631,-0.03524156505551946,-0.0016470233455506307
2026-05-05T00:00:00Z,1777939200,2026-05-05,0.0010689341904742,-0.037833089115774654,0.015397097509621815,0.03074906309154435,0.06830588639503565,CHOG,0.99,1777942686,2026-05-05T00:58:06Z,3486,observed,24,19,5,4,18,11,13,35000.19401621454,1016954.1354986285,-981953.9414824139,1051954.329514843,38656.05824214261,0.03531091687305344,121.36984260341667,100.0,21.369842603416668,1811010.7916666667,1.0,1.0833333333333333,2,-940163.6018038433,1001398.4239430524,-41790.33967857065,50555.90557179057,10,10,-6319.2110842424945,19071.915071868923,953.5957535934461,1246.583368357759,0.0,0.0,0,0,0.0,0.0,853038.4153910971,0,1,853038.4153910971,0.0,853038.4153910971,0,1,853038.4153910971,5,24,1051954.329514843,13.866161208939875,-0.9334568183537845,-1049.644141521454,1124.4699496357784,-0.9334568183537845,-0.08333333333333333,0.0,-0.33133594924420207,1.307245091707093,0.8333333333333334,-0.9388506905192698,-0.8266163805379252,-0.11223430998134465,-898373.2621252727,0,0.0,0.0,0.0,0,0.0,0.0,-853038.4153910971,-0.8109082223983193,0.8109082223983193,1,0.041666666666666664,-1.0,-853038.4153910971,-0.8109082223983193,0.8109082223983193,1,0.041666666666666664,-1.0,-1.2540763925938871,-1.3583902362179971,-1.041195668904139,-1.2765078988612804,-1.1302743276051597,-1.083152100952688,-2.1187425798553554,-1.8712034636279438,-1.2580186836945537,-1.3669510653306505,-1.028545517460945,-1.269654597753092,0.5867024172855705,0.7301514666592215,0.6053864168618267,0.6053864168618267,0.7224824355971897,0.6147540983606558,mid,mid,high,mid,0,-853038.4153910971,-0.0,-0.0,-0.0,pre_price_events,7114,0x116e7d070f1888b81e1e0324f56d6746b2d7d8f1,1000863.055673601,300642.46895390877,149669.25197770135,5177.998050260203,0.012623122381798448,0.021794367363145432,0.05359665976099752
2026-05-05T01:00:00Z,1777942800,2026-05-05,0.0010853926744363,0.015397097509621815,-0.006347490353459384,0.041887416819827106,0.040793999624325616,CHOG,0.99,1777946345,2026-05-05T01:59:05Z,3545,observed,19,16,3,3,16,9,10,262234.28416400834,110058.51449781915,152175.76966618918,372292.7986618275,13661.44357566221,0.03659748811044617,136.21392589857894,100.0,36.21392589857894,942833.8421052631,1.0,1.0,1,151653.15252545913,370246.9448531489,522.6171407300453,2045.8538086786155,8,8,-127.28791244674872,2701.8969523728847,168.8685595233053,268.7661278967669,0.0,0.0,0,0,0.0,0.0,0.0,0,0,0.0,260946.97964404526,0.0,1,0,260946.97964404526,3,19,372292.7986618275,12.827438602891105,0.4087529230035367,165.17046562238744,404.0838764129359,0.4087529230035367,-0.05263157894736842,0.0,-0.0471105725682694,1.5915699681187538,0.8421052631578947,0.40960001057026774,0.25545185023146666,0.15414816033880108,151130.53538472907,0,0.0,0.0,0.0,0,0.0,0.0,0.0,0.0,0.0,0,0.0,0.0,260946.97964404526,0.7009186870710241,0.7009186870710241,1,0.05263157894736842,1.0,0.09350775583504943,0.23727526376098826,0.7124680337761202,0.5912784335347441,-0.09731866444259128,0.08547448241476313,0.0413312781866258,0.0849285015059015,0.10168113533833381,0.24718161000372005,0.704327500946068,0.5881482248160376,-0.10092477734478555,0.09108976580557829,0.7067757009345794,0.7067757009345794,0.463785046728972,0.5280373831775701,high,high,mid,mid,1,0.0,0.0,0.0,0.4087529230035367,pre_price_events,7114,0x116e7d070f1888b81e1e0324f56d6746b2d7d8f1,1000863.055673601,300642.46895390877,149669.25197770135,5177.998050260203,-0.006579531593895815,0.03817005788111424,0.0337824540254074
2026-05-05T02:00:00Z,1777946400,2026-05-05,0.0010785031549056,-0.006347490353459384,0.021603794412858646,0.0390523331944137,0.04396973160505091,CHOG,0.99,1777949891,2026-05-05T02:58:11Z,3491,observed,11,11,2,2,11,2,9,6.545058825629132,155655.92473831074,-155649.37967948514,155662.46979713638,5644.29042722109,0.03641253703476118,134.85619217,100.0,34.85619217,608211.5454545454,1.0,1.0,1,-154864.7247585979,154870.7355395208,-784.6549208872103,791.734257615586,2,6,-781.6495304257691,794.7396480770273,99.3424560096284,239.8605456697012,0.0,0.0,0,0,0.0,0.0,0.0,0,0,0.0,0.0,0.0,0,0,0.0,2,11,155662.46979713638,11.955451711136947,-0.9999159070412521,-167.8683470434243,167.88246477660925,-0.9999159070412521,-0.6363636363636364,-0.5,-0.9835290491887105,2.414481736252359,0.7272727272727273,-0.9999611884007527,-0.991058443334641,-0.008902745066111661,-154080.0698377107,0,0.0,0.0,0.0,0,0.0,0.0,0.0,0.0,0.0,0,0.0,0.0,0.0,0.0,0.0,0,0.0,0.0,-0.23609317713302397,-0.2273634154268386,-1.1358338775605998,-1.3628130267072502,-0.07580191286807447,0.09627286241033364,0.12035879023063871,0.11866348649373688,-0.24278408350288375,-0.23881573993087363,-1.1129947498076618,-1.3531536687088674,-0.6076022148248995,-0.45694170362128317,0.6934731934731935,0.6934731934731935,0.28554778554778554,0.32867132867132864,high,high,low,low,0,0.0,0.0,-0.0,-0.0,pre_price_events,7114,0x116e7d070f1888b81e1e0324f56d6746b2d7d8f1,1000863.055673601,300642.46895390877,149669.25197770135,5177.998050260203,0.019007034725467154,0.03463885423534985,0.03625190418918508
2026-05-05T03:00:00Z,1777950000,2026-05-05,0.0011018029153378,0.021603794412858646,0.02636955671595076,0.0364364370032475,-0.0019096765116607406,CHOG,0.99,1777953491,2026-05-05T03:58:11Z,3491,observed,23,23,2,2,23,11,12,72529.98921945163,1803.1892729249762,70726.79994652665,74333.1784923766,2744.4939368994756,0.03645245034005538,149.52726343308694,100.0,49.52726343308696,666262.5652173914,1.0,1.0,1,70876.31086562907,72742.97674989501,-149.5109191024251,1590.2017424815922,10,12,-1076.8597702486773,2529.518775601275,114.97812616369433,267.4484799773843,0.0,0.0,0,0,0.0,0.0,0.0,0,0,0.0,0.0,0.0,0,0,0.0,2,23,74333.17849237658,11.21632613156211,0.9514835956299137,77.92699437359641,81.90051276922559,0.9514835956299136,-0.043478260869565216,-0.09090909090909091,-0.42571724734191946,2.3260813939219878,0.9565217391304348,0.9743388851038649,-0.09402009512900267,1.0683589802328677,71025.8217847315,1,0.0,0.0,0.0,0,0.0,0.0,0.0,0.0,0.0,0,0.0,0.0,0.0,0.0,0.0,0,0.0,0.0,0.028438703473779258,0.12183559310348423,1.4566508856512514,1.357324688715771,-0.07580191286807447,0.09627286241033364,0.12035879023063871,0.11866348649373688,0.03321956811601451,0.1266005493142791,1.4616536486150509,1.3780978778294737,-1.0252722156556442,-0.9227605024307831,0.7593023255813953,0.7593023255813953,0.17790697674418604,0.7616279069767442,high,high,low,high,1,0.0,0.0,70876.31086562907,0.9514835956299137,pre_price_events,7114,0x116e7d070f1888b81e1e0324f56d6746b2d7d8f1,1000863.055673601,300642.46895390877,149669.25197770135,5177.998050260203,0.023268641906614238,0.032287289776841,-0.012390489558642916
2026-05-05T04:00:00Z,1777953600,2026-05-05,0.0011308569698036,0.02636955671595076,-0.009051321798173806,-0.001049458106365142,0.027238578073007558,CHOG,0.99,1777957145,2026-05-05T04:59:05Z,3545,observed,24,21,4,4,20,8,16,456629.79268584424,11271.166979192863,445358.6257066514,467900.9596650371,17429.392989160195,0.034901459501166576,105.34394674229168,100.0,5.343946742291666,640850.4583333334,1.0,1.0833333333333333,2,442811.8633689951,460501.33427266753,2546.762337656341,7399.625392369588,7,16,-5999.9856160013815,16542.348342384346,719.2325366254064,1029.3939778281933,0.0,0.0,0,0,0.0,451358.6113226528,0.0,1,0,451358.6113226528,451358.6113226528,0.0,1,0,451358.6113226528,4,24,467900.9596650371,13.05601406505891,0.9518224241845467,503.6369059425195,529.1290614150004,0.9518224241845467,-0.3333333333333333,-0.391304347826087,-0.36270458654460713,1.431239446783157,0.9583333333333334,0.9615864937034073,0.3441744956822455,0.6174119980211619,440265.10103133874,0,0.0,0.0,0.0,0,0.0,0.0,451358.6113226528,0.9646456199743066,0.9646456199743066,1,0.041666666666666664,1.0,451358.6113226528,0.9646456199743066,0.9646456199743066,1,0.041666666666666664,1.0,0.4569949268880068,0.6863156926396027,1.4514084199656292,1.3175402790477913,0.44808217694063274,0.7495084238149448,2.394333895613514,2.4652048151294452,0.4794008204358008,0.7151594357951472,1.4507717978545924,1.3198957195321956,-0.0300951053882681,0.2730680928232872,0.27494199535962877,0.27494199535962877,0.5278422273781903,0.6890951276102089,low,low,mid,high,1,0.0,0.0,0.0,0.9518224241845467,pre_price_events,7114,0x116e7d070f1888b81e1e0324f56d6746b2d7d8f1,1000863.055673601,300642.46895390877,149669.25197770135,5177.998050260203,-0.008571097876422224,-0.004615881513415428,0.019824693052901035
2026-05-05T05:00:00Z,1777957200,2026-05-05,0.0011206212194622,-0.009051321798173806,0.019031826294111598,0.004732580115112572,0.03314296663668781,CHOG,0.99,1777960697,2026-05-05T05:58:17Z,3497,observed,12,12,2,2,11,1,11,52691.05850395287,31194.722207722356,21496.33629623051,83885.78071167522,3128.561429875637,0.035547405456091086,415.96838965875,100.0,315.96838965875,531309.25,1.0,1.1666666666666667,2,21585.204396230518,83796.91261167522,-88.868100000005,88.868100000005,0,10,-3674.3090757373348,3674.3090757373348,367.43090757373346,1056.3553344943507,0.0,0.0,0,0,0.0,0.0,0.0,0,0,0.0,0.0,0.0,0,0,0.0,2,12,83885.78071167522,11.337223319989862,0.25625721205499435,24.089250594251386,94.00418587665618,0.25625721205499435,-0.8333333333333334,-1.0,-1.0,2.874976798957417,0.8333333333333334,0.25758949492875594,-1.0,1.257589494928756,21674.07249623052,1,0.0,0.0,0.0,0,0.0,0.0,0.0,0.0,0.0,0,0.0,0.0,0.0,0.0,0.0,0,0.0,0.0,-0.04624485911629381,0.017797812614381618,0.5048110116439724,0.3522654221609884,-0.09506718240266959,0.06132761818522319,0.007849032336288362,0.08207304810133208,-0.04691309444219938,0.018432339458397687,0.5000615698115846,0.35016487962920195,-1.2614333912350986,-0.8195723763728031,0.9247685185185185,0.9247685185185185,0.1909722222222222,0.3275462962962963,high,high,low,low,0,0.0,0.0,21585.204396230518,0.0,pre_price_events,7114,0x116e7d070f1888b81e1e0324f56d6746b2d7d8f1,1000863.055673601,300642.46895390877,149669.25197770135,5177.998050260203,0.015014618560906686,-0.00019561701838804405,0.023653511905638233
2026-05-05T06:00:00Z,1777960800,2026-05-05,0.0011419486878525,0.019031826294111598,-0.010752238864681796,-0.036998036875065976,0.11193039540539296,CHOG,0.99,1777964289,2026-05-05T06:58:09Z,3489,observed,15,15,2,2,15,2,13,13135.93423661433,61.35107341703126,13074.5831631973,13197.28531003136,496.4042035146603,0.036911433882522535,115.39836197173332,100.0,15.398361971733333,487489.4,1.0,1.0,1,13131.626640237397,13140.241832991262,-57.0434770401,57.0434770401,1,13,-57.95528641074396,64.74686042331857,4.624775744522755,15.119637483360782,0.0,0.0,0,0,0.0,0.0,0.0,0,0,0.0,0.0,0.0,0,0,0.0,2,15,13197.285310031362,9.48784219938143,0.9907024707012438,14.930503087431546,15.070622643005386,0.9907024707012438,-0.7333333333333333,-0.8571428571428571,-0.8951057399822799,3.2692693264678554,0.9333333333333333,0.9993443657382138,-1.0,1.9993443657382137,13188.670117277497,1,0.0,0.0,0.0,0,0.0,0.0,0.0,0.0,0.0,0,0.0,0.0,0.0,0.0,0.0,0,0.0,0.0,-0.05060146951493453,-0.012051838370361603,1.4759735376804566,1.3433328274967933,-0.09506718240266959,0.04163808190438528,0.007849032336288362,0.05733763385265194,-0.05131710540538668,-0.012416356377381985,1.4842107948063334,1.3426255295741425,-2.3304018557203223,-1.932868145871675,0.4953810623556582,0.4953810623556582,0.06581986143187067,0.4930715935334873,mid,mid,low,mid,1,0.0,0.0,13131.626640237397,0.9907024707012438,pre_price_events,7114,0x116e7d070f1888b81e1e0324f56d6746b2d7d8f1,1000863.055673601,300642.46895390877,149669.25197770135,5177.998050260203,-0.016359299761906504,-0.04034753111490313,0.10196113946443462
2026-05-05T07:00:00Z,1777964400,2026-05-05,0.0011296701827895,-0.010752238864681796,-0.003315599264779423,0.028317754476361978,0.20238881034669465,CHOG,0.99,1777967885,2026-05-05T07:58:05Z,3485,observed,35,28,3,3,27,18,17,1047170.0166539759,233413.33568098518,813756.6809729908,1280583.352334961,48358.17130096009,0.03734048210298523,116.03850285362857,100.0,16.03850285362857,872883.5714285715,1.0,1.0571428571428572,2,757662.6802837437,1222714.4908853408,56094.00068924711,57868.86144962022,6,16,-5099.473344176813,9938.27012112507,451.7395509602304,931.8597956861881,0.0,0.0,0,0,0.0,0.0,0.0,0,0,0.0,910580.0436079644,225894.46394833425,4,1,1136474.5075562985,3,35,1280583.352334961,14.062827056981536,0.6354578009226979,919.2766585409354,1446.6368297094261,0.6354578009226979,0.02857142857142857,-0.45454545454545453,-0.513114785775165,2.062825346386874,0.6285714285714286,0.6196562533050023,0.969329606356291,-0.34967335305128866,701568.6795944965,0,0.0,0.0,0.0,0,0.0,0.0,0.0,0.0,0.0,0,0.0,0.0,684685.5796596302,0.5346669378539114,0.8874662515986167,5,0.14285714285714285,0.6,0.8527636068011393,1.321505339907977,0.9234177783422001,0.8604127125620697,-0.09506718240266959,0.04163808190438528,0.007849032336288362,0.05733763385265194,0.8302124790272895,1.2889715885086708,0.902207431454594,0.8306812273135257,0.7636097015394436,0.963479171923911,0.5172811059907834,0.5172811059907834,0.7799539170506913,0.8352534562211982,mid,mid,high,high,0,0.0,0.0,0.0,0.0,pre_price_events,7114,0x116e7d070f1888b81e1e0324f56d6746b2d7d8f1,1000863.055673601,300642.46895390877,149669.25197770135,5177.998050260203,-0.0048609150977882406,0.019892368862612652,0.1867080172106874
2026-05-05T08:00:00Z,1777968000,2026-05-05,0.001125924649162,-0.003315599264779423,-0.023292696355497022,0.028276565410390253,0.11516942364208127,CHOG,0.99,1777971545,2026-05-05T08:59:05Z,3545,observed,28,25,3,3,23,8,20,149954.32821328027,1276324.9938978057,-1126370.6656845254,1426279.322111086,53185.0410268631,0.037657350915652706,184.6372633434643,100.0,84.63726334346428,878704.8571428572,1.0,1.2142857142857142,3,-1100377.9385529147,1400286.5949794753,-25992.727131610543,25992.727131610543,4,13,-10166.818756177081,12001.632723861563,705.9783955212685,1313.6166871745604,0.0,0.0,0,0,0.0,0.0,1056490.441709912,0,2,1056490.441709912,0.0,1056490.441709912,0,2,1056490.441709912,3,28,1426279.3221110858,14.170580439957732,-0.7897265621276376,-1268.2084965872175,1605.8830453549397,-0.7897265621276375,-0.42857142857142855,-0.5294117647058824,-0.8471196369776824,1.8607038055387435,0.6071428571428571,-0.7858233753705566,-1.0,0.21417662462944342,-1074385.2114213041,0,0.0,0.0,0.0,0,0.0,0.0,-1056490.441709912,-0.7407317944890089,0.7407317944890089,2,0.07142857142857142,-1.0,-1056490.441709912,-0.7407317944890089,0.7407317944890089,2,0.07142857142857142,-1.0,-1.3360465283582206,-1.8127728307552373,-0.9183259513316586,-1.1446137072315612,-1.2732068294927457,-1.5682456644459881,-1.644671624273767,-1.7995344463968734,-1.3654022360784255,-1.8553993572359981,-0.9088145162997885,-1.1367956689099037,0.7676788376560956,1.0123846521655306,0.8333333333333334,0.8333333333333334,0.7988505747126436,0.7609195402298851,high,high,high,high,0,-1056490.441709912,-1056490.441709912,-0.0,-0.0,pre_price_events,7114,0x116e7d070f1888b81e1e0324f56d6746b2d7d8f1,1000863.055673601,300642.46895390877,149669.25197770135,5177.998050260203,-0.023383692387276143,0.02168512908957551,0.10376088856419881
2026-05-05T09:00:00Z,1777971600,2026-05-05,0.0010996988281899,-0.023292696355497022,0.05634367872982793,0.1546501855481035,0.16515739205356028,CHOG,0.99,1777975146,2026-05-05T09:59:06Z,3546,observed,18,17,3,3,16,5,13,48521.66888538723,291493.42383195256,-242971.7549465653,340015.09271733975,12368.431992411148,0.036743086192676605,106.00387545588889,100.0,6.003875455888888,594705.3888888889,1.0,1.1111111111111112,2,-231155.27183777787,328198.6096085523,-11816.48310878747,11816.48310878747,2,11,1242.901615467022,6936.78346198251,533.5987278448084,965.7568082365402,0.0,0.0,0,0,0.0,0.0,0.0,0,0,0.0,0.0,278000.0,0,1,278000.0,3,18,340015.0927173398,12.73674822699383,-0.7145910877213671,-267.1957541979814,373.91419902813874,-0.714591087721367,-0.4444444444444444,-0.6923076923076923,0.17917549571481145,1.8098933858729522,0.7222222222222222,-0.7043152075308315,-1.0,0.29568479246916846,-219338.7887289904,0,0.0,0.0,0.0,0,0.0,0.0,0.0,0.0,0.0,0,0.0,0.0,-278000.0,-0.8176107647995087,0.8176107647995087,1,0.05555555555555555,-1.0,-0.3372323302611656,-0.3815702022151873,-0.8409180029062238,-1.0104267407406669,-0.04030278622806241,0.0635752468245549,0.07920109210343791,0.08215059483800269,-0.3351776872147434,-0.3804514498670714,-0.8234240203788913,-0.9946661111225354,-0.2334401256843273,0.06764182766034522,0.2901376146788991,0.2901376146788991,0.43463302752293576,0.5263761467889908,low,low,mid,mid,0,0.0,0.0,-0.0,-0.0,pre_price_events,7114,0x116e7d070f1888b81e1e0324f56d6746b2d7d8f1,1000863.055673601,300642.46895390877,149669.25197770135,5177.998050260203,0.053203721814395394,0.14774653517598085,0.15328912105551362
2026-05-05T10:00:00Z,1777975200,2026-05-05,0.001161659905665,0.05634367872982793,-0.0033555212629712283,0.16927749726442554,0.08413560845697754,CHOG,0.99,1777978701,2026-05-05T10:58:21Z,3501,observed,59,46,5,4,38,29,30,2115636.3953192346,638402.7450045763,1477233.6503146582,2754039.1403238107,105465.1339762194,0.03667664429479377,209.97154875315255,100.0,109.97154875315253,1279134.9830508474,1.0,1.4745762711864407,4,1415375.1730756098,2677810.6650807788,61858.47723904837,76228.47524303177,11,22,-3349.6735927657237,27729.851782966256,840.2985388777653,1135.2823701067357,0.0,0.0,0,0,0.0,1279551.390389318,398169.74760236504,2,1,1677721.137991683,1643312.2019874263,398169.74760236504,4,1,2041481.9495897912,5,59,2754039.14032381,14.828579533445495,0.5363880377317259,1716.0431028696894,3199.2568479462757,0.5363880377317259,-0.01694915254237288,-0.3333333333333333,-0.12079666415034152,1.3510464645373856,0.559322033898305,0.52855685113679,0.8114877943161142,-0.2829309431793242,1353516.6958365615,0,0.0,0.0,0.0,0,0.0,0.0,881381.6427869531,0.32003235897487037,0.6091856551444734,3,0.05084745762711865,0.3333333333333333,1245142.4543850613,0.4521150175950882,0.7412683137646913,5,0.0847457627118644,0.6,1.479933556523844,2.319537134787022,0.7821336176748325,0.7616571680603393,0.9275773748547538,1.3868846629945473,0.7824469771702669,0.8790580619419701,1.4861133745620354,2.3270763653198725,0.7717784685166852,0.7438140233646293,1.149255337144079,1.410469239788704,0.8615560640732265,0.8615560640732265,0.9256292906178489,0.9462242562929062,high,high,high,high,1,881381.6427869531,881381.6427869531,0.0,0.5363880377317259,pre_price_events,7114,0x116e7d070f1888b81e1e0324f56d6746b2d7d8f1,1000863.055673601,300642.46895390877,149669.25197770135,5177.998050260203,-0.0010211817761708224,0.16275996085953132,0.06792957840980983
2026-05-05T11:00:00Z,1777978800,2026-05-05,0.0011577619311512,-0.0033555212629712283,0.09674314023603214,0.08450339252554251,0.10796453494986769,CHOG,0.99,1777982295,2026-05-05T11:58:15Z,3495,observed,33,31,3,3,31,10,23,226175.80133670525,472533.7837526883,-246357.98241598305,698709.5850893935,26713.378798069767,0.03823752306263269,1317.5824170219696,100.0,1217.5824170219696,974007.4848484849,1.0,1.0,1,-222678.0813899144,673038.9914887991,-23679.901026068634,25670.593600594446,5,19,-10756.383555419932,27554.822565040016,1148.1176068766674,1596.4585995332582,0.0,0.0,0,0,0.0,0.0,0.0,0,0,0.0,0.0,417058.7398863615,0,2,417058.7398863615,3,33,698709.5850893935,13.456991894117204,-0.35258995679079425,-285.2238934764419,808.93935854695,-0.35258995679079425,-0.3939393939393939,-0.5833333333333334,-0.39036301286392666,1.3905009294964608,0.7272727272727273,-0.330854652116571,-0.9224524136255379,0.5915977615089669,-198998.18036384578,0,0.0,0.0,0.0,0,0.0,0.0,0.0,0.0,0.0,0,0.0,0.0,-417058.7398863615,-0.5968985523978502,0.5968985523978502,2,0.06060606060606061,-1.0,-0.5250199546673572,-0.4034224468294273,-0.4594277448940512,-0.5137160324489393,-0.2235596843705732,0.03527100139847912,-0.014348107149382457,0.05214706584439528,-0.5065690932841039,-0.3834857238841528,-0.4290306005139787,-0.48405150870050556,0.2143919868950436,0.5246501245571411,0.9646118721461188,0.9646118721461188,0.6404109589041096,0.8881278538812786,high,high,mid,high,0,0.0,0.0,-0.0,-0.0,pre_price_events,7114,0x116e7d070f1888b81e1e0324f56d6746b2d7d8f1,1000863.055673601,300642.46895390877,149669.25197770135,5177.998050260203,0.09484789263108447,0.07693933745006235,0.09321221251265117
2026-05-05T12:00:00Z,1777982400,2026-05-05,0.0012697674560165,0.09674314023603214,0.06972562632031232,0.009099904574535023,0.02965484488863046,CHOG,0.99,1777985889,2026-05-05T12:58:09Z,3489,observed,93,78,5,4,76,28,65,2135075.350869061,472513.36355478445,1662561.9873142766,2607588.7144238455,102007.87828568724,0.03739668307787798,127.45746045181721,100.0,27.4574604518172,936054.7419354839,1.0,1.064516129032258,3,1591281.3398914933,2493929.3247853694,71280.64742278335,113659.38963847616,16,55,-2452.05286313743,13491.401748962457,190.0197429431332,378.75251591347256,0.0,0.0,0,0,0.0,1580606.6620746448,0.0,3,0,1580606.6620746448,1839167.9152941564,252000.0,4,1,2091167.9152941564,5,93,2607588.714423845,14.773936871563876,0.6375859728636787,2111.0671051017853,3311.0312882513017,0.6375859728636786,-0.3978494623655914,-0.5492957746478874,-0.18174930290886956,1.9932271775929147,0.7634408602150538,0.6380619226362563,0.6271426201522845,0.010919302483971771,1520000.69246871,0,0.0,0.0,0.0,0,0.0,0.0,1580606.6620746448,0.6061564284779797,0.6061564284779797,3,0.03225806451612903,1.0,1587167.9152941564,0.6086726432411508,0.8019546578518638,5,0.053763440860215055,0.6,1.6748073262296213,2.470841553316144,0.8958126874441817,0.8885331221793462,1.7604292733399582,2.3223263780468217,1.3649971900017208,1.5533996150514429,1.6760900238425627,2.4762140882327732,0.8950491896157854,0.882057476860435,1.1872748415416658,1.3355782656157762,0.6503416856492027,0.6503416856492027,0.907744874715262,0.9920273348519362,mid,mid,high,high,1,1580606.6620746448,0.0,0.0,0.6375859728636787,pre_price_events,7114,0x116e7d070f1888b81e1e0324f56d6746b2d7d8f1,1000863.055673601,300642.46895390877,149669.25197770135,5177.998050260203,0.0714727563142191,0.0003611032476324317,0.0036350827244069246
2026-05-05T13:00:00Z,1777986000,2026-05-05,0.0013583027871684,0.06972562632031232,-0.07561351273680827,-0.07281581062377507,-0.06424025320967108,CHOG,0.99,1777989491,2026-05-05T13:58:11Z,3491,observed,87,74,5,4,67,30,57,3028811.8536041533,2100068.214298686,928743.6393054671,5128880.067902839,211777.63571901672,0.04016241284610941,246.0679019935747,100.0,146.0679019935747,1007759.1034482758,1.0,1.1149425287356323,3,883366.5183763469,4953079.545234044,45377.12092912025,175800.52266879525,18,42,-2318.255085606486,34288.48565585302,571.4747609308837,1122.9765042597498,1309274.346965978,1222903.44648474,1,1,2532177.793450718,2393523.071284295,1222903.44648474,3,1,3616426.517769035,2658600.075248662,1626528.9012751805,4,3,4285128.976523843,5,87,5128880.067902839,15.450398077937775,0.18108117698396944,1261.5150738335392,6966.572091284878,0.18108117698396944,-0.3103448275862069,-0.4,-0.06761030827883066,1.965050044258327,0.6896551724137931,0.17834692746381198,0.25811709908627434,-0.07977017162246236,837989.3974472267,0,86370.90048123803,0.016840109212488266,0.4937096909903192,2,0.022988505747126436,0.0,1170619.6247995552,0.22824078732615263,0.7051103691039836,4,0.04597701149425287,0.5,1032071.1739734814,0.201227394735219,0.8354901888505263,7,0.08045977011494253,0.14285714285714285,0.8963694495847839,1.3196815419963748,0.31145161788698567,0.22717796836159848,1.1830213421399718,1.663136342137733,0.5004930455273556,0.5942323090521674,0.8923441276233647,1.313713259437368,0.3063447033043665,0.21912414268173333,1.601508635714766,1.7160235486266593,0.8875,0.8875,0.9693181818181819,0.9875,high,high,high,high,1,1170619.6247995552,1170619.6247995552,0.0,0.18108117698396944,pre_price_events,7114,0x116e7d070f1888b81e1e0324f56d6746b2d7d8f1,1000863.055673601,300642.46895390877,149669.25197770135,5177.998050260203,-0.07401753812630159,-0.08275508880352656,-0.09013796889459427
2026-05-05T14:00:00Z,1777989600,2026-05-05,0.0012555967420704,-0.07561351273680827,0.020488645570456265,0.02163307425870742,0.03822569370501672,CHOG,0.99,1777993077,2026-05-05T14:57:57Z,3477,observed,42,37,4,4,37,9,33,97282.54275962635,1251149.6239514616,-1153867.0811918352,1348432.1667110878,54739.49957142978,0.03983243199601118,150.19191918440478,100.0,50.19191918440476,1094038.880952381,1.0,1.0,1,-1112234.616043624,1306117.4562154089,-41632.465148211384,42314.71049567916,5,19,-14024.779518994985,14896.596503193992,620.6915209664163,973.074942564318,0.0,0.0,0,0,0.0,0.0,449950.0,0,1,449950.0,0.0,728970.7,0,2,728970.7,4,42,1348432.1667110883,14.114453859125781,-0.8557101422507524,-1448.79174792675,1693.0870354253723,-0.8557101422507525,-0.5714285714285714,-0.5833333333333334,-0.9414754246708582,1.5677271393191274,0.5714285714285714,-0.8515578830608561,-0.9838768754535745,0.13231899239271838,-1070602.1508954125,0,0.0,0.0,0.0,0,0.0,0.0,-449950.0,-0.33368382267048463,0.33368382267048463,1,0.023809523809523808,-1.0,-728970.7,-0.5406061335499034,0.5406061335499034,2,0.047619047619047616,-1.0,-1.492091788106624,-1.7348819799653612,-1.0766269346985016,-1.219201223833314,-0.7997128529307588,-0.6687551732951974,-0.7628446996685098,-0.8183572159185573,-1.5013267724840325,-1.751532790475014,-1.0719947784150399,-1.2115141461316576,0.6462054057642203,0.8723238202880255,0.753968253968254,0.753968253968254,0.7834467120181405,0.935374149659864,high,high,high,high,0,-449950.0,-449950.0,-0.0,-0.0,pre_price_events,7114,0x116e7d070f1888b81e1e0324f56d6746b2d7d8f1,1000863.055673601,300642.46895390877,149669.25197770135,5177.998050260203,0.013554497002908868,0.006450104557507276,0.01086385474401513
2026-05-05T15:00:00Z,1777993200,2026-05-05,0.0012813222186981,0.020488645570456265,-0.01711150382780191,0.02036957908816972,0.013963873406237726,CHOG,0.99,1777996735,2026-05-05T15:58:55Z,3535,observed,40,30,4,4,24,13,27,1339002.851990894,1048654.400726411,290348.45126448304,2387657.252717305,97892.32551448469,0.03845849239856879,568.5917390557249,100.0,468.591739055725,1312662.2,1.0,1.25,3,275021.2675000232,2202749.88871668,15327.183764459858,184907.3640006248,8,18,-7982.4490175816745,55241.90360590332,2124.6886002270508,1892.9862950420895,1225506.30409053,0.0,1,0,1225506.30409053,1225506.30409053,711265.8609458063,1,2,1936772.165036336,1225506.30409053,711265.8609458063,1,2,1936772.165036336,4,40,2387657.2527173054,14.685823633000995,0.12160390731711938,372.0299217697646,3059.3582885423475,0.12160390731711938,-0.35,-0.38461538461538464,-0.14449989041884947,0.8909476404400152,0.65,0.12485360635303462,0.08289114848020908,0.04196245787282554,259694.08373556333,0,1225506.30409053,0.5132672634214255,0.5132672634214255,1,0.025,1.0,514240.44314472366,0.21537448164282605,0.8111600452000247,3,0.075,-0.3333333333333333,514240.44314472366,0.21537448164282605,0.8111600452000247,3,0.075,-0.3333333333333333,0.1510389334247091,0.38110140922606256,0.2462375000995397,0.1621185236350032,0.36262424721008013,0.7155657600047077,0.48627078519168865,0.5669737227395322,0.14924598104200051,0.3772270455933261,0.2491126031921418,0.1626842478106034,0.9892769869263233,1.217814701862878,0.9377828054298643,0.9377828054298643,0.8970588235294118,0.7782805429864253,high,high,high,high,1,514240.44314472366,514240.44314472366,0.0,0.12160390731711938,pre_price_events,7114,0x116e7d070f1888b81e1e0324f56d6746b2d7d8f1,1000863.055673601,300642.46895390877,149669.25197770135,5177.998050260203,-0.01573949148238882,0.013916052129469567,0.0012002607676008994
2026-05-05T16:00:00Z,1777996800,2026-05-05,0.0012593968686482,-0.01711150382780191,0.01855038039555912,0.009249033269078222,-0.028030985567474187,CHOG,0.99,1778000332,2026-05-05T16:58:52Z,3532,observed,23,20,3,3,20,7,16,66831.89894116856,197177.0777734071,-130345.17883223853,264008.97671457566,10653.826758914834,0.04053968154689519,112.71735327560869,100.0,12.717353275608696,825923.7826086957,1.0,1.0,1,-119648.56871113108,251276.31650655827,-10696.610121107436,12732.66020801739,5,13,1585.2688343251893,18689.54082625126,1038.3078236806257,1489.6334035249668,0.0,0.0,0,0,0.0,0.0,0.0,0,0,0.0,0.0,0.0,0,0,0.0,3,23,264008.97671457566,12.483742171999921,-0.4937149503562403,-164.15631006471082,332.4920785693521,-0.4937149503562403,-0.391304347826087,-0.4444444444444444,0.08482117613604111,1.4346741588101188,0.782608695652174,-0.4761633343507257,-0.8400923252763856,0.36392899092565983,-108951.95859002364,0,0.0,0.0,0.0,0,0.0,0.0,0.0,0.0,0.0,0,0.0,0.0,0.0,0.0,0.0,0,0.0,0.0,-0.3638489050002173,-0.22130604426406358,-0.622893112273812,-0.688468560504574,-0.2986567457936101,-0.01020154233381364,-0.06552587363722888,0.04044891120410555,-0.35637323757883155,-0.214354401629888,-0.600700541239586,-0.6645473224827021,-0.5237706048173725,-0.14271092936511162,0.4322799097065463,0.4322799097065463,0.3803611738148984,0.6783295711060948,mid,mid,mid,high,0,0.0,0.0,-0.0,-0.0,pre_price_events,7114,0x116e7d070f1888b81e1e0324f56d6746b2d7d8f1,1000863.055673601,300642.46895390877,149669.25197770135,5177.998050260203,0.014897989615175727,0.001994269468077281,-0.041693394028036394
2026-05-05T17:00:00Z,1778000400,2026-05-05,0.0012827591596306,0.01855038039555912,0.01922656576141879,0.016241270828422305,-0.05312851070751712,CHOG,0.99,1778003933,2026-05-05T17:58:53Z,3533,observed,16,14,3,3,14,10,6,111344.0479883612,140812.13433945688,-29468.08635109568,252156.18232781807,10186.53815947687,0.04050829497795445,103.40265004475,100.0,3.40265004475,855440.0625,1.0,1.0,1,-16385.325834743555,237658.7440169229,-13082.760516352126,14497.438310895184,6,3,2825.5763622999125,6833.515448440143,759.279494271127,1222.090189769918,0.0,0.0,0,0,0.0,0.0,0.0,0,0,0.0,0.0,0.0,0,0,0.0,3,16,252156.18232781807,12.437807911445098,-0.11686442140365771,-37.80045768365345,323.45565253849225,-0.11686442140365773,0.25,0.3333333333333333,0.4134879599847681,1.609539305342452,0.5625,-0.06894476322561399,-0.9024187746686327,0.8334740114430188,-3302.565318391429,0,0.0,0.0,0.0,0,0.0,0.0,0.0,0.0,0.0,0,0.0,0.0,0.0,0.0,0.0,0,0.0,0.0,-0.22970154648922614,-0.06889058554508258,-0.04124863049956186,-0.15267862678033178,-0.2986567457936101,0.0015319273177044406,-0.06552587363722888,0.05168475396356845,-0.2139873118317512,-0.05119503128461476,0.02250816676577325,-0.08909237322879163,-0.5458664329453593,-0.15531660424771046,0.17905405405405406,0.17905405405405406,0.36824324324324326,0.44256756756756754,low,low,mid,mid,1,0.0,0.0,-0.0,-0.11686442140365771,pre_price_events,7114,0x116e7d070f1888b81e1e0324f56d6746b2d7d8f1,1000863.055673601,300642.46895390877,149669.25197770135,5177.998050260203,0.018825891739151408,0.013226619413954985,-0.058994901143568416
2026-05-05T18:00:00Z,1778004000,2026-05-05,0.0013074222129693,0.01922656576141879,-0.027823560302974837,-0.006277828948660136,-0.07124797959141549,CHOG,0.99,1778007541,2026-05-05T18:59:01Z,3541,observed,19,17,3,3,17,12,7,187319.63183673643,44824.403174124745,142495.22866261165,232144.03501086117,9456.319802757693,0.040560525484182076,108.71737805110527,100.0,8.717378051105264,702981.5789473684,1.0,1.0,1,135373.8191515175,225020.581499767,7121.409511094177,7123.453511094177,6,5,6519.471630617661,8256.520296571634,750.592754233785,1274.375828190401,0.0,0.0,0,0,0.0,0.0,0.0,0,0,0.0,0.0,0.0,0,0,0.0,3,19,232144.03501086115,12.355117606231904,0.6138224859232106,186.30142719563818,303.5102679815228,0.6138224859232106,0.2631578947368421,0.09090909090909091,0.7896149220785843,1.6978259129230482,0.5789473684210527,0.6016063875101917,0.9997130605264966,-0.39810667301630487,128252.40964042333,0,0.0,0.0,0.0,0,0.0,0.0,0.0,0.0,0.0,0,0.0,0.0,0.0,0.0,0.0,0,0.0,0.0,-0.004602136449144013,0.17696981527108138,1.0044064960943968,0.8542724096510419,-0.2568162419589562,0.0015319273177044406,0.004844747668154233,0.05168475396356845,-0.005575179326520602,0.17548166582243097,0.9798841184332421,0.829654405104972,-0.5552082824461115,-0.2076634444599461,0.3404494382022472,0.3404494382022472,0.3471910112359551,0.5606741573033708,mid,mid,mid,mid,1,0.0,0.0,0.0,0.6138224859232106,pre_price_events,7114,0x116e7d070f1888b81e1e0324f56d6746b2d7d8f1,1000863.055673601,300642.46895390877,149669.25197770135,5177.998050260203,-0.028629526518831334,-0.009751969266139835,-0.07848721575744183
2026-05-05T19:00:00Z,1778007600,2026-05-05,0.0012710450721853,-0.027823560302974837,0.02560705916473971,-0.03693837458114568,-0.031056726082602015,CHOG,0.99,1778011136,2026-05-05T19:58:56Z,3536,observed,13,12,3,3,12,4,9,13887.888119001695,244878.4263423407,-230990.538223339,258766.3144613424,10369.782585652036,0.040420423482143426,103.3228452846923,100.0,3.322845284692308,875070.6923076923,1.0,1.0,1,-218939.79148966717,245980.44903874674,-12050.74673367185,12785.865422595654,3,7,-3061.9320013132606,6694.920683368133,669.4920683368133,1327.2045249543778,0.0,0.0,0,0,0.0,0.0,0.0,0,0,0.0,0.0,228000.0,0,1,228000.0,3,13,258766.31446134238,12.463684537115581,-0.8926607727291611,-293.5993853302052,328.903648843641,-0.8926607727291611,-0.38461538461538464,-0.4,-0.4573514976689522,1.9824051511939307,0.7692307692307693,-0.8900698911041498,-0.9425053631782581,0.05243547207410826,-206889.04475599533,0,0.0,0.0,0.0,0,0.0,0.0,0.0,0.0,0.0,0,0.0,0.0,-228000.0,-0.881103865758622,0.881103865758622,1,0.07692307692307693,-1.0,-0.45302904571777186,-0.37426191961438693,-1.1784787172274112,-1.292902079567373,-0.27588370773121607,0.0015319273177044406,-0.09848378200055628,0.05168475396356845,-0.4498809726037867,-0.3722553371573158,-1.1800156824893717,-1.2886243325843707,-0.4675252602162793,-0.13856425954561297,0.17825112107623317,0.17825112107623317,0.38004484304932734,0.3710762331838565,low,low,mid,mid,0,0.0,0.0,-0.0,-0.0,pre_price_events,7114,0x116e7d070f1888b81e1e0324f56d6746b2d7d8f1,1000863.055673601,300642.46895390877,149669.25197770135,5177.998050260203,0.022147989455577128,-0.04344555897135365,-0.0417331774110995
2026-05-05T20:00:00Z,1778011200,2026-05-05,0.0013035927985498,0.02560705916473971,-0.003358685781380988,-0.06826113397204425,-0.06436143782133263,CHOG,0.99,1778014737,2026-05-05T20:58:57Z,3537,observed,25,20,4,4,20,13,12,1520.066607229003,344856.8588203991,-343336.7922131701,346376.9254276281,13707.97438741202,0.03863512288081838,103.54491889872001,100.0,3.54491889872,976150.4,1.0,1.0,1,-330256.17183578043,331135.57298251265,-13080.620377389672,15241.35244511549,13,7,-6913.1595550569755,9953.292769514981,497.66463847574903,950.0302298259329,0.0,0.0,0,0,0.0,0.0,0.0,0,0,0.0,0.0,199605.58308448404,0,1,199605.58308448404,4,25,346376.92542762816,12.755285727969031,-0.9912230492527621,-447.5713698062776,451.5344655712771,-0.991223049252762,0.04,0.3,-0.6945600531545352,1.90897676141044,0.8,-0.9973442866955926,-0.8582322615065382,-0.1391120251890544,-317175.5514583908,0,0.0,0.0,0.0,0,0.0,0.0,0.0,0.0,0.0,0,0.0,0.0,-199605.58308448404,-0.5762669751689034,0.5762669751689034,1,0.04,-1.0,-0.5876857037112361,-0.5317784050641653,-1.320347149254775,-1.3894047078982472,-0.27588370773121607,0.0015319273177044406,-0.09848378200055628,0.05168475396356845,-0.5891237209462854,-0.5359621478821153,-1.335892151677211,-1.3966014103108817,-0.26223844550870457,0.011690794874779958,0.1912751677852349,0.1912751677852349,0.4395973154362416,0.680089485458613,low,low,mid,high,1,0.0,0.0,-0.0,-0.9912230492527621,pre_price_events,7114,0x116e7d070f1888b81e1e0324f56d6746b2d7d8f1,1000863.055673601,300642.46895390877,149669.25197770135,5177.998050260203,-0.0035810207096463515,-0.07211629251372742,-0.07279171599581746
2026-05-05T21:00:00Z,1778014800,2026-05-05,0.0012992144399526,-0.003358685781380988,-0.0578193286983022,-0.06538059885895287,-0.05671881831254011,CHOG,0.99,1778018337,2026-05-05T21:58:57Z,3537,observed,10,9,2,2,9,2,8,127257.76562891832,53153.15892636233,74104.60670255599,180410.92455528065,7213.323262035871,0.03965791737380665,108.37800336810001,100.0,8.3780033681,1748566.0,1.0,1.0,1,74803.206702556,179712.32455528065,-698.6,698.6,1,6,-5350.369693347287,13706.799386131346,1958.1141980187638,1743.4014454258256,0.0,0.0,0,0,0.0,0.0,0.0,0,0,0.0,0.0,0.0,0,0,0.0,2,10,180410.92455528062,12.102997985065137,0.41075454208344914,96.27777509496897,234.39247830741974,0.41075454208344914,-0.6,-0.7142857142857143,-0.3903442038234568,0.8903471754557593,0.7,0.4162386018191315,-1.0,1.4162386018191315,75501.806702556,1,0.0,0.0,0.0,0,0.0,0.0,0.0,0.0,0.0,0,0.0,0.0,0.0,0.0,0.0,0,0.0,0.0,-0.10457035117656774,0.08006477633012363,0.6475116446129564,0.5711494446034172,-0.27588370773121607,0.0015319273177044406,-0.09848378200055628,0.05168475396356845,-0.09935376199844193,0.08584378648712443,0.6486164512253426,0.5726778980496272,-0.7175191588937425,-0.42444936165847985,0.3404017857142857,0.3404017857142857,0.31138392857142855,0.22321428571428573,mid,mid,low,low,0,0.0,0.0,74803.206702556,0.0,pre_price_events,7114,0x116e7d070f1888b81e1e0324f56d6746b2d7d8f1,1000863.055673601,300642.46895390877,149669.25197770135,5177.998050260203,-0.05982727149430957,-0.06934156053280813,-0.06336282821670314
2026-05-05T22:00:00Z,1778018400,2026-05-05,0.0012240947331994,-0.0578193286983022,-0.007749937205925983,0.006107240017984905,-0.006649110714517015,CHOG,0.99,1778021941,2026-05-05T22:59:01Z,3541,observed,24,18,5,4,15,12,12,359545.55560496973,1052362.5772867515,-692817.0216817819,1411908.1328917213,54811.52299261088,0.03598967332425345,300.6529068457083,100.0,200.65290684570832,808420.6666666666,1.0,1.25,2,-677010.0846813896,1395289.4032628832,-15806.93700039221,16618.729628837973,7,6,231.64664610660665,8510.034424259007,654.6180326353083,781.612857865243,0.0,0.0,0,0,0.0,312210.7930969338,0.0,1,0,312210.7930969338,312210.7930969338,1030058.9912547794,1,4,1342269.7843517133,5,24,1411908.132891721,14.160453341488433,-0.49069553857079007,-848.0736673115638,1728.3093092341546,-0.4906955385707901,0.0,0.07692307692307693,0.027220412345955555,1.193998360721426,0.5416666666666666,-0.4852112279346507,-0.9511519444279855,0.46594071649333474,-661203.1476809974,0,0.0,0.0,0.0,0,0.0,0.0,312210.7930969338,0.22112684658703438,0.22112684658703438,1,0.041666666666666664,1.0,-717848.1981578455,-0.5084241541180335,0.9506778472921024,5,0.20833333333333334,-0.6,-1.0484074114853978,-1.0355899945553293,-0.6298469462819953,-0.700061184553344,0.3816662623718022,0.4482222975972205,0.5609771282076758,0.6075788812850074,-1.0658462638040571,-1.0591658738713212,-0.6289294859621448,-0.6932353012857797,0.8201008076493232,0.9287413818098252,0.9053452115812918,0.9053452115812918,0.7917594654788419,0.48329621380846327,high,high,high,mid,0,312210.7930969338,312210.7930969338,-0.0,-0.0,pre_price_events,7114,0x116e7d070f1888b81e1e0324f56d6746b2d7d8f1,1000863.055673601,300642.46895390877,149669.25197770135,5177.998050260203,-0.01146069380693527,-0.004517060257950671,-0.02356356722564272
2026-05-05T23:00:00Z,1778022000,2026-05-05,0.001214608075883,-0.007749937205925983,-0.0002775002631650869,0.004185396029829924,0.000835222768021282,CHOG,0.99,1778025536,2026-05-05T23:58:56Z,3536,observed,14,10,4,4,10,4,10,78955.9147142307,417994.8837301265,-339038.9690158958,496950.7984443572,19015.80822948821,0.03325165467856002,116.1736403062143,100.0,16.173640306214285,1632762.142857143,1.0,1.0,1,-332254.8764113196,488994.02499278577,-6784.092604576148,7956.7734515714355,2,8,-8827.282119170764,10807.964546742514,1080.7964546742514,1302.2460086853978,0.0,0.0,0,0,0.0,0.0,0.0,0,0,0.0,0.0,408177.26039716986,0,2,408177.26039716986,4,14,496950.7984443572,13.116248315354,-0.6822385034438323,-411.79946980575323,603.6004531070213,-0.6822385034438322,-0.42857142857142855,-0.6,-0.816738626500332,1.2048947820409817,0.7142857142857143,-0.6794661272522122,-0.8526185451762879,0.17315241792407565,-325470.78380674345,0,0.0,0.0,0.0,0,0.0,0.0,0.0,0.0,0.0,0,0.0,0.0,-408177.26039716986,-0.8213635266809474,0.8213635266809474,2,0.14285714285714285,-1.0,-0.5196914214323055,-0.5071716299529693,-0.8995189980770986,-0.943588032579083,-0.19700195476529359,-0.004761685794516713,-0.0810897825795302,0.04371980973403712,-0.5284053504524174,-0.5198438079327449,-0.9027642017747892,-0.9395824723986332,0.027677751174849777,0.23232439639749897,0.5188888888888888,0.5188888888888888,0.5411111111111111,0.2677777777777778,mid,mid,mid,low,0,0.0,0.0,-0.0,-0.0,pre_price_events,7114,0x116e7d070f1888b81e1e0324f56d6746b2d7d8f1,1000863.055673601,300642.46895390877,149669.25197770135,5177.998050260203,-0.0011799818582373426,-0.0006375951129903744,-0.006588718312886204
2026-05-06T00:00:00Z,1778025600,2026-05-06,0.0012142710218223,-0.0002775002631650869,0.014246862032117003,0.009267708904649119,0.0459849683182767,CHOG,0.99,1778029132,2026-05-06T00:58:52Z,3532,observed,13,12,3,3,12,6,7,443597.58228202886,37373.15696424692,406224.425317782,480970.7392462758,18786.1135180402,0.038277259621041344,107.02627504684617,100.0,7.026275046846154,1063528.1538461538,1.0,1.0,1,424848.5104127182,462346.65415133955,-18624.085094936236,18624.085094936236,0,5,-124.98677437444401,124.98677437444401,24.997354874888803,55.483993471706945,0.0,0.0,0,0,0.0,0.0,0.0,0,0,0.0,0.0,0.0,0,0,0.0,3,13,480970.7392462758,13.083563793196058,0.8445928040328857,493.26654801979976,584.0288310112023,0.8445928040328857,-0.07692307692307693,-1.0,-1.0,2.2195945830830133,0.38461538461538464,0.9188960417428541,-1.0,1.9188960417428542,443472.5955076545,1,0.0,0.0,0.0,0,0.0,0.0,0.0,0.0,0.0,0,0.0,0.0,0.0,0.0,0.0,0,0.0,0.0,0.5035558293156639,0.5795344637829656,1.2286279812172831,1.201558976925072,-0.28256076693962434,0.0029599634337305813,-0.2078258034756084,0.07598263096113357,0.557462302337431,0.6352522631989007,1.3195563085149384,1.2929727947843297,0.027830718242835232,0.21025637437552652,0.3070953436807095,0.3070953436807095,0.5332594235033259,0.37250554323725055,low,low,mid,mid,0,0.0,0.0,424848.5104127182,0.0,pre_price_events,7114,0x116e7d070f1888b81e1e0324f56d6746b2d7d8f1,1000863.055673601,300642.46895390877,149669.25197770135,5177.998050260203,0.013936471320683413,0.00525073019563814,0.03995101297475931
2026-05-06T01:00:00Z,1778029200,2026-05-06,0.0012315705735398,0.014246862032117003,-0.009645311518005406,-0.012678917539917456,0.18791950319769546,CHOG,0.99,1778032746,2026-05-06T01:59:06Z,3546,observed,23,19,4,4,17,11,12,462553.6438090657,19333.287205979133,443220.3566030865,481886.9310150448,19115.8491718547,0.03785462186281734,111.95185035026087,100.0,11.95185035026087,1009912.4782608695,1.0,1.0869565217391304,2,408766.70436977287,444753.7255895323,34453.65223331367,37133.20542551253,6,10,7035.662701778149,11128.67504184908,695.5421901155675,1265.3755099246325,0.0,0.0,0,0,0.0,0.0,0.0,0,0,0.0,230080.00815522493,0.0,1,0,230080.00815522493,4,23,481886.9310150448,13.085466857730959,0.9197600683411123,545.857148786178,593.4777640115328,0.9197600683411123,-0.043478260869565216,-0.25,0.6322102743876276,1.819264924410099,0.6956521739130435,0.9190855092398434,0.9278394320798962,-0.00875392284005272,374313.0521364592,0,0.0,0.0,0.0,0,0.0,0.0,0.0,0.0,0.0,0,0.0,0.0,230080.00815522493,0.4774564183979534,0.4774564183979534,1,0.043478260869565216,1.0,0.5381386264208999,0.6253517294467458,1.270539079544247,1.3033370145619385,-0.28256076693962434,0.0029599634337305813,-0.2078258034756084,0.07598263096113357,0.5122867614513194,0.6025119438783229,1.253141104550683,1.2878590733534567,0.021172630156813612,0.2006769267989409,0.42146017699115046,0.42146017699115046,0.5342920353982301,0.5641592920353983,mid,mid,mid,mid,1,0.0,0.0,0.0,0.9197600683411123,pre_price_events,7114,0x116e7d070f1888b81e1e0324f56d6746b2d7d8f1,1000863.055673601,300642.46895390877,149669.25197770135,5177.998050260203,-0.009901537731603396,-0.017118001827903524,0.17937960542159956
2026-05-06T02:00:00Z,1778032800,2026-05-06,0.0012196916917016,-0.009645311518005406,0.004782225313154864,-0.003336209902129572,0.08541501501134108,CHOG,0.99,1778036338,2026-05-06T02:58:58Z,3538,observed,13,12,2,2,12,3,10,4041.153449880372,10027.975405842702,-5986.82195596233,14069.128855723075,559.0772538682623,0.03966726179779404,112.53895779576922,100.0,12.53895779576923,865389.0769230769,1.0,1.0,1,-6692.532972600095,9964.296005842702,705.7110166377645,4104.832849880372,3,9,2191.1272710722537,5891.17962868849,490.93163572404086,860.7765277656183,0.0,0.0,0,0,0.0,0.0,0.0,0,0,0.0,0.0,0.0,0,0,0.0,2,13,14069.128855723076,9.551809308255772,-0.425528973211941,-7.302076999383977,17.159999574804672,-0.42552897321194105,-0.5384615384615384,-0.5,0.3719335360955626,1.753353145588426,0.9230769230769231,-0.6716513608864928,0.17192198621640128,-0.8435733471028941,-7398.243989237859,1,0.0,0.0,0.0,0,0.0,0.0,0.0,0.0,0.0,0,0.0,0.0,0.0,0.0,0.0,0,0.0,0.0,-0.15108099769678365,-0.029546473006571268,-0.7065331505372778,-0.5917451553931686,-0.28256076693962434,0.0029599634337305813,-0.2078258034756084,0.07598263096113357,-0.15174639291625117,-0.031442361277637214,-1.0498227749948412,-0.9292750728854217,-2.291330194086819,-2.0773118528526204,0.42935982339955847,0.42935982339955847,0.06512141280353201,0.3719646799116998,mid,mid,low,mid,0,0.0,0.0,-6692.532972600095,-0.0,pre_price_events,7114,0x116e7d070f1888b81e1e0324f56d6746b2d7d8f1,1000863.055673601,300642.46895390877,149669.25197770135,5177.998050260203,-0.0026144940666548017,-0.008812342219026744,0.07261064395698813
2026-05-06T03:00:00Z,1778036400,2026-05-06,0.0012255245321839,0.004782225313154864,-0.007808036591114176,0.03638009924391272,0.07196377084205596,CHOG,0.99,1778039932,2026-05-06T03:58:52Z,3532,observed,4,4,2,2,4,0,4,0.0,1860.077345500524,-1860.077345500524,1860.077345500524,72.98682253479558,0.03983288950101928,102.00390144325,100.0,2.00390144325,504443.25,1.0,1.0,1,-1851.7772009705238,1851.7772009705238,-8.30014453,8.30014453,0,4,-1860.077345500524,1860.077345500524,465.019336375131,924.5135223859048,0.0,0.0,0,0,0.0,0.0,0.0,0,0,0.0,0.0,0.0,0,0,0.0,2,4,1860.0773455005237,7.528910817036276,-1.0,-2.2795704186704002,2.2795704186704002,-1.0,-1.0,-1.0,-1.0,1.9881184502833231,1.0,-1.0,-1.0,0.0,-1843.477056440524,0,0.0,0.0,0.0,0,0.0,0.0,0.0,0.0,0.0,0,0.0,0.0,0.0,0.0,0.0,0,0.0,0.0,-0.14018215907620052,-0.020080472117274983,-1.4273374263808052,-1.3633282940210754,-0.28256076693962434,0.0029599634337305813,-0.2078258034756084,0.07598263096113357,-0.13926945022055304,-0.020639442795313975,-1.4026236733388338,-1.3495224966932866,-2.9094627511659077,-3.1138666965902275,0.023127753303964757,0.023127753303964757,0.009911894273127754,0.051762114537444934,low,low,low,low,1,0.0,0.0,-0.0,-1.0,pre_price_events,7114,0x116e7d070f1888b81e1e0324f56d6746b2d7d8f1,1000863.055673601,300642.46895390877,149669.25197770135,5177.998050260203,-0.016892251862158075,0.03328311041440818,0.06192227854451128
2026-05-06T04:00:00Z,1778040000,2026-05-06,0.0012159555917933,-0.007808036591114176,-0.0002738978243513879,0.20317445287179225,0.10111549676766529,CHOG,0.99,1778043539,2026-05-06T04:58:59Z,3539,observed,16,16,2,2,16,1,15,2.6260040760343792,48036.246648902124,-48033.62064482609,48038.87265297816,1883.5616497364638,0.039267626555852836,121.261857568,100.0,21.261857568,565040.5,1.0,1.0,1,-46967.96455621127,46973.216564363334,-1065.6560886148231,1065.6560886148231,1,13,-1357.9287993157002,1363.180807467769,97.37005767626921,288.97916377768263,0.0,0.0,0,0,0.0,0.0,0.0,0,0,0.0,0.0,0.0,0,0,0.0,2,16,48038.872652978156,10.779786625336497,-0.9998906717026852,-58.40674961715438,58.41313582583504,-0.9998906717026852,-0.875,-0.8571428571428571,-0.9961472402462701,2.967844229264659,0.875,-0.9998881914304322,-1.0,0.00011180856956782836,-45902.30846759645,0,0.0,0.0,0.0,0,0.0,0.0,0.0,0.0,0.0,0,0.0,0.0,0.0,0.0,0.0,0,0.0,0.0,-0.1800131967602246,-0.09665295723359192,-1.3183027675925056,-1.3513378193149164,-0.2468179067020228,-0.008237302366723216,-0.09369953207679475,0.045833821978112865,-0.1793563675112139,-0.09919138267138916,-1.296090526333644,-1.3382027411075403,-1.0391614599207821,-1.1252647158848594,0.6010989010989011,0.6010989010989011,0.13076923076923078,0.5230769230769231,mid,mid,low,mid,0,0.0,0.0,-0.0,-0.0,pre_price_events,7114,0x116e7d070f1888b81e1e0324f56d6746b2d7d8f1,1000863.055673601,300642.46895390877,149669.25197770135,5177.998050260203,-0.005616387900211482,0.19758062880635857,0.08914207279774235
2026-05-06T05:00:00Z,1778043600,2026-05-06,0.0012156225442022,-0.0002738978243513879,0.04482204805123868,0.08904830876293324,0.16108234494278117,CHOG,0.99,1778047134,2026-05-06T05:58:54Z,3534,observed,34,34,3,3,34,10,24,24.278960070711015,72129.30744416114,-72105.02848409044,72153.58640423186,2814.2690726050396,0.03817789718167998,145.95481631541176,100.0,45.95481631541176,540536.4411764706,1.0,1.0,1,-71874.90039596714,71910.77444554491,-230.1280881232922,242.81195868694243,10,23,-3504.7002767834488,3553.258196924871,107.67449081590517,368.26962108494797,0.0,0.0,0,0,0.0,0.0,0.0,0,0,0.0,0.0,0.0,0,0,0.0,3,34,72153.58640423186,11.186566129807902,-0.9993270200060551,-87.65249817560212,87.7115262780256,-0.9993270200060551,-0.4117647058823529,-0.3939393939393939,-0.9863342550835608,3.4202123297206146,0.9705882352941176,-0.9995011310912116,-0.9477625787780759,-0.05173855231313573,-71644.77230784384,0,0.0,0.0,0.0,0,0.0,0.0,0.0,0.0,0.0,0,0.0,0.0,0.0,0.0,0.0,0,0.0,0.0,-0.21057867588911275,-0.13960113075399616,-1.2077391440551613,-1.3299306348690962,-0.2468179067020228,-0.01994100265542839,-0.09369953207679475,0.018663412613756623,-0.21252245479374537,-0.1447714179839065,-1.1885262961337948,-1.3168175471942631,-0.8145034360405145,-0.8596511213049494,0.7423245614035088,0.7423245614035088,0.17653508771929824,0.9122807017543859,high,high,low,high,0,0.0,0.0,-0.0,-0.0,pre_price_events,7114,0x116e7d070f1888b81e1e0324f56d6746b2d7d8f1,1000863.055673601,300642.46895390877,149669.25197770135,5177.998050260203,0.03893906085708066,0.08116392691575039,0.14274705871020793
2026-05-06T06:00:00Z,1778047200,2026-05-06,0.0012701092362906,0.04482204805123868,0.1518747065764705,0.034334576304681175,0.23609174970505586,CHOG,0.99,1778050737,2026-05-06T06:58:57Z,3537,observed,38,36,3,3,35,12,26,368558.05911417026,102408.80238196309,266149.25673220714,470966.8614961333,18727.876112877144,0.03946978332311836,112.13410862528949,100.0,12.134108625289473,901350.447368421,1.0,1.0526315789473684,2,261967.97422050784,455079.98540572333,4181.282511699307,15886.876090410033,9,24,4502.444035547001,5681.298154536489,172.16055013746936,606.4818599475071,0.0,0.0,0,0,0.0,0.0,0.0,0,0,0.0,353439.7940912122,0.0,2,0,353439.7940912122,3,38,470966.86149613344,13.06254513605504,0.5651124919632848,338.03862920745445,598.1793607730348,0.5651124919632848,-0.3684210526315789,-0.45454545454545453,0.7925026839071667,3.5227690633146462,0.868421052631579,0.5756525943169136,0.2631909815311835,0.31246161278573015,257786.69170880853,0,0.0,0.0,0.0,0,0.0,0.0,0.0,0.0,0.0,0,0.0,0.0,353439.7940912122,0.7504557602384812,0.7504557602384812,2,0.05263157894736842,1.0,0.28798948024830856,0.35048470073211624,1.1171481336084637,0.8281186244172345,-0.2468179067020228,-0.01994100265542839,-0.09369953207679475,0.018663412613756623,0.29990805272195736,0.36187123253495557,1.1236893714762715,0.8352695096253431,0.12155263338016316,0.24685067726879567,0.4234135667396061,0.4234135667396061,0.5284463894967177,0.9234135667396062,mid,mid,mid,high,1,0.0,0.0,0.0,0.5651124919632848,pre_price_events,7114,0x116e7d070f1888b81e1e0324f56d6746b2d7d8f1,1000863.055673601,300642.46895390877,149669.25197770135,5177.998050260203,0.1522993842934373,0.030015623881784206,0.22492466456962806
2026-05-06T07:00:00Z,1778050800,2026-05-06,0.0014630067038723,0.1518747065764705,-0.09510211241447908,-0.08482473664606816,0.03191428849500011,CHOG,0.99,1778054336,2026-05-06T07:58:56Z,3536,observed,208,162,5,4,115,67,141,12496515.77187026,8477241.849487912,4019273.9223823464,20973757.62135817,809831.7973913462,0.03754753349119376,3763.682621505365,100.0,3663.682621505365,1126154.5817307692,1.0,1.6730769230769231,5,3841092.855688983,20281186.882526763,178181.0666933632,692570.7388314098,42,102,-24268.09830588953,99585.48047853376,691.5658366564844,1022.6736507311508,10646282.203553844,5353818.956721265,7,1,16000101.16027511,11744975.341304922,6121596.832692901,10,3,17866572.173997823,11965640.572990134,6734318.248075303,11,6,18699958.821065437,5,208,20973757.621358167,16.858782624840643,0.1916334685916941,5880.224693144487,30684.74800543975,0.1916334685916941,-0.3557692307692308,-0.4166666666666667,-0.24369113036634554,1.4787798883696661,0.6923076923076923,0.18939191665347124,0.25727489872588627,-0.06788298207241503,3662911.78899562,0,5292463.246832579,0.2523373895311498,0.7628628808021388,8,0.038461538461538464,0.75,5623378.508612022,0.2681149753959956,0.8518536590603005,13,0.0625,0.5384615384615384,5231322.324914832,0.24942227422269952,0.8915883914870237,17,0.08173076923076923,0.29411764705882354,3.7353196503818897,4.759534193598093,0.6007033072253131,0.29766706830865686,4.367947585163283,5.8471069145903245,1.0025201900262382,0.7589194274021205,3.7253100643456514,4.760594640507028,0.5930241595212057,0.2928094111950022,2.0475508461616374,2.4429620798073075,0.9792576419213974,0.9792576419213974,0.9989082969432315,0.9967248908296943,high,high,high,high,1,5623378.508612022,5623378.508612022,0.0,0.1916334685916941,pre_price_events,7114,0x116e7d070f1888b81e1e0324f56d6746b2d7d8f1,1000863.055673601,300642.46895390877,149669.25197770135,5177.998050260203,-0.09722468637176719,-0.1076889376531355,-0.03462120527453408
2026-05-06T08:00:00Z,1778054400,2026-05-06,0.0013238716758575,-0.09510211241447908,-0.0076697592851083796,0.06614402281352638,0.10464622547941871,CHOG,0.99,1778057876,2026-05-06T08:57:56Z,3476,observed,69,56,5,4,49,31,38,374176.01024461404,3615728.5981507595,-3241552.5879061455,3989904.6083953734,171471.69408812534,0.042708847967943435,178.56134148189855,100.0,78.56134148189855,938446.304347826,1.0,1.318840579710145,4,-3111031.7792083896,3856188.2417676905,-130520.8086977557,133716.36662768302,20,21,5722.5847898643615,23992.999900461236,585.1951195234448,915.1353206486281,0.0,1300000.0,0,1,1300000.0,0.0,2950000.91044436,0,3,2950000.91044436,0.0,3150000.91044436,0,4,3150000.91044436,5,69,3989904.608395374,15.199278131542448,-0.8124386184786022,-4291.399656931525,5282.121700427946,-0.8124386184786021,-0.10144927536231885,-0.024390243902439025,0.2385105994917439,1.563812291178831,0.5942028985507246,-0.8067634628184752,-0.9761019685882958,0.16933850576982057,-2980510.9705106337,0,-1300000.0,-0.32582232599360894,0.32582232599360894,1,0.014492753623188406,-1.0,-2950000.91044436,-0.739366275634035,0.739366275634035,3,0.043478260869565216,-1.0,-3150000.91044436,-0.7894927873253594,0.7894927873253594,4,0.057971014492753624,-1.0,-2.789473295964949,-3.585378252010318,-0.9395520157283822,-1.0659506553075648,-2.393238578727485,-2.9686414694432948,-3.2906004135794378,-1.976671374069551,-2.7947645149950144,-3.598677400061871,-0.9135730694345294,-1.045976871507082,1.1291827069396194,1.4129112619120494,0.8159041394335512,0.8159041394335512,0.9531590413943355,0.9618736383442266,high,high,high,high,0,-2950000.91044436,-2950000.91044436,-0.0,-0.0,pre_price_events,7114,0x116e7d070f1888b81e1e0324f56d6746b2d7d8f1,1000863.055673601,300642.46895390877,149669.25197770135,5177.998050260203,-0.016819260388316472,0.044957030635097164,0.06437759731046341
2026-05-06T09:00:00Z,1778058000,2026-05-06,0.0013137178987793,-0.0076697592851083796,0.01917431950116999,0.19505987523029833,0.10028710406923791,CHOG,0.99,1778061536,2026-05-06T09:58:56Z,3536,observed,17,14,4,4,14,3,14,62704.961432983146,111965.05946225142,-49260.09802926828,174670.02089523457,7092.5881792648015,0.036469098982363446,120.10183512041176,100.0,20.101835120411764,1094903.6470588236,1.0,1.0,1,-40808.03713539075,165557.16655613817,-8452.060893877535,9112.854339096399,2,12,383.9338453417195,5566.605090818662,397.6146493441901,728.7541437621366,0.0,0.0,0,0,0.0,0.0,0.0,0,0,0.0,0.0,0.0,0,0,0.0,4,17,174670.02089523457,12.070659603113864,-0.28201804623824955,-64.71387247667266,229.467132830224,-0.28201804623824955,-0.6470588235294118,-0.7142857142857143,0.06897091478160806,1.8328151263141708,0.8235294117647058,-0.24648910092063758,-0.9274877639178434,0.6809986629972058,-32355.976241513214,0,0.0,0.0,0.0,0,0.0,0.0,0.0,0.0,0.0,0,0.0,0.0,0.0,0.0,0.0,0,0.0,0.0,-0.1490677936690605,-0.08605621424218951,-0.15523810374463637,-0.315945713382906,-0.2064051024100147,-0.04455057509956688,-0.13957303181280334,0.06515618586540524,-0.14388193077453773,-0.0787656741330672,-0.09591192949632667,-0.2628305152005422,-0.4687049474608628,-0.41728152164952675,0.5836956521739131,0.5836956521739131,0.3032608695652174,0.44130434782608696,mid,mid,low,mid,0,0.0,0.0,-0.0,-0.0,pre_price_events,7114,0x116e7d070f1888b81e1e0324f56d6746b2d7d8f1,1000863.055673601,300642.46895390877,149669.25197770135,5177.998050260203,0.016078528209952293,0.18954845665330042,0.08990554604310926
2026-05-06T10:00:00Z,1778061600,2026-05-06,0.0013389075455049,0.01917431950116999,0.05417127487719786,0.1275592007516062,0.06505103918094335,CHOG,0.99,1778065136,2026-05-06T10:58:56Z,3536,observed,26,19,4,4,17,10,16,647173.5523024354,23213.59802123343,623959.9542812019,670387.1503236688,28125.375040483956,0.03969476124258288,107.97126707438461,100.0,7.971267074384615,1185493.6538461538,1.0,1.5384615384615385,3,615735.733600878,662101.1296402686,8224.220680323906,8286.020683400167,7,15,1273.080620310611,15840.549246479311,720.0249657490596,1129.3979400284093,0.0,0.0,0,0,0.0,600762.6738132611,0.0,1,0,600762.6738132611,600762.6738132611,0.0,1,0,600762.6738132611,4,26,670387.1503236688,13.415612152462277,0.9307456952000773,835.4246908799937,897.5864139778879,0.9307456952000773,-0.23076923076923078,-0.36363636363636365,0.08036846453373853,1.5685538609810132,0.8461538461538461,0.9299723350954231,0.9925416547414528,-0.06256931964602974,607511.5129205541,0,0.0,0.0,0.0,0,0.0,0.0,600762.6738132611,0.8961428832924491,0.8961428832924491,1,0.038461538461538464,1.0,600762.6738132611,0.8961428832924491,0.8961428832924491,1,0.038461538461538464,1.0,0.45007564687625917,0.6374532736432035,1.6467778257719052,1.3343505713072414,0.24835614255539884,0.5409451791834681,2.92943963164887,2.43363404508579,0.46495050537600274,0.658907860647785,1.6241224500635314,1.3216204317273985,0.25717840995181807,0.36231862636057627,0.3286334056399132,0.3286334056399132,0.6258134490238612,0.5629067245119306,low,low,mid,mid,1,0.0,0.0,0.0,0.9307456952000773,pre_price_events,7114,0x116e7d070f1888b81e1e0324f56d6746b2d7d8f1,1000863.055673601,300642.46895390877,149669.25197770135,5177.998050260203,0.05457021666915884,0.1231034258091971,0.05635061212914385
2026-05-06T11:00:00Z,1778065200,2026-05-06,0.0014114378741876,0.05417127487719786,0.11232068864996925,0.036113509846714686,0.033286528313364094,CHOG,0.99,1778068680,2026-05-06T11:58:00Z,3480,observed,43,36,4,4,32,10,33,1104173.3861556917,365044.07180910575,739129.314346586,1469217.4579647975,63132.33893253676,0.04054217430637861,1395.0716172186278,100.0,1295.0716172186278,832808.6976744186,1.0,1.3255813953488371,3,696870.8937339232,1426322.7316229665,42258.42061266289,42894.72634183103,5,22,-9398.027688595117,15201.8705562188,563.0322428229185,854.5984237985052,0.0,0.0,0,0,0.0,914732.8851144256,0.0,2,0,914732.8851144256,914732.8851144256,0.0,2,0,914732.8851144256,4,43,1469217.457964798,14.200241156124527,0.5030768660824717,1043.2351081910838,2073.7091655891436,0.5030768660824717,-0.5348837209302325,-0.6296296296296297,-0.6182152159393675,1.517849882830402,0.627906976744186,0.48857869140245447,0.9851658750752394,-0.496587183672785,654612.4731212603,0,0.0,0.0,0.0,0,0.0,0.0,914732.8851144256,0.6225987039260614,0.6225987039260614,2,0.046511627906976744,1.0,914732.8851144256,0.6225987039260614,0.6225987039260614,2,0.046511627906976744,1.0,0.5111050324679467,0.7440701075949298,0.9343209771900909,0.7171002843509104,0.45183608906570555,0.8298675780264586,1.755038851684927,1.6828090685585368,0.5010483685092112,0.7324945999596204,0.9047993211547511,0.6915649352932549,0.6467164637576398,0.8108990212061702,0.9642857142857143,0.9642857142857143,0.8041125541125541,0.8852813852813853,high,high,high,high,1,914732.8851144256,914732.8851144256,0.0,0.5030768660824717,pre_price_events,7114,0x116e7d070f1888b81e1e0324f56d6746b2d7d8f1,1000863.055673601,300642.46895390877,149669.25197770135,5177.998050260203,0.11498502552678577,0.03197310131331873,0.022921854638869872
2026-05-06T12:00:00Z,1778068800,2026-05-06,0.001569971548203,0.11232068864996925,-0.03839179530494685,-0.07930378479387656,-0.08224404104462446,CHOG,0.99,1778072346,2026-05-06T12:59:06Z,3546,observed,153,123,5,4,99,65,88,5442513.565932055,2711175.665203595,2731337.90072846,8153689.231135651,380267.54195877694,0.045824171978463654,4133.804234811026,100.0,4033.8042348110257,960827.4575163398,1.0,1.5359477124183007,7,2592453.3232023153,7880853.568240763,138884.5775261446,272835.66289488727,33,51,-26608.45273580921,87343.11722909498,1039.799014632083,1393.5585087722043,3196351.447915791,0.0,1,0,3196351.447915791,3196351.447915791,1181112.6548744626,1,2,4377464.102790253,3425457.0186729007,1715626.3480057055,2,5,5141083.366678607,5,153,8153689.231135651,15.913981171835394,0.33498184972497874,4288.122792672192,12801.060105772167,0.33498184972497874,-0.1503267973856209,-0.21428571428571427,-0.3046428107897394,1.3402191088489284,0.5490196078431373,0.328955905696523,0.5090411423951249,-0.18008523669860188,2453568.7456761706,0,3196351.447915791,0.39201291063561927,0.39201291063561927,1,0.006535947712418301,1.0,2015238.7930413284,0.24715668403769234,0.5368691372335462,3,0.0196078431372549,-0.3333333333333333,1709830.6706671952,0.20970025005834678,0.6305223587682105,7,0.0457516339869281,-0.42857142857142855,2.03251423044283,2.7210354901533877,0.717254126725867,0.4941611091586925,1.235653153113084,1.840872353891356,0.6186039223322879,0.6388265494274578,2.0162407180224546,2.7028309785197937,0.703256765038892,0.48256371471356546,1.4683214184608482,1.749348627215019,0.9816414686825053,0.9816414686825053,0.9859611231101512,0.990280777537797,high,high,high,high,1,2015238.7930413284,2015238.7930413284,0.0,0.33498184972497874,pre_price_events,7114,0x116e7d070f1888b81e1e0324f56d6746b2d7d8f1,1000863.055673601,300642.46895390877,149669.25197770135,5177.998050260203,-0.03953870840981702,-0.09654010776297195,-0.13107922550228704
2026-05-06T13:00:00Z,1778072400,2026-05-06,0.0015096975218898,-0.03839179530494685,-0.031322613602429716,-0.055436700378123316,-0.039796003184461304,CHOG,0.99,1778075934,2026-05-06T13:58:54Z,3534,observed,103,77,5,4,63,41,62,2592816.7689266596,3879206.465155295,-1286389.696228636,6472023.234081955,316600.5157915828,0.04637380964924293,1331.0946782947474,100.0,1231.0946782947476,909356.8834951456,1.0,1.2135922330097086,3,-1235562.2663487645,6253808.148784733,-50827.42987987135,218215.0852972211,29,35,6550.9558804396975,41691.35647258811,651.4274448841892,808.9436785257037,1222701.3410118786,0.0,1,0,1222701.3410118786,2337554.6261956757,2877390.0158419833,3,4,5214944.642037659,2337554.6261956757,3281390.0158419833,3,6,5618944.642037659,5,103,6472023.234081956,15.682999482163694,-0.1987616004612672,-1942.0593365809443,9770.797438106736,-0.1987616004612672,-0.20388349514563106,-0.09375,0.15712983300859792,1.2418016540115497,0.6213592233009708,-0.19756958271719036,-0.2329235387674576,0.035353956050267255,-1184734.836468893,0,1222701.3410118786,0.18892103702178947,0.18892103702178947,1,0.009708737864077669,1.0,-539835.3896463076,-0.08341060749033023,0.8057672930739084,7,0.06796116504854369,-0.14285714285714285,-943835.3896463076,-0.1458331275258762,0.8681898131094544,9,0.08737864077669903,-0.3333333333333333,-1.0754486875965321,-1.38358906703286,-0.06069826200361331,-0.2384836979335622,-0.578575553208512,-0.606604522288507,-0.477183859307003,-0.2645240185405395,-1.0788669418169157,-1.390576639089472,-0.0535996239761659,-0.23287441314968385,1.3385208469206282,1.5624327293984326,0.9601293103448276,0.9601293103448276,0.9752155172413793,0.9795258620689655,high,high,high,high,0,-539835.3896463076,-539835.3896463076,-0.0,-0.0,pre_price_events,7114,0x116e7d070f1888b81e1e0324f56d6746b2d7d8f1,1000863.055673601,300642.46895390877,149669.25197770135,5177.998050260203,-0.03888457819274618,-0.07733884572835742,-0.08686158643788468
2026-05-06T14:00:00Z,1778076000,2026-05-06,0.0014624098497551,-0.031322613602429716,-0.011585662764879046,-0.002728447710105497,-0.013382465779601782,CHOG,0.99,1778079538,2026-05-06T14:58:58Z,3538,observed,48,41,5,4,36,22,26,428810.98279631365,1464538.3133103005,-1035727.3305139868,1893349.2961066142,83969.27677640933,0.041623788244575376,12632.460117760313,100.0,12532.460117760313,860341.6041666666,1.0,1.0833333333333333,2,-991124.5385112005,1823182.0383855505,-44602.79200278636,70167.25772106355,14,21,8222.27674766477,18002.107641997616,514.3459326285033,961.6907658919927,0.0,1103954.592650063,0,1,1103954.592650063,0.0,1103954.592650063,0,1,1103954.592650063,0.0,1336541.1916494789,0,2,1336541.1916494789,5,48,1893349.2961066146,14.453858461200332,-0.5470344709472272,-1514.6578498042102,2768.8526596531983,-0.5470344709472271,-0.08333333333333333,-0.2,0.45673967244161967,1.8697353374165655,0.7291666666666666,-0.5436234658108267,-0.6356638901308669,0.09204042432004023,-946521.7465084142,0,-1103954.592650063,-0.5830696929088459,0.5830696929088459,1,0.020833333333333332,-1.0,-1103954.592650063,-0.5830696929088459,0.5830696929088459,1,0.020833333333333332,-1.0,-1336541.1916494789,-0.7059136918886934,0.7059136918886934,2,0.041666666666666664,-1.0,-0.8863265699179904,-1.1079642185699228,-0.6156874134291078,-0.7281646385634162,-0.9569628945187356,-1.133327585029063,-2.0422411967127054,-1.6377042068283552,-0.8864874456878261,-1.1096814306393665,-0.5970386249592199,-0.714697781449785,0.7122044828780412,0.8560208454290017,0.9924731182795699,0.9924731182795699,0.8397849462365592,0.9236559139784947,high,high,high,high,0,-1103954.592650063,-1103954.592650063,-0.0,-0.0,pre_price_events,7114,0x116e7d070f1888b81e1e0324f56d6746b2d7d8f1,1000863.055673601,300642.46895390877,149669.25197770135,5177.998050260203,-0.015258179881046385,-0.015033770293770012,-0.0369747407109552
2026-05-06T15:00:00Z,1778079600,2026-05-06,0.0014454668624118,-0.011585662764879046,-0.013464154876665413,-0.0031935139975454163,0.18011059444476607,CHOG,0.99,1778083088,2026-05-06T15:58:08Z,3488,observed,22,18,3,3,18,6,16,126634.67517851073,143175.99417804225,-16541.318999531508,269810.669356553,11967.427307590715,0.044286045883114494,102.68041937072726,100.0,2.6804193707272725,887109.3181818182,1.0,1.0,1,-20109.785800291662,263832.4777974237,3568.4668007601535,5978.191559129271,3,13,2749.076660481186,6797.581699408238,424.84885621301487,686.8381248106081,0.0,0.0,0,0,0.0,0.0,0.0,0,0,0.0,0.0,0.0,0,0,0.0,3,22,269810.669356553,12.50547947369797,-0.061307134513914514,-23.909928474405504,390.00238168004427,-0.061307134513914514,-0.45454545454545453,-0.625,0.40441980428429514,1.6166646438286147,0.7272727272727273,-0.07622179789302662,0.5969140944155199,-0.6731358923085465,-23678.252601051816,1,0.0,0.0,0.0,0,0.0,0.0,0.0,0.0,0.0,0,0.0,0.0,0.0,0.0,0.0,0,0.0,0.0,-0.07592606599013586,-0.11308667959499766,0.1415775251744677,-0.040759448252680554,-0.14632489902298904,-0.12797141382329344,-0.11593270397293394,-0.054161883082844586,-0.07919125300681584,-0.11715220891843726,0.12270409826777824,-0.0593731404807146,-0.21766799729520556,-0.22469250007791863,0.13626609442060086,0.13626609442060086,0.3873390557939914,0.6030042918454935,low,low,mid,mid,0,0.0,0.0,-20109.785800291662,-0.0,pre_price_events,7114,0x116e7d070f1888b81e1e0324f56d6746b2d7d8f1,1000863.055673601,300642.46895390877,149669.25197770135,5177.998050260203,-0.01656903521367372,-0.009800130331695054,0.16766365772038697
2026-05-06T16:00:00Z,1778083200,2026-05-06,0.0014260048727072,-0.013464154876665413,0.022731246479236855,0.016558654353734825,0.10537787629471485,CHOG,0.99,1778086738,2026-05-06T16:58:58Z,3538,observed,23,17,3,3,17,6,17,42510.25502881478,279417.5681220772,-236907.31309326246,321927.82315089204,14111.787478835,0.043969268136831795,103.52520224008695,100.0,3.5252022400869567,1350772.0,1.0,1.0,1,-230019.80476399357,310807.27287353616,-6887.5083292688805,11120.550277355891,3,10,-998.2736067402225,5231.315554827232,402.40888883286397,485.2934796459796,0.0,0.0,0,0,0.0,0.0,0.0,0,0,0.0,0.0,0.0,0,0,0.0,3,23,321927.82315089204,12.68208575397701,-0.7359019508612672,-337.8309828509625,459.0706444731938,-0.7359019508612672,-0.4782608695652174,-0.5384615384615384,-0.19082649407739488,1.205971073485757,0.5652173913043478,-0.7400721438638469,-0.6193495966915864,-0.1207225471722605,-223132.29643472467,0,0.0,0.0,0.0,0,0.0,0.0,0.0,0.0,0.0,0,0.0,0.0,0.0,0.0,0.0,0,0.0,0.0,-0.24538898095234543,-0.3407106377393696,-0.8716284756075604,-0.9830754296669307,-0.14632489902298904,-0.1345764457931968,-0.11593270397293394,-0.06893290283824668,-0.24762915399341323,-0.34364663229280046,-0.8580845898547009,-0.9771200826587222,-0.13258049969265248,-0.11275668968671988,0.18522483940042828,0.18522483940042828,0.4143468950749465,0.556745182012848,low,low,mid,mid,0,0.0,0.0,-0.0,-0.0,pre_price_events,7114,0x116e7d070f1888b81e1e0324f56d6746b2d7d8f1,1000863.055673601,300642.46895390877,149669.25197770135,5177.998050260203,0.019706372437984062,0.009655052606588294,0.09251193394188235
2026-05-06T17:00:00Z,1778086800,2026-05-06,0.0014584197409493,0.022731246479236855,-0.0120465985904471,-0.01068316653075374,0.0900778065176826,CHOG,0.99,1778090345,2026-05-06T17:59:05Z,3545,observed,26,24,3,3,24,11,15,973215.8186045033,51612.94058365288,921602.8780208505,1024828.7591881562,46243.97706660935,0.04465801867744757,135.18961130523078,100.0,35.18961130523077,868549.1538461539,1.0,1.0,1,907385.8024539,1010611.0636212057,14217.075566950449,14217.69556695045,1,9,331.78176275192294,2716.9494686275366,271.6949468627537,519.4099207291598,0.0,0.0,0,0,0.0,0.0,0.0,0,0,0.0,247786.4084854559,0.0,1,0,247786.4084854559,3,26,1024828.7591881561,13.840037068163486,0.8992749957084746,1344.0838306212981,1494.6304934925834,0.8992749957084746,-0.15384615384615385,-0.8,0.12211554413616756,1.9117393485847163,0.38461538461538464,0.8978585680653143,0.9999563923705441,-0.10209782430522985,893168.7268869495,0,0.0,0.0,0.0,0,0.0,0.0,0.0,0.0,0.0,0,0.0,0.0,247786.4084854559,0.24178323087043938,0.24178323087043938,1,0.038461538461538464,1.0,0.6276617519708471,0.8542552848476264,1.477971831946052,1.341071326567851,-0.14632489902298904,-0.1345764457931968,-0.11593270397293394,-0.06893290283824668,0.6483187697807887,0.8823456264853061,1.4658160586734996,1.3283682724115868,0.42319288802489646,0.5347698189481358,0.686965811965812,0.686965811965812,0.7104700854700855,0.7724358974358975,high,high,high,high,1,0.0,0.0,0.0,0.8992749957084746,pre_price_events,7114,0x116e7d070f1888b81e1e0324f56d6746b2d7d8f1,1000863.055673601,300642.46895390877,149669.25197770135,5177.998050260203,-0.010617268443515258,-0.014753895504807714,0.08251521798576396
2026-05-06T18:00:00Z,1778090400,2026-05-06,0.0014408507437537,-0.0120465985904471,0.006084496111346649,0.18389136810036755,0.10435500556052246,CHOG,0.99,1778093934,2026-05-06T18:58:54Z,3534,observed,6,6,2,2,6,0,6,0.0,78557.89776186043,-78557.89776186043,78557.89776186043,3528.9079257153835,0.044909671077400494,144.59475098383334,100.0,44.594750983833336,695413.3333333334,1.0,1.0,1,-78557.84118786042,78557.84118786042,-0.0565740000000031,0.0565740000000031,0,3,-0.0565740000000031,0.0565740000000031,0.018858000000001034,0.03259894924686901,0.0,0.0,0,0,0.0,0.0,0.0,0,0,0.0,0.0,0.0,0,0,0.0,2,6,78557.89776186043,11.271603912403702,-1.0,-113.19020541790371,113.19020541790371,-1.0,-1.0,-1.0,-1.0,1.7286535818680255,0.5,-1.0,-1.0,0.0,-78557.78461386042,0,0.0,0.0,0.0,0,0.0,0.0,0.0,0.0,0.0,0,0.0,0.0,0.0,0.0,0.0,0,0.0,0.0,-0.14366460579990956,-0.18665193498698013,-1.1694539271170892,-1.3262426077281124,-0.14632489902298904,-0.1345764457931968,-0.11593270397293394,-0.06893290283824668,-0.14619295762071285,-0.18995470113165683,-1.145165337722415,-1.3108797909957803,-0.8402747576469007,-0.946663499926744,0.7281449893390192,0.7281449893390192,0.18230277185501065,0.10874200426439233,high,high,low,low,0,0.0,0.0,-0.0,-0.0,pre_price_events,7114,0x116e7d070f1888b81e1e0324f56d6746b2d7d8f1,1000863.055673601,300642.46895390877,149669.25197770135,5177.998050260203,0.0023386163580212654,0.17969785406232697,0.09703103007534869
2026-05-06T19:00:00Z,1778094000,2026-05-06,0.0014496175945011,0.006084496111346649,-0.004675988027334266,0.08737245171302566,0.14387677327445791,CHOG,0.99,1778097536,2026-05-06T19:58:56Z,3536,observed,19,15,3,3,15,3,16,13960.980113121606,708810.2058267556,-694849.2257136339,722771.1859398772,32019.386850370243,0.04453101074311511,104.84751063942105,100.0,4.847510639421053,1632404.8421052631,1.0,1.0,1,-678578.4140287105,705047.6426250093,-16270.811684923538,17723.543314867897,2,11,-4685.806579867243,6182.876505479338,475.60588503687217,1167.316221632945,0.0,0.0,0,0,0.0,0.0,601271.0965398427,0,1,601271.0965398427,0.0,601271.0965398427,0,1,601271.0965398427,3,19,722771.1859398771,13.490849355969036,-0.9613681884814845,-1007.26566311995,1047.7418279368721,-0.9613681884814845,-0.6842105263157895,-0.6923076923076923,-0.7578683765905119,2.4543771604980176,0.6842105263157895,-0.9624575319509622,-0.9180337924456847,-0.04442373950527745,-662307.602343787,0,0.0,0.0,0.0,0,0.0,0.0,-601271.0965398427,-0.831896882770668,0.831896882770668,1,0.05263157894736842,-1.0,-601271.0965398427,-0.831896882770668,0.831896882770668,1,0.05263157894736842,-1.0,-0.604215905159905,-0.8283314298857555,-1.104840980111091,-1.2608635378916706,-0.558069011676142,-0.7501973119233473,-2.371589849519919,-2.3953729488252127,-0.6141880733125208,-0.8426599399701489,-1.0826906572815236,-1.2476256112816309,0.24471712702659934,0.3440314321096121,0.2372340425531915,0.2372340425531915,0.6393617021276595,0.475531914893617,low,low,mid,mid,1,-0.0,-0.0,-0.0,-0.9613681884814845,pre_price_events,7114,0x116e7d070f1888b81e1e0324f56d6746b2d7d8f1,1000863.055673601,300642.46895390877,149669.25197770135,5177.998050260203,-0.004391215323953917,0.08297417162019044,0.13666043585124127
2026-05-06T20:00:00Z,1778097600,2026-05-06,0.001442839199985,-0.004675988027334266,0.1822597821494829,0.10184904333942946,,CHOG,0.99,1778101141,2026-05-06T20:59:01Z,3541,observed,13,11,3,3,11,4,9,33573.860719423945,206521.83664223965,-172947.97592281573,240095.6973616636,10496.834349385323,0.04381502360282517,116.0910408993077,100.0,16.091040899307693,1065989.1538461538,1.0,1.0,1,-167703.6012343282,233855.56035424554,-5244.374688487533,6240.137007418065,2,6,288.3337985903047,2939.9882873022675,367.49853591278344,501.2135288114559,0.0,0.0,0,0,0.0,0.0,0.0,0,0,0.0,0.0,163753.8339583495,0,1,163753.8339583495,3,13,240095.69736166357,12.38879702685303,-0.7203293429381986,-249.53611921950048,346.41948390114334,-0.7203293429381987,-0.38461538461538464,-0.5,0.09807311132347392,1.3638517703657094,0.6153846153846154,-0.7171247114256765,-0.8404262089523349,0.12330149752665842,-162459.22654584068,0,0.0,0.0,0.0,0,0.0,0.0,0.0,0.0,0.0,0,0.0,0.0,-163753.8339583495,-0.6820356872604928,0.6820356872604928,1,0.07692307692307693,-1.0,-0.20655443693222067,-0.27530739917896696,-0.7876279506402566,-0.899585304034221,-0.12745633343526921,-0.1315354195579827,-0.0020646471027813956,-0.03659750725320637,-0.2074905099513533,-0.2768526135890067,-0.7639399412026062,-0.8837790556120253,-0.2965933076984783,-0.28996204478256404,0.5148619957537155,0.5148619957537155,0.35562632696390656,0.3099787685774947,mid,mid,mid,low,0,0.0,0.0,-0.0,-0.0,pre_price_events,7114,0x116e7d070f1888b81e1e0324f56d6746b2d7d8f1,1000863.055673601,300642.46895390877,149669.25197770135,5177.998050260203,0.180367417048808,0.09732458848191339,
2026-05-06T21:00:00Z,1778101200,2026-05-06,0.001705810758251,0.1822597821494829,-0.0759383887371049,-0.06718214583105431,,CHOG,0.99,1778104734,2026-05-06T21:58:54Z,3534,observed,37,28,5,4,19,11,26,6777221.958789098,2231398.3245944837,4545823.634194614,9008620.283383582,457374.78457753407,0.05022908357163673,1925.528460865054,100.0,1825.528460865054,1033834.7027027027,1.0,1.972972972972973,6,4351077.102656039,8718734.758303067,194746.53153857586,289885.52508051385,4,14,-7438.535993999897,18672.05310594256,1037.3362836634756,999.5591227771229,6077607.285275861,0.0,1,0,6077607.285275861,6455241.442265037,1720333.059015773,2,3,8175574.501280811,6683278.805544325,2128370.422295061,3,5,8811649.227839386,5,37,9008620.28338358,16.013692597163512,0.504608196504785,7754.314860320832,15367.001396393887,0.504608196504785,-0.40540540540540543,-0.5555555555555556,-0.3983780440101957,0.9635825320281498,0.4864864864864865,0.49904914225225183,0.6718049529533641,-0.17275581070111223,4156330.5711174635,0,6077607.285275861,0.6746435185514501,0.6746435185514501,1,0.02702702702702703,1.0,4734908.383249264,0.525597509308147,0.9075279281512925,5,0.13513513513513514,-0.2,4554908.383249264,0.5056166471630291,0.9781352694032949,8,0.21621621621621623,-0.25,2.71995489641955,4.021003390351277,0.9866212282039569,0.8270004994055749,2.617245073547047,4.056401049930558,1.3726984633155288,1.450450763931853,2.7198336536571555,4.0228743033673755,0.975561359025435,0.8143664308528994,1.3725982707719182,1.7519029905027044,0.9629237288135594,0.9629237288135594,0.9904661016949152,0.6430084745762712,high,high,high,mid,1,4734908.383249264,4734908.383249264,0.0,0.504608196504785,pre_price_events,7114,0x116e7d070f1888b81e1e0324f56d6746b2d7d8f1,1000863.055673601,300642.46895390877,149669.25197770135,5177.998050260203,-0.05995862326726513,-0.058935115381471094,
2026-05-06T22:00:00Z,1778104800,2026-05-06,0.001576274237779,-0.0759383887371049,0.008575128675671007,0.0519640914871593,,CHOG,0.99,1778108293,2026-05-06T22:58:13Z,3493,observed,27,19,5,4,17,9,18,253064.79774811675,1556842.6426521419,-1303777.844904025,1809907.4404002586,90310.83227784144,0.046051719606347075,119.51889256544445,100.0,19.518892565444443,2347197.407407407,1.0,1.2222222222222223,2,-1243285.8541950064,1746446.740665393,-60491.990709018864,63460.69973486576,5,9,-7652.7298911441485,15060.349992147341,1075.7392851533816,1005.4692400477462,0.0,1252728.190735716,0,1,1252728.190735716,0.0,1252728.190735716,0,1,1252728.190735716,158563.19762299044,1252728.190735716,1,1,1411291.3883587064,5,27,1809907.4404002586,14.408786816548302,-0.7203560888261205,-2055.111428709239,2852.9104710674583,-0.7203560888261205,-0.3333333333333333,-0.2857142857142857,-0.5081375861207993,0.9346774389710829,0.5185185185185185,-0.7118945142989684,-0.9532197243609045,0.24132521006193608,-1182793.8634859875,0,-1252728.190735716,-0.6921504176250454,0.6921504176250454,1,0.037037037037037035,-1.0,-1252728.190735716,-0.6921504176250454,0.6921504176250454,1,0.037037037037037035,-1.0,-1094164.9931127254,-0.604541960925224,0.7797588743248667,2,0.07407407407407407,0.0,-0.9809912579995599,-1.29945634905813,-0.7687984524418606,-0.8749970448522421,-0.9207639682007229,-1.2636011712587658,-1.7331612286379483,-1.9593609738995903,-0.9777961877695347,-1.2950042804395447,-0.7385392772861852,-0.8524174493241118,0.5974258713338567,0.814935120095866,0.5718816067653277,0.5718816067653277,0.8298097251585623,0.5570824524312896,mid,mid,high,mid,0,-1252728.190735716,-0.0,-0.0,-0.0,pre_price_events,7114,0x116e7d070f1888b81e1e0324f56d6746b2d7d8f1,1000863.055673601,300642.46895390877,149669.25197770135,5177.998050260203,0.003676423729215294,0.03932019630490814,
2026-05-06T23:00:00Z,1778108400,2026-05-06,0.0015897909921961,0.008575128675671007,0.000893034959229988,,,CHOG,0.99,1778111937,2026-05-06T23:58:57Z,3537,observed,23,19,3,3,19,15,8,231819.8371932676,74254.61585882104,157565.22133444654,306074.4530520886,15241.906403451028,0.04977263239539087,102.32609803695652,100.0,2.326098036956522,749475.0,1.0,1.0,1,152076.02321460762,298207.95584020554,5489.198119838944,7866.497211883067,6,6,11669.510453862387,14861.41905210761,1238.4515876756343,1556.7717510556586,0.0,0.0,0,0,0.0,0.0,0.0,0,0,0.0,0.0,0.0,0,0,0.0,3,23,306074.4530520887,12.631586929140608,0.5147937691736449,250.49576956088788,486.5944084035586,0.5147937691736449,0.30434782608695654,0.0,0.785221815827032,1.2570307685401396,0.5217391304347826,0.5099663514547459,0.6977944531076685,-0.18782810165292263,146586.82509476866,0,0.0,0.0,0.0,0,0.0,0.0,0.0,0.0,0.0,0,0.0,0.0,0.0,0.0,0.0,0,0.0,0.0,-0.07439319405018822,0.021288398874438036,0.9276799166177202,0.8731604701457132,-0.18267712293254015,-0.15675651318649142,0.03951403428220798,-0.028611374582054403,-0.07361295960647572,0.022990259722708045,0.9188833270882879,0.8601521685966095,-0.24147578378284207,-0.2107238590865466,0.08755274261603375,0.08755274261603375,0.4061181434599156,0.6434599156118144,low,low,mid,mid,1,0.0,0.0,0.0,0.5147937691736449,pre_price_events,7114,0x116e7d070f1888b81e1e0324f56d6746b2d7d8f1,1000863.055673601,300642.46895390877,149669.25197770135,5177.998050260203,-0.0006024645521135359,,
2026-05-07T00:00:00Z,1778112000,2026-05-07,0.00159121073113,0.000893034959229988,0.042089437960388,,,CHOG,0.99,1778115544,2026-05-07T00:59:04Z,3544,observed,14,13,3,3,11,4,10,621898.1713096672,251124.94179644296,370773.2295132243,873023.1131061101,44199.22029620255,0.04993306965470496,905.3871986328571,100.0,805.3871986328571,783706.4285714285,1.0,1.4285714285714286,3,364936.14111226756,867186.0247051535,5837.088400956698,5837.088400956698,2,5,1598.1655619103194,2003.2644940267119,286.180642003816,668.4385706370533,0.0,0.0,0,0,0.0,614268.5427669022,0.0,1,0,614268.5427669022,614268.5427669022,0.0,1,0,614268.5427669022,3,14,873023.1131061101,13.679718455409486,0.4247003589562001,589.9783416171689,1389.1637460989623,0.4247003589562001,-0.42857142857142855,-0.42857142857142855,0.7977806059437946,2.3357225211205592,0.5,0.4208279777529247,1.0,-0.5791720222470753,359099.05271131085,0,0.0,0.0,0.0,0,0.0,0.0,614268.5427669022,0.7036108592605406,0.7036108592605406,1,0.07142857142857142,1.0,614268.5427669022,0.7036108592605406,0.7036108592605406,1,0.07142857142857142,1.0,0.06113999277037252,0.21003889191130576,0.8479846269836366,0.7499101336114796,0.1641828518643268,0.3781250299119413,1.6576397750629954,1.8598291624721226,0.06845540085315022,0.2199263912791499,0.8519137725731153,0.7385612361676036,0.24634571147686463,0.37425555960055723,0.9442105263157895,0.9442105263157895,0.6810526315789474,0.30842105263157893,high,high,high,low,1,614268.5427669022,614268.5427669022,0.0,0.4247003589562001,pre_price_events,7114,0x116e7d070f1888b81e1e0324f56d6746b2d7d8f1,1000863.055673601,300642.46895390877,149669.25197770135,5177.998050260203,0.04284325583931918,,
2026-05-07T01:00:00Z,1778115600,2026-05-07,0.0016581838964798,0.042089437960388,,,,CHOG,0.99,1778119143,2026-05-07T01:59:03Z,3543,observed,46,38,5,4,35,18,28,1521981.281535884,232429.4489057546,1289551.8326301293,1754410.7304416385,91624.64510089261,0.05060130262814471,1214.835889062652,100.0,1114.835889062652,870722.5869565217,1.0,1.173913043478261,3,1237518.7789281716,1701696.1384510854,52033.05370195773,52714.59199055293,9,21,9005.230975520846,21275.918503662135,709.1972834554045,1246.2897545146438,0.0,0.0,0,0,0.0,1203961.3159285649,0.0,2,0,1203961.3159285649,1203961.3159285649,0.0,2,0,1203961.3159285649,5,46,1754410.7304416385,14.377644162361706,0.7350341685983133,2138.3140825432947,2909.135621029688,0.7350341685983134,-0.21739130434782608,-0.4,0.4232593283326787,1.757324490080358,0.6521739130434783,0.7272266481456457,0.9870711644943142,-0.25984451634866845,1185485.725226214,0,0.0,0.0,0.0,0,0.0,0.0,1203961.3159285649,0.6862482627574281,0.6862482627574281,2,0.043478260869565216,1.0,1203961.3159285649,0.6862482627574281,0.6862482627574281,2,0.043478260869565216,1.0,0.6139926535636135,1.017148285582525,1.3366807731759631,1.1575732988262566,0.4800947816830292,0.8792904944108718,1.4724940139051241,1.7478353235345832,0.6163248545340689,1.020689118982183,1.333267276346947,1.1367818239290455,0.5495661414671426,0.7547372763908301,0.9527310924369747,0.9527310924369747,0.8266806722689075,0.9149159663865546,high,high,high,high,1,1203961.3159285649,1203961.3159285649,0.0,0.7350341685983133,pre_price_events,7114,0x116e7d070f1888b81e1e0324f56d6746b2d7d8f1,1000863.055673601,300642.46895390877,149669.25197770135,5177.998050260203,,,
