hour_utc,price_usd,fill_method,return_1h,fwd_1h,fwd_3h,fwd_6h,fwd_12h,fwd_24h,events,unique_txs,pools,dexes,active_blocks,buy_events,sell_events,buy_chog,sell_chog,net_buy_chog,chog_volume,quote_volume,effective_gas_gwei_mean,priority_fee_gwei_mean,same_block_pool_event_count_mean,same_block_pool_event_count_max,receipt_success_rate,buy_event_ratio,net_flow_ratio,log_chog_volume,net_buy_usd_at_hour_price,chog_volume_usd_at_hour_price
2026-04-17T06:00:00Z,0.0009246718521196,forward_fill,,0.0,-0.0955178845263217,-0.07161288385237341,0.03204792876604956,-0.09248251903664428,15,14,3,3,14,5,10,99707.7782831798,705586.9225701616,-605879.1442869819,805294.7008533415,20710.76630886968,109.3585847722,9.3585847722,1.0,1,1.0,0.3333333333333333,-0.7523694662897369,13.598964819204058,-560.239390508482,744.6333425401585
2026-04-17T07:00:00Z,0.0009246718521196,forward_fill,0.0,-0.0955178845263217,-0.0955178845263217,-0.07161288385237341,0.03204792876604956,-0.09248251903664428,18,17,2,2,17,11,7,691323.58208825,181.55694866374787,691142.0251395862,691505.1390369138,18186.801359307716,105.73776357783333,5.737763577833333,1.0,1,1.0,0.6111111111111112,0.9994748934218576,13.446627307902805,639.0795764635122,639.4153376634846
2026-04-17T08:00:00Z,0.0008363491529241,observed,-0.0955178845263217,0.0,0.0,0.02642948961066982,0.10299922255713412,-0.028879578233388936,69,58,5,4,54,35,34,860957.8066290998,2855482.021605256,-1994524.2149761561,3716439.828234356,93150.18747823231,127.54971702294202,27.54971702294203,1.144927536231884,3,1.0,0.5072463768115942,-0.5366760413618038,15.128277001652343,-1668.1186376819137,3108.2413022371916
2026-04-17T09:00:00Z,0.0008363491529241,forward_fill,0.0,0.0,0.02642948961066982,0.02642948961066982,0.10299922255713412,-0.028879578233388936,65,52,5,4,46,35,30,3257600.478727224,814408.9556877583,2443191.523039466,4072009.4344149823,106194.10357771635,366.60412301693844,266.60412301693844,1.2153846153846153,3,1.0,0.5384615384615384,0.5999965281000078,15.219647399688334,2043.361160725399,3405.6216411719142
2026-04-17T10:00:00Z,0.0008363491529241,forward_fill,0.0,0.0,0.02642948961066982,0.14103740815877241,0.10299922255713412,-0.028879578233388936,48,41,5,4,35,23,25,2585070.7415163233,4994300.2276235,-2409229.486107177,7579370.969139824,184906.3686878427,218.407057706125,118.407057706125,1.625,6,1.0,0.4791666666666667,-0.3178666799549196,15.840940900510514,-2014.9570399055024,6339.000489737607
2026-04-17T11:00:00Z,0.0008363491529241,forward_fill,0.0,0.02642948961066982,0.02642948961066982,0.14103740815877241,0.10299922255713412,-0.028879578233388936,43,42,2,2,33,31,12,938019.0632776031,587233.2116314544,350785.8516461488,1525252.2749090577,37606.38011121512,111.2165796341628,11.216579634162791,2.0232558139534884,6,1.0,0.7209302325581395,0.2299854636617829,14.237671036141155,293.37944988201554,1275.6434481157469
2026-04-17T12:00:00Z,0.0008584534341722,observed,0.02642948961066982,0.0,0.0,0.11165688409008401,0.029458436897844775,-0.0375352191006979,25,21,3,3,21,14,11,257127.0080459993,423012.55909129867,-165885.5510452994,680139.5671372979,16963.504711601305,114.72097001956001,14.72097001956,1.0,1,1.0,0.56,-0.24389928047196308,13.430054772167782,-142.40502097438505,583.8681471254071
2026-04-17T13:00:00Z,0.0008584534341722,forward_fill,0.0,0.0,0.11165688409008401,0.11165688409008401,0.029458436897844775,-0.0375352191006979,73,59,5,4,51,34,39,4773612.212375319,3489811.8861110257,1283800.3262642927,8263424.098486344,216101.28574159672,2232.9250318760546,2132.9250318760546,1.356164383561644,4,1.0,0.4657534246575342,0.1553593656774137,15.927349720382814,1102.082798872973,7093.764795366918
2026-04-17T14:00:00Z,0.0008584534341722,forward_fill,0.0,0.0,0.11165688409008401,0.074598142124217,0.029458436897844775,-0.0375352191006979,20,18,3,3,18,7,13,412664.39607400197,120652.37537257312,292012.0207014289,533316.7714465751,14059.828792280561,695.27066727475,595.27066727475,1.0,1,1.0,0.35,0.5475395418549689,13.186872719578526,250.67872199070518,457.8276139499427
2026-04-17T15:00:00Z,0.0008584534341722,forward_fill,0.0,0.11165688409008401,0.11165688409008401,0.074598142124217,0.029458436897844775,-0.0375352191006979,12,9,3,3,9,8,4,420180.7276243943,13583.89952442453,406596.8280999697,433764.6271488188,11579.406109844931,109.80220263874999,9.80220263875,1.0,1,1.0,0.6666666666666666,0.9373674169158838,12.980259637603018,349.0444434059427,372.3667337983274
2026-04-17T16:00:00Z,0.0009543056697683,observed,0.11165688409008401,0.0,0.0,-0.033336493027882774,-0.12066343464453866,-0.11416004017177317,15,9,2,2,9,3,12,36786.234847856234,138289.88277800794,-101503.6479301517,175076.11762586416,4636.331003409771,152.08165137013333,52.081651370133336,3.8,7,1.0,0.2,-0.5797686703737852,12.072981827985991,-96.86550672190913,167.07613169138398
2026-04-17T17:00:00Z,0.0009543056697683,forward_fill,0.0,0.0,-0.033336493027882774,-0.033336493027882774,-0.12066343464453866,-0.11416004017177317,6,4,2,2,4,0,6,0.0,365799.69034819456,-365799.69034819456,365799.69034819456,9558.265941455058,110.52278453033334,10.522784530333334,1.0,1,1.0,0.0,-1.0,12.809843902165646,-349.08471849877054,349.08471849877054
2026-04-17T18:00:00Z,0.0009543056697683,forward_fill,0.0,0.0,-0.033336493027882774,-0.07394228234327938,-0.12066343464453866,-0.11416004017177317,12,11,2,2,11,5,7,6150.4802201622815,4093.6338043232454,2056.846415839036,10244.114024485527,256.0351129600998,112.67213500016668,12.672135000166667,1.0,1,1.0,0.4166666666666667,0.20078324108095172,9.234556190380271,1.9628601964777985,9.776016095319497
2026-04-17T19:00:00Z,0.0009543056697683,forward_fill,0.0,-0.033336493027882774,-0.033336493027882774,-0.07394228234327938,-0.12066343464453866,-0.11416004017177317,10,8,3,3,8,7,3,197856.9108279282,6188.748006450885,191668.1628214773,204045.65883437908,5421.894197328595,111.60806750039998,11.6080675004,1.0,1,1.0,0.7,0.9393395768201646,12.22610396645034,182.91001449460947,194.72192911725617
2026-04-17T20:00:00Z,0.0009224924654616,observed,-0.033336493027882774,0.0,0.0,-0.042006126250267006,-0.11956382025798928,-0.17532717293118372,4,4,2,2,4,2,2,8858.768905626777,3070.979951168916,5787.788954457861,11929.748856795693,316.6092413280414,102.1312606185,2.1312606185,1.0,1,1.0,0.5,0.4851559763691832,9.38687428401849,5.3391917021692485,11.005103435243164
2026-04-17T21:00:00Z,0.0009224924654616,forward_fill,0.0,0.0,-0.042006126250267006,-0.042006126250267006,-0.11956382025798928,-0.17532717293118372,8,7,2,2,7,2,6,46344.66167605933,63408.2516792427,-17063.590003183363,109752.91335530202,2896.4745657071126,108.257812500625,8.257812500625,1.0,1,1.0,0.25,-0.1554727749954443,11.605995987297641,-15.741033211662533,101.24623563272593
2026-04-17T22:00:00Z,0.0009224924654616,forward_fill,0.0,0.0,-0.042006126250267006,-0.0903385107504372,-0.11956382025798928,-0.17532717293118372,9,6,2,2,6,1,8,1870.9429316164806,219164.1938326642,-217293.25090104772,221035.13676428067,5754.582189602797,107.44444444444444,7.444444444444445,1.0,1,1.0,0.1111111111111111,-0.9830710812859431,12.306081481903307,-200.45138675187357,203.90324826732322
2026-04-17T23:00:00Z,0.0009224924654616,forward_fill,0.0,-0.042006126250267006,-0.042006126250267006,-0.0903385107504372,-0.11956382025798928,-0.17532717293118372,17,14,4,3,11,11,6,1083301.0723176103,2561271.7239309964,-1477970.651613386,3644572.7962486064,90406.96334642451,221.4961929009412,121.49619290094118,1.7058823529411764,4,1.0,0.6470588235294118,-0.4055264455506762,15.108749988261389,-1363.41679028672,3362.0909443656547
2026-04-18T00:00:00Z,0.0008837421304925,observed,-0.042006126250267006,0.0,0.0,-0.05045166344434948,-0.0650766010528997,-0.20269381682547294,13,12,2,2,10,5,8,799215.8552076734,39437.6242771806,759778.2309304927,838653.479484854,21410.034523843304,118.63306070776925,18.633060707769232,1.3076923076923077,2,1.0,0.38461538461538464,0.905950132582994,13.63955407641294,671.4480325043363,741.1534127048931
2026-04-18T01:00:00Z,0.0008837421304925,forward_fill,0.0,0.0,-0.05045166344434948,-0.05045166344434948,-0.0650766010528997,-0.20269381682547294,10,9,2,2,8,3,7,202036.5800642641,86195.61594089698,115840.96412336713,288232.1960051611,7436.4068182613,117.24156624739999,17.241566247399998,1.2,2,1.0,0.3,0.40190154232906333,12.571525139832378,102.37354043268972,254.72293497413293
2026-04-18T02:00:00Z,0.0008837421304925,forward_fill,0.0,0.0,-0.05045166344434948,-0.08095844465492219,-0.0650766010528997,-0.20269381682547294,15,13,3,3,12,4,11,221245.3409512499,1657471.7510707395,-1436226.4101194895,1878717.0920219894,46568.44206957319,237.9002530526,137.9002530526,1.1333333333333333,2,1.0,0.26666666666666666,-0.7644718921323782,14.446100236284067,-1269.2537875485928,1660.3014454961872
2026-04-18T03:00:00Z,0.0008837421304925,forward_fill,0.0,-0.05045166344434948,-0.05045166344434948,-0.08095844465492219,-0.0650766010528997,-0.20269381682547294,7,7,1,1,7,4,3,12126.87844117257,83.7763241249599,12043.10211704761,12210.65476529753,301.8297565959743,102.96441406257144,2.9644140625714286,1.0,1,1.0,0.5714285714285714,0.9862781602239628,9.410146083335404,10.642996722658392,10.791070056992437
2026-04-18T04:00:00Z,0.0008391558699533,observed,-0.05045166344434948,0.0,0.0,-0.03212767590245236,0.007395796705140567,-0.17860557186859793,35,35,1,1,35,31,4,97750.60333541523,0.003455071589059293,97750.59988034364,97750.60679048683,2421.2750840235276,110.45763909865714,10.457639098657143,1.0,1,1.0,0.8857142857142857,0.999999929308437,11.490184915466855,82.0279896810467,82.02799547973393
2026-04-18T05:00:00Z,0.0008391558699533,forward_fill,0.0,0.0,-0.03212767590245236,-0.03212767590245236,0.007395796705140567,-0.17860557186859793,5,5,1,1,5,2,3,4029.5020366489803,1.7549133683400002e-07,4029.502036473489,4029.502036824472,99.99000000426777,111.888602608,11.888602608,1.0,1,1.0,0.4,0.9999999999128968,8.30164622207633,3.3813802868955047,3.381380287190034
2026-04-18T06:00:00Z,0.0008391558699533,forward_fill,0.0,0.0,-0.03212767590245236,-0.015401993816976156,0.007395796705140567,-0.17860557186859793,3,3,2,2,3,1,2,2022.7959453421936,189.76218025705447,1833.033765085139,2212.5581255992483,54.90620534317717,102.50916754366666,2.5091675436666665,1.0,1,1.0,0.3333333333333333,0.8284680722630421,7.702356511415966,1.5382010437937927,1.8566811387094801
2026-04-18T07:00:00Z,0.0008391558699533,forward_fill,0.0,-0.03212767590245236,-0.03212767590245236,-0.015401993816976156,0.007395796705140567,-0.17860557186859793,8,8,1,1,8,4,4,218859.03551137913,0.009467772140786753,218859.02604360698,218859.04497915128,5452.740777454888,102.07903681275,2.07903681275,1.0,1,1.0,0.5,0.9999999134806409,12.296187740488046,183.65683639675495,183.6568522866281
2026-04-18T08:00:00Z,0.0008121957421318,observed,-0.03212767590245236,0.0,0.0,0.017280876484479846,-0.0633360531475825,-0.1110864725874896,35,28,5,4,26,17,18,730217.5888563705,1916772.7137364214,-1186555.1248800508,2646990.302592792,63481.689408733095,266.5019080911143,166.50190809111427,1.1142857142857143,2,1.0,0.4857142857142857,-0.44826576195530105,14.788934195443655,-963.7150202322434,2149.8742532300307
2026-04-18T09:00:00Z,0.0008121957421318,forward_fill,0.0,0.0,0.017280876484479846,0.017280876484479846,-0.0633360531475825,-0.1110864725874896,28,23,4,3,17,12,16,3932973.701084386,2021105.9211951818,1911867.7798892043,5954079.622279568,152356.60202352676,15627.028781584071,15527.028781584071,1.5,4,1.0,0.42857142857142855,0.32110215199930936,15.599587361326035,1552.810870344989,4835.878117529181
2026-04-18T10:00:00Z,0.0008121957421318,forward_fill,0.0,0.0,0.017280876484479846,0.04083541973828497,-0.0633360531475825,-0.1110864725874896,7,6,3,3,6,2,5,11757.397297754109,185.9911363823812,11571.406161371728,11943.388434136492,301.847827239498,103.47630715185714,3.4763071518571427,1.0,1,1.0,0.2857142857142857,0.9688545445192448,9.388016859967557,9.398246814743793,9.700369232831845
2026-04-18T11:00:00Z,0.0008121957421318,forward_fill,0.0,0.017280876484479846,0.017280876484479846,0.04083541973828497,-0.0633360531475825,-0.1110864725874896,8,5,4,4,5,1,7,552.1116742401063,71175.27662050007,-70623.16494625996,71727.38829474017,1790.726225392567,103.28945250025001,3.28945250025,1.0,1,1.0,0.125,-0.9846052759659564,11.180641879813818,-57.359833865224125,58.256679367222276
2026-04-18T12:00:00Z,0.0008262311964328,observed,0.017280876484479846,0.0,0.0,0.023154414673757673,-0.1471962472300471,-0.1308852560763789,9,6,4,4,6,2,7,1959.6100597509246,372558.36075519765,-370598.75069544674,374517.97081494855,9345.946852992929,104.47916666666667,4.479166666666667,1.0,1,1.0,0.2222222222222222,-0.9895352948992712,12.833397737038124,-306.2002491835999,309.43843111201943
2026-04-18T13:00:00Z,0.0008262311964328,forward_fill,0.0,0.0,0.023154414673757673,0.023154414673757673,-0.1471962472300471,-0.1308852560763789,9,9,2,2,9,2,7,78222.4278514981,4146.826743312611,74075.60110818548,82369.25459481071,2085.6626574301354,105.30033654011112,5.300336540111111,1.0,1,1.0,0.2222222222222222,0.8993112960967874,11.318979662798682,61.20357253009494,68.05604777314836
2026-04-18T14:00:00Z,0.0008262311964328,forward_fill,0.0,0.0,0.023154414673757673,-0.07924746399505556,-0.1471962472300471,-0.1308852560763789,9,9,2,2,9,4,5,9988.877940908513,411.79374650329834,9577.084194405215,10400.671687411812,263.7607027859438,105.10073418711112,5.100734187111112,1.0,1,1.0,0.4444444444444444,0.9208140091564082,9.24972181138652,7.9128857322810795,8.59335941199501
2026-04-18T15:00:00Z,0.0008262311964328,forward_fill,0.0,0.023154414673757673,0.023154414673757673,-0.07924746399505556,-0.1471962472300471,-0.1308852560763789,21,18,3,3,17,10,11,1162828.5822402074,1469936.4484600807,-307107.8662198735,2632765.030700288,64311.24645083644,198.84242400614286,98.84242400614286,1.0952380952380953,2,1.0,0.47619047619047616,-0.11664841436236564,14.78354557418083,-253.74209974077036,2175.272601241936
2026-04-18T16:00:00Z,0.0008453620961714,observed,0.023154414673757673,0.0,0.0,-0.10008448109121915,-0.18463583944075168,-0.14654102577847639,6,6,1,1,6,4,2,4855.855410651858,0.0059045924110115895,4855.849506059447,4855.861315244269,121.99226609069586,102.49752662383332,2.4975266238333336,1.0,1,1.0,0.6666666666666666,0.9999975680555817,8.488147688354445,4.104951117135271,4.104961100172506
2026-04-18T17:00:00Z,0.0008453620961714,forward_fill,0.0,0.0,-0.10008448109121915,-0.10008448109121915,-0.18463583944075168,-0.14654102577847639,4,3,2,2,3,1,3,197908.3437805737,249192.26858683632,-51283.92480626263,447100.61236741004,11063.192716556625,102.2750106185,2.2750106185,1.0,1,1.0,0.25,-0.11470332043320816,13.010541168494724,-43.35348617411863,377.9619108704303
2026-04-18T18:00:00Z,0.0008453620961714,forward_fill,0.0,0.0,-0.10008448109121915,-0.1664955547869308,-0.18463583944075168,-0.14654102577847639,7,6,2,2,6,3,4,1980.0793671564709,2162.0278190529893,-181.94845189651875,4142.10718620946,102.90624152319549,112.66289804371429,12.662898043714288,1.0,1,1.0,0.42857142857142855,-0.043926543596527264,8.32920131338393,-0.15381232469038222,3.5015804135006485
2026-04-18T19:00:00Z,0.0008453620961714,forward_fill,0.0,-0.10008448109121915,-0.10008448109121915,-0.1664955547869308,-0.18463583944075168,-0.14654102577847639,73,58,5,4,44,40,33,6634359.3275891375,11367333.387628056,-4732974.060038919,18001692.715217195,381131.86775491684,172.59227983294522,72.59227983294521,1.821917808219178,7,1.0,0.547945205479452,-0.2629182785704391,16.7059764067236,-4001.0768725193616,15217.948688369428
2026-04-18T20:00:00Z,0.0007607544694419,observed,-0.10008448109121915,0.0,0.0,-0.07379700905285014,-0.050979243516704686,-0.142079291349408,46,37,5,4,33,27,19,1967101.2109503718,68871.95028669975,1898229.260663672,2035973.1612370715,45200.342299151605,177.6459225573913,77.6459225573913,1.2173913043478262,3,1.0,0.5869565217391305,0.9323449330296154,14.526484965627557,1444.086394075282,1548.8756820748563
2026-04-18T21:00:00Z,0.0007607544694419,forward_fill,0.0,0.0,-0.07379700905285014,-0.07379700905285014,-0.050979243516704686,-0.142079291349408,31,27,5,4,24,20,11,824426.4678647894,2114058.475245253,-1289632.0073804639,2938484.9431100427,64556.89265410307,112.96482860941936,12.964828609419353,1.2580645161290323,3,1.0,0.6451612903225806,-0.43887650688981894,14.893405021327652,-981.0933135500173,2235.4655538586926
2026-04-18T22:00:00Z,0.0007607544694419,forward_fill,0.0,0.0,-0.07379700905285014,-0.09395477305698396,-0.050979243516704686,-0.142079291349408,25,14,3,3,14,14,11,304481.82489377074,75811.12307226715,228670.70182150358,380292.9479660379,8374.222855135074,111.2927680574,11.292768057399998,3.88,9,1.0,0.56,0.6013014520635419,12.84869977994812,173.96225844112487,289.3095598623993
2026-04-18T23:00:00Z,0.0007607544694419,forward_fill,0.0,-0.07379700905285014,-0.07379700905285014,-0.09395477305698396,-0.050979243516704686,-0.142079291349408,16,12,4,4,11,9,7,367283.0242848431,1590375.561120124,-1223092.5368352807,1957658.585404967,41918.47265813859,119.58973155925,19.58973155925,1.125,2,1.0,0.5625,-0.6247731580745823,14.487260228635199,-930.4731139384716,1489.2975184881361
2026-04-19T00:00:00Z,0.0007046130649735,observed,-0.07379700905285014,0.0,0.0,-0.021763872715980237,0.019126312590310723,-0.032918310242760374,22,19,3,3,19,14,8,1527365.5104774735,52469.268200577346,1474896.2422768963,1579834.778678051,34394.296714791475,116.62500965359091,16.625009653590908,1.0,1,1.0,0.6363636363636364,0.9335762588484325,14.27283146205573,1039.2311617886216,1113.1722255560726
2026-04-19T01:00:00Z,0.0007046130649735,forward_fill,0.0,0.0,-0.021763872715980237,-0.021763872715980237,0.019126312590310723,-0.032918310242760374,14,12,3,3,12,8,6,116714.8562348569,32720.81079835223,83994.04543650468,149435.66703320912,3326.150416559446,110.08121999992856,10.081219999928573,1.0,1,1.0,0.5714285714285714,0.5620749524130585,11.914627950170653,59.18330179453898,105.29432336462888
2026-04-19T02:00:00Z,0.0007046130649735,forward_fill,0.0,0.0,-0.021763872715980237,0.024635814998623218,0.019126312590310723,-0.032918310242760374,6,5,2,2,5,3,3,137275.15093329328,493140.17954906967,-355865.0286157764,630415.330482363,13869.478522763282,102.18334041416666,2.1833404141666666,1.0,1,1.0,0.5,-0.5644929801175455,13.354135722143265,-250.74714852984448,444.1988782174597
2026-04-19T03:00:00Z,0.0007046130649735,forward_fill,0.0,-0.021763872715980237,-0.021763872715980237,0.024635814998623218,0.019126312590310723,-0.032918310242760374,12,10,4,4,10,5,7,964743.644720562,1402459.856126756,-437716.2114061941,2367203.5008473177,52394.095238327296,120.25288984383333,20.252889843833334,1.0,1,1.0,0.4166666666666667,-0.18490856880260517,14.677220281404331,-308.4205613075069,1667.9625141480278
2026-04-19T04:00:00Z,0.0006892779559134,observed,-0.021763872715980237,0.0,0.0,0.04743199154117095,0.04672122654513844,-0.07408525426630042,8,7,3,3,6,4,4,74038.01445576013,35020.97798066043,39017.036475099696,109058.99243642055,2374.445535312906,2640.931119857125,2540.931119857125,1.0,1,1.0,0.5,0.3577608375379585,11.599653399127588,26.89358314735529,75.17195938055092
2026-04-19T05:00:00Z,0.0006892779559134,forward_fill,0.0,0.0,0.04743199154117095,0.04743199154117095,0.04672122654513844,-0.07408525426630042,19,16,3,3,16,6,13,154085.64901190283,113792.84043473055,40292.80857717229,267878.4894466334,5825.178564469278,115.85485867531578,15.85485867531579,1.0,1,1.0,0.3157894736842105,0.1504144982316671,12.498292492118905,27.77294473408323,184.64273763894477
2026-04-19T06:00:00Z,0.0006892779559134,forward_fill,0.0,0.0,0.04743199154117095,0.04179991329886645,0.04672122654513844,-0.07408525426630042,14,13,3,3,13,9,5,176617.7692319487,12936.827715955147,163680.94151599356,189554.59694790383,4154.352074346117,159.255433554,59.255433554,1.0,1,1.0,0.6428571428571429,0.8635028859837082,12.15243764806278,112.82166479012483,130.65580511823958
2026-04-19T07:00:00Z,0.0006892779559134,forward_fill,0.0,0.04743199154117095,0.04743199154117095,0.04179991329886645,0.04672122654513844,-0.07408525426630042,15,12,2,2,12,7,8,317085.4728004682,91247.64052634392,225837.8322741243,408333.11332681216,8965.206856930143,102.41797065166666,2.4179706516666664,1.0,1,1.0,0.4666666666666667,0.5530725402947506,12.919841023479142,155.6650393978217,281.4550136856598
2026-04-19T08:00:00Z,0.0007219717820878,observed,0.04743199154117095,0.0,0.0,-0.005377034774369904,-0.09599373586968207,-0.07785650944812705,13,12,4,4,12,7,6,410570.4992211276,27003.302439114148,383567.19678201346,437573.8016602418,9759.427270487746,102.13755824892307,2.137558248923077,1.0,1,1.0,0.5384615384615384,0.8765771518465764,12.989002945388618,276.9246926111321,315.9159373795783
2026-04-19T09:00:00Z,0.0007219717820878,forward_fill,0.0,0.0,-0.005377034774369904,-0.005377034774369904,-0.09599373586968207,-0.07785650944812705,4,3,2,2,3,1,3,2212.7408344788355,130204.47243968547,-127991.73160520663,132417.2132741643,2910.243043568861,102.28397839525,2.28397839525,1.0,1,1.0,0.25,-0.9665792568841115,11.793720475517881,-92.40641855951442,95.60149144664868
2026-04-19T10:00:00Z,0.0007219717820878,forward_fill,0.0,0.0,-0.005377034774369904,-0.0006785786588269227,-0.09599373586968207,-0.07785650944812705,22,19,2,2,19,7,15,201563.74553321203,768892.8803879917,-567329.1348547796,970456.6259212036,21210.782695584665,129.70682963477273,29.706829634772728,1.0,1,1.0,0.3181818181818182,-0.5846001971661987,13.785523018526911,-409.595626521435,700.6422996552449
2026-04-19T11:00:00Z,0.0007219717820878,forward_fill,0.0,-0.005377034774369904,-0.005377034774369904,-0.0006785786588269227,-0.09599373586968207,-0.07785650944812705,12,11,2,2,11,4,8,100299.76710569496,233724.07496285654,-133424.3078571616,334023.8420685515,7200.736934800753,105.02182821116666,5.0218282111666666,1.0,1,1.0,0.3333333333333333,-0.399445461829575,12.718970646643726,-96.3285853174662,241.155788518046
2026-04-19T12:00:00Z,0.0007180897147094,observed,-0.005377034774369904,0.0,0.0,0.00472385645597595,-0.05106788254813033,-0.010195848903452154,10,9,3,3,9,6,4,618006.4785003936,1.4128098422969757,618005.0656905512,618007.8913102357,13651.830069481204,106.27268857649999,6.2726885765,1.0,1,1.0,0.6,0.9999954278582454,13.334258123569724,443.78308131069195,443.7851103591251
2026-04-19T13:00:00Z,0.0007180897147094,forward_fill,0.0,0.0,0.00472385645597595,0.00472385645597595,-0.05106788254813033,-0.010195848903452154,26,20,4,4,20,16,10,555358.3800268598,16221.21149894444,539137.1685279154,571579.5915258043,12842.86418350698,118.55456783400001,18.554567834,1.0,1,1.0,0.6153846153846154,0.9432407603789957,13.256160769817928,387.1488555374445,410.4454258124802
2026-04-19T14:00:00Z,0.0007180897147094,forward_fill,0.0,0.0,0.00472385645597595,-0.09110658436763097,-0.05106788254813033,-0.010195848903452154,24,20,3,3,20,9,15,517128.1833761529,571778.9599305005,-54650.776554347656,1088907.1433066532,24676.82892645713,104.37473782229166,4.374737822291666,1.0,1,1.0,0.375,-0.050188647296766926,13.900686048776803,-39.244160544558675,781.9330198821024
2026-04-19T15:00:00Z,0.0007180897147094,forward_fill,0.0,0.00472385645597595,0.00472385645597595,-0.09110658436763097,-0.05106788254813033,-0.010195848903452154,9,7,2,2,7,3,6,71936.67208346825,74065.5580895739,-2128.886006105653,146002.23017304216,3282.087813180297,101.88222909955556,1.8822290995555555,1.2222222222222223,2,1.0,0.3333333333333333,-0.014581188270771567,11.891384024918622,-1.5287311447732423,104.84269981189601
2026-04-19T16:00:00Z,0.0007214818674442,observed,0.00472385645597595,0.0,0.0,-0.0953798799618788,-0.11541418837007722,-0.042375284291901516,7,7,1,1,7,3,4,18887.66451421896,4.358140398281751,18883.306373820677,18892.022654617238,428.7688678454521,102.29017857314285,2.290178573142857,1.0,1,1.0,0.42857142857142855,0.9995386263844845,9.846547961173707,13.623963146105107,13.630251784651376
2026-04-19T17:00:00Z,0.0007214818674442,forward_fill,0.0,0.0,-0.0953798799618788,-0.0953798799618788,-0.11541418837007722,-0.042375284291901516,22,18,4,4,17,9,13,142947.10507189154,937761.6060608469,-794814.5009889554,1080708.7111327385,23656.640903349944,279.7522640519091,179.7522640519091,1.0909090909090908,2,1.0,0.4090909090909091,-0.7354567357524815,13.89312852321622,-573.4442504452414,779.7117390712626
2026-04-19T18:00:00Z,0.0007214818674442,forward_fill,0.0,0.0,-0.0953798799618788,-0.055529425966756474,-0.11541418837007722,-0.042375284291901516,27,24,3,3,24,17,10,771280.5179220099,797553.2022035484,-26272.684281538503,1568833.7201255583,33838.65274570747,120.60311584566668,20.603115845666665,1.0,1,1.0,0.6296296296296297,-0.016746634104368833,14.265843685264935,-18.955265318216277,1131.8850821056192
2026-04-19T19:00:00Z,0.0007214818674442,forward_fill,0.0,-0.0953798799618788,-0.0953798799618788,-0.055529425966756474,-0.11541418837007722,-0.042375284291901516,9,9,2,2,9,4,5,169938.32644763036,53377.45145807923,116560.87498955111,223315.7779057096,4928.4688465484605,105.92293709022222,5.922937090222223,1.0,1,1.0,0.4444444444444444,0.5219553946553946,12.31634657117096,84.09655775839128,161.11828447316557
2026-04-19T20:00:00Z,0.0006526670135327,observed,-0.0953798799618788,0.0,0.0,0.044052142012320994,0.020063164539024125,0.10344925402609961,9,9,2,2,9,4,5,277499.4380300671,701.608810648781,276797.8292194183,278201.04684071586,6202.587578732054,104.65686865577779,4.656868655777777,1.0,1,1.0,0.4444444444444444,0.9949561022964051,12.536102915887676,180.65681254897206,181.57264640320082
2026-04-19T21:00:00Z,0.0006526670135327,forward_fill,0.0,0.0,0.044052142012320994,0.044052142012320994,0.020063164539024125,0.10344925402609961,19,15,2,2,14,13,6,439882.11045069166,1007376.6329355587,-567494.522484867,1447258.7433862502,31583.330004759857,112.91027209989474,12.910272099894735,1.105263157894737,2,1.0,0.6842105263157895,-0.39211683817992443,14.185182494263554,-370.38495518636387,944.5780418549922
2026-04-19T22:00:00Z,0.0006526670135327,forward_fill,0.0,0.0,0.044052142012320994,-0.02214665356697365,0.020063164539024125,0.10344925402609961,14,12,2,2,11,7,7,1093601.575473094,896319.2453845837,197282.3300885102,1989920.8208576776,42772.644806135024,125.53519797957142,25.53519797957143,1.1428571428571428,2,1.0,0.5,0.09914079395555013,14.503605909927792,128.7596692016403,1298.7556793157194
2026-04-19T23:00:00Z,0.0006526670135327,forward_fill,0.0,0.044052142012320994,0.044052142012320994,-0.02214665356697365,0.020063164539024125,0.10344925402609961,4,3,2,2,3,2,2,27599.528498996253,1944.9144187598818,25654.61408023637,29544.442917756136,652.7269401526678,102.50000000025,2.50000000025,1.0,1,1.0,0.5,0.8683397467216419,10.293684794960557,16.743920355081826,19.282683325619228
2026-04-20T00:00:00Z,0.0006814183934996,observed,0.044052142012320994,0.0,0.0,-0.06340564126586845,0.04307160954192413,-0.014734770449964185,20,17,2,2,17,11,9,493561.5191635582,11484.052633239542,482077.46653031866,505045.57179679774,11273.048481140346,102.6666000937,2.6666000937,1.0,1,1.0,0.55,0.9545227073573468,13.132405925385164,328.49645278544693,344.1473421778608
2026-04-20T01:00:00Z,0.0006814183934996,forward_fill,0.0,0.0,-0.06340564126586845,-0.06340564126586845,0.04307160954192413,-0.014734770449964185,29,27,2,2,25,17,12,427880.8974046351,1870991.5854909164,-1443110.6880862813,2298872.4828955512,49243.04980225702,175.57422984806897,75.57422984806897,1.206896551724138,3,1.0,0.5862068965517241,-0.6277471668496406,14.647929770867641,-983.3621667178562,1566.4939941551233
2026-04-20T02:00:00Z,0.0006814183934996,forward_fill,0.0,0.0,-0.06340564126586845,-0.02297680020756465,0.04307160954192413,-0.014734770449964185,9,8,2,2,8,4,5,331550.2850820728,2.9867731916260905,331547.2983088812,331553.2718552644,7154.61004650813,128.69488127,28.694881270000003,1.0,1,1.0,0.4444444444444444,0.9999819831475353,12.711546791211866,225.92242738277048,225.9264978671504
2026-04-20T03:00:00Z,0.0006814183934996,forward_fill,0.0,-0.06340564126586845,-0.06340564126586845,-0.02297680020756465,0.04307160954192413,-0.014734770449964185,7,6,2,2,6,3,4,118389.08501730171,0.0007740667647165851,118389.08424323495,118389.08579136847,2574.2477256443544,102.56039132271428,2.5603913227142856,1.0,1,1.0,0.42857142857142855,0.9999999869233425,11.681740263055884,80.67249959291397,80.67250064784064
2026-04-20T04:00:00Z,0.0006382126232894,observed,-0.06340564126586845,0.0,0.0,0.043165796036766624,0.08256847794517008,0.018140275842758014,3,3,1,1,3,1,2,2728.419988733737,25192.6464101727,-22464.22642143896,27921.066398906434,597.1602641485434,118.03334749333334,18.033347493333334,1.0,1,1.0,0.3333333333333333,-0.8045619067872996,10.23717256555975,-14.33695287459361,17.819577031483597
2026-04-20T05:00:00Z,0.0006382126232894,forward_fill,0.0,0.0,0.043165796036766624,0.043165796036766624,0.08256847794517008,0.018140275842758014,5,5,2,2,5,3,2,60008.67158192481,1.495944960529445,60007.17563696428,60010.16752688534,1307.901972060781,102.9900169912,2.9900169912,1.0,1,1.0,0.6,0.9999501436165843,11.002285949333135,38.29733697945475,38.29924644136986
2026-04-20T06:00:00Z,0.0006382126232894,forward_fill,0.0,0.0,0.043165796036766624,0.11368555641494948,0.08256847794517008,0.018140275842758014,11,10,2,2,10,5,6,705351.9501130003,148181.8915399445,557170.0585730558,853533.8416529449,18818.101085439434,122.962242999,22.962242999,1.0,1,1.0,0.45454545454545453,0.6527802781598512,13.657141642472414,355.5929647002186,544.7360721476053
2026-04-20T07:00:00Z,0.0006382126232894,forward_fill,0.0,0.043165796036766624,0.043165796036766624,0.11368555641494948,0.08256847794517008,0.018140275842758014,17,15,2,2,15,7,10,252778.2920419983,367202.3909549827,-114424.09891298444,619980.6829969811,13645.196586047066,141.6987436887059,41.69874368870588,1.0,1,1.0,0.4117647058823529,-0.18456074850567822,13.337445213031598,-73.02690433478158,395.6794980842572
2026-04-20T08:00:00Z,0.0006657615792144,observed,0.043165796036766624,0.0,0.0,0.06760168004559208,0.08174600591989645,0.05828602010015271,13,12,2,2,12,5,8,77150.23835254824,47777.05502987873,29373.183322669516,124927.29338242697,2746.710806214749,135.74946328853846,35.749463288538465,1.0,1,1.0,0.38461538461538464,0.23512222611557296,11.735495198742054,19.555536915454535,83.17179212926524
2026-04-20T09:00:00Z,0.0006657615792144,forward_fill,0.0,0.0,0.06760168004559208,0.06760168004559208,0.08174600591989645,0.05828602010015271,19,17,3,3,17,7,12,127421.43925757869,35545.9649877952,91875.47426978349,162967.4042453739,3603.7840031439187,136.67187274378946,36.67187274378947,1.0,1,1.0,0.3684210526315789,0.5637659548865983,12.001311622014258,61.16716084092303,108.49743641087166
2026-04-20T10:00:00Z,0.0006657615792144,forward_fill,0.0,0.0,0.06760168004559208,0.03777221421379373,0.08174600591989645,0.05828602010015271,39,33,4,4,31,23,16,1071955.7706304973,256937.19646984665,815018.5741606506,1328892.967100344,30046.806547487246,114.70277621987181,14.702776219871794,1.1025641025641026,2,1.0,0.5897435897435898,0.6133064094236486,14.099857550539818,542.6080530222633,884.7258803836347
2026-04-20T11:00:00Z,0.0006657615792144,forward_fill,0.0,0.06760168004559208,0.06760168004559208,0.03777221421379373,0.08174600591989645,0.05828602010015271,13,12,3,3,12,7,6,164065.13218788363,80441.26603023554,83623.8661576481,244506.39821811917,5543.160817545621,134.94765396115383,34.94765396115385,1.0,1,1.0,0.5384615384615384,0.34201095254386327,12.407000846000097,55.67355719312942,162.78296580571998
2026-04-20T12:00:00Z,0.0007107681804791,observed,0.06760168004559208,0.0,0.0,-0.027940632156484013,-0.05541937817411646,0.0329767369201881,17,14,3,3,14,8,9,118991.46447522574,1304956.4776043242,-1185965.0131290986,1423947.9420795501,31486.98799885574,110.66821468282353,10.668214682823528,1.0,1,1.0,0.47058823529411764,-0.8328710468144653,14.168944515030027,-842.9461944936413,1012.0968878888407
2026-04-20T13:00:00Z,0.0007107681804791,forward_fill,0.0,0.0,-0.027940632156484013,-0.027940632156484013,-0.05541937817411646,0.0329767369201881,20,17,3,3,17,10,10,487969.2666033589,190704.3816006775,297264.8850026814,678673.6482040364,14886.063202335194,106.820402074,6.820402074,1.0,1,1.0,0.5,0.43800858599612474,13.42789712853027,211.28642143368475,482.37963407309576
2026-04-20T14:00:00Z,0.0007107681804791,forward_fill,0.0,0.0,-0.027940632156484013,0.013248692034374177,-0.05541937817411646,0.0329767369201881,22,20,4,4,19,11,11,140402.95178581658,283080.1003763962,-142677.1485905796,423483.0521622127,9272.877361399815,124.23156754627274,24.23156754627273,1.0,1,1.0,0.5,-0.3369134794464642,12.956271135133111,-101.41037729967245,300.99827844907173
2026-04-20T15:00:00Z,0.0007107681804791,forward_fill,0.0,-0.027940632156484013,-0.027940632156484013,0.013248692034374177,-0.05541937817411646,0.0329767369201881,7,5,2,2,5,3,4,80560.11266168242,39741.99500975573,40818.11765192668,120302.10767143813,2652.057705337773,102.14288748214287,2.142887482142857,1.2857142857142858,2,1.0,0.42857142857142855,0.3392967791005513,11.697769734309396,29.01221921404176,85.50691017742885
2026-04-20T16:00:00Z,0.0006909088681998,observed,-0.027940632156484013,0.0,0.0,0.04237325985781659,-0.05951420479626712,0.002306549587577811,22,20,2,2,20,12,10,620336.8540287889,539020.7866443731,81316.06738441574,1159357.640673162,25494.048777030486,107.245534623,7.245534623,1.0,1,1.0,0.5454545454545454,0.07013889806876238,13.963377514207796,56.18199208302535,801.0104753562847
2026-04-20T17:00:00Z,0.0006909088681998,forward_fill,0.0,0.0,0.04237325985781659,0.04237325985781659,-0.05951420479626712,0.002306549587577811,12,11,2,2,11,5,7,453803.6785154965,56380.26213797772,397423.4163775188,510183.94065347424,11392.013098273497,101.97621030508333,1.9762103050833335,1.0,1,1.0,0.4166666666666667,0.7789806473886164,13.142528567698903,274.58336280548934,352.4906090106058
2026-04-20T18:00:00Z,0.0006909088681998,forward_fill,0.0,0.0,0.04237325985781659,-0.028268588243322235,-0.05951420479626712,0.002306549587577811,18,15,3,3,15,10,8,332071.5445016975,160894.901714595,171176.64278710252,492966.44621629256,11026.99144044577,102.48757551161111,2.487575511611111,1.0,1,1.0,0.5555555555555556,0.34723791872844334,13.108198418828984,118.26746053027846,340.59488941577627
2026-04-20T19:00:00Z,0.0006909088681998,forward_fill,0.0,0.04237325985781659,0.04237325985781659,-0.028268588243322235,-0.05951420479626712,0.002306549587577811,11,5,3,3,5,8,3,313014.9315137073,254356.3499797908,58658.581533916564,567371.2814934981,12713.053476109151,105.25336363654546,5.253363636545455,2.8181818181818183,5,1.0,0.7272727272727273,0.10338658907710113,13.248770948372092,40.52773417780398,392.0018499457429
2026-04-20T20:00:00Z,0.0007201849292101,observed,0.04237325985781659,0.0,0.0,-0.067770203651209,-0.021687148084077235,-0.006131386364254032,14,10,4,4,8,6,8,19838.609837189266,2387165.1113577103,-2367326.501520521,2407003.7211948996,51513.19102498389,126.50203709328571,26.502037093285715,1.1428571428571428,2,1.0,0.42857142857142855,-0.9835159292339266,14.69389367820695,-1704.9128689147503,1733.4878045571961
2026-04-20T21:00:00Z,0.0007201849292101,forward_fill,0.0,0.0,-0.067770203651209,-0.067770203651209,-0.021687148084077235,-0.006131386364254032,10,9,2,2,9,6,4,947209.9372830184,136838.5086415183,810371.4286415002,1084048.4459245366,23119.272678284276,111.5752265629,11.5752265629,1.0,1,1.0,0.6,0.747541709679193,13.896214074262955,583.6172899700665,780.7153532884813
2026-04-20T22:00:00Z,0.0007201849292101,forward_fill,0.0,0.0,-0.067770203651209,-0.09774566230524895,-0.021687148084077235,-0.006131386364254032,6,6,2,2,6,4,2,8854.808802746407,1014.1162344624543,7840.692568283954,9868.925037208863,212.671534976873,104.1666666675,4.1666666675,1.0,1,1.0,0.6666666666666666,0.7944829389950929,9.197247537384385,5.6467486222477365,7.107451079302049
2026-04-20T23:00:00Z,0.0007201849292101,forward_fill,0.0,-0.067770203651209,-0.067770203651209,-0.09774566230524895,-0.021687148084077235,-0.006131386364254032,3,2,2,2,2,0,3,0.0,553532.8535131505,-553532.8535131505,553532.8535131505,11603.595177018531,102.40002831600002,2.4000283159999998,1.0,1,1.0,0.0,-1.0,13.224078191885857,-398.646018922833,398.646018922833
2026-04-21T00:00:00Z,0.000671377849891,observed,-0.067770203651209,0.0,0.0,-0.032154581168123086,0.09358239312959227,0.06841658043850773,1,1,1,1,1,1,0,49.05232301129792,0.0,49.05232301129792,49.05232301129792,1.0315508232294486,107.1,7.1,1.0,1,1.0,1.0,1.0,3.9130689184962884,0.032932643155484026,0.032932643155484026
2026-04-21T01:00:00Z,0.000671377849891,forward_fill,0.0,0.0,-0.032154581168123086,-0.032154581168123086,0.09358239312959227,0.06841658043850773,9,8,2,2,8,5,4,293063.75881700276,206191.306109631,86872.45270737179,499255.0649266338,10550.93215888882,101.62129493655556,1.6212949365555556,1.0,1,1.0,0.5555555555555556,0.17400414900174888,13.120874399279655,58.32424051343286,335.18879203763504
2026-04-21T02:00:00Z,0.000671377849891,forward_fill,0.0,0.0,-0.032154581168123086,0.049433150225000944,0.09358239312959227,0.06841658043850773,19,15,4,3,15,7,12,537626.7974186371,608603.1461668023,-70976.34874816514,1146229.9435854394,23845.630872369868,118.60390257099999,18.603902571000003,1.0,1,1.0,0.3684210526315789,-0.06192156220081735,13.951989677407365,-47.65194841565688,769.5533950050745
2026-04-21T03:00:00Z,0.000671377849891,forward_fill,0.0,-0.032154581168123086,-0.032154581168123086,0.049433150225000944,0.09358239312959227,0.06841658043850773,11,9,3,3,9,5,6,26442.702720925685,23079.287811334725,3363.4149095909606,49521.99053226041,1027.9737913208312,111.10266927618181,11.102669276181818,1.0,1,1.0,0.45454545454545453,0.06791760334027588,10.810192295928033,2.2581222702925117,33.24796752587145
2026-04-21T04:00:00Z,0.0006497899763222,observed,-0.032154581168123086,0.0,0.0,0.0842983081860269,0.06573278905339874,0.13672402837705144,10,7,2,2,7,3,7,65863.27528797346,405586.570774849,-339723.2954868755,471449.8460628224,9795.587217677938,101.70324726380001,1.7032472638000002,1.2,2,1.0,0.3,-0.7205926533309466,13.063570125489354,-220.7487921305166,306.3433843102662
2026-04-21T05:00:00Z,0.0006497899763222,forward_fill,0.0,0.0,0.0842983081860269,0.0842983081860269,0.06573278905339874,0.13672402837705144,13,11,3,3,11,8,5,1010530.9592208621,11555.718849030467,998975.2403718317,1022086.6780698926,21808.95910676955,137.85233747730769,37.85233747730769,1.0,1,1.0,0.6153846153846154,0.9773879865632291,13.837357836741019,649.1240977876765,664.1416783422715
2026-04-21T06:00:00Z,0.0006497899763222,forward_fill,0.0,0.0,0.0842983081860269,0.12991431467379488,0.06573278905339874,0.13672402837705144,18,17,2,2,17,13,5,156575.34205123497,451.1608991616073,156124.18115207335,157026.50295039656,3415.3071863562373,114.79848448783332,14.798484487833333,1.0,1,1.0,0.7222222222222222,0.9942536974245153,11.96417624701657,101.4479279741286,102.03424763409605
2026-04-21T07:00:00Z,0.0006497899763222,forward_fill,0.0,0.0842983081860269,0.0842983081860269,0.12991431467379488,0.06573278905339874,0.13672402837705144,11,10,3,3,10,6,5,110784.09695035804,3.4674624954065076,110780.62948786262,110787.56441285343,2402.02393647351,112.07027962154547,12.070279621545454,1.0,1,1.0,0.5454545454545454,0.9999374033987698,11.615378838698602,71.98414261187666,71.98864885662223
2026-04-21T08:00:00Z,0.0007045661720024,observed,0.0842983081860269,0.0,0.0,0.04206960957458383,0.01590060039522001,0.11213949701339176,9,8,2,2,8,5,4,37471.08654396013,14162.24229217739,23308.84425178274,51633.32883613752,1124.379454365535,126.07970061388889,26.07970061388889,1.0,1,1.0,0.5555555555555556,0.4514302055897889,10.85194201778606,16.422623168278708,36.379096845818545
2026-04-21T09:00:00Z,0.0007045661720024,forward_fill,0.0,0.0,0.04206960957458383,0.04206960957458383,0.01590060039522001,0.11213949701339176,17,15,3,3,15,6,11,58607.50492809342,200775.9939024435,-142168.48897435007,259383.49883053693,5573.411736916341,135.6442816512353,35.644281651235296,1.0,1,1.0,0.35294117647058826,-0.5481015161540135,12.466066791293782,-100.16710805602324,182.7528388516204
2026-04-21T10:00:00Z,0.0007045661720024,forward_fill,0.0,0.0,0.04206960957458383,-0.01712215078863999,0.01590060039522001,0.11213949701339176,17,16,3,3,16,8,9,171422.05566112773,2146.9460876274356,169275.1095735003,173569.00174875517,3795.062675046441,133.91470720511765,33.914707205117644,1.0,1,1.0,0.47058823529411764,0.9752611806717055,12.064336265290143,119.2655159674879,122.2908471403983
2026-04-21T11:00:00Z,0.0007045661720024,forward_fill,0.0,0.04206960957458383,0.04206960957458383,-0.01712215078863999,0.01590060039522001,0.14077100221618677,43,31,5,4,30,25,18,1202833.7346637459,114141.38812507236,1088692.3465386734,1316975.1227888183,29409.89765267621,133.95477935746513,33.95477935746512,1.744186046511628,6,1.0,0.5813953488372093,0.8266612844085204,14.090848850560171,767.0557990890634,927.8961208857083
2026-04-21T12:00:00Z,0.000734206995778,observed,0.04206960957458383,0.0,0.0,-0.05680211745872554,-0.023012269445071842,0.08699562461566757,16,15,2,2,15,4,12,402281.1516119618,711610.6787441681,-309329.52713220636,1113891.83035613,25084.41269317928,104.5205195264375,4.5205195264375,1.0,1,1.0,0.25,-0.27770158529065475,13.923371492288759,-227.11190282116658,817.8271743874318
2026-04-21T13:00:00Z,0.000734206995778,forward_fill,0.0,0.0,-0.05680211745872554,-0.05680211745872554,-0.023012269445071842,0.08699562461566757,27,23,3,3,22,6,21,452362.7248108157,1427852.6762021966,-975489.9513913811,1880215.4010130123,41439.078851248065,133.67516333455555,33.675163334555556,1.0740740740740742,2,1.0,0.2222222222222222,-0.5188181901210956,14.446897435103654,-716.2115466226932,1380.4673009932912
2026-04-21T14:00:00Z,0.000734206995778,forward_fill,0.0,0.0,-0.05680211745872554,-0.025112534651161256,-0.023012269445071842,0.08699562461566757,17,17,1,1,17,8,9,199.01230441596525,23.61147669607468,175.40082771989057,222.62378111203992,4.839647325672714,176.97807749482354,76.97807749482352,1.0,1,1.0,0.47058823529411764,0.7878800137331984,5.409965091225051,0.1287805147771954,0.1634519375190099
2026-04-21T15:00:00Z,0.000734206995778,forward_fill,0.0,-0.05680211745872554,-0.05680211745872554,-0.025112534651161256,-0.023012269445071842,0.08699562461566757,18,17,3,3,17,5,13,4783.597751371252,301486.8386907615,-296703.24093939015,306270.4364421327,6517.968821640338,121.22680428872224,21.22680428872222,1.0,1,1.0,0.2777777777777778,-0.9687622624831758,12.63222703493717,-217.84159516770575,224.86589703579514
2026-04-21T16:00:00Z,0.0006925024837648,observed,-0.05680211745872554,0.0,0.0,0.0335980215754752,0.06661260688686177,0.3052527031667591,9,8,2,2,8,3,6,115961.44712069117,221904.1178410832,-105942.67072039204,337865.5649617744,7204.4652167263275,103.78545748766666,3.7854574876666667,1.0,1,1.0,0.3333333333333333,-0.3135645703709943,12.730406318300117,-73.36556261054784,233.97274291462617
2026-04-21T17:00:00Z,0.0006925024837648,forward_fill,0.0,0.0,0.0335980215754752,0.0335980215754752,0.06661260688686177,0.3052527031667591,55,25,4,4,24,25,30,1621676.930078809,289663.14227278245,1332013.7878060266,1911340.0723515914,41610.86487636924,931.2182596702545,831.2182596702545,5.4363636363636365,15,1.0,0.45454545454545453,0.6969004663660934,14.463315685764627,922.4228564646328,1323.6077474226697
2026-04-21T18:00:00Z,0.0006925024837648,forward_fill,0.0,0.0,0.0335980215754752,0.0358247708557331,0.06661260688686177,0.3052527031667591,11,10,3,3,10,5,6,234541.9427240145,421730.3186236089,-187188.37589959445,656272.2613476234,14584.97432822191,106.293115175,6.293115175,1.0,1,1.0,0.45454545454545453,-0.28522975436324577,13.394332538122827,-129.6284152423682,454.47017100917117
2026-04-21T19:00:00Z,0.0006925024837648,forward_fill,0.0,0.0335980215754752,0.0335980215754752,0.0358247708557331,0.06661260688686177,0.3052527031667591,4,4,2,2,4,2,2,2266.694599778325,23.463021576591615,2243.2315782017336,2290.1576213549165,51.163816265873784,102.34770229349999,2.3477022935000003,1.0,1,1.0,0.5,0.9795096884530505,7.736812480329084,1.5534434395643328,1.585939841001166
2026-04-21T20:00:00Z,0.0007157691971554,observed,0.0335980215754752,0.0,0.0,0.0021543668174439645,0.09473259153575797,0.1545985236978218,4,4,2,2,4,2,2,323.9098173085315,4.6395869568243855,319.2702303517071,328.54940426535586,0.525341209049857,113.6975106185,13.6975106185,1.0,1,1.0,0.5,0.9717571427822332,5.797726279775523,0.228523796454461,0.2351655433168987
2026-04-21T21:00:00Z,0.0007157691971554,forward_fill,0.0,0.0,0.0021543668174439645,0.0021543668174439645,0.09473259153575797,0.1545985236978218,3,3,2,2,3,1,2,2215.312093936648,810.0317043201482,1405.2803896165,3025.343798256796,67.33734409463707,102.66666666666667,2.6666666666666665,1.0,1,1.0,0.3333333333333333,0.46450270889087814,8.015110502652332,1.00585641625403,2.1654479015973354
2026-04-21T22:00:00Z,0.0007157691971554,forward_fill,0.0,0.0,0.0021543668174439645,0.03194141689731911,0.09473259153575797,0.1545985236978218,10,9,3,3,9,5,5,158978.7446592776,90834.94898140404,68143.79567787358,249813.69364068168,5559.674743775892,102.82000849490001,2.8200084949,1.0,1,1.0,0.5,0.27277846416172796,12.428474696563713,48.77522992347319,178.80894693561578
2026-04-21T23:00:00Z,0.0007157691971554,forward_fill,0.0,0.0021543668174439645,0.0021543668174439645,0.03194141689731911,0.12291596419215423,0.1545985236978218,7,5,2,2,5,2,5,2651.7220379813416,754692.503242428,-752040.7812044467,757344.2252804094,16428.586114814454,115.74286927828572,15.742869278285713,1.0,1,1.0,0.2857142857142857,-0.9929973136403079,13.537574472426694,-538.2876261908266,542.083668099237
2026-04-22T00:00:00Z,0.0007173112265627,observed,0.0021543668174439645,0.0,0.0,0.029723015800919406,0.11259905382665858,0.19739126004160412,4,4,1,1,4,2,2,4576.988857709102,537.1882269142238,4039.800630794878,5114.177084623326,111.56356798557064,152.0000000005,52.0000000005,1.0,1,1.0,0.5,0.7899219295595474,8.539967298436167,2.897794345544243,3.668456637430011
2026-04-22T01:00:00Z,0.0007173112265627,forward_fill,0.0,0.0,0.029723015800919406,0.029723015800919406,0.11259905382665858,0.19739126004160412,3,3,1,1,3,2,1,232358.97514950924,4.007709569906705,232354.96743993933,232362.98285907914,5100.34609298652,102.03334749166667,2.033347491666667,1.0,1,1.0,0.6666666666666666,0.9999655047501922,12.35606031285765,166.6708266922791,166.6765762424137
2026-04-22T02:00:00Z,0.0007173112265627,forward_fill,0.0,0.0,0.029723015800919406,0.09237920602223815,0.11259905382665858,0.19739126004160412,12,9,4,4,8,7,5,1223805.004727089,406632.69338768185,817172.3113394072,1630437.6981147712,35866.462698590396,13024.786654897083,12924.786654897083,1.0,1,1.0,0.5833333333333334,0.5011981213905201,14.304359676518999,586.1668729599468,1169.5312650687717
2026-04-22T03:00:00Z,0.0007173112265627,forward_fill,0.0,0.029723015800919406,0.029723015800919406,0.09237920602223815,0.11259905382665858,0.19739126004160412,28,13,2,2,12,7,21,110078.5573730281,1191848.5704335766,-1081770.0130605486,1301927.1278066048,28399.026739332618,178.64142454603572,78.64142454603572,6.0,12,1.0,0.25,-0.830899049536696,14.079356898849584,-775.9657749272101,933.8869449422089
2026-04-22T04:00:00Z,0.000738631879484,observed,0.029723015800919406,0.0,0.0,0.06084761558192886,0.22373642945813277,0.12609400051790964,29,27,3,3,27,14,15,168418.79344114734,113.54238842592711,168305.2510527214,168532.33582957328,3692.489979669232,160.71755804506898,60.71755804506897,1.0,1,1.0,0.4827586206896552,0.9986525744407797,12.034888847958225,124.31562391209808,124.48335596762638
2026-04-22T05:00:00Z,0.000738631879484,forward_fill,0.0,0.0,0.06084761558192886,0.0881586355632118,0.22373642945813277,0.12609400051790964,16,16,2,2,16,8,8,224263.00170682615,131933.3273469506,92329.67435987554,356196.32905377675,7759.195743840948,129.3730945111875,29.3730945111875,1.0,1,1.0,0.5,0.25921006711424044,12.783240151364264,68.19764090458055,263.0979639942924
2026-04-22T06:00:00Z,0.000738631879484,forward_fill,0.0,0.0,0.06084761558192886,0.08048381628265178,0.22373642945813277,0.12609400051790964,22,21,3,3,20,13,9,379611.40089375526,1004402.061128542,-624790.6602347867,1384013.4620222973,29701.403315208252,140.99907200445455,40.99907200445455,1.0909090909090908,2,1.0,0.5909090909090909,-0.45143394726945285,14.140498864543233,-461.49029965326974,1022.2764646846871
2026-04-22T07:00:00Z,0.000738631879484,forward_fill,0.0,0.06084761558192886,0.06084761558192886,0.08048381628265178,0.22373642945813277,0.12609400051790964,10,9,2,2,9,5,5,1026336.7095527346,55.71130964135071,1026280.9982430933,1026392.420862376,22543.491592667004,103.5409119521,3.5409119521,1.0,1,1.0,0.5,0.9998914424765636,13.841561682347175,758.0438626110116,758.1261629097095
2026-04-22T08:00:00Z,0.0007835758681434,observed,0.06084761558192886,0.0,0.025744526904838638,0.01850991642183364,0.05468543882308308,-0.005098448665814215,38,32,5,4,27,19,19,2327250.869559358,333355.56959884183,1993895.299960516,2660606.4391582,61530.04923598612,146.2115572585,46.2115572585,1.4736842105263157,4,1.0,0.5,0.7494138443833026,14.794065015273361,1562.368240653606,2084.7870003513062
2026-04-22T09:00:00Z,0.0007835758681434,forward_fill,0.0,0.0,0.01850991642183364,0.01850991642183364,0.05468543882308308,-0.005098448665814215,18,18,1,1,18,3,15,8757.746508374466,212517.27389353447,-203759.52738516,221275.02040190893,5173.4952771163935,117.08989340133333,17.08989340133333,1.0,1,1.0,0.16666666666666666,-0.9208428814742171,12.307166162291404,-159.66104856331563,173.38576620987433
2026-04-22T10:00:00Z,0.0007835758681434,forward_fill,0.0,0.025744526904838638,0.01850991642183364,0.15354591129174677,0.05468543882308308,-0.005098448665814215,21,21,1,1,21,8,13,23180.480882657168,10098.129786427706,13082.351096229462,33278.610669084876,785.4712286296193,160.0568408042857,60.05684080428572,1.0,1,1.0,0.38095238095238093,0.3931159033746168,10.41270019622143,10.251014617584762,26.076316245634395
2026-04-22T11:00:00Z,0.0008037486581628,observed,0.025744526904838638,-0.007053033472998793,-0.007053033472998793,0.1245937765542322,0.028214541885563715,-0.030068866819812246,22,22,1,1,22,10,12,35510.18198185603,6485.222539648062,29024.95944220797,41995.4045215041,994.9828063486317,115.04095066468182,15.040950664681818,1.0,1,1.0,0.45454545454545453,0.6911460854566956,10.645339286970193,23.32877220490435,33.7537500331629
2026-04-22T12:00:00Z,0.0007980797919729,observed,-0.007053033472998793,0.0,0.0,0.13258191470959213,0.07621092784800809,0.09220501366610057,34,21,3,3,21,19,15,399407.5866404623,760239.0832401197,-360831.4965996574,1159646.6698805818,27213.695092448128,121.72406403014708,21.72406403014706,2.588235294117647,7,1.0,0.5588235294117647,-0.3111564116653007,13.963626784084813,-287.9723257435247,925.4905730603609
2026-04-22T13:00:00Z,0.0007980797919729,forward_fill,0.0,0.0,0.13258191470959213,0.13258191470959213,0.07621092784800809,0.09220501366610057,26,25,3,3,25,9,17,60338.91863735524,283640.8093699225,-223301.89073256726,343979.72800727776,7931.809520462848,145.44596275442308,45.44596275442307,1.0,1,1.0,0.34615384615384615,-0.6491716591154545,12.748340911551518,-178.21272650300253,274.52326977094293
2026-04-22T14:00:00Z,0.0007980797919729,forward_fill,0.0,0.0,0.13258191470959213,0.03551808560523306,0.07621092784800809,0.09220501366610057,57,55,3,3,53,11,46,1334089.5640514826,288728.2061015445,1045361.3579499382,1622817.770153027,38515.55736965109,382.84863645836845,282.84863645836845,1.105263157894737,3,1.0,0.19298245614035087,0.6441643523852735,14.299675176770231,834.2817750891949,1295.1380684136532
2026-04-22T15:00:00Z,0.0007980797919729,forward_fill,0.0,0.13258191470959213,0.13258191470959213,0.03551808560523306,0.07621092784800809,0.09220501366610057,33,26,5,4,21,16,17,1831308.8756211754,154519.14132942073,1676789.734291755,1985828.0169505961,49334.04147447316,166.36804968463636,66.36804968463636,1.3636363636363635,3,1.0,0.48484848484848486,0.8443781233717332,14.501547025696949,1338.2120023258578,1584.8492106618883
2026-04-22T16:00:00Z,0.0009038907388837,observed,0.13258191470959213,0.0,0.0,-0.08570137651301579,-0.07979040795856585,-0.0639311951746141,109,90,5,4,72,46,63,3633915.729564369,2548500.598421094,1085415.1311432752,6182416.327985464,163860.01577811473,163.2611361061009,63.26113610610092,1.4403669724770642,3,1.0,0.42201834862385323,0.17556487197893983,15.637219906349033,981.0966848846431,5588.228862789432
2026-04-22T17:00:00Z,0.0009038907388837,forward_fill,0.0,0.0,-0.08570137651301579,-0.08570137651301579,-0.07979040795856585,-0.0639311951746141,22,17,4,4,17,5,17,3854.8776869894396,1121874.924501878,-1118020.0468148885,1125729.8021888675,28784.498770612856,119.11343971350001,19.1134397135,1.0,1,1.0,0.22727272727272727,-0.9931513269356571,13.933942984666302,-1010.5679662022984,1017.5367426838968
2026-04-22T18:00:00Z,0.0009038907388837,forward_fill,0.0,0.0,-0.08570137651301579,-0.049772105778360554,-0.07979040795856585,-0.0639311951746141,11,11,1,1,11,6,5,13572.145036746473,7206.387361010242,6365.757675736231,20778.532397756713,528.3804070887122,106.23595191327273,6.235951913272728,1.0,1,1.0,0.5454545454545454,0.3063622374226723,9.94172376188592,5.7539494090758065,18.781523001927212
2026-04-22T19:00:00Z,0.0009038907388837,forward_fill,0.0,-0.08570137651301579,-0.08570137651301579,-0.049772105778360554,-0.07979040795856585,-0.0639311951746141,3,2,2,2,2,0,3,0.0,102387.11620541773,-102387.11620541773,102387.11620541773,2565.651871705717,102.13278471666666,2.132784716666667,1.0,1,1.0,0.0,-1.0,11.536525932171443,-92.54676611908627,92.54676611908627
2026-04-22T20:00:00Z,0.000826426058344,observed,-0.08570137651301579,0.0,0.0,0.03929708501323881,-0.056684092989479185,-0.0011769322026812246,17,12,4,3,11,4,13,861.2266701517827,746920.0773442105,-746058.8506740587,747781.3040143623,18443.059250649672,109.81901798723528,9.819017987235293,1.0,1,1.0,0.23529411764705882,-0.9976965814322224,13.524867177183053,-616.5624752552172,617.9859555799258
2026-04-22T21:00:00Z,0.000826426058344,forward_fill,0.0,0.0,0.03929708501323881,0.03929708501323881,-0.056684092989479185,-0.0011769322026812246,4,3,2,2,3,1,3,40.564026396094924,54949.26375219348,-54908.699725797385,54989.82777858958,1339.3692699437374,118.625,18.625,1.0,1,1.0,0.25,-0.9985246716334729,10.914921682645328,-45.377980283185,45.44502662007518
2026-04-22T22:00:00Z,0.000826426058344,forward_fill,0.0,0.0,0.03929708501323881,0.006465030573825414,-0.056684092989479185,-0.0011769322026812246,2,2,1,1,2,1,1,17940.22695745103,409.2684462575779,17530.95851119345,18349.495403708606,455.46408175375075,102.5707594035,2.5707594035000003,1.0,1,1.0,0.5,0.9553918582224489,9.8174118505956,14.488040941397802,15.164501159088248
2026-04-22T23:00:00Z,0.000826426058344,forward_fill,0.0,0.03929708501323881,0.03929708501323881,0.006465030573825414,-0.056684092989479185,-0.0011769322026812246,1,1,1,1,1,0,1,0.0,44870.95276621502,-44870.95276621502,44870.95276621502,1091.5397014548494,102.0,2.0,1.0,1,1.0,0.0,-1.0,10.711568218553793,-37.08252462872289,37.08252462872289
2026-04-23T00:00:00Z,0.0008589021934159,observed,0.03929708501323881,0.0,0.0,-0.03159063458644751,0.014861478734539801,0.03491706501135683,35,31,4,4,31,23,12,1065145.7071177412,39068.594351554384,1026077.1127661868,1104214.3014692958,27867.727388654042,159.102772459,59.10277245899999,1.0,1,1.0,0.6571428571428571,0.9292372969638796,13.914645506252183,881.2998827687317,948.4120855331839
2026-04-23T01:00:00Z,0.0008589021934159,forward_fill,0.0,0.0,-0.03159063458644751,-0.03159063458644751,0.014861478734539801,0.03491706501135683,21,17,3,3,17,9,12,209148.02952084353,622282.963602873,-413134.9340820295,831430.9931237166,21018.648771776956,115.47045884761904,15.470458847619048,1.0,1,1.0,0.42857142857142855,-0.49689623973466096,13.630904786084734,-354.8425010597884,714.1179036679202
2026-04-23T02:00:00Z,0.0008589021934159,forward_fill,0.0,0.0,-0.03159063458644751,-0.0923520130930563,0.014861478734539801,0.03491706501135683,8,8,1,1,8,4,4,61250.53005869771,14440.544167522026,46809.98589117569,75691.07422621975,1911.5502855043112,152.734682836625,52.734682836625,1.0,1,1.0,0.5,0.6184346882338273,11.2344287341584,40.20519955569813,65.01122967490583
2026-04-23T03:00:00Z,0.0008589021934159,forward_fill,0.0,-0.03159063458644751,-0.03159063458644751,-0.0923520130930563,0.014861478734539801,0.03491706501135683,12,12,2,2,12,6,6,94233.20089524685,42231.666638900686,52001.53425634616,136464.86753414752,3449.6476019422453,154.65545222141665,54.65545222141666,1.0,1,1.0,0.5,0.38106169885325136,11.823829807643374,44.66423183376778,117.20997404928954
2026-04-23T04:00:00Z,0.0008317689280782,observed,-0.03159063458644751,0.0,0.0,-0.06274348501437821,0.01723434848007721,0.014825803897835277,19,18,2,2,18,10,9,10481.46689003464,57863.260317734734,-47381.79342770009,68344.72720776936,1706.871281491275,156.62312271568422,56.62312271568421,1.0,1,1.0,0.5263157894736842,-0.6932765022773223,11.132334326778436,-39.410703529780804,56.84702048940331
2026-04-23T05:00:00Z,0.0008317689280782,forward_fill,0.0,0.0,-0.06274348501437821,-0.06274348501437821,0.01723434848007721,0.014825803897835277,29,14,3,3,14,8,21,30373.61968786633,269174.16055799974,-238800.5408701334,299547.7802458661,7432.176480404475,133.51942297675862,33.51942297675862,5.758620689655173,12,1.0,0.27586206896551724,-0.7972035068132639,12.610032555548734,-198.62686990404526,249.15453608330827
2026-04-23T06:00:00Z,0.0008317689280782,forward_fill,0.0,0.0,-0.06274348501437821,0.04796743503316936,0.01723434848007721,0.014825803897835277,10,10,1,1,10,4,6,7117.546884493058,50378.10194149951,-43260.55505700645,57495.64882599257,1421.3568824930783,101.8237018863,1.8237018862999999,1.0,1,1.0,0.4,-0.7524144164010071,10.959481943799936,-35.98278550783421,47.82309419315646
2026-04-23T07:00:00Z,0.0008317689280782,forward_fill,0.0,-0.06274348501437821,-0.06274348501437821,0.04796743503316936,0.01723434848007721,0.014825803897835277,17,17,1,1,17,7,10,18791.48052248237,13386.681101656892,5404.799420825477,32178.161624139262,802.5697405971721,104.28437151405882,4.284371514058824,1.0,1,1.0,0.4117647058823529,0.16796482918933844,10.379074367507782,4.495544220737683,26.764795001637385
2026-04-23T08:00:00Z,0.0007795808468039,observed,-0.06274348501437821,0.0,0.0,0.11812232646816656,0.058842600208774964,0.12528823472168882,23,19,4,3,15,14,9,911578.4357898403,1775771.056075627,-864192.6202857867,2687349.4918654673,64357.244683856865,192.26037545686955,92.26037545686958,1.5217391304347827,4,1.0,0.6086956521739131,-0.3215780541018851,14.804066318936817,-673.7080147240748,2095.0061925265113
2026-04-23T09:00:00Z,0.0007795808468039,forward_fill,0.0,0.0,0.11812232646816656,0.11812232646816656,0.058842600208774964,0.12528823472168882,29,26,3,3,26,7,22,38354.02967788777,890790.570467185,-852436.5407892972,929144.6001450728,21960.21407683495,109.02041489096551,9.020414890965519,1.0,1,1.0,0.2413793103448276,-0.9174422804116833,13.74202073333577,-664.5432003151076,724.3433341843669
2026-04-23T10:00:00Z,0.0007795808468039,forward_fill,0.0,0.0,0.11812232646816656,0.08533185122290932,0.058842600208774964,0.12528823472168882,20,19,2,2,19,7,13,176517.87921126836,259123.70390348785,-82605.8246922195,435641.5831147562,10224.162376545823,104.06028932495,4.06028932495,1.0,1,1.0,0.35,-0.18961877812857816,12.984577422643065,-64.39791876449499,339.61783426759325
2026-04-23T11:00:00Z,0.0007795808468039,forward_fill,0.0,0.11812232646816656,0.11812232646816656,0.08533185122290932,0.058842600208774964,0.12528823472168882,21,21,2,2,21,6,15,3023.2629799526417,24767.880946426903,-21744.617966474263,27791.143926379544,638.620930427913,104.05102306904762,4.051023069047619,1.0,1,1.0,0.2857142857142857,-0.7824297561869745,10.232508667165646,-16.951687687731305,21.665443515776026
2026-04-23T12:00:00Z,0.0008716667500984,observed,0.11812232646816656,0.0,0.0,-0.02932637553963624,0.019761895290207443,0.20253494500767721,68,52,5,4,38,25,43,5030709.221878569,1840780.6039506695,3189928.6179278987,6871489.825829238,176679.89356285208,235.91051016307352,135.91051016307352,1.4705882352941178,4,1.0,0.36764705882352944,0.4642266377135972,15.742891645871625,2780.554711435092,5989.649204814792
2026-04-23T13:00:00Z,0.0008716667500984,forward_fill,0.0,0.0,-0.02932637553963624,-0.02932637553963624,0.019761895290207443,0.1822770807484213,25,21,4,4,19,12,13,882268.8619350204,1261752.2388855226,-379483.3769505022,2144021.1008205432,54729.27951226774,266.77163443292,166.77163443292,1.24,3,1.0,0.48,-0.1769961017665681,14.578194109338238,-330.78304190281034,1868.8719050946368
2026-04-23T14:00:00Z,0.0008716667500984,forward_fill,0.0,0.0,-0.02932637553963624,-0.053017210063803666,0.019761895290207443,0.22185661275948565,28,21,2,2,19,9,19,932585.30619241,1080348.6437792429,-147763.3375868331,2012933.949971653,52750.13634674695,511.0143953352857,411.0143953352857,1.2142857142857142,3,1.0,0.32142857142857145,-0.07340694789757705,14.5151043891329,-128.80038825800756,1754.607594334526
2026-04-23T15:00:00Z,0.0008716667500984,forward_fill,0.0,-0.02932637553963624,-0.02932637553963624,-0.053017210063803666,0.019761895290207443,0.2994337649762777,8,8,1,1,8,3,5,306251.1539753125,149226.4976280596,157024.65634725287,455477.65160337207,11829.213757153186,115.296062911125,15.296062911125,1.0,1,1.0,0.375,0.34474722479685843,13.029104126534131,136.873171883528,397.0247243155626
2026-04-23T16:00:00Z,0.0008461039236396,observed,-0.02932637553963624,0.0,0.0,-0.024406591388880128,-0.0023677381577221768,0.29008450078580017,7,7,1,1,7,2,5,48088.94408358628,210035.0938722188,-161946.1497886325,258124.03795580508,6604.565141512566,123.18652144028572,23.186521440285713,1.0,1,1.0,0.2857142857142857,-0.627396623232588,12.461199389741704,-137.02327275448832,218.3997613001037
2026-04-23T17:00:00Z,0.0008461039236396,forward_fill,0.0,0.0,-0.024406591388880128,-0.024406591388880128,-0.0023677381577221768,0.4196175584363917,46,37,3,3,36,22,24,1974201.0668720575,2787095.7624775684,-812894.6956055108,4761296.829349626,118276.06062759644,144.74706356830436,44.74706356830434,1.0869565217391304,2,1.0,0.4782608695652174,-0.17072968242489284,15.376030842269179,-687.7933914576411,4028.5519289255053
2026-04-23T18:00:00Z,0.0008461039236396,forward_fill,0.0,0.0,-0.024406591388880128,0.050571345087422115,-0.0023677381577221768,0.42157679354106903,16,15,3,3,15,5,11,247655.21193050945,398989.6204664395,-151334.40853593007,646644.832396949,16078.03032177352,103.4060052028125,3.4060052028125,1.0,1,1.0,0.3125,-0.23403018311454166,13.37955402390953,-128.0446368439286,547.12872989233
2026-04-23T19:00:00Z,0.0008461039236396,forward_fill,0.0,-0.024406591388880128,-0.024406591388880128,0.050571345087422115,-0.0023677381577221768,0.3985985863427517,10,9,2,2,9,4,6,36345.76370386713,220183.6962491693,-183837.93254530217,256529.45995303642,6310.104823916656,107.44489842850001,7.444898428499999,1.0,1,1.0,0.4,-0.7166347778495222,12.455002688796023,-155.54599604037227,217.05058259541175
2026-04-23T20:00:00Z,0.0008254534109028,observed,-0.024406591388880128,0.0,0.0,0.07685367266169085,0.06275308010823588,0.6519664740083932,10,8,2,2,7,4,6,960090.6241119382,72288.85666783123,887801.7674441069,1032379.4807797694,26171.762631129328,272.0508294796,172.0508294796,1.2,2,1.0,0.4,0.8599568123666492,13.847377840002927,732.8389971422724,852.1811637557223
2026-04-23T21:00:00Z,0.0008254534109028,forward_fill,0.0,0.0,0.07685367266169085,0.07685367266169085,0.06275308010823588,0.5477783620075729,12,10,4,4,10,8,4,241641.11227193265,557.6149134706038,241083.49735846205,242198.7271854033,6246.330839558008,102.33568656300001,2.335686563,1.0,1,1.0,0.6666666666666666,0.9953953935270373,12.39751798369836,199.0031952069187,199.92376547150786
2026-04-23T22:00:00Z,0.0008254534109028,forward_fill,0.0,0.0,0.07685367266169085,0.02259020308730153,0.06275308010823588,0.5521776277670161,4,3,2,2,3,3,1,133803.75507407775,0.03030962783378269,133803.72476444993,133803.7853837056,3483.6807625473275,104.50000000074999,4.50000000075,1.0,1,1.0,0.75,0.9999995469541052,11.804137191236299,110.44874099831465,110.44879103668602
2026-04-23T23:00:00Z,0.0008254534109028,forward_fill,0.0,0.07685367266169085,0.07685367266169085,0.02259020308730153,0.06275308010823588,0.4317912895186644,29,22,5,4,16,10,19,2889741.4836502885,1040999.9967270159,1848741.4869232727,3930741.480377305,107565.77946478134,909.3480660494138,809.3480660494138,1.6896551724137931,5,1.0,0.3448275862068966,0.4703289433183012,15.184338892305774,1526.0499662583297,3244.643962354568
2026-04-24T00:00:00Z,0.0008888925371418,observed,0.07685367266169085,0.0,0.0,-0.05039075498555412,0.17923110341895598,0.3042999908918691,43,41,2,2,40,18,25,358127.1936576226,909576.2613524778,-551449.0676948553,1267703.4550101005,34791.90586474569,163.825612830093,63.82561283009302,1.0465116279069768,2,1.0,0.4186046511627907,-0.43499847343278053,14.052718307166995,-490.1789608877601,1126.8521404673538
2026-04-24T01:00:00Z,0.0008888925371418,forward_fill,0.0,0.0,-0.05039075498555412,-0.05039075498555412,0.15936581491110213,0.28779493998304395,18,15,4,4,15,3,15,62156.949911928576,283641.9559436011,-221485.0060316725,345798.90585552965,9265.571111831978,104.68881661894444,4.688816618944444,1.0,1,1.0,0.16666666666666666,-0.6405023332381685,12.753615579980075,-196.87636895036024,307.3780667667802
2026-04-24T02:00:00Z,0.0008888925371418,forward_fill,0.0,0.0,-0.05039075498555412,-0.013094251253842226,0.1981783379067772,0.26352796133919143,7,6,2,2,6,3,4,527585.0372810733,4171.610001528336,523413.427279545,531756.6472826017,14585.427762884401,102.47668724785714,2.476687247857143,1.0,1,1.0,0.42857142857142855,0.9843100785938597,13.183943114308583,465.25828934859976,472.67451534504903
2026-04-24T03:00:00Z,0.0008888925371418,forward_fill,0.0,-0.05039075498555412,-0.05039075498555412,-0.013094251253842226,0.27425212785233577,0.27941765277018926,6,6,2,2,6,3,3,31137.23206664015,21718.6436055675,9418.588461072653,52855.87567220765,1444.7575449626945,119.66713021049999,19.6671302105,1.0,1,1.0,0.5,0.1781937834023073,10.875343080702192,8.372112993457351,46.9831934291202
2026-04-24T04:00:00Z,0.0008441005710942,observed,-0.05039075498555412,0.0,0.0,0.039275632506236224,0.29314633270125534,0.33297246028676586,21,21,2,2,21,11,10,113675.08129700807,825.1417158051909,112849.93958120288,114500.22301281327,3176.505059310209,163.4464444112857,63.44644441128571,1.0,1,1.0,0.5238095238095238,0.9855870723376171,11.648340783254,95.25669844843932,96.64970363552894
2026-04-24T05:00:00Z,0.0008441005710942,forward_fill,0.0,0.0,0.039275632506236224,0.039275632506236224,0.4229868186247854,0.28942820642581446,10,9,2,2,9,4,6,15065.006866638005,116618.36175532526,-101553.35488868724,131683.36862196325,3591.0374758397566,102.1030079431,2.1030079431,1.0,1,1.0,0.4,-0.7711934768332569,11.7881631914083,-85.72124485807286,111.15400665740724
2026-04-24T06:00:00Z,0.0008441005710942,forward_fill,0.0,0.0,0.039275632506236224,0.24180667954745627,0.42495070369508103,0.323019341300945,5,5,1,1,5,1,4,3248.9552879363728,40580.04708033396,-37331.09179239759,43829.00236827033,1190.9608151005161,102.2209759916,2.2209759916,1.0,1,1.0,0.2,-0.8517440456144889,10.688073847445944,-31.511195901532805,36.996085929546034
2026-04-24T07:00:00Z,0.0008441005710942,forward_fill,0.0,0.039275632506236224,0.039275632506236224,0.22088724493564227,0.40191796099299104,0.30039484948814565,25,25,2,2,25,16,9,442210.47115103266,34558.897906497434,407651.57324453525,476769.3690575301,13282.084534834261,400.2788863268,300.2788863268,1.0,1,1.0,0.64,0.8550288665783505,13.074790247369137,344.0989257831613,402.4412967016825
2026-04-24T08:00:00Z,0.0008772531549228,observed,0.039275632506236224,0.0,0.0,0.2140757508293336,0.5544217230969108,0.2697694888916373,17,17,2,2,17,7,10,144476.89047171795,19143.6700375458,125333.22043417217,163620.56050926374,4593.424170658212,105.15032575464706,5.150325754647059,1.0,1,1.0,0.4117647058823529,0.7659992121043745,12.00531148242145,109.94896304251228,143.53665291698852
2026-04-24T09:00:00Z,0.0008772531549228,forward_fill,0.0,0.0,0.19487712470734242,0.2911588867237276,0.45638567507133443,0.26994592561486974,18,17,3,3,17,12,6,359648.268133153,84.62251199621366,359563.6456211568,359732.89064514916,10216.231370794727,187.19375867016666,87.19375867016667,1.0,1,1.0,0.6666666666666666,0.9995295258554511,12.793119844442334,315.4283425167034,315.5768132479557
2026-04-24T10:00:00Z,0.0008772531549228,forward_fill,0.0,0.0,0.17474826383780928,0.24427658289534238,0.4605251744920229,0.29802513889654514,28,25,5,4,24,18,10,270829.4452399157,6920.621778529318,263908.8234613864,277750.067018445,7953.863303807478,105.10020364239286,5.100203642392857,1.0,1,1.0,0.6428571428571429,0.950166551872913,12.534480549145064,231.51484799346545,243.65712257195003
2026-04-24T11:00:00Z,0.0008772531549228,forward_fill,0.0,0.19487712470734242,0.2140757508293336,0.36921022115492197,0.3472473675379457,0.30924330784843224,170,120,5,4,109,93,77,7067366.163790574,3737248.3695581467,3330117.794232428,10804614.53334872,343579.5437015613,217.99541436001766,117.99541436001765,1.1176470588235294,3,1.0,0.5470588235294118,0.30821254973547957,16.195483964999333,2921.3563412549533,9478.382187104902
2026-04-24T12:00:00Z,0.0010482097273946,observed,0.19487712470734242,-0.016845967215635915,0.08057879762320086,0.14748191257464227,0.10605969187066022,0.1221854776248279,90,68,4,4,63,55,35,2357268.685106604,2285565.2381173368,71703.44698926741,4642833.923223941,156438.19030570152,115.06293224541112,15.062932245411112,1.1111111111111112,2,1.0,0.6111111111111112,0.015443896588805227,15.350835712466049,75.16025062187315,4866.663681000969
2026-04-24T13:00:00Z,0.0010305516206918,observed,-0.016845967215635915,0.03347737400610784,0.05918571765357594,0.1482779976679105,0.11077532511322974,0.14526516536474476,56,49,4,4,47,35,21,869477.1802052652,1005296.964560727,-135819.78435546174,1874774.1447659922,60434.53162277136,938.1460969582678,838.1460969582678,1.1428571428571428,3,1.0,0.625,-0.07244594488069103,14.443999287403864,-139.9692988895319,1932.0515333196765
2026-04-24T14:00:00Z,0.0010650517827303,observed,0.03347737400610784,0.06349120789352591,0.12777989365129505,0.28033339108790156,0.05454081530682675,0.10668047037039852,73,61,4,4,57,38,35,2030763.0390646916,1186547.44873101,844215.5903336816,3217310.4877957017,108508.96350505449,180.73119666297262,80.73119666297261,1.2191780821917808,4,1.0,0.5205479452054794,0.2623979232144563,14.984056627084293,899.1333194936002,3426.6022706237036
2026-04-24T15:00:00Z,0.001132673206885,observed,0.06349120789352591,-0.03631025144190214,0.06191414739822654,0.12796782026328635,0.004053769897610193,0.1128018569667395,78,58,5,4,56,53,25,1977395.231607536,134850.23693230984,1842544.994675226,2112245.4685398457,74485.78333519583,111.88918435257692,11.889184352576923,1.0512820512820513,2,1.0,0.6794871794871795,0.8723157521786242,14.563262616118722,2087.001347948694,2392.4838485793366
2026-04-24T16:00:00Z,0.0010915455579415,observed,-0.03631025144190214,0.1004066458993127,0.08411393632808939,0.1737946326157529,0.030797850620909673,0.15898600377172767,34,24,4,4,23,15,19,268164.1586749755,1234531.6150726243,-966367.4563976488,1502695.7737475997,53364.48717699908,224.99760263338234,124.99760263338236,1.1176470588235294,2,1.0,0.4411764705882353,-0.6430892222366527,14.222771901041126,-1054.8341043700798,1640.2608967716578
2026-04-24T17:00:00Z,0.0012011439862607,observed,0.1004066458993127,0.0013801147309246975,0.1352688572436771,-0.016040527070014687,-0.09385794053106244,0.03169949053180021,82,68,5,4,63,40,42,3881703.1678780257,1248784.3439436979,2632918.8239343273,5130487.511821724,192951.46609084704,123.90438524932928,23.90438524932927,1.0731707317073171,2,1.0,0.4878048780487805,0.5131907675181994,15.450711439089169,3162.514611681312,6162.454221410286
2026-04-24T18:00:00Z,0.0012028017027701,observed,0.0013801147309246975,-0.016163887383867426,0.06220246055379941,-0.03609836481957407,-0.07153325524161269,0.1008146143584876,27,24,4,4,24,15,12,420809.8568757667,252629.72755343592,168180.12932233076,673439.5844292026,26426.58533217211,105.6664948122963,5.666494812296297,1.0,1,1.0,0.5555555555555556,0.24973306174877993,13.420155051830706,202.28734592099505,810.0142788642335
2026-04-24T19:00:00Z,0.0011833597515014,observed,-0.016163887383867426,0.15233035341720136,0.08272257489043411,-0.03265992436574294,-0.07241729853645329,0.12145122563713451,44,35,3,3,35,19,25,668503.9806738413,1324154.64353409,-655650.6628602487,1992658.6242079313,77480.18073593623,147.74473164986364,47.74473164986364,1.0,1,1.0,0.4318181818181818,-0.32903310928175944,14.504980798963608,-775.8706054740321,2358.0320143698195
2026-04-24T20:00:00Z,0.0013636213606673,observed,0.15233035341720136,-0.0630691443440825,-0.13328066153515072,-0.17635451621645082,-0.1831241998073433,-0.039992022696838214,48,34,5,4,27,20,28,3974903.486221361,581300.810687977,3393602.6755333846,4556204.296909339,191828.65831876098,124.60430017697917,24.604300176979166,1.5,5,1.0,0.4166666666666667,0.744831103784219,15.33200066331305,4627.589097975024,6212.937502829712
2026-04-24T21:00:00Z,0.0012776189282407,observed,-0.0630691443440825,0.002842309898774431,-0.09254433973173293,-0.1098560155171383,-0.12801536890105203,0.059739482218301054,47,37,4,4,36,12,35,279263.9033185749,1651648.9511946726,-1372385.0478760977,1930912.8545132475,82505.2640105423,110.65933385051063,10.659333850510638,1.0851063829787233,2,1.0,0.2553191489361702,-0.7107441667646126,14.473503948563234,-1753.3851140010215,2466.970811709406
2026-04-24T22:00:00Z,0.0012812503171673,observed,0.002842309898774431,-0.07755964014346806,-0.1065670024178198,-0.1218243617933239,-0.11126137257579005,0.07552958257895503,12,11,3,3,11,5,7,481993.0877189563,606526.8355619513,-124533.74784299498,1088519.9232809076,45269.67877039089,129.35100077,29.35100077,1.0,1,1.0,0.4166666666666667,-0.11440649378987741,13.900330381595017,-159.5589039218699,1394.666496946588
2026-04-24T23:00:00Z,0.0011818770036341,observed,-0.07755964014346806,-0.01903283968385261,-0.049697581177308714,-0.07908599449663001,-0.028208672442214366,0.13443264834289703,40,34,5,4,27,23,17,1642371.4081590432,3351693.754693732,-1709322.346534689,4994065.162852775,191310.03430390783,205.988625977475,105.988625977475,1.75,6,1.0,0.575,-0.34227073351967785,15.423760998202813,-2020.2087731672268,5902.370770625882
2026-04-25T00:00:00Z,0.0011593825280979,observed,-0.01903283968385261,-0.01265433644413283,-0.019077158855659748,-0.036761936206702095,0.014579489581520333,0.1364109643841771,31,27,2,2,27,16,15,208207.39383116845,448634.5487582134,-240427.1549270449,656841.9425893818,25147.39828459458,116.65510661509678,16.655106615096773,1.0,1,1.0,0.5161290322580645,-0.36603502203169375,13.395200216513803,-278.7470427027028,761.5310719600133
2026-04-25T01:00:00Z,0.0011447113115199,observed,-0.01265433644413283,-0.018843822017325373,-0.017077228417568868,-0.04109968683417009,0.03105023983855526,0.16559703680494686,25,25,2,2,25,12,13,111140.96710635714,551818.8470132306,-440677.87990687345,662959.8141195878,24880.482227598466,118.25369644484,18.25369644484,1.0,1,1.0,0.48,-0.66471280841071,13.404471163529271,-504.4489538660061,758.8975983058225
2026-04-25T02:00:00Z,0.0011231405753044,observed,-0.018843822017325373,0.012575654767589484,-0.03092532728237174,-0.008219171626844601,0.04944299386686257,0.16303167145045339,27,19,5,4,18,3,24,1559.7011126943855,348632.2646844877,-347072.5635717933,350191.9657971821,12883.19085833807,105.32462448544445,5.324624485444445,2.037037037037037,5,1.0,0.1111111111111111,-0.9910923078481034,12.766239612387674,-389.8112787223969,393.3148059324259
2026-04-25T03:00:00Z,0.0011372648034349,observed,0.012575654767589484,-0.010641310992346109,-0.018028713991827705,-0.02040046745298585,0.10830902719504665,0.1569628809716508,14,12,3,3,12,4,10,1507.8319277034966,65257.662727628405,-63749.83079992491,66765.4946553319,2442.1572540984753,138.20186435421428,38.20186435421429,1.0,1,1.0,0.2857142857142857,-0.954832000107616,11.108956656676918,-72.50043879368474,75.9300471554299
2026-04-25T04:00:00Z,0.0011251628149809,observed,-0.010641310992346109,-0.03266703188420228,-0.02443982285396329,0.012028333237647626,0.12435818824573874,0.1473188296325043,12,12,1,1,12,3,9,423387.8658738507,348740.62477808364,74647.24109576707,772128.4906519344,28789.41267416365,114.21854766775,14.21854766775,1.0,1,1.0,0.25,0.09667722665270369,13.556907548946235,83.99029992187118,868.770266068884
2026-04-25T05:00:00Z,0.001088407085429,observed,-0.03266703188420228,0.02605118664826045,0.023430759563503045,0.055246550438339925,0.1385626345790063,0.2028840523617712,14,12,3,3,12,2,12,775.9284328468575,774577.6824819128,-773801.7540490659,775353.6109147596,27952.097154134026,120.62672945757143,20.62672945757143,1.0,1,1.0,0.14285714285714285,-0.997998517265093,13.561075766156355,-842.2113118243917,843.9003638325844
2026-04-25T06:00:00Z,0.0011167613815608,observed,0.02605118664826045,-0.01710065084199941,-0.0024152981812732843,0.053300868931649426,0.18562632487709618,0.1708337046459849,13,13,1,1,13,5,8,319515.02832087193,74814.49693817213,244700.53138269985,394329.5252590441,14329.748777824034,109.6834615943077,9.683461594307692,1.0,1,1.0,0.38461538461538464,0.6205483376421039,12.884944733199546,273.2721034956058,440.3719854185045
2026-04-25T07:00:00Z,0.0010976640351009,observed,-0.01710065084199941,0.014799842697321042,0.0373817596760635,0.07524236428135156,0.20900403151945435,0.1740489260622795,14,13,2,2,13,4,10,265631.52342753595,147195.49108649493,118436.03234104103,412827.0145140309,14974.557617891402,103.31070861128572,3.3107086112857145,1.0,1,1.0,0.2857142857142857,0.28689021836533835,12.930786355464114,130.00297316080778,453.1453665501289
2026-04-25T08:00:00Z,0.0011139092901549,observed,0.014799842697321042,0.00013895177414169346,0.03108738972083125,0.05814002836523069,0.17521901992536448,0.14513564398607226,16,15,3,3,15,4,12,5385.279080408185,144266.68692547554,-138881.40784506736,149651.96600588373,5378.5602533144565,123.0671810951875,23.0671810951875,1.0,1,1.0,0.25,-0.9280292905714789,11.916074332702774,-154.70129042841214,166.69871522389917
2026-04-25T09:00:00Z,0.001114064069827,observed,0.00013895177414169346,0.022110558186231533,0.05585106408643292,0.13138991023544144,0.21531899121057752,0.15811795038839582,13,13,1,1,13,4,9,9713.244628715383,105854.77817911493,-96141.53355039954,115568.02280783032,4136.727554570793,113.72122876238463,13.721228762384614,1.0,1,1.0,0.3076923076923077,-0.8319042864501224,11.657623230519967,-107.10782814656719,128.750181831151
2026-04-25T10:00:00Z,0.0011386966482661,observed,0.022110558186231533,0.008642489745170678,0.036496308376494424,0.1109947728921079,0.21017535346259542,0.1432602648316379,32,29,3,3,29,15,17,753849.1786909945,94593.61312087816,659255.5655701164,848442.7918118727,31224.930642576506,126.6963777358125,26.6963777358125,1.0,1,1.0,0.46875,0.7770182880123928,13.651159117280528,750.6921028654635,966.1189632817119
2026-04-25T11:00:00Z,0.0011485378223716,observed,0.008642489745170678,0.024159336049033087,0.026236998836465242,0.07895414024907987,0.1673623916709015,0.11969990810413189,13,12,3,3,12,5,8,17950.28138261314,2785.315464934103,15164.965917679037,20735.596847547244,766.1001447983149,120.95720763623078,20.95720763623077,1.0,1,1.0,0.38461538461538464,0.731349380930545,9.939655381894951,17.41753693143061,23.815617248857322
2026-04-25T12:00:00Z,0.0011762857335873,observed,0.024159336049033087,0.0033742980875024475,0.07154308852675917,0.12562930483448942,0.12008075863322265,0.10468290694053639,42,36,3,3,35,21,21,484641.33621920575,168424.8833359065,316216.45288329927,653066.2195551122,24523.1927709515,139.13200849316667,39.132008493166666,1.0476190476190477,2,1.0,0.5,0.48420273995907365,13.389435342555004,371.9609022522056,768.1924771504699
2026-04-25T13:00:00Z,0.0011802548722885,observed,0.0033742980875024475,-0.001341120841662713,0.07187528205701321,0.12440141095770896,0.13049489905308542,0.12098190234345974,3,3,1,1,3,1,2,1370.7426989862938,20146.162794842297,-18775.420095856003,21516.90549382859,801.3546596786724,102.12022384433332,2.120223844333333,1.0,1,1.0,0.3333333333333333,-0.8725892346016535,9.97664068118532,-22.159781047397466,25.39543254566239
2026-04-25T14:00:00Z,0.0011786720078808,observed,-0.001341120841662713,0.06937370153068856,0.05136936348268928,0.1106460283342785,0.10823711077916931,0.09067615439986665,28,23,4,3,19,7,21,1808925.1121478032,1441850.0990855223,367075.0130622809,3250775.2112333253,125277.11311903183,1687.0787246209286,1587.0787246209286,1.5,4,1.0,0.25,0.11291922363435729,14.994404360015205,432.6610426889895,3831.597745393515
2026-04-25T15:00:00Z,0.0012604408479581,observed,0.06937370153068856,0.0036853583274654156,0.05047507364551462,0.07418227811283074,0.04389917665810161,0.01815954597296665,37,31,5,4,29,15,22,2095124.8816503226,427191.91044635494,1667932.9712039675,2522316.7920966772,101279.690506486,120.49429707189188,20.494297071891893,1.054054054054054,2,1.0,0.40540540540540543,0.6612702165050003,14.740688795537212,2102.330848561602,3179.2311162492906
2026-04-25T16:00:00Z,0.0012650860241334,observed,0.0036853583274654156,-0.020446345117612785,0.049003955758634365,0.08927186967073086,0.02042110923974283,-0.10328580139268206,38,28,5,4,28,23,15,728379.9836185814,457664.4421510164,270715.541467565,1186044.4257695978,49621.823638550406,103.77982555955263,3.779825559552632,1.0,1,1.0,0.6052631578947368,0.22825075990884888,13.986135159467024,342.4784480263224,1500.4482270424419
2026-04-25T17:00:00Z,0.0012392196386805,observed,-0.020446345117612785,0.06846409728822445,0.05638043765630929,0.08193884070124824,0.056493525985549464,-0.05827249070874185,19,18,3,3,18,7,12,42770.25878317944,22308.03452688295,20462.224256296482,65078.293310062385,2712.449743287861,112.62361999847369,12.623619998473684,1.0,1,1.0,0.3684210526315789,0.3144247216011828,11.083361702485792,25.35719014948709,80.6462991216391
2026-04-25T18:00:00Z,0.0013240616925846,observed,0.06846409728822445,0.0022797662096905036,0.022568079016900278,-0.004929283714839472,-0.012476629373630588,-0.1299564034615447,20,15,4,4,14,11,9,1056071.249328847,33565.75971963953,1022505.4896092075,1089637.0090484866,46814.5538320703,112.99697861085001,12.996978610849999,1.1,2,1.0,0.55,0.9383909330521906,13.901356097256935,1353.8603492490124,1442.7466225035603
2026-04-25T19:00:00Z,0.0013270802436909,observed,0.0022797662096905036,-0.013558230193569831,0.038386808449139664,0.005419317368328791,-0.028912315050962922,-0.1206365457562254,10,8,3,3,8,5,5,122065.42079136164,329578.8146743051,-207513.39388294346,451644.23546566674,19398.05681718483,102.34874849799999,2.348748498,1.0,1,1.0,0.5,-0.459462066794647,13.020652273348576,-275.3869253233023,599.3681420633673
2026-04-25T20:00:00Z,0.0013090873842616,observed,-0.013558230193569831,0.03426496791870104,0.024194316870958854,-0.0021689336599187703,-0.02559810165530063,-0.03086789175971849,10,7,3,3,7,1,9,16.629771973249923,486686.47632034146,-486669.84654836816,486703.1060923147,20562.93628531461,106.02395485920002,6.0239548592,1.0,1,1.0,0.1,-0.999931663588068,13.095411632384097,-637.0933564169975,637.1368960663842
2026-04-25T21:00:00Z,0.0013539432214861,observed,0.03426496791870104,0.01778464335422436,-0.026890495895565025,-0.02819177161247899,-0.047066688857716144,-0.0925534290995278,19,15,5,4,15,8,11,685409.5064104758,164206.91797984205,521202.5884306338,849616.424390318,36697.464765839824,107.67849023684211,7.678490236842105,1.0,1,1.0,0.42105263157894735,0.61345634743896,13.652541438193497,705.6787116266663,1150.3323986665287
2026-04-25T22:00:00Z,0.0013780226188021,observed,0.01778464335422436,-0.027040745954004963,-0.03174875760416174,-0.06320805884007696,-0.05529371296440433,-0.08636630662344158,12,11,2,2,11,6,6,197223.945304521,44394.290657039324,152829.6546474817,241618.23596156033,10526.285185125833,102.10000708025001,2.1000070802499997,1.0,1,1.0,0.5,0.6325253308769118,12.395118360919563,210.60272092794327,332.9553942700931
2026-04-25T23:00:00Z,0.0013407598592482,observed,-0.027040745954004963,-0.017322149258945374,-0.025740477267459094,-0.023518256077401434,-0.04082920942702983,-0.03729408924051292,5,4,2,2,4,0,5,0.0,132056.774490477,-132056.774490477,132056.774490477,5670.9028079805385,111.6800000016,11.6800000016,1.0,1,1.0,0.0,-1.0,11.790994791346051,-177.0564223786232,177.0564223786232
2026-04-26T00:00:00Z,0.0013175350168459,observed,-0.017322149258945374,0.012703340438622757,-0.0013372346189460815,-0.007584732959449614,-0.01374709062181867,0.014448283848175425,13,12,2,2,12,5,8,3494.4517078352046,251863.93163883366,-248369.47993099847,255358.38334666888,10875.073889818152,148.58375276353848,48.58375276353846,1.0,1,1.0,0.38461538461538464,-0.9726310006976256,12.450427178401492,-327.2354869248955,336.4436119043952
2026-04-26T01:00:00Z,0.0013342721127047,observed,0.012703340438622757,-0.021003251036846193,-0.032490845204672714,-0.03414658125840897,-0.008414895739550676,0.007863822350922645,11,7,3,3,7,1,10,430918.66390650254,22923.9538809809,407994.71002552164,453842.61778748344,19761.317498700948,147.40625422009091,47.40625422009091,1.5454545454545454,3,1.0,0.09090909090909091,0.898978399196017,13.025507963472915,544.3759637180942,605.5495484707372
2026-04-26T02:00:00Z,0.0013062480605701,observed,-0.021003251036846193,0.0072919555841810535,0.002280933507146976,-0.02348009476325197,-0.015845847615548747,0.025453308344886016,25,24,2,2,24,11,14,220854.54693590966,774571.0307428819,-553716.4838069723,995425.5776787916,42581.591753707726,142.89421506864,42.894215068639994,1.0,1,1.0,0.44,-0.5562610568016246,13.810926645551236,-723.2910830785527,1300.272730284793
2026-04-26T03:00:00Z,0.0013157731634097,observed,0.0072919555841810535,-0.018888270464033963,-0.006255863898279701,-0.01942247111506301,-0.024657199910375294,0.009110578924208967,19,19,3,3,19,12,7,6802.511713037176,3014.3629954858216,3788.1487175513553,9816.874708522999,419.4645833745092,160.08363341605263,60.083633416052635,1.0,1,1.0,0.631578947368421,0.38588133494894145,9.191959953131294,4.984344421558944,12.916780290029982
2026-04-26T04:00:00Z,0.0012909204840299,observed,-0.018888270464033963,0.014181385868981211,-0.0017113389010634528,0.008448349657954157,-0.12123123435244465,0.05432782360023003,14,11,3,3,11,4,10,141951.42607208792,377784.41674934264,-235832.99067725474,519735.84282143053,21992.07001356186,102.3590796477143,2.3590796477142857,1.1428571428571428,2,1.0,0.2857142857142857,-0.4537554873972423,13.16107789096296,-304.4416384753006,670.9376457827292
2026-04-26T05:00:00Z,0.0013092275255401,observed,0.014181385868981211,-0.0012875225496077336,-0.025702402798641222,-0.017727882223469993,-0.1086291717568566,0.0022481971014822744,12,11,2,2,11,5,7,172772.764666414,446.5901453698669,172326.1745210441,173219.35481178385,7393.260080301783,102.63793486524999,2.63793486525,1.0,1,1.0,0.4166666666666667,0.9948436461288621,12.06231979021329,225.614171053978,226.7835472758844
2026-04-26T06:00:00Z,0.0013075418655784,observed,-0.0012875225496077336,-0.014401515153528277,-0.01324949424952937,-0.006209454718230645,-0.11896404437841168,-0.004659505135848896,10,9,2,2,9,1,9,2079.6602085734366,27738.32073987483,-25658.660531301393,29817.98094844827,1253.1434284868947,122.03823593540001,22.0382359354,1.0,1,1.0,0.1,-0.8605096560918111,10.302900414309192,-33.549772859340685,38.988258437115235
2026-04-26T07:00:00Z,0.0012887112815874,observed,-0.014401515153528277,-0.010191615027705714,0.010177105034763656,0.02664139818688427,-0.094455147693564,0.011568047324717279,21,19,3,3,19,5,16,19141.934986371307,345072.7101854248,-325930.77519905346,364214.6451717961,15197.714732511087,103.51475258680954,3.514752586809524,1.0,1,1.0,0.23809523809523808,-0.8948865168376616,12.805501402991093,-420.03066701554695,469.3675221522455
2026-04-26T08:00:00Z,0.0012755772323236,observed,-0.010191615027705714,0.011477442882177336,0.008184891965327568,0.007817810068963649,-0.005408230539544423,0.02807563465566365,19,19,2,2,19,10,9,4865.237188745452,3078.544071225287,1786.6931175201648,7943.7812599707395,332.68666901194933,136.66751786,36.66751786,1.0,1,1.0,0.5263157894736842,0.22491720995937217,8.980270546807132,2.2790650618579966,10.132906513777556
2026-04-26T09:00:00Z,0.0012902175971494,observed,0.011477442882177336,0.008997733820906628,0.007134568961729926,-0.005338413986770596,-0.047733392998180135,-0.009029674581124914,20,18,3,3,18,9,11,87769.58250847826,6120.884627300455,81648.6978811778,93890.46713577872,3965.347168153347,107.68095619715,7.68095619715,1.0,1,1.0,0.45,0.8696164836745608,11.449894789243817,105.34458679063052,121.13913290315912
2026-04-26T10:00:00Z,0.0013018266316596,observed,0.008997733820906628,-0.01214365808129636,0.016298422395500722,-0.12859318382977525,-0.03289127434151018,-0.06038054441119589,36,35,2,2,27,22,14,61601.47357051485,23478.08368581536,38123.38988469949,85079.55725633021,3587.4242184956115,125.19952440763889,25.19952440763889,1.6111111111111112,3,1.0,0.6111111111111112,0.4480910704535076,11.35135381908504,49.630044241044004,110.75883344609844
2026-04-26T11:00:00Z,0.0012860176941636,observed,-0.01214365808129636,0.010423689712153017,-0.0003641017627712406,-0.09254186074135007,0.003685600334436101,-0.0732272250916014,12,12,1,1,12,3,9,3512.2060481848384,13599.293002037735,-10087.086953852897,17111.499050222574,714.403869970274,103.15389301933334,3.153893019333333,1.0,1,1.0,0.25,-0.5894917169002614,9.747564414094734,-12.972172305221635,22.005690552249867
2026-04-26T12:00:00Z,0.0012994227435719,observed,0.010423689712153017,0.018178540073315874,-0.012384623994546429,-0.11345910885901178,0.028588381541780006,-0.07305109812428623,20,16,4,4,16,10,10,572435.1766969883,6576.573171010924,565858.6035259775,579011.7498679992,24856.52560228097,119.077512534,19.077512534,1.0,1,1.0,0.5,0.9772834552234555,13.269079776810093,735.2895390674896,752.3810365738423
2026-04-26T13:00:00Z,0.0013230443519881,observed,0.018178540073315874,-0.028339865611880177,-0.1425679731783448,-0.11795408415666142,0.016416864291859623,-0.0744347242035508,7,7,2,2,7,3,4,24284.522840011534,317.65831139074936,23966.864528620783,24602.18115140228,1060.5036895937287,116.39803914471429,16.398039144714286,1.0,1,1.0,0.42857142857142855,0.974176410665715,10.11063102865763,31.70922474945566,32.549776818950875
2026-04-26T14:00:00Z,0.0012855494528542,observed,-0.028339865611880177,-0.0017265546389304554,-0.09221133328757625,-0.01312344401574217,0.04196411289875002,-0.04395308506549411,12,10,3,3,10,2,10,108929.80116148024,905401.4805094997,-796471.6793480194,1014331.2816709799,42441.36553331738,119.00596437175,19.00596437175,1.0,1,1.0,0.16666666666666666,-0.785218491966387,13.82974110340893,-1023.9037315997123,1303.9730241650277
2026-04-26T15:00:00Z,0.0012833298814828,observed,-0.0017265546389304554,-0.11603351821797037,-0.10234195145206737,-0.04262251564508057,0.034621446768747566,-0.10892969705005162,25,21,4,3,20,8,17,263908.6101575891,1195291.2580603296,-931382.6479027405,1459199.8682179188,58675.27895694075,187.28205086016,87.28205086016,1.08,2,1.0,0.32,-0.638283122270435,14.193399493297859,-1195.2711831481606,1872.6347939398192
2026-04-26T16:00:00Z,0.0011344206003001,observed,-0.11603351821797037,0.02872534533547766,0.028706519294506183,0.10982460512400927,0.19977844549732837,-0.014319605694486204,173,141,5,4,112,93,80,1310553.1282556723,3791005.4387738355,-2480452.3105181633,5101558.567029508,191334.77092651036,125.81262096068785,25.812620960687862,1.3815028901734103,3,1.0,0.5375722543352601,-0.4862146102857465,15.445056848404809,-2813.8761991137844,5787.313132075732
2026-04-26T17:00:00Z,0.0011670072237994,observed,0.02872534533547766,-0.01286695269581406,0.08712147680610793,0.1060406611751803,0.12438972125313308,-0.1421821016318935,38,33,4,4,32,19,19,1174778.0091228252,464853.28096607816,709924.728156747,1639631.2900889032,61303.3721923364,168.57997564205263,68.57997564205263,1.0526315789473684,2,1.0,0.5,0.43297827532814026,14.309982561300384,828.4872861127491,1913.4615599012798
2026-04-26T18:00:00Z,0.0011519913970551,observed,-0.01286695269581406,0.013016130271398918,0.06652804584506322,0.160226665030617,0.12973879046958836,-0.10728914853475102,7,7,2,2,7,2,5,2860.2021312591432,12088.666515578674,-9228.46438431953,14948.868646837816,558.3991674067587,102.21621448814287,2.216214488142857,1.0,1,1.0,0.2857142857142857,-0.6173353049209953,9.612457792615539,-10.631111578765488,17.220968076863876
2026-04-26T19:00:00Z,0.0011669858671507,observed,0.013016130271398918,0.08714137188121396,0.0788544490659342,0.15234008347518602,0.11708221271231212,-0.13178291952702825,17,17,1,1,17,8,9,169931.61329647782,8133.037082288785,161798.57621418903,178064.65037876662,6722.95695536755,102.42370496270588,2.423704962705882,1.0,1,1.0,0.47058823529411764,0.9086507393242986,12.089907583628598,188.816651767064,207.79893043115118
2026-04-26T20:00:00Z,0.0012686786165802,observed,0.08714137188121396,-0.03156629466700578,0.01740300856225896,0.05582010898977208,0.03366593835114107,-0.18972607203542624,34,28,5,4,23,15,19,2550232.9113017702,894742.9024226794,1655490.0088790911,3444975.81372445,137921.45238245043,9156.88813994594,9056.88813994594,1.411764705882353,4,1.0,0.4411764705882353,0.4805519975739102,15.052427731993443,2100.2847742270683,4370.567149508183
2026-04-26T21:00:00Z,0.0012286311335315,observed,-0.03156629466700578,0.024724069260549042,0.08785387271397238,0.08068286927164903,0.040643784138259864,-0.18126189205093124,10,6,3,3,6,1,9,125.33512201224362,729342.5248612389,-729217.1897392266,729467.8599832511,28590.453329472395,102.91412129099999,2.914121291,1.0,1,1.0,0.1,-0.9996563656087188,13.500071959239149,-895.938942419961,896.2469236860194
2026-04-26T22:00:00Z,0.0012590078947726,observed,0.024724069260549042,0.025217909090581747,0.0681145028162744,0.08105230318196788,-0.028424177489422053,-0.19607051406964082,6,6,2,2,6,4,2,8473.169002839632,408.42231954890565,8064.746683290726,8881.591322388536,349.625838956628,102.20140625066666,2.201406250666667,1.0,1,1.0,0.6666666666666666,0.9080294724844269,9.091848609000625,10.153579743604164,11.181993593030983
2026-04-26T23:00:00Z,0.0012907574414073,observed,0.025217909090581747,0.03549365192266474,0.03775996346010646,0.016589860320737726,-0.07663039641139557,-0.21225535459101685,13,11,2,2,10,6,7,749144.4350244593,147626.45310227995,601517.9819221792,896770.8881267393,35868.378804276224,774.1530543542308,674.1530543542308,1.1538461538461537,2,1.0,0.46153846153846156,0.6707599342109415,13.706556803378492,776.4138113063547,1157.5136970870221
2026-04-27T00:00:00Z,0.0013365711367492,observed,0.03549365192266474,0.006130204814633444,-0.006591881154435875,-0.026277515833704967,-0.09881453211994862,-0.19369455028488958,23,16,4,4,16,17,6,260732.44479376057,35345.77566813876,225386.6691256218,296078.22046189936,11953.714096428328,103.05844870852175,3.058448708521739,1.0,1,1.0,0.7391304347826086,0.7612402856718248,12.598382334193492,301.24531656134815,395.7296036894411
2026-04-27T01:00:00Z,0.0013447645915668,observed,0.006130204814633444,-0.003917560269758313,0.012112746649896255,-0.03059675808251372,-0.08938418053374886,-0.19145189973795562,23,20,3,3,20,11,12,184439.5266038705,2864.106895066153,181575.41970880434,187303.63349893663,7653.53394905072,105.65914455756521,5.659144557565217,1.0,1,1.0,0.4782608695652174,0.9694174977648535,12.140491626508128,244.17619512328054,251.8792942011751
2026-04-27T02:00:00Z,0.0013394963952307,observed,-0.003917560269758313,-0.008761334939896392,-0.020399807166180395,-0.020982902721779495,-0.0824569645927844,-0.2079279255982851,61,61,2,2,49,28,33,22815.483877177805,10192.107729544427,12623.376147633377,33007.59160672223,1348.154046738591,113.04803912960656,13.048039129606558,2.0491803278688523,6,1.0,0.45901639344262296,0.3824385704367033,10.404523158281846,16.908966845396108,44.21354997245154
2026-04-27T03:00:00Z,0.0013277606186613,observed,-0.008761334939896392,0.025074373527109728,-0.019816261117480805,-0.0370498008915181,-0.13874750447821027,-0.18435174462034554,5,5,2,2,5,1,4,18.90048092535987,28477.756085921108,-28458.855604995748,28496.65656684647,1147.958176069009,102.3008781978,2.3008781978000004,1.0,1,1.0,0.2,-0.99867349484449,10.257577137151337,-37.78654772448176,37.83673835297466
2026-04-27T04:00:00Z,0.0013610533843682,observed,0.025074373527109728,-0.03591516531343919,-0.04219836660864018,-0.10126844034202331,-0.17844798928944527,-0.20514915523428434,22,18,4,4,18,11,11,294340.80459943804,22332.726493621536,272008.0781058165,316673.5310930596,13046.647057759747,104.53852620218181,4.538526202181818,1.0,1,1.0,0.5,0.8589542585606329,12.665629809630945,370.2175152814112,431.0095812340371
2026-04-27T05:00:00Z,0.0013121709270682,observed,-0.03591516531343919,-0.008170855874512828,-0.0005952383021815555,-0.09169898340587623,-0.23708134096773137,-0.18041697678796043,16,15,2,2,15,4,12,12564.171280445104,12361.0627897486,203.1084906965043,24925.2340701937,1025.3155661608678,102.030032336875,2.030032336875,1.0,1,1.0,0.25,0.008148709461444423,10.123676104946167,0.26651305653265495,32.70616749727795
2026-04-27T06:00:00Z,0.0013014493675404,observed,-0.008170855874512828,0.0016672082636612906,-0.017581948251544022,-0.07449454794951171,-0.20980773697769206,-0.22474657384035357,19,17,3,3,16,7,12,11382.214010051552,77142.35238822582,-65760.13837817428,88524.56639827737,3608.4400002674006,102.07535285894737,2.0753528589473684,1.105263157894737,2,1.0,0.3684210526315789,-0.7428462070326947,11.391046675132777,-85.58349050164409,115.21024095082622
2026-04-27T07:00:00Z,0.0013036191546807,observed,0.0016672082636612906,0.005960880495502696,-0.061672554810988656,-0.06064289854751581,-0.22278139371236394,-0.26022594231318286,16,16,1,1,16,2,14,6508.579560835103,23775.89777042872,-17267.318209593617,30284.477331263824,1234.8136879570618,102.126374599375,2.126374599375,1.0,1,1.0,0.125,-0.5701705867569292,10.318423580600525,-22.51000676799309,39.47942473852897
2026-04-27T08:00:00Z,0.0013113898726734,observed,0.005960880495502696,-0.025028804361732604,-0.0911580058403213,-0.06279161216071683,-0.21611625390589206,-0.2612035218240617,11,10,2,2,10,1,10,11954.482357662318,6981.601397152448,4972.88096050987,18936.08375481477,778.3801754504474,111.23070774209091,11.230707742090908,1.0,1,1.0,0.09090909090909091,0.26261401380026345,9.848877382066387,6.521385729623014,24.832588464159375
2026-04-27T09:00:00Z,0.0012785673521083,observed,-0.025028804361732604,-0.043287294256370235,-0.05793114203945837,-0.10561055356844606,-0.21323884269673277,-0.24223763585930014,35,30,4,4,27,12,23,296747.1362044986,1225471.6580715028,-928724.5218670043,1522218.7942760014,60395.16034807841,293.67123952705714,193.6712395270571,1.1714285714285715,2,1.0,0.34285714285714286,-0.6101123737003423,14.235680218459695,-1187.4368527615427,1946.259253126956
2026-04-27T10:00:00Z,0.001223221630911,observed,-0.043287294256370235,-0.025649843917764037,0.0010973315005886608,-0.08587608626628573,-0.1725509555672311,-0.2079520219691141,36,32,5,4,32,15,21,231434.77822546705,927038.6604549151,-695603.8822294481,1158473.4386803822,44542.455850830316,115.49346861952777,15.493468619527777,1.0,1,1.0,0.4166666666666667,-0.6004487103492082,13.96261455845956,-850.8777152887286,1417.0697690296913
2026-04-27T11:00:00Z,0.0011918461870013,observed,-0.025649843917764037,0.010615713976342311,0.03121157897840332,-0.16005966624038204,-0.14688046655697284,-0.1871012971192706,15,13,3,3,13,4,11,56744.74028056228,269549.787775389,-212805.04749482666,326294.52805595123,12403.433358288841,105.18584282213332,5.185842822133334,1.0,1,1.0,0.26666666666666666,-0.6521869942554966,12.695558777479686,-253.6308844313397,388.89288910287416
2026-04-27T12:00:00Z,0.0012044984852263,observed,0.010615713976342311,0.016658738519484517,-0.05061138697675194,-0.14620463739936862,-0.10528356431239039,-0.19168383694963453,23,20,5,4,20,4,19,797.4436756682715,69671.53850413505,-68874.09482846678,70468.98217980334,2632.682817676582,128.1643807706087,28.164380770608695,1.0,1,1.0,0.17391304347826086,-0.9773675267897702,11.162942113444682,-82.95874289222078,84.87978229101225
2026-04-27T13:00:00Z,0.0012245639105388,observed,0.016658738519484517,0.0036598154001026284,-0.08687808370890993,-0.1726058119049092,-0.11208647710955955,-0.20492872148280483,23,23,2,2,23,11,12,202685.2117452975,17561.75684295072,185123.4549023468,220246.96858824824,8454.788033764911,136.8853946842174,36.88539468421739,1.0,1,1.0,0.4782608695652174,0.8405266873317795,12.30250932054703,226.695501867671,269.7064891387415
2026-04-27T14:00:00Z,0.001229045588397,observed,0.0036598154001026284,-0.06957304344660276,-0.18548205733713086,-0.16359717191462864,-0.13674667690089914,-0.20782792504226644,16,15,4,4,15,5,11,360597.85623606475,33156.74082137808,327441.1154146867,393754.5970574429,15281.691216746596,109.0085954439375,9.0085954439375,1.0,1,1.0,0.3125,0.8315867747619412,12.883485683770013,402.4400583602136,483.9423504244885
2026-04-27T15:00:00Z,0.0011435371462776,observed,-0.06957304344660276,-0.022177680670937727,-0.10068927424588336,-0.12033716358986946,-0.052951068797200906,-0.1485929450150547,25,21,4,4,19,12,13,429033.32418468304,1539242.896930895,-1110209.572746212,1968276.221115578,73115.43460700444,612.7967114944,512.7967114944,1.16,2,1.0,0.48,-0.564051712272868,14.492669211061877,-1269.5658865882767,2250.796972980567
2026-04-27T16:00:00Z,0.0011181761446121,observed,-0.022177680670937727,-0.10472094318621095,-0.09388420830397681,-0.09481741807511002,-0.032500883202446706,-0.14457400028085943,21,19,3,3,18,8,13,519651.7913104708,629753.2179074872,-110101.42659701641,1149405.009217958,42486.148982623294,142.14985944961904,42.14985944961905,1.0952380952380953,2,1.0,0.38095238095238093,-0.09578993106348838,13.954755853176755,-123.11278870854395,1285.2372618051716
2026-04-27T17:00:00Z,0.0010010796841,observed,-0.10472094318621095,0.027286076502748724,0.0268685123754977,0.015690637958077902,0.0742731397494556,-0.04451467594526515,79,62,5,4,52,55,24,3088729.1119025834,5945514.349699943,-2856785.2377973595,9034243.461602528,298947.4945891033,183.3002068986709,83.3002068986709,1.2025316455696202,3,1.0,0.6962025316455697,-0.3162174287132408,16.01653285500353,-2859.869663395724,9043.997590623549
2026-04-27T18:00:00Z,0.0010283952209457,observed,0.027286076502748724,-0.01477851909981065,-0.021847720461145803,0.047928432127265275,-0.018905319074529747,-0.0698936295257202,27,22,5,4,22,17,10,598313.7893032952,22295.797848529655,576017.9914547655,620609.5871518248,20893.694222629634,109.08699676418519,9.086996764185185,1.0,1,1.0,0.6296296296296297,0.9281487160040431,13.338459090393,592.374149590822,638.2319335000205
2026-04-27T19:00:00Z,0.0010131970625308,observed,-0.01477851909981065,0.01458762959041926,-0.0010299012330271529,0.07314450073027845,-0.04817762762998146,-0.05594184809648217,18,17,2,2,17,8,10,314065.75906602415,468010.82184256037,-153945.06277653624,782076.5809085845,26244.80066971637,109.4584298825,9.4584298825,1.0,1,1.0,0.4444444444444444,-0.19684141749608355,13.569709222929626,-155.97668539630612,792.3976944507093
2026-04-27T20:00:00Z,0.0010279772059811,observed,0.01458762959041926,-0.021449966222894412,-0.010885399915088967,0.0321023484284404,-0.057517799218095744,-0.1197657631632969,17,17,1,1,17,11,6,73936.70764245637,47271.492903016915,26665.21473943946,121208.20054547329,4077.7415082746784,105.71837529876471,5.718375298764705,1.0,1,1.0,0.6470588235294118,0.21999513745306,11.705273261827537,27.411232944735023,124.59926733873247
2026-04-27T21:00:00Z,0.0010059271296349,observed,-0.021449966222894412,0.006189752526268855,0.07133465212728107,0.07660445798491211,-0.03685844540414873,-0.1004708942279765,12,11,3,3,11,5,7,124866.22041917095,59091.622437472586,65774.59798169836,183957.84285664355,6213.269610586783,113.9000035395,13.900003539499998,1.0,1,1.0,0.4166666666666667,0.3575525618277435,12.122467331444055,66.16445255061932,185.04818483861143
2026-04-27T22:00:00Z,0.0010121535696268,observed,0.006189752526268855,0.004578053669571647,0.07425087302899169,0.06884416041252783,-0.0427833793996959,-0.10600450510100046,11,7,3,3,7,4,7,3693.2588160801515,36537.48285119071,-32844.224035110565,40230.741667270864,1343.0370572282757,102.00000000018181,2.000000000181818,1.0,1,1.0,0.36363636363636365,-0.8163961854531383,10.602411556755198,-33.2433985987595,40.719688787261845
2026-04-27T23:00:00Z,0.0010167872629904,observed,0.004578053669571647,0.05989190730349958,0.04346083693420266,0.057677504942992064,-0.04714559799137896,-0.11007861297251198,2,2,1,1,2,1,1,29339.005141967482,0.014179791326089609,29338.990962176154,29339.01932175881,997.500472804392,103.9825,3.9825,1.0,1,1.0,0.5,0.9999990333834153,10.286707710243409,29.831512319331175,29.8315411549936
2026-04-28T00:00:00Z,0.0010776845914928,observed,0.05989190730349958,0.008928646093818049,0.004918916649589544,-0.06377701869022145,-0.09656721301966886,-0.15083597027691764,15,12,4,4,12,9,6,1297125.4173248427,44008.53784028151,1253116.879484561,1341133.955165124,46727.51654085562,126.58273064313333,26.582730643133335,1.0,1,1.0,0.6,0.9343711526044197,14.109026794907209,1350.4647523600515,1445.31939860925
2026-04-28T01:00:00Z,0.001087306855811,observed,0.008928646093818049,-0.024215029314205716,-0.005033007421459068,-0.11305292835932146,-0.10456225970183919,-0.1583507584894953,12,11,3,3,10,6,6,64461.26167061273,3981.486657688956,60479.77501292377,68442.74832830168,2448.962729150594,112.75749470675,12.75749470675,1.0,1,1.0,0.5,0.8836549742686889,11.133767494599658,65.76007400945883,74.41826948790928
2026-04-28T02:00:00Z,0.001060977688424,observed,-0.024215029314205716,0.02074307875558734,0.013624534343386951,-0.08683261672933773,-0.08234112309719677,-0.13746443448602952,13,12,2,2,12,3,10,61425.55615860715,46337.91523872987,15087.64091987729,107763.47139733702,3836.389877994264,107.18899813538461,7.188998135384616,1.0,1,1.0,0.23076923076923078,0.14000700538169678,11.587703304259556,16.00765038694276,114.33463877969247
2026-04-28T03:00:00Z,0.0010829856321729,observed,0.02074307875558734,-0.0010629871739759045,-0.06835967977281587,-0.10538959090084965,-0.10098937136899977,-0.15499249177813823,14,14,1,1,14,5,9,104529.67419977815,2234.2784437621767,102295.39575601596,106763.95264354032,3837.434521136493,106.49622248357143,6.496222483571429,1.0,1,1.0,0.35714285714285715,0.958145452871684,11.578384992884011,110.78444384120594,115.62382674694209
2026-04-28T04:00:00Z,0.0010818344323363,observed,-0.0010629871739759045,-0.005917187295449322,-0.10856633611324096,-0.10443761957696474,-0.1158379528545489,-0.016802043343495332,14,11,2,2,11,9,5,425199.22164075053,4510.768368896014,420688.4532718545,429709.9900096466,15605.998924274418,104.90534676521429,4.9053467652142855,1.0,1,1.0,0.6428571428571429,0.9790055224511082,12.97086814544172,455.1152540357928,464.8750631113232
2026-04-28T05:00:00Z,0.0010754330153775,observed,-0.005917187295449322,-0.06181689911683075,-0.09910686617091369,-0.09910686617091369,-0.11057505889277341,-0.01588887741994982,8,8,1,1,8,1,7,5458.406057930738,23007.764531191733,-17549.358473260996,28466.17058912247,1025.9453986699884,102.19432902875,2.19432902875,1.0,1,1.0,0.125,-0.6164987460577848,10.256506793145867,-18.873159500839755,30.613459672910285
2026-04-28T06:00:00Z,0.001008953081159,observed,-0.06181689911683075,-0.04417395640578492,-0.039747003563568306,-0.035023915225381175,-0.05197083568233496,0.058861208118101915,23,20,3,3,18,11,12,98781.48163704589,1005369.0843440389,-906587.602706993,1104150.5659810847,38912.970730874586,149.19635069739132,49.1963506973913,1.173913043478261,2,1.0,0.4782608695652174,-0.8210724430516878,13.914587784422384,-914.704355091772,1114.0361156100691
2026-04-28T07:00:00Z,0.0009643836317364,observed,-0.04417395640578492,0.004631546578883539,0.004631546578883539,0.009572914696900803,-0.008157215770383641,0.06632977486804181,201,151,5,4,119,112,89,2291967.654967628,3654014.5061240694,-1362046.8511564413,5945982.161091697,192732.10603818603,116.58807245247264,16.588072452472638,1.3482587064676617,3,1.0,0.5572139303482587,-0.22907012067227023,15.5982264505637,-1313.5356889133768,5734.207870753459
2026-04-28T08:00:00Z,0.0009688502194467,observed,0.004631546578883539,0.0,0.0,0.004918587451135048,-0.06604683238957587,0.058046596818460916,34,28,3,3,28,12,22,622969.9649788298,873265.8110235453,-250295.84604471538,1496235.7760023752,48997.940870131686,117.50663457561765,17.50663457561765,1.0,1,1.0,0.35294117647058826,-0.16728369289060366,14.218463697721614,-242.49918536701995,1449.6283599239048
2026-04-28T09:00:00Z,0.0009688502194467,forward_fill,0.0,0.0,0.004918587451135048,0.004918587451135048,-0.06604683238957587,0.10137229624955801,53,43,3,3,41,23,30,1280203.5178934664,740350.7537815763,539852.76411189,2020554.2716750426,66066.93490135098,107.32234325809434,7.32234325809434,1.1132075471698113,2,1.0,0.4339622641509434,0.2671805314411828,14.51888291857073,523.0364689787122,1957.6144495163321
2026-04-28T10:00:00Z,0.0009688502194467,forward_fill,0.0,0.0,0.004918587451135048,-0.012729803670626594,-0.06604683238957587,0.09756640619855927,27,24,3,3,23,4,23,38537.95791703563,329641.0613407216,-291103.103423686,368179.01925775723,12186.261112748529,173.2036819904815,73.20368199048148,1.0740740740740742,2,1.0,0.14814814814814814,-0.7906564149433203,12.81632728030583,-282.0353056336536,356.7103236035489
2026-04-28T11:00:00Z,0.0009688502194467,forward_fill,0.0,0.004918587451135048,0.004918587451135048,-0.012729803670626594,-0.06604683238957587,0.06815108883931309,19,17,3,3,17,4,15,185348.4793369296,110027.18196549569,75321.29737143392,295375.6613024253,9841.997257806366,133.15265417078948,33.15265417078947,1.0,1,1.0,0.21052631578947367,0.2550017054191711,12.596006638857396,72.9750554873239,286.17477427206893
2026-04-28T12:00:00Z,0.0009736155939781,observed,0.004918587451135048,0.0,0.0,-0.01756201083564879,-0.06006950161576363,0.0019935160981445765,17,17,1,1,17,4,13,474870.34829332144,187098.14565883126,287772.2026344902,661968.4939521527,22259.388183040257,102.05805389758824,2.058053897588235,1.0,1,1.0,0.23529411764705882,0.4347219018180199,13.40297475221408,280.17950399836536,644.5028484340135
2026-04-28T13:00:00Z,0.0009736155939781,forward_fill,0.0,0.0,-0.01756201083564879,-0.01756201083564879,-0.06006950161576363,0.0019935160981445765,13,12,2,2,12,3,10,244872.04129396405,199372.13809879773,45499.90319516632,444244.1793927618,14975.974982540174,113.32862898238461,13.328628982384616,1.0,1,1.0,0.23076923076923078,0.10242093268922561,13.004131894844376,44.29941527530791,432.5230605907974
2026-04-28T14:00:00Z,0.0009736155939781,forward_fill,0.0,0.0,-0.01756201083564879,-0.07061807864526315,-0.06006950161576363,0.0019935160981445765,30,24,4,4,23,15,15,1018967.2730695945,2887813.8880527127,-1868846.6149831181,3906781.161122307,125136.70160020732,180.9323850398,80.9323850398,1.0666666666666667,2,1.0,0.5,-0.4783596874021609,15.178224616435253,-1819.5382071007502,3803.7030607285465
2026-04-28T15:00:00Z,0.0009736155939781,forward_fill,0.0,-0.01756201083564879,-0.01756201083564879,-0.07061807864526315,-0.06006950161576363,0.0019935160981445765,51,40,5,4,38,21,30,1438076.1280608443,1716300.619876814,-278224.49181596993,3154376.7479376583,98914.40469761382,5829.9838291441565,5729.9838291441565,1.0392156862745099,2,1.0,0.4117647058823529,-0.08820268282724122,14.964301807227514,-270.8837038586606,3071.1503910740307
2026-04-28T16:00:00Z,0.0009565169463669,observed,-0.01756201083564879,0.0,0.0,-0.05400449534198404,0.11201103896146036,0.028742793179279857,52,40,5,4,33,18,34,2661874.0684053544,883096.7201671872,1778777.3482381674,3544970.788572542,115722.04502071797,693.6942645975,593.6942645975,1.3461538461538463,3,1.0,0.34615384615384615,0.5017748958530713,15.081040759827149,1701.4306774033837,3390.8246336452694
2026-04-28T17:00:00Z,0.0009565169463669,forward_fill,0.0,0.0,-0.05400449534198404,-0.05400449534198404,0.10645775387741074,0.028742793179279857,26,21,4,4,20,6,20,884298.960379291,1224548.2468340285,-340249.28645473765,2108847.2072133194,70794.53726889272,115.51538397096154,15.515383970961535,1.0,1,1.0,0.23076923076923078,-0.16134373571063554,14.56165248305053,-325.4542084832023,2017.1480909980496
2026-04-28T18:00:00Z,0.0009565169463669,forward_fill,0.0,0.0,-0.05400449534198404,-0.043267352493434275,0.1169078420495715,0.028742793179279857,16,13,3,3,13,6,10,461466.54219661525,383208.9407215975,78257.6014750178,844675.4829182128,27932.58742783604,105.0399734810625,5.0399734810625,1.0,1,1.0,0.375,0.09264812707082588,13.646708972577716,74.85472199288184,807.9464135919155
2026-04-28T19:00:00Z,0.0009565169463669,forward_fill,0.0,-0.05400449534198404,-0.05400449534198404,-0.043267352493434275,0.07509959423285117,0.028742793179279857,14,11,3,3,11,3,11,8964.67120096452,1013932.3139750888,-1004967.6427741243,1022896.9851760534,32791.27457191909,104.05414673442858,4.0541467344285715,1.0,1,1.0,0.21428571428571427,-0.982471996044799,13.838150318725742,-961.268580863847,978.4183007085068
2026-04-28T20:00:00Z,0.0009048607313923,observed,-0.05400449534198404,0.0,0.0,0.01135009922952146,0.13286900618961184,-0.05341352355022888,15,13,4,3,13,7,8,69077.31689533866,437313.54032207397,-368236.2234267353,506390.8572174126,15799.47736062143,104.30613869560001,4.3061386956,1.0,1,1.0,0.4666666666666667,-0.7271778670139727,13.135066069938377,-333.2024984550541,458.2132014321217
2026-04-28T21:00:00Z,0.0009048607313923,forward_fill,0.0,0.0,0.01135009922952146,0.01135009922952146,0.1792585907358566,-0.05341352355022888,2,2,1,1,2,1,1,3006.4452126752312,0.001212049597205441,3006.444000625634,3006.4464247248284,95.01352993562433,102.0000000005,2.0000000005,1.0,1,1.0,0.5,0.9999991936995204,8.008846633799834,2.7204131172961037,2.7204153107682734
2026-04-28T22:00:00Z,0.0009048607313923,forward_fill,0.0,0.0,0.01135009922952146,0.17549294207635802,0.1751835576581957,-0.05341352355022888,2,2,1,1,2,1,1,1566.1490304427293,8.743604757971e-06,1566.1490216991247,1566.149039186334,49.500000270861136,102.5000000005,2.5000000005,1.0,1,1.0,0.5,0.9999999888342623,7.357013348992357,1.417146749244005,1.417146765067494
2026-04-28T23:00:00Z,0.0009048607313923,forward_fill,0.0,0.01135009922952146,0.01135009922952146,0.1696226339652671,0.14368806261693257,-0.05341352355022888,5,4,2,2,4,1,4,2777.9069280451995,231245.2390047127,-228467.33207666752,234023.1459327579,7230.725042273567,141.7350254844,41.7350254844,1.0,1,1.0,0.2,-0.9762595540114364,12.363179576763178,-206.73111720214084,211.75835499144227
2026-04-29T00:00:00Z,0.0009151309904825,observed,0.01135009922952146,0.0,0.0,0.16741897013805684,0.06602936900185297,0.12788610765098762,11,11,1,1,11,6,5,37856.299168411366,15798.06960307917,22058.229565332193,53654.36877149053,1672.8385471290155,113.0310646860909,13.031064686090911,1.0,1,1.0,0.5454545454545454,0.41111712001079254,10.8903368133502,20.186169470412814,49.100775637567445
2026-04-29T01:00:00Z,0.0009151309904825,forward_fill,0.0,0.0,0.16230071364197807,0.12371998283404784,0.06602936900185297,0.138660307504608,63,52,5,4,40,23,40,5746932.48973613,3177422.8584397994,2569509.63129633,8924355.34817593,313687.70635400753,5940.486951461365,5840.486951461365,1.2857142857142858,3,1.0,0.36507936507936506,0.28792103530721896,16.004294765177924,2351.4378939425337,8166.9541491940345
2026-04-29T02:00:00Z,0.0009151309904825,forward_fill,0.0,0.0,0.15649628635654733,0.12015513426326563,0.06602936900185297,0.11480386585204294,30,26,3,3,23,13,17,1321578.537387863,78766.71735607772,1242811.8200317854,1400345.2547439407,49522.309313213045,288.76261745109997,188.7626174511,1.2,2,1.0,0.43333333333333335,0.8875038607954144,14.152230088822847,1137.3356118490462,1281.4993399912912
2026-04-29T03:00:00Z,0.0009151309904825,forward_fill,0.0,0.16230071364197807,0.16741897013805684,0.16602410148004432,0.06602936900185297,0.04439189762897322,9,9,1,1,9,1,8,2868.846014539276,3519.753236336487,-650.9072217972114,6388.599250875764,229.05556148817317,102.110751566,2.110751566,1.0,1,1.0,0.1111111111111111,-0.10188574932258954,8.762426830361994,-0.5956653705954943,5.846405160249694
2026-04-29T04:00:00Z,0.0010636574033137,observed,0.16230071364197807,-0.004993911831339348,-0.03319341574439927,-0.0002631954706728834,-0.0748807726404831,-0.13311519657786064,13,11,4,3,11,8,5,177216.29079185158,48.13821946033493,177168.15257239126,177264.42901131194,6405.823700330851,108.21770903846154,8.217709038461539,1.0,1,1.0,0.6153846153846154,0.9994568767154378,12.085403487214286,188.4462171150351,188.54862226205773
2026-04-29T05:00:00Z,0.0010583455920228,observed,-0.004993911831339348,0.009444633683970416,-0.03142349225155883,-0.022173452013672934,-0.07023762129714473,-0.12876432241970748,15,15,1,1,15,1,14,776.1935127464747,38500.66995782449,-37724.47644507801,39276.86347057096,1403.3909699963465,108.77936972173333,8.779369721733334,1.0,1,1.0,0.06666666666666667,-0.9604757893497247,10.578416368692015,-39.92553335701626,41.56849532256011
2026-04-29T06:00:00Z,0.0010683412784505,observed,0.009444633683970416,-0.03743213740893836,-0.0011948312419898244,-0.08684936918937847,-0.07893672651496952,-0.1369158361853725,15,12,2,2,12,3,12,26948.680600355725,378672.6073337242,-351723.9267333685,405621.28793407994,14408.392899577242,115.45290589173334,15.452905891733334,1.0,1,1.0,0.2,-0.8671239335705905,12.913177680277196,-375.7611895479569,433.34196531823335
2026-04-29T07:00:00Z,0.0010283509809159,observed,-0.03743213740893836,-0.003172363778555898,0.034060815068901684,-0.05133895873836647,-0.04311861087311619,-0.1033524000153524,12,12,1,1,12,0,12,0.0,6282.8997092481795,-6282.8997092481795,6282.8997092481795,221.0508452917194,102.09305224775,2.0930522477499998,1.0,1,1.0,0.0,-1.0,8.745746039548628,-6.461026079001589,6.461026079001589
2026-04-29T08:00:00Z,0.0010250886775124,observed,-0.003172363778555898,0.040948763089808216,0.009550138955350507,-0.048319883207080805,-0.16443430681045745,-0.06260841399247996,16,16,1,1,16,2,14,54627.9199733652,13901.02175275132,40726.89822061388,68528.94172611652,2452.9967755620783,103.053854615875,3.053854615875,1.0,1,1.0,0.125,0.5943021619009298,11.135026034238292,41.748682236151204,70.24824224534912
2026-04-29T09:00:00Z,0.0010670647909139,observed,0.040948763089808216,-0.003455589053727337,-0.08575700309390466,-0.08575700309390466,-0.19730372635309634,-0.09948345274449755,30,28,3,3,27,13,17,1289598.0196206642,712800.7378740883,576797.2817465758,2002398.7574947525,73541.11407426554,234.866879363,134.866879363,1.0666666666666667,2,1.0,0.43333333333333335,0.2880531560398191,14.5098568979924,615.4800708466158,2136.689211492391
2026-04-29T10:00:00Z,0.0010633774535028,observed,-0.003455589053727337,-0.02680048987753436,-0.08258680008252484,-0.07463722134841277,-0.19452031958645943,-0.09636084717949145,16,16,2,2,16,3,13,97571.48001520666,43737.219195852624,53834.260819354036,141308.69921105928,5167.112442692726,191.55190769525,91.55190769525,1.0,1,1.0,0.1875,0.3809691909975546,11.858709208999473,57.24613918129026,150.26448472484935
2026-04-29T11:00:00Z,0.0010348784168242,observed,-0.02680048987753436,-0.05732258352449271,-0.05732258352449271,-0.049154085029141426,-0.17233858830017246,-0.07147594771518517,28,26,3,3,26,10,18,58596.0965700737,19221.445029758925,39374.65154031477,77817.54159983262,2858.6528632752556,154.82667345542856,54.82667345542857,1.0,1,1.0,0.35714285714285715,0.5059868344697163,11.262135005677155,40.7479770490455,80.53169425198611
2026-04-29T12:00:00Z,0.0009755565123381,observed,-0.05732258352449271,0.0,0.0,0.008665210763075137,0.05802536069625619,-0.014447651170017783,25,19,3,3,19,3,22,3922.5719400874627,1232323.35800503,-1228400.7860649426,1236245.9299451176,43665.73155521129,4498.41808822616,4398.41808822616,1.0,1,1.0,0.12,-0.9936540588808869,14.0275906785551,-1198.374386606896,1206.02776780943
2026-04-29T13:00:00Z,0.0009755565123381,forward_fill,0.0,0.0,0.008665210763075137,0.008665210763075137,0.06813221156445359,-0.014447651170017783,6,6,2,2,6,2,4,285258.28993014904,2330.7801976818173,282927.5097324672,287589.07012783084,10157.21173044658,112.71873600216668,12.718736002166665,1.0,1,1.0,0.3333333333333333,0.9837908986134569,12.569291377556443,276.01177463910955,280.5593902404639
2026-04-29T14:00:00Z,0.0009755565123381,forward_fill,0.0,0.0,0.008665210763075137,-0.12200992912899389,0.04575342693968998,-0.014447651170017783,21,19,3,3,19,7,14,249456.1826180477,122331.9445126332,127124.23810541448,371788.1271306809,13218.756844302861,121.61727452385715,21.61727452385714,1.0,1,1.0,0.3333333333333333,0.3419265673880199,12.826082109976031,124.01687835975635,362.7003286323212
2026-04-29T15:00:00Z,0.0009755565123381,forward_fill,0.0,0.008665210763075137,0.008665210763075137,-0.12200992912899389,-0.02029725634401547,-0.014447651170017783,25,24,4,4,23,12,13,778478.5224444339,18867.04659183016,759611.4758526036,797345.569036264,28929.776631384902,169.99170763708,69.99170763708,1.0,1,1.0,0.48,0.9526753585283368,13.589044705208641,741.0439221147628,777.8556624572554
2026-04-29T16:00:00Z,0.0009840099151288,observed,0.008665210763075137,0.0,0.0,-0.12955253982955417,-0.0629480203363525,0.009176691556525673,15,14,2,2,14,2,13,35411.149144817035,255608.84561983458,-220197.69647501755,291019.99476465164,10490.504677714782,188.28409649686668,88.28409649686665,1.0,1,1.0,0.13333333333333333,-0.7566411258205533,12.581150690508728,-216.6767166199393,286.3665603491487
2026-04-29T17:00:00Z,0.0009840099151288,forward_fill,0.0,0.0,-0.12955253982955417,-0.12955253982955417,-0.0629480203363525,0.009176691556525673,15,15,2,2,15,4,11,145420.16657382497,4439.535593133752,140980.63098069123,149859.7021669587,5493.730574324001,123.3828803704,23.382880370400002,1.0,1,1.0,0.26666666666666666,0.9407507751725324,11.917461489393503,138.72633872611468,147.4634328105363
2026-04-29T18:00:00Z,0.0009840099151288,forward_fill,0.0,0.0,-0.12955253982955417,0.04893610824134509,-0.0629480203363525,0.009176691556525673,69,64,4,4,50,34,35,519213.2107901553,1780904.9641034217,-1261691.7533132664,2300118.174893577,80194.8972874887,741.7087215852754,641.7087215852754,1.5507246376811594,4,1.0,0.4927536231884058,-0.5485334480136626,14.648471494728138,-1241.5171950964943,2263.3390900632394
2026-04-29T19:00:00Z,0.0009840099151288,forward_fill,0.0,-0.12955253982955417,-0.12955253982955417,0.05895613347900697,-0.0629480203363525,0.009176691556525673,24,19,4,3,19,10,14,69847.80458026155,539585.6508792115,-469737.84629894997,609433.4554594731,20680.398856049378,104.08529114262501,4.0852911426250005,1.0,1,1.0,0.4166666666666667,-0.7707779119949991,13.320286683908302,-462.2266982694151,599.6885627833275
2026-04-29T20:00:00Z,0.0008565289314064,observed,-0.12955253982955417,0.0,0.0,0.1910765982834577,0.12186461656807035,0.21571562384392262,20,17,4,4,17,11,9,319849.52872780536,155015.35328327055,164834.1754445348,474864.8820110759,16207.00924320288,108.78037950165,8.78037950165,1.0,1,1.0,0.55,0.347118057554507,13.070787689486586,141.18524015276245,406.73550995137305
2026-04-29T21:00:00Z,0.0008565289314064,forward_fill,0.0,0.0,0.20505390185864725,0.11584717886852047,0.12186461656807035,0.21221260980273504,24,19,3,3,19,15,9,331709.56173346116,113300.27097853707,218409.2907549241,445009.8327119982,15380.324174540092,105.75455502125,5.75455502125,1.0833333333333333,2,1.0,0.625,0.49079655032313496,13.005853904025116,187.07387641954486,381.16379647814864
2026-04-29T22:00:00Z,0.0008565289314064,forward_fill,0.0,0.0,0.21656525170588514,0.07651756428832557,0.12186461656807035,0.2373343350091084,14,11,3,3,11,5,9,130714.35412439953,80246.92428584768,50467.42983855185,210961.2784102472,7304.199139727071,121.83683303457143,21.83683303457143,1.0,1,1.0,0.35714285714285715,0.2392260334164739,12.259434621169108,43.22681375044228,180.6944383648571
2026-04-29T23:00:00Z,0.0008565289314064,forward_fill,0.0,0.20505390185864725,0.1910765982834577,0.07651756428832557,0.12186461656807035,0.2523967078339424,8,5,2,2,5,4,4,196615.47052629016,43110.485608298644,153504.9849179915,239725.9561345888,8358.919087399016,102.0000000005,2.0000000005,1.0,1,1.0,0.5,0.6403352702942586,12.387255871899274,131.48146069736282,205.33221703833686
2026-04-30T00:00:00Z,0.0010321635308461,observed,0.20505390185864725,0.009552560121570686,-0.07402716413974209,-0.10666438851579196,-0.06849836928160347,0.03552783460963771,39,29,5,4,29,24,15,2171559.3680426013,65303.00612756373,2106256.3619150375,2236862.374170165,81625.37693984939,111.1229401584359,11.122940158435897,1.0,1,1.0,0.6153846153846154,0.9416119588923838,14.620585163135544,2174.001003381286,2308.8077661402676
2026-04-30T01:00:00Z,0.0010420233350298,observed,0.009552560121570686,-0.020951324548097117,-0.11511728386223663,-0.11511728386223663,-0.07731239807244428,0.02739917610231224,32,27,4,4,24,9,23,741839.7220364847,197767.73199225188,544071.9900442329,939607.4540287367,36017.899840494094,178.52710418159376,78.52710418159376,1.25,3,1.0,0.28125,0.5790417984781049,13.753218529202723,566.9357095621917,979.0928928658836
2026-04-30T02:00:00Z,0.0010201915659509,observed,-0.020951324548097117,-0.06316085760005319,-0.09618108034380923,-0.0581087579213071,-0.0575671822428363,0.07440300234088881,24,20,3,3,20,9,15,822376.8795064812,1110046.5536622289,-287669.6741557477,1932423.43316871,72827.56301148924,108.96495186233334,8.964951862333335,1.0,1,1.0,0.375,-0.14886472044278545,14.474285955532315,-293.4781753535374,1971.4420883646005
2026-04-30T03:00:00Z,0.0009557553917291,observed,-0.06316085760005319,-0.03524641664647632,-0.03524641664647632,0.005392707723338663,0.005970795949971963,0.19181859050747962,22,20,4,4,18,6,16,269715.1201404898,1700019.7537609232,-1430304.6336204333,1969734.8739014128,72006.16087081087,111.89665871404546,11.896658714045456,1.0,1,1.0,0.2727272727272727,-0.7261406865318167,14.493410017563708,-1367.021365397844,1882.584726008114
2026-04-30T04:00:00Z,0.0009220684389801,observed,-0.03524641664647632,0.0,0.0,0.04212383874082293,0.07696980899476569,0.2599969165007654,30,27,5,4,23,12,18,481237.7592528075,991351.3218917057,-510113.5626388983,1472589.0811445133,51983.45428333612,124.85605660350001,24.8560566035,1.0666666666666667,2,1.0,0.4,-0.34640591130991694,14.20253336828665,-470.35961640502643,1357.8279153100611
2026-04-30T05:00:00Z,0.0009220684389801,forward_fill,0.0,0.0,0.04212383874082293,0.04212383874082293,0.07696980899476569,0.3211800286351538,26,22,4,3,18,7,19,1621688.7074993413,143125.51976036603,1478563.1877389753,1764814.2272597074,65065.910371631595,510.0617351355769,410.0617351355769,1.3076923076923077,2,1.0,0.2692307692307692,0.8378010358828506,14.383556555764475,1363.3364504519175,1627.2794996192297
2026-04-30T06:00:00Z,0.0009220684389801,forward_fill,0.0,0.0,0.04212383874082293,0.04272304690818096,0.07696980899476569,0.2924695985925836,38,35,4,3,32,28,10,732845.3009898652,1973375.8202476406,-1240530.5192577753,2706221.1212375057,96506.60802613113,299.81275934002633,199.8127593400263,1.2105263157894737,3,1.0,0.7368421052631579,-0.45839954079232936,14.81106416905863,-1143.8540393991896,2495.321084794443
2026-04-30T07:00:00Z,0.0009220684389801,forward_fill,0.0,0.04212383874082293,0.04212383874082293,0.04272304690818096,0.07696980899476569,0.274759732010595,22,22,3,3,22,7,15,101984.39797894353,8368.674029475531,93615.723949468,110353.07200841905,3982.3341158656913,210.79695339113638,110.79695339113637,1.0,1,1.0,0.3181818181818182,0.8483291153174772,11.611449311850633,86.3201044460779,101.75308484346152
2026-04-30T08:00:00Z,0.0009609095012117,observed,0.04212383874082293,0.0,0.0,0.0005749874871705529,0.08365626822508654,0.3313082270228922,37,37,3,3,37,20,17,16044.823953854491,82772.71897669075,-66727.89502283625,98817.54293054524,3490.391276557081,166.22502219056759,66.22502219056756,1.0,1,1.0,0.5405405405405406,-0.675263653031087,11.501040547609245,-64.11946832330027,94.95471588835598
2026-04-30T09:00:00Z,0.0009609095012117,forward_fill,0.0,0.0,0.0005749874871705529,0.0005749874871705529,0.08053377555578045,0.25197183869093376,34,34,2,2,34,12,22,175539.87773448502,387507.91098989744,-211968.0332554124,563047.7887243824,19939.748497750417,213.42791126470587,113.42791126470587,1.0,1,1.0,0.35294117647058826,-0.37646543952448214,13.241121561847452,-203.68209710828336,541.037969821497
2026-04-30T10:00:00Z,0.0009609095012117,forward_fill,0.0,0.0,0.0005749874871705529,0.033437456239410634,0.10292660695037759,0.22092357518393446,29,28,3,3,28,10,19,69602.39860091629,627616.5757034915,-558014.1771025751,697218.9743044077,24235.84354505447,107.29432101924138,7.294321019241379,1.0,1,1.0,0.3448275862068966,-0.8003427870839105,13.454856241535474,-536.2011245886927,669.9643368341815
2026-04-30T11:00:00Z,0.0009609095012117,forward_fill,0.0,0.0005749874871705529,0.0005749874871705529,0.033437456239410634,0.11635280170007212,0.20870248221722787,30,30,1,1,30,12,18,171686.42055755362,3965.5907304237307,167720.82982712987,175652.01128797734,6166.784573854685,250.02358426803332,150.02358426803337,1.0,1,1.0,0.4,0.954847192453467,12.076265801230354,161.16453893199977,168.7856865535622
2026-04-30T12:00:00Z,0.0009614620121512,observed,0.0005749874871705529,0.0,0.0,0.032843584102347334,0.11167581511479896,0.2401812413077269,25,22,3,3,22,9,16,318131.53896108904,43512.26141029689,274619.27755079215,361643.80037138594,12810.064394223426,107.74831230699999,7.748312307,1.0,1,1.0,0.36,0.7593639854154144,12.7984177946582,264.0360031694935,347.7067759870796
2026-04-30T13:00:00Z,0.0009614620121512,forward_fill,0.0,0.0,0.032843584102347334,0.032843584102347334,0.1134854028124006,0.25336447147710217,16,14,4,4,14,10,6,863619.1708883722,90.00744573672043,863529.1634426354,863709.1783341089,31296.172400542902,103.30782722125,3.3078272212499997,1.0,1,1.0,0.625,0.9997915792769266,13.668992549770097,830.2504870347988,830.423564514572
2026-04-30T14:00:00Z,0.0009614620121512,forward_fill,0.0,0.0,0.032843584102347334,0.08303353749284192,0.14003139756719496,0.2508119165752096,38,30,3,3,29,12,26,66266.55196289247,702684.5376561562,-636417.9856932637,768951.0896190486,27493.056323071163,155.11018323681577,55.11018323681579,1.7894736842105263,6,1.0,0.3157894736842105,-0.8276442992083618,13.552783944361027,-611.8917170938589,739.3172618709882
2026-04-30T15:00:00Z,0.0009614620121512,forward_fill,0.0,0.032843584102347334,0.032843584102347334,0.07991283918601355,0.18474472152246268,0.22207580882740285,29,25,2,2,25,18,11,698546.1088688553,116736.15746836981,581809.9514004855,815282.2663372251,29520.96834965848,117.71071201844828,17.710712018448277,1.0,1,1.0,0.6206896551724138,0.7136300830071428,13.611290897893854,559.3881665631027,783.862928263779
2026-04-30T16:00:00Z,0.0009930398706085,observed,0.032843584102347334,0.0,0.0,0.0672407897463212,0.16994636802013563,0.18132118289527077,21,18,4,3,16,5,16,1319153.2645923488,131840.31120249678,1187312.953389852,1450993.5757948454,54833.61119015095,221.12922936095237,121.1292293609524,1.0952380952380953,2,1.0,0.23809523809523808,0.8182758167895053,14.187759793606302,1179.0491016060548,1440.894472761078
2026-04-30T17:00:00Z,0.0009930398706085,forward_fill,0.0,0.0,0.04859395378257125,0.0802325723342594,0.2267567926238636,0.21787105529773498,9,9,1,1,9,0,9,0.0,135669.30623453596,-135669.30623453596,135669.30623453596,5132.363738730471,119.03246139888887,19.032461398888888,1.0,1,1.0,0.0,-1.0,11.81798300267837,-134.72503030868856,134.72503030868856
2026-04-30T18:00:00Z,0.0009930398706085,forward_fill,0.0,0.0,0.04557249113821493,0.0763254303225065,0.2000982644062821,0.25068849854140907,13,11,3,3,11,7,6,46505.06345275457,267907.8695714629,-221402.8061187083,314412.93302421743,11848.488216206102,115.31321065692308,15.313210656923077,1.0,1,1.0,0.5384615384615384,-0.7041784318129652,12.658465654790042,-219.8618139404809,312.22457832800785
2026-04-30T19:00:00Z,0.0009930398706085,forward_fill,0.0,0.04859395378257125,0.0672407897463212,0.07807747460632153,0.18365410187351938,0.19766432698268321,7,7,1,1,7,2,5,437492.5436951991,1942.632603462177,435549.911091737,439435.17629866133,16903.701406315522,103.00135943285714,3.001359432857143,1.0,1,1.0,0.2857142857142857,0.991158502057915,12.993247766673942,432.5184273540822,436.37665061244604
2026-04-30T20:00:00Z,0.0010412956041851,observed,0.04859395378257125,-0.002881441985677191,0.030172421305271424,0.052627973281694995,0.22853368365914895,0.11426854276304899,7,6,2,2,6,3,4,253971.28149313672,2944.7447953485744,251026.53669778813,256916.02628848527,10018.129330795495,109.15714892514286,9.157148925142858,1.0,1,1.0,0.42857142857142855,0.9770762078342129,12.456508456839872,261.3928291972165,267.5255288189033
2026-04-30T21:00:00Z,0.0010382951713117,observed,-0.002881441985677191,0.0207238606521849,0.029412536619831897,0.09707439205507207,0.1586605315016394,0.16053576326029262,7,7,2,2,7,3,4,2048.9399405401655,51350.664123193754,-49301.72418265359,53399.60406373392,2051.941326986691,113.31956329685714,13.319563296857142,1.0,1,1.0,0.42857142857142855,-0.9232601073935044,10.885577336939248,-51.18974215619049,55.44455104933156
2026-04-30T22:00:00Z,0.0010598126557578,observed,0.0207238606521849,0.012173244044604292,0.01015392680275684,0.09623468223907294,0.10698533110904052,0.1165745287380624,15,10,5,4,9,8,7,539840.7541189529,1198.4791024138374,538642.2750165391,541039.2332213668,21392.200584945607,115.71159472146665,15.711594721466668,1.0,1,1.0,0.5333333333333333,0.9955697146202207,13.201248923309956,570.8598999887017,573.4002266295005
2026-04-30T23:00:00Z,0.0010727140138579,observed,0.012173244044604292,-0.003616945194783394,0.021797857826528988,0.13564136468592336,0.08272445805350981,0.12200336193280736,8,7,2,2,7,4,4,91496.39238080922,518.4227666992177,90977.96961411,92014.81514750842,3689.2891317036024,105.319075986375,5.319075986375,1.0,1,1.0,0.5,0.988731754427412,11.429715745034681,97.593342957394,98.70558169127645
2026-05-01T00:00:00Z,0.0010688340660601,observed,-0.003616945194783394,0.0016278016243564952,0.06572861027845445,0.11499573511580863,0.11559613373405786,0.16614356350980586,18,13,3,3,13,9,9,175686.9774687487,371762.46909860783,-196075.4916298591,547449.4465673565,21665.16858156842,104.14556361055556,4.145563610555556,1.1111111111111112,2,1.0,0.5,-0.35816182272043745,13.213027228023874,-209.5721649734754,585.132617936939
2026-05-01T01:00:00Z,0.001070573915889,observed,0.0016278016243564952,0.023840451511753624,0.08521548365284382,0.09793046395459726,0.12562272330773294,0.0686606247601882,23,20,3,3,19,9,14,499646.48206512467,768618.1817883851,-268971.69972326036,1268264.6638535098,49672.137027350684,104.63448460004348,4.6344846000434785,1.0869565217391304,2,1.0,0.391304347826087,-0.2120785253970679,14.053160906114353,-287.9540858360511,1357.7710675652984
2026-05-01T02:00:00Z,0.0010960968814205,observed,0.023840451511753624,0.03922113377814429,0.11141490069430304,0.16711099727764855,0.09717321754858532,0.049120732655332455,21,21,1,1,21,5,16,157089.87905730447,60279.93198980867,96809.94706749578,217369.81104711312,8534.935502834482,102.43269855209523,2.432698552095238,1.0,1,1.0,0.23809523809523808,0.4453697898578613,12.289359980842326,106.1130810711658,238.258372003704
2026-05-01T03:00:00Z,0.0011390870438405,observed,0.03922113377814429,0.019942590164585328,0.04622858424011134,0.05613670311928676,0.03150981525958407,0.00469602944895664,22,14,3,3,14,11,11,234185.64059752773,61815.49388381737,172370.1467137104,296001.1344813451,11675.949204862914,430.9220630474545,330.92206304745457,1.0909090909090908,2,1.0,0.5,0.5823293448376079,12.598121944365824,196.34460086647366,337.1710572497897
2026-05-01T04:00:00Z,0.0011618033899176,observed,0.019942590164585328,0.04855814433602346,0.011716548918888403,0.009806886284613014,0.009722509668870005,-0.06755335435978238,21,18,3,3,18,10,11,93980.84098788264,235466.26814832498,-141485.42716044234,329447.1091362076,12872.955692312871,102.31659366928571,2.316593669285714,1.0,1,1.0,0.47619047619047616,-0.4294632529373514,12.705174136869456,-164.3782488989416,382.75276819299955
2026-05-01T05:00:00Z,0.0012182184066153,observed,0.04855814433602346,-0.021730899211540144,0.05011278555699761,-0.04659649452540715,-0.007243275423096218,-0.10289108288320437,50,37,5,4,34,22,28,1873567.0512134219,517799.3902447008,1355767.6609687211,2391366.441458123,98736.60145333139,111.04411329845999,11.04411329846,1.0,1,1.0,0.44,0.566942664020178,14.687375911529289,1651.6211196858678,2913.206615946415
2026-05-01T06:00:00Z,0.0011917454252035,observed,-0.021730899211540144,-0.013702346733163728,0.009470319420083362,0.0005384761567601704,0.04215507649296946,-0.08778116945062864,38,27,4,4,27,20,18,169255.69771961868,212561.43295058046,-43305.7352309618,381817.13067019917,15801.251226719922,112.19089141223685,12.190891412236843,2.1578947368421053,7,1.0,0.5263157894736842,-0.1134200949940296,12.852699676496215,-51.609411846572755,455.0288187405368
2026-05-01T07:00:00Z,0.0011754157161697,observed,-0.013702346733163728,0.08835257755129988,-0.0018875470963837238,0.025222234250966924,0.011836418331156118,-0.045544520864710836,15,14,3,3,14,4,11,85123.99621712699,436175.63085296797,-351051.634635841,521299.627070095,21309.396966455733,204.5497531928667,104.54975319286667,1.0,1,1.0,0.26666666666666666,-0.6734162397331581,13.164082173652261,-412.6316085380309,612.7437744915932
2026-05-01T08:00:00Z,0.0012792667243876,observed,0.08835257755129988,-0.05959280256937405,-0.09209418398911184,-0.059923846054228846,-0.09300936752158462,-0.11942077962446285,59,50,5,4,42,20,39,2325215.308694161,545100.6681096929,1780114.6405844681,2870315.9768038536,124859.1977410451,984.1385814707288,884.1385814707288,1.4067796610169492,4,1.0,0.3389830508474576,0.6201807239935502,14.869933026516609,2277.2414252949025,3671.8997176032603
2026-05-01T09:00:00Z,0.0012030316350476,observed,-0.05959280256937405,-0.024799490329960983,-0.008848049409173497,-0.023317897945377086,0.001618447947150603,-0.04891427203048715,54,42,5,4,37,26,28,243883.7800429846,2045681.5715488843,-1801797.7915058995,2289565.351591869,96517.5959287224,402.47164074675925,302.47164074675925,1.1851851851851851,2,1.0,0.48148148148148145,-0.7869606299960652,14.643872991481308,-2167.619743140497,2754.4195484738993
2026-05-01T10:00:00Z,0.0011731970636476,observed,-0.024799490329960983,-0.010009711676560507,0.027161049106726676,-8.355717998065337e-05,0.008662443267802633,-0.010092079490966355,31,29,2,2,28,17,14,458012.4064018084,507326.9281167356,-49314.52171492723,965339.3345185439,39474.21145167595,186.80437208729032,86.80437208729032,1.064516129032258,2,1.0,0.5483870967741935,-0.05108516762089933,13.780235996402324,-57.85565207113843,1132.533272680684
2026-05-01T11:00:00Z,0.0011614536993007,observed,-0.010009711676560507,0.026633392633580444,0.03543356300572165,0.04127656220722775,0.03627783928508643,-0.027663056708713274,24,23,3,3,23,10,14,26120.936647056435,512601.1663146756,-486480.2296676192,538722.102961732,21541.644883229048,198.66054760854163,98.66054760854168,1.0,1,1.0,0.4166666666666667,-0.9030263042728289,13.196956994256789,-565.0242623841106,625.7007793799562
2026-05-01T12:00:00Z,0.0011923871516999,observed,0.026633392633580444,0.010630083515433597,-0.014599021398866374,0.04159420284971538,0.04530979289660908,-0.05262966743992081,23,22,2,2,22,9,14,269422.97641174874,82856.21420393289,186566.76220781586,352279.19061568164,14249.427439684192,116.57249917826086,16.57249917826087,1.0,1,1.0,0.391304347826087,0.5295991565148976,12.77218213401066,222.4598101908501,420.0531807013788
2026-05-01T13:00:00Z,0.0012050623267052,observed,0.010630083515433597,-0.0020365623567455415,-0.02652418168543358,-0.01305650177357931,-0.050604965027853166,-0.0511848754892571,39,33,4,3,29,23,16,1505145.2557652562,1247723.5505617044,257421.70520355174,2752868.8063269607,109251.2703055809,440.8420716955385,340.84207169553844,1.1538461538461537,2,1.0,0.5897435897435898,0.09351034259675416,14.828154491443426,310.20919901701217,3317.378488866534
2026-05-01T14:00:00Z,0.0012026081421331,observed,-0.0020365623567455415,-0.02297396384461048,0.005643045976358563,-0.035194511985530474,-0.04379662584237731,-0.0353135945948051,19,19,2,2,19,4,15,214511.03299203268,21759.91029841183,192751.12269362085,236270.9432904445,9752.732025661757,104.939391647,4.939391647,1.0,1,1.0,0.21052631578947367,0.8158054478018257,12.37273872269543,231.80406955664458,284.14136015055647
2026-05-01T15:00:00Z,0.0011749794661565,observed,-0.02297396384461048,-0.001600395242013164,0.057025744310050364,0.025531691263789513,-0.025994697688726864,-0.00998779066343003,25,24,2,2,23,8,17,380990.2022163246,1177361.4958750238,-796371.2936586993,1558351.6980913482,62781.54094333034,185.34457371759999,85.3445737176,1.08,2,1.0,0.32,-0.5110343798733533,14.259139858542289,-935.7199174854597,1831.0312463074474
2026-05-01T16:00:00Z,0.0011730990346094,observed,-0.001600395242013164,0.030939826468602716,0.013834632210147468,0.008746731299984933,-0.07653178302818497,0.02115887621087742,11,10,2,2,10,3,8,26259.793431756018,60260.10351077528,-34000.310079019255,86519.8969425313,3425.517829843563,225.82557179100002,125.825571791,1.0,1,1.0,0.2727272727272727,-0.39297677506022827,11.368141246894112,-39.88573093011774,101.49640757778823
2026-05-01T17:00:00Z,0.0012093945151707,observed,0.030939826468602716,0.02694656638805748,-0.040608402877425176,-0.0048005718207516646,-0.096345665652249,-0.014961252478514986,27,20,2,2,20,22,5,144769.83189993227,1.8846976851095745,144767.94720224716,144771.71659761737,5823.465317014582,102.02483863837038,2.0248386383703707,2.111111111111111,6,1.0,0.8148148148148148,0.9999739631783141,11.88292031989306,175.0815613189192,175.08612000500545
2026-05-01T18:00:00Z,0.0012419835447631,observed,0.02694656638805748,-0.042395985587589724,-0.029794972559365362,0.0035672145992442506,-0.12468033680827617,-0.05686224138401985,23,22,3,3,22,14,9,418331.1555214655,107264.95642340761,311066.1990980579,525596.1119448731,21166.756412952513,855.7144907184783,755.7144907184783,1.0,1,1.0,0.6086956521739131,0.5918350460147315,13.172290251359803,386.3391006117902,652.7817222269966
2026-05-01T19:00:00Z,0.0011893284282993,observed,-0.042395985587589724,-0.02442175949660441,-0.005018472193114021,-0.038045200481841235,-0.056709699469511765,-0.020051211643365097,14,10,2,2,10,3,11,3991.416403569527,451007.704804232,-447016.2884006624,454999.1212078015,18067.954969611485,101.93312293764286,1.9331229376428571,1.1428571428571428,2,1.0,0.21428571428571427,-0.9824552786257069,13.028052964323825,-531.6491797077465,541.1433897036372
2026-05-01T20:00:00Z,0.0011602829354609,observed,-0.02442175949660441,0.03852141775147744,0.03732347788334711,-0.008915904774287386,-0.029119828978505735,0.012388283808888678,9,7,3,3,7,3,6,432.07101012773967,205067.96224626835,-204635.89123614063,205500.0332563961,8032.384272484107,103.76444444444445,3.764444444444445,1.0,1,1.0,0.3333333333333333,-0.9957949300223358,12.233206340917446,-237.43553258412672,238.43818182404385
2026-05-01T21:00:00Z,0.0012049786791277,observed,0.03852141775147744,-0.017941282156087812,0.03438673910669987,-0.05024358524602901,-0.05045106755092843,-0.03465805965507396,27,10,3,3,10,13,14,689071.3057402204,191301.10012389827,497770.205616322,880372.4058641186,35021.81692169066,104.25704332959259,4.257043329592593,4.185185185185185,9,1.0,0.48148148148148145,0.5654086864839225,13.68810142129965,599.8024848726793,1060.829978758621
2026-05-01T22:00:00Z,0.0011833598166534,observed,-0.017941282156087812,0.017094473720434822,-0.03319330798183162,-0.08453907376559266,-0.01859345798383194,-0.0337582700577711,5,5,2,2,5,3,2,10838.204133237752,0.000478635620387753,10838.20365460213,10838.20461187337,439.71001906889893,117.8949691042,17.8949691042,1.0,1,1.0,0.6,0.9999999116762163,9.290924897013104,12.825494689562186,12.825495822358507
2026-05-01T23:00:00Z,0.001203588729941,observed,0.017094473720434822,0.03558128751928358,-0.044575663853656966,-0.09198668250742692,-0.06170246392406853,-0.04909921638639536,9,8,2,2,8,4,5,77683.07037329537,58485.7030199576,19197.36735333777,136168.77339325298,5493.251212220973,119.27473958366666,19.274739583666666,1.0,1,1.0,0.4444444444444444,0.14098215673791903,11.821657719971338,23.10573499101462,163.89120102600918
2026-05-02T00:00:00Z,0.001246413966596,observed,0.03558128751928358,-0.08210255944866962,-0.08181690769336036,-0.1277916910216459,-0.09369419573228566,-0.06790377560060923,18,14,4,4,14,11,7,523198.5992790208,5051.3905925261815,518147.2086864946,528249.989871547,21720.57434766063,102.89367415677778,2.8936741567777777,1.0,1,1.0,0.6111111111111112,0.9808749997562536,13.177326809346017,645.8259176595792,658.4181652300917
2026-05-02T01:00:00Z,0.0011440801898059,observed,-0.08210255944866962,0.005120072476907378,-0.053108616445940116,-0.019402677752654807,-0.0006108210387058,0.0030186230510520495,59,44,5,4,29,24,35,291228.6138274121,2602272.5693695494,-2311043.9555421374,2893501.1831969614,105306.30653686111,55305.365306826665,55205.365306826665,1.8135593220338984,5,1.0,0.4067796610169492,-0.7987015761260963,14.877978154513444,-2644.019607306426,3310.3973828755757
2026-05-02T02:00:00Z,0.0011499379632971,observed,0.005120072476907378,-0.004784373878765957,-0.049622996672870956,-0.020385680994726374,0.008871576357953659,0.02182258139052018,24,21,4,4,20,14,10,563731.3555358447,24194.605610401788,539536.749925443,587925.9611462465,22435.01187237398,117.25116714558334,17.251167145583334,1.0,1,1.0,0.5833333333333334,0.9176950595505907,13.284358003427675,620.4337913332007,676.0783823300047
2026-05-02T03:00:00Z,0.0011444362301433,observed,-0.004784373878765957,-0.05340319950684125,-0.050071476716902596,-0.00021845844016032956,0.01643410665970002,0.03358951704865776,10,9,2,2,9,0,10,0.0,132889.08647063613,-132889.08647063613,132889.08647063613,5017.3451214994,102.3887827335,2.3887827335000003,1.0,1,1.0,0.0,-1.0,11.797277648018667,-152.08308514764184,152.08308514764184
2026-05-02T04:00:00Z,0.0010833196738221,observed,-0.05340319950684125,0.008820038977588984,0.03559641504685951,0.07203542378702799,0.10578670434311643,0.05227342594887596,46,38,5,4,31,21,25,752827.766139384,1973924.6594561131,-1221096.893316729,2726752.4255954972,98635.66176746767,3367.6495784043477,3267.6495784043477,1.173913043478261,2,1.0,0.45652173913043476,-0.4478209616151906,14.818622238082671,-1322.8382881730586,2953.944548289734
2026-05-02T05:00:00Z,0.0010928745955704,observed,0.008820038977588984,-0.005254013133778823,0.03076391324262806,0.03335217446698513,0.09006144283308992,0.018123840657547685,16,14,3,3,14,8,8,544966.3684488253,128002.7071094419,416963.66133938346,672969.0755582673,24619.323571478497,112.6877982850625,12.6877982850625,1.0,1,1.0,0.5,0.6195881452553933,13.419456143386098,455.68899275383194,735.4708062821273
2026-05-02T06:00:00Z,0.0010871326180917,observed,-0.005254013133778823,0.03196422578985558,0.05248080992919624,0.03909329335477185,0.07747808974948378,0.025094274942083272,25,20,4,4,19,7,18,279381.7684813572,995736.5670493235,-716354.7985679662,1275118.3355306806,46335.253196331665,111.35297120092,11.35297120092,1.08,2,1.0,0.28,-0.5617947594407641,14.058550328689437,-778.7726676497455,1386.2227344821995
2026-05-02T07:00:00Z,0.0011218819705599,observed,0.03196422578985558,0.004112486317430886,0.035186495637414605,0.019163683489244576,0.03886236061743742,-0.010532749553059162,32,27,3,3,27,17,15,1351026.5060756882,22803.63889962801,1328222.8671760603,1373830.1449753162,51024.79866206181,106.8925512541875,6.8925512541875005,1.0,1,1.0,0.53125,0.966802826414851,14.133113851181399,1490.1092875701988,1541.2752702595008
2026-05-02T08:00:00Z,0.0011264956948136,observed,0.004112486317430886,0.015704031233716442,0.0025110126490701656,0.029866098101126726,0.042753075020290465,-0.010588455308188083,36,34,4,3,34,13,23,679.1110713855912,10067.431171491824,-9388.320100106233,10746.542242877415,386.2698881542607,136.1477531291111,36.147753129111116,1.0,1,1.0,0.3611111111111111,-0.8736131015842438,9.28243237884677,-10.575902174301659,12.105933570733896
2026-05-02T09:00:00Z,0.0011441862183896,observed,0.015704031233716442,0.015007039026625701,-0.01271996263316677,0.01665620378815902,0.016632115898568056,-0.0042843043199727315,34,34,2,2,34,10,24,51105.51023630404,8905.042501141157,42200.467735162885,60010.55273744521,2283.8122328540876,3863.1246276137936,3763.124627613794,1.0,1,1.0,0.29411764705882354,0.7032174477678284,11.002292368293794,48.28519359216835,68.66324740012709
2026-05-02T10:00:00Z,0.0011613570656227,observed,0.015007039026625701,-0.02758215093230143,-0.015478188921218439,0.03148336314938183,-0.0154521204258381,-0.03921926388184349,33,27,4,3,26,11,22,935404.3362549391,37693.76031505323,897710.5759398859,973098.0965699924,37710.9306000343,204.79887405063639,104.79887405063637,1.0,1,1.0,0.3333333333333333,0.9225283443716159,13.788241202405572,1042.56252025201,1130.114349995561
2026-05-02T11:00:00Z,0.0011293243397524,observed,-0.02758215093230143,0.0002726167169719851,0.027286568533319677,0.05487893650134912,0.013432037336878588,-0.010187670258680948,24,22,3,3,22,6,18,37037.45429923854,739908.3712216908,-702870.9169224522,776945.8255209293,29609.85240293186,109.9469482865,9.946948286500001,1.0,1,1.0,0.25,-0.9046588498640672,13.563127191384961,-793.7692341846123,877.4238314298068
2026-05-02T12:00:00Z,0.0011296322124463,observed,0.0002726167169719851,0.012171350071476184,0.029754644386079665,0.03694066417345887,0.02845664234989065,-0.025262391096037007,17,16,3,3,16,2,15,52680.83099729318,39099.3042997317,13581.526697561478,91780.13529702488,3502.159800877524,115.13468776635294,15.13468776635294,1.0,1,1.0,0.11764705882352941,0.14797893524135752,11.427162057637245,15.342130051764862,103.67779729419897
2026-05-02T13:00:00Z,0.001143381361556,observed,0.012171350071476184,0.014656845697216703,0.04769985950757416,0.01932827616144217,0.003631662385548351,-0.03368536325805205,12,12,1,1,12,3,9,171920.65102700074,440062.6319209833,-268141.9808939825,611983.2829479841,23001.71110530861,116.39453771041667,16.394537710416667,1.0,1,1.0,0.25,-0.43815245998602453,13.324461879707146,-306.5885432048847,699.7302793065768
2026-05-02T14:00:00Z,0.0011601397257454,observed,0.014656845697216703,0.002675791027934693,0.026859465326626086,0.012513254823053988,0.012837119546295517,-0.054603095927086454,29,27,3,3,27,15,14,628965.0496164381,443776.8976601317,185188.15195630642,1072741.94727657,41030.957649267715,115.66660909834482,15.666609098344829,1.0,1,1.0,0.5172413793103449,0.17263066148056758,13.88572942839876,214.84413182188678,1244.530548509026
2026-05-02T15:00:00Z,0.0011632440172147,observed,0.002675791027934693,0.029810146571078056,0.006978380555557662,-2.3693249990741627e-05,0.016878034962183097,-0.13338561064265697,33,28,4,4,28,12,21,707242.121496991,496368.8753663527,210873.24613063838,1203610.9968633438,46170.47853333797,103.21911167560606,3.2191116756060607,1.0,1,1.0,0.36363636363636365,0.17520049806804866,14.00083759117202,245.297041952108,1400.0932911551058
2026-05-02T16:00:00Z,0.0011979204918658,observed,0.029810146571078056,-0.005526271090320112,-0.027079877016941478,-0.04550289927305662,-0.0483938522538393,-0.18395073285455266,31,24,3,3,23,10,21,1044846.9516733534,425280.1819888099,619566.7696845435,1470127.1336621633,57261.07417658089,133.36881649861292,33.3688164986129,1.0,1,1.0,0.3225806451612903,0.42143754475245304,14.200860120712779,742.191729484213,1761.0954190618372
2026-05-02T17:00:00Z,0.0011913004584831,observed,-0.005526271090320112,-0.016737072243461104,-0.013970958040503412,-0.039290669033486214,-0.06599408010302155,-0.1794159630137775,31,25,5,4,22,7,24,1018639.251627907,859755.7411535713,158883.51047433578,1878394.9927814782,74634.40935817898,173.45345735125807,73.45345735125805,1.1290322580645162,2,1.0,0.22580645161290322,0.08458471784950046,14.445928775298839,189.27799887348064,2237.7328161129344
2026-05-02T18:00:00Z,0.0011713615766458,observed,-0.016737072243461104,-0.0050203323150134205,-0.006953549292374461,-0.008181781385081188,-0.04861705802257188,-0.16544800599926268,13,12,3,3,12,1,12,1268.4797233118281,230884.98285819686,-229616.50313488505,232153.4625815087,8891.677772902905,116.98024392399999,16.980243924,1.0,1,1.0,0.07692307692307693,-0.989072058549491,12.355158216099877,-268.96394913597425,271.9356459532578
2026-05-02T19:00:00Z,0.00116548095227,observed,-0.0050203323150134205,0.007873056591897187,-0.018935801430058352,-0.015398978075055081,-0.04754730948298003,-0.16123713769700987,9,6,2,2,6,1,8,6718.737011010215,262997.52641895047,-256278.78940794023,269716.26342996064,10263.325374101893,107.9862860988889,7.986286098888889,1.0,1,1.0,0.1111111111111111,-0.9501792222273248,12.505129516830715,-298.688047525769,314.34916754505673
2026-05-02T20:00:00Z,0.001174656849764,observed,0.007873056591897187,-0.009739349481423965,-0.025678463732331847,0.0003198622059501499,-0.05115451740810317,-0.16135558208593426,3,3,1,1,3,1,2,4774.477582899293,1805.589243266075,2968.888339633218,6580.066826165368,252.67388951149618,132.490907761,32.490907760999995,1.0,1,1.0,0.3333333333333333,0.45119425350325537,8.791952142813523,3.4874250243346285,7.729320569260014
2026-05-02T21:00:00Z,0.0011632164561834,observed,-0.009739349481423965,-0.017025910947890965,-0.0012368324682410226,0.016902128678534023,-0.02057422728579983,-0.1531073990722669,6,5,2,2,5,2,4,37170.27187341382,85513.62546883024,-48343.35359541643,122683.89734224406,4670.355337723223,124.25849835466666,24.258498354666667,1.0,1,1.0,0.3333333333333333,-0.3940480751158061,11.717374537078014,-56.23378444928133,142.7079282972132
2026-05-02T22:00:00Z,0.0011434116363873,observed,-0.017025910947890965,0.0009461422532992536,0.003605088596810191,-0.003028770835009298,-0.024140160117235854,-0.1384385302115141,12,10,3,3,10,2,10,161999.2518221149,502640.3689621917,-340641.1171400768,664639.6207843065,24956.49757273039,119.96797895208334,19.96797895208333,1.0,1,1.0,0.16666666666666666,-0.5125200281290845,13.407001753685316,-389.4930171699332,759.9566764088186
2026-05-02T23:00:00Z,0.0011444934664494,observed,0.0009461422532992536,0.015102127150643962,0.026683517679259916,-0.027795515468420184,-0.02330665177867086,-0.1392529193938794,10,10,2,2,10,6,4,187124.5009040193,39597.149014887604,147527.3518891317,226721.6499189069,8608.563728086541,107.93401562540001,7.934015625399999,1.0,1,1.0,0.6,0.6506981223094435,12.331482742924775,168.84409035969279,259.4814470348171
2026-05-03T00:00:00Z,0.0011617777523028,observed,0.015102127150643962,-0.012260534026810599,0.018161423785382214,-0.040768838360278115,-0.05223266711874863,-0.13377663282227548,15,13,4,4,13,7,8,388473.99906068685,68424.29390830248,320049.70515238435,456898.2929689893,17483.33879310793,105.96340506046666,5.963405060466666,1.0,1,1.0,0.4666666666666667,0.7004834775649005,13.032218280097746,371.82662707711097,530.8142718364986
2026-05-03T01:00:00Z,0.0011475337366391,observed,-0.012260534026810599,0.023963427460214515,-0.006610029689162578,-0.03265112537164894,-0.0371819931974855,-0.13369754070407047,12,10,2,2,10,7,5,129767.7012082714,10876.2669163848,118891.4342918866,140643.9681246562,5452.4731227962475,114.275445044,14.275445044,1.1666666666666667,2,1.0,0.5833333333333334,0.8453361767104737,11.853994037413518,136.43193184735065,161.39369827783722
2026-05-03T02:00:00Z,0.0011750325780952,observed,0.023963427460214515,0.006676165799859524,-0.05306312238344468,-0.05145792017019413,-0.06658545009052597,-0.15397128836460405,15,14,2,2,14,2,13,8707.28719965671,54206.19187536861,-45498.9046757119,62913.479075025316,2405.369538284698,118.55220480946667,18.552204809466666,1.0,1,1.0,0.13333333333333333,-0.7231980387136712,11.049531608170211,-53.462695261609504,73.92538751446543
2026-05-03T03:00:00Z,0.0011828772904068,observed,0.006676165799859524,-0.03629183363680666,-0.05787909536639679,-0.036853454140207575,-0.14776958537650808,-0.15958205788732505,17,15,2,2,15,6,11,169772.7027385622,364.4608753231331,169408.24186323906,170137.16361388532,6637.421728236343,104.90067737617647,4.90067737617647,1.0,1,1.0,0.35294117647058826,0.9957156817760258,12.044366113089032,200.38916210776807,201.2513870930911
2026-05-03T04:00:00Z,0.0011399485045706,observed,-0.03629183363680666,-0.02391934711267585,-0.02621437346940192,-0.021175525095050496,-0.1424506145969886,-0.05532422097308343,24,22,3,3,21,9,15,73781.4108861839,564301.7435250498,-490520.33263886586,638083.1544112337,24334.071618048834,170.83537643091665,70.83537643091667,1.0833333333333333,2,1.0,0.375,-0.7687404521617159,13.366225457094313,-559.1679196531484,727.3819376627771
2026-05-03T05:00:00Z,0.0011126816805992,observed,-0.02391934711267585,0.001556368132588748,0.0016951522864869784,0.004617201176470687,-0.1214359357842898,-0.03360930243559068,20,19,3,3,17,8,12,175790.74821687432,609445.9072038109,-433655.1589869365,785236.6554206852,29246.888943210477,411.40057663774996,311.40057663775,1.1,2,1.0,0.4,-0.5522604631270158,13.573741696705131,-482.52015110209777,873.7184414215828
2026-05-03T06:00:00Z,0.0011144134229086,observed,0.001556368132588748,-0.0039015629956715703,0.022317349209405535,-0.011951059574497158,-0.12280118007356777,-0.023104665837026306,16,14,4,4,14,2,14,52660.335537635015,63815.80529454532,-11155.469756910306,116476.14083218033,4342.512917472959,110.334284659375,10.334284659375,1.0,1,1.0,0.125,-0.09577471984569945,11.665450316702222,-12.431805235951781,129.80257479197422
2026-05-03T07:00:00Z,0.0011100654687359,observed,-0.0039015629956715703,0.004055956054039855,0.0051744945058429526,-0.00468379913873096,-0.11936532842625025,-0.024536064427187365,16,16,2,2,16,4,12,1123.7203731926766,4177.996161357406,-3054.2757881647294,5301.716534550082,196.5269018204115,103.0218136636875,3.0218136636875,1.0,1,1.0,0.25,-0.5760918691636394,8.575974521918134,-3.390446084437791,5.885252450030208
2026-05-03T08:00:00Z,0.0011145678454942,observed,0.004055956054039855,0.022175707864729333,0.0029171039545452526,-0.015948190641206117,-0.11614226625899327,-0.027408114853658794,40,29,4,4,29,14,26,312780.5582449022,57358.08789296245,255422.47035193973,370138.6461378647,13930.525352822522,124.15105210915002,24.151052109149997,2.0,5,1.0,0.35,0.6900724175037997,12.821635635408871,284.68567247096763,412.54463336001993
2026-05-03T09:00:00Z,0.0011392841764313,observed,0.022175707864729333,-0.020604762632473572,-0.03352032400741678,-0.1151601817117941,-0.13531721900597848,-0.06130685155260018,25,23,3,3,21,8,17,436735.58969218243,131822.18508245164,304913.40460973076,568557.774774634,21784.909393343423,127.98844233403999,27.988442334040002,1.24,3,1.0,0.32,0.536292736003114,13.250859972536153,347.38301705366086,647.7488761877315
2026-05-03T10:00:00Z,0.001115809496405,observed,-0.020604762632473572,0.001801077482648239,-0.009807544559136794,-0.12389870973926631,-0.11712580580015419,-0.07455987393183383,15,15,2,2,15,0,15,0.0,174478.27211090337,-174478.27211090337,174478.27211090337,6574.338127953149,102.83422826346667,2.8342282634666662,1.0,1,1.0,0.0,-1.0,12.06956122910445,-194.68451293768163,194.68451293768163
2026-05-03T11:00:00Z,0.0011178191557639,observed,0.001801077482648239,-0.01496141301288667,-0.018810422637488777,-0.12547379918753554,-0.11871307184221136,-0.1467695391303997,18,18,2,2,18,2,16,30111.420554237804,452090.2682284037,-421978.8476741659,482201.68878264155,17979.763071389287,103.14261203038889,3.142612030388889,1.0,1,1.0,0.1111111111111111,-0.8751086059849496,13.086119820787161,-471.6960392573595,539.0142846629392
2026-05-03T12:00:00Z,0.0011010950017008,observed,-0.01496141301288667,0.0034249027948314303,-0.08447136523645205,-0.1121909208782037,-0.08603795770806943,-0.09846521988741241,10,10,2,2,10,2,8,53385.25496833662,6218.860594632803,47166.39437370382,59604.115562969426,2238.357467319868,102.0995830859,2.0995830859,1.0,1,1.0,0.2,0.791327812319845,10.995496680963567,51.93468109313401,65.6297937271825
2026-05-03T13:00:00Z,0.0011048661450495,observed,0.0034249027948314303,-0.007307346753246846,-0.11522120225540677,-0.11522120225540677,-0.10024277363393919,-0.10154235000392164,10,10,2,2,10,3,7,208775.2812782765,200.32880439410835,208574.95247388238,208975.61008267058,7910.264199061938,102.0949739838,2.0949739838,1.0,1,1.0,0.3,0.9980827542093085,12.249977611204121,230.4474036937011,230.89007672140764
2026-05-03T14:00:00Z,0.0010967925050117,observed,-0.007307346753246846,-0.08087993030063045,-0.10870822419125514,-0.10181788668532954,-0.09361953730264116,-0.09492868003250032,22,20,3,3,18,10,12,360457.1712179962,581744.4325628079,-221287.26134481173,942201.6037808042,34889.542322097834,117.53617818645453,17.536178186454546,1.2727272727272727,3,1.0,0.45454545454545453,-0.23486190265103016,13.755975608756044,-242.7062096975548,1033.3996572367896
2026-05-03T15:00:00Z,0.0010080840036521,observed,-0.08087993030063045,-0.030277103947612516,-0.030277103947612516,-0.022780436501128265,-0.013860655883814688,-0.015284999419569845,71,58,5,4,49,38,33,2269591.088143294,4425618.931650921,-2156027.843507626,6695210.0197942145,227279.48762210013,5743.196536914944,5643.196536914944,1.3098591549295775,4,1.0,0.5352112676056338,-0.32202542371835774,15.716903055624021,-2173.4571804685706,6749.334122045807
2026-05-03T16:00:00Z,0.0009775621394856,observed,-0.030277103947612516,0.0,0.0,0.007730731611063524,0.10159927242319622,0.04971864302393647,48,33,5,4,33,26,22,587988.7743575365,626183.427593094,-38194.653235557475,1214172.2019506304,41258.01323406274,115.09933774985417,15.099337749854167,1.1666666666666667,3,1.0,0.5416666666666666,-0.031457360969223136,14.009573910895158,-37.33764693386215,1186.9287754428
2026-05-03T17:00:00Z,0.0009775621394856,forward_fill,0.0,0.0,0.007730731611063524,0.007730731611063524,0.09996611166551794,0.0660950759007497,12,11,3,3,11,7,5,34845.67822494255,0.9352492197197332,34844.74297572283,34846.61347416227,1204.0154073227811,113.75659908658334,13.756599086583334,1.0,1,1.0,0.5833333333333334,0.9999463219448619,10.458739933905857,34.06290149317344,34.064730021629806
2026-05-03T18:00:00Z,0.0009775621394856,forward_fill,0.0,0.0,0.007730731611063524,0.02945786857237853,0.1136532698994086,0.0898264452548323,9,8,3,3,8,4,5,157239.21630999487,216628.54516490246,-59389.328854907566,373867.7614748973,12796.72243306746,115.93770604677778,15.937706046777777,1.0,1,1.0,0.4444444444444444,-0.15885116336487107,12.831660109667718,-58.05675937801731,365.4789687920926
2026-05-03T19:00:00Z,0.0009775621394856,forward_fill,0.0,0.007730731611063524,0.007730731611063524,0.016929009442415932,0.10768286448408504,0.06855092685950659,21,17,4,4,14,11,10,134672.43615255284,835074.1687969397,-700401.7326443868,969746.6049494925,32351.63371988716,210.6155811284762,110.6155811284762,1.380952380952381,3,1.0,0.5238095238095238,-0.7222523173266133,13.784791115538393,-684.686216263268,947.9875658933228
2026-05-03T20:00:00Z,0.0009851194100191,observed,0.007730731611063524,0.0,0.0,0.009127713924777403,0.10039415622892078,0.04394573187484019,10,9,2,2,9,6,4,512604.6027839393,92.38254278365869,512512.2202411556,512696.9853267229,17387.730275194663,102.8240408687,2.8240408687,1.0,1,1.0,0.6,0.9996396212756165,13.14744222822774,504.8857360315463,505.0677517036325
2026-05-03T21:00:00Z,0.0009851194100191,forward_fill,0.0,0.0,0.02156045884060709,0.009127713924777403,0.08559250754166459,0.05359299798414918,5,5,1,1,5,2,3,37509.60946880206,14424.507320940065,23085.102147861995,51934.116789742126,1772.3134297897482,302.2493897898,202.2493897898,1.0,1,1.0,0.4,0.44450745627047417,10.857750464426923,22.741582208132467,51.1613064917738
2026-05-03T22:00:00Z,0.0009851194100191,forward_fill,0.0,0.0,0.009127713924777403,0.09314843525915384,0.04821290751045004,0.1448942021721331,16,12,4,4,12,11,5,311693.33467679186,65236.15552204604,246457.1791547458,376929.4901988379,12924.86427308648,108.59097625025,8.59097625025,1.0,1,1.0,0.6875,0.6538548602942548,12.839816073300376,242.78975092389481,371.32055700347934
2026-05-03T23:00:00Z,0.0009851194100191,forward_fill,0.0,0.02156045884060709,0.009127713924777403,0.09152780317317255,-0.03183579194444264,0.12774698566152498,5,5,1,1,5,2,3,71401.30912754053,17952.227839162308,53449.08128837823,89353.53696670284,3084.2006738199802,3150.0400169895997,3050.0400169895997,1.0,1,1.0,0.4,0.5981753280599935,11.400367296765738,52.65372742487008,88.02390361975816
2026-05-04T00:00:00Z,0.0010063590365119,observed,0.02156045884060709,-0.012170346657641606,-0.012170346657641606,0.08178615550706292,-0.013597131614108804,0.062179750657567645,8,6,3,3,6,4,4,63762.68310626763,18143.093875359464,45619.58923090817,81905.77698162709,2831.6505768554607,127.0374400865,27.0374400865,1.0,1,1.0,0.5,0.5569764540679646,11.313337013446228,45.90968586448539,82.42661880798879
2026-05-04T01:00:00Z,0.0009941112981755,observed,-0.012170346657641606,0.0,0.08326074110837411,0.08924305846229097,-0.0014443633592488014,0.09182208916479406,19,18,2,2,18,5,14,958.0243287444114,30873.19616651235,-29915.17183776794,31831.220495256763,1085.2373814779037,145.05544860473682,45.05544860473684,1.0,1,1.0,0.2631578947368421,-0.9398059946279993,10.368234278925472,-29.739010310786643,31.64377592905028
2026-05-04T02:00:00Z,0.0009941112981755,forward_fill,0.0,0.0,0.0816547678865327,0.09044092342799992,-0.0014443633592488014,0.08489175898612666,17,14,4,4,14,7,10,671627.7189392562,5493.213617225462,666134.5053220307,677120.9325564817,23789.198163259567,112.13489819670588,12.134898196705882,1.0,1,1.0,0.4117647058823529,0.9837747930890698,13.425606642850594,662.2118378451785,673.1335692855291
2026-05-04T03:00:00Z,0.0009941112981755,forward_fill,0.0,0.08326074110837411,0.09511407341012612,0.07577315790832295,-0.0014443633592488014,0.10832953750746754,25,23,4,4,23,7,18,44728.27891989589,152344.32714784893,-107616.04822795304,197072.60606774484,6879.598278956546,116.08646372151999,16.08646372152,1.0,1,1.0,0.28,-0.5460730964858678,12.191332572797652,-106.98232940840761,195.91210425283472
2026-05-04T04:00:00Z,0.0010768817416058,observed,0.08326074110837411,-0.001482536162252357,0.00552250914936292,-0.0411065197546121,-0.04709573680557866,0.05012177856903244,8,8,2,2,8,2,6,2998.973380597941,126.84260184865205,2872.1307787492888,3125.8159824465924,110.78149550217798,102.053611462,2.053611462,1.0,1,1.0,0.25,0.9188419263571802,8.047770507771833,3.0929451951391567,3.3661341591163314
2026-05-04T05:00:00Z,0.0010752852254814,observed,-0.001482536162252357,0.012443254468236464,0.008122883384164004,-0.1130191963585222,-0.030792799346774702,0.04216183102534776,33,26,5,4,24,12,21,1123618.9168040822,964665.424887651,158953.4919164312,2088284.3416917333,74805.76379296456,422.41085926248485,322.41085926248485,1.0606060606060606,2,1.0,0.36363636363636365,0.07611678579539695,14.551853876546167,170.92034139641564,2245.5012992252728
2026-05-04T06:00:00Z,0.001088665273168,observed,0.012443254468236464,-0.005361098985380619,-0.017661096657790587,-0.08817203532842666,-0.02139519120410649,0.04894379934563897,21,18,4,4,18,6,15,133768.72070644514,5337.352634811931,128431.36807163322,139106.07334125706,4966.933699604327,102.56713766814285,2.5671376681428573,1.0,1,1.0,0.2857142857142857,0.9232621192358978,11.842999227382567,139.81877040504455,151.43995133338746
2026-05-04T07:00:00Z,0.0010828288308766,observed,-0.005361098985380619,0.0010997223772992726,-0.04637293395194275,-0.08325728689936784,-0.03532774486206802,0.04325831615970155,14,14,3,3,14,0,14,0.0,138976.62832231936,-138976.62832231936,138976.62832231936,4866.949490649397,102.29589051192856,2.2958905119285715,1.0,1,1.0,0.0,-1.0,11.842068251837976,-150.48789996542885,150.48789996542885
2026-05-04T08:00:00Z,0.0010840196419727,observed,0.0010997223772992726,-0.013451224366714087,-0.12016598545608315,-0.08426434189427756,-0.051298367984369264,0.03865705524767171,34,33,2,2,33,10,24,56336.09980874331,19624.726534393998,36711.37327434931,75960.82634313732,2694.097339974805,135.50096180208826,35.500961802088234,1.0,1,1.0,0.29411764705882354,0.4832934953671156,11.237986208122402,39.795849713186286,82.34302777643815
2026-05-04T09:00:00Z,0.0010694382505506,observed,-0.013451224366714087,-0.034432441060099905,-0.07177862795694734,-0.07177862795694734,-0.029476538696806776,0.02829576894572483,27,24,3,3,24,9,18,11950.802986426228,395856.6217722082,-383905.818785782,407807.4247586344,14181.702348602843,141.04457476581482,41.044574765814815,1.0,1,1.0,0.3333333333333333,-0.9413899685936349,12.918552795954302,-410.56356721846237,436.12485889541944
2026-05-04T10:00:00Z,0.0010326148810211,observed,-0.034432441060099905,-0.07636683242625941,-0.03867796359878728,-0.0062459670175606385,0.0922344057862301,0.12496917003200059,28,25,4,4,25,7,21,408.96005193074393,47787.98716196484,-47379.02711003409,48196.947213895575,1635.5434653288598,130.39529139414284,30.395291394142856,1.0,1,1.0,0.25,-0.9830296284071355,10.783071710208429,-48.92428844212333,49.76888491285702
2026-05-04T11:00:00Z,0.0009537573534413,observed,-0.07636683242625941,0.04080501886530952,0.04080501886530952,0.09270369400799772,0.1648302801096837,0.21389568004254,45,36,5,4,27,24,21,776736.9658491398,2689379.310836434,-1912642.3449872942,3466116.276685574,113124.84555331421,678.3571029826445,578.3571029826445,1.4444444444444444,3,1.0,0.5333333333333333,-0.5518113624324894,15.058545585005383,-1824.1967010348435,3305.8338867714456
2026-05-04T12:00:00Z,0.0009926754402414,observed,0.04080501886530952,0.0,0.0,0.07323403834008557,0.07682143341257164,0.27913656825005817,44,35,3,3,34,22,22,1496308.172587426,604722.0800088643,891586.0925785617,2101030.2525962903,68789.7669016025,180.81715546886363,80.81715546886363,1.0909090909090908,2,1.0,0.5,0.42435661812903874,14.557938854821831,885.0556169635333,2085.6411309565224
2026-05-04T13:00:00Z,0.0009926754402414,forward_fill,0.0,0.0,0.0337368700114673,0.05228243579399838,0.09340135802327598,0.3683251666205083,56,43,5,4,35,20,36,1817472.7604481205,192631.50394210854,1624841.256506012,2010104.2643902292,70237.23121364569,137.04679726807143,37.04679726807143,1.4285714285714286,3,1.0,0.35714285714285715,0.8083368038617201,14.513697649007378,1612.940009624495,1995.381135584686
2026-05-04T14:00:00Z,0.0009926754402414,forward_fill,0.0,0.0,0.04986397471379256,0.0359994433088926,0.0864610034507638,0.26486129420615323,35,29,5,4,28,11,24,723033.6191962208,746783.9908478515,-23750.371651630707,1469817.6100440724,52911.47175799381,131.15484814305714,31.154848143057144,1.1142857142857143,2,1.0,0.3142857142857143,-0.01615872029926118,14.200649556613346,-23.576410635179375,1459.0518431250619
2026-05-04T15:00:00Z,0.0009926754402414,forward_fill,0.0,0.0337368700114673,0.07323403834008557,0.04557327652026788,0.10993268360690212,0.29077658895893177,23,22,3,3,22,7,16,181672.70133873625,330722.5733005223,-149049.8719617861,512395.27463925857,18104.082174576244,3322.1027140880433,3222.1027140880433,1.0,1,1.0,0.30434782608695654,-0.29088845924022544,13.1468535785631,-147.9581472675903,508.642204830139
2026-05-04T16:00:00Z,0.0010261652025324,observed,0.0337368700114673,0.015600783110450989,0.017940315684324526,0.09909934403811471,0.10202233228415714,0.22728471550216667,18,13,4,4,13,6,12,110467.01584753512,734616.7527974161,-624149.736949881,845083.7686449513,29292.035611474515,106.52231396061111,6.522313960611111,1.1111111111111112,2,1.0,0.3333333333333333,-0.7385655246351178,13.647192219230824,-640.4807412277188,867.1955566083903
2026-05-04T17:00:00Z,0.0010421741832926,observed,0.015600783110450989,0.02226008720097683,-0.013206026436595963,0.06600745151426035,0.07527248076876925,0.2308491039164935,10,10,3,3,10,5,5,312629.6427001753,19927.654288835292,292701.98841134,332557.29698901053,11671.23453880505,111.62563714339998,11.6256371434,1.0,1,1.0,0.5,0.8801550621847051,12.714570452999919,305.0464557207083,346.58262938751665
2026-05-04T18:00:00Z,0.0010653730714913,observed,0.02226008720097683,-0.019521932586569757,-0.025773280413840638,0.0033426027728624685,0.07187680861316514,0.22719660178681056,14,11,4,4,11,7,7,927743.6601405978,299016.55531752517,628727.1048230727,1226760.215458123,43722.447703912134,137.15007486757142,37.15007486757143,1.0,1,1.0,0.5,0.5125101848760885,14.019888096325783,669.8289267951894,1306.9572987259494
2026-05-04T19:00:00Z,0.0010445749302101,observed,-0.019521932586569757,-0.015473975361775971,0.07972867083000823,0.039075937058904886,0.08146400044493163,0.21680602839056173,8,6,3,3,6,1,7,1109.587522970876,366718.10173843993,-365608.51421546907,367827.6892614108,12944.852808578753,109.9497108205,9.9497108205,1.0,1,1.0,0.125,-0.9939668080714702,12.815372590452396,-381.90548822084196,384.22358283958056
2026-05-04T20:00:00Z,0.0010284112034765,observed,-0.015473975361775971,0.00924115671413639,0.08027357287642234,0.04870809580814206,0.09481950931286987,0.2675793438879899,6,4,2,2,4,1,5,2837.0454646731523,372671.784430737,-369834.73896606383,375508.82989541016,13054.53101203182,102.366680825,2.366680825,1.0,1,1.0,0.16666666666666666,-0.984889593858747,12.836039927993912,-380.342188987507,386.1774876687911
2026-05-04T21:00:00Z,0.0010379149125744,observed,0.00924115671413639,0.08665699597726206,0.029886147240009375,0.0615541813585998,0.05952695627260418,0.25175428564763935,14,11,4,4,11,4,10,14178.146317101127,158718.8183085214,-144540.67199142027,172896.96462562252,5958.851798046796,345.261711109,245.261711109,1.0,1,1.0,0.2857142857142857,-0.8359931147686558,12.06045689962767,-150.02091893341998,179.45233792378212
2026-05-04T22:00:00Z,0.0011278575009781,observed,0.08665699597726206,-0.01497711882729058,-0.037650879215657795,0.002659439532829877,0.02997045695718281,0.08532747455936684,71,38,5,4,30,16,55,5244453.726863455,2611601.378845135,2632852.3480183193,7856055.10570859,303022.72794934234,461.1340092736056,361.1340092736056,2.943661971830986,10,1.0,0.22535211267605634,0.3351366955286708,15.876795270756286,2969.482269680265,8860.510679070734
2026-05-04T23:00:00Z,0.0011109654451657,observed,-0.01497711882729058,-0.037833089115774654,-0.029219891942956266,0.008691336295396423,0.04212235960095079,0.09329059798240769,17,13,3,3,13,8,9,72326.6179066136,262592.3022570518,-190265.68435043818,334918.9201636654,12593.965088658535,103.56036000352941,3.5603600035294116,1.0,1,1.0,0.47058823529411764,-0.568094762330718,12.721646737943997,-211.37860071414113,372.0833472340421
2026-05-05T00:00:00Z,0.0010689341904742,observed,-0.037833089115774654,0.015397097509621815,0.03074906309154435,0.06830588639503565,0.18788178667314082,0.13596424610913238,24,19,5,4,18,11,13,35000.19401621454,1016954.1354986285,-981953.9414824139,1051954.329514843,38656.05824214261,121.36984260341667,21.369842603416668,1.0833333333333333,2,1.0,0.4583333333333333,-0.9334568183537845,13.866161208939875,-1049.644141521454,1124.4699496357784
2026-05-05T01:00:00Z,0.0010853926744363,observed,0.015397097509621815,-0.006347490353459384,0.041887416819827106,0.040793999624325616,0.2514390590242708,0.13467743292022671,19,16,3,3,16,9,10,262234.28416400834,110058.51449781915,152175.76966618918,372292.7986618275,13661.44357566221,136.21392589857894,36.21392589857894,1.0,1,1.0,0.47368421052631576,0.4087529230035367,12.827438602891105,165.17046562238744,404.0838764129359
2026-05-05T02:00:00Z,0.0010785031549056,observed,-0.006347490353459384,0.021603794412858646,0.0390523331944137,0.04396973160505091,0.1642031238937829,0.13091156586218622,11,11,2,2,11,2,9,6.545058825629132,155655.92473831074,-155649.37967948514,155662.46979713638,5644.29042722109,134.85619217,34.85619217,1.0,1,1.0,0.18181818181818182,-0.9999159070412521,11.955451711136947,-167.8683470434243,167.88246477660925
2026-05-05T03:00:00Z,0.0011018029153378,observed,0.021603794412858646,0.02636955671595076,0.0364364370032475,-0.0019096765116607406,0.16293231834956767,0.11229015200796466,23,23,2,2,23,11,12,72529.98921945163,1803.1892729249762,70726.79994652665,74333.1784923766,2744.4939368994756,149.52726343308694,49.52726343308696,1.0,1,1.0,0.4782608695652174,0.9514835956299137,11.21632613156211,77.92699437359641,81.90051276922559
2026-05-05T04:00:00Z,0.0011308569698036,observed,0.02636955671595076,-0.009051321798173806,-0.001049458106365142,0.027238578073007558,0.11366592086966043,0.07525144581677679,24,21,4,4,20,8,16,456629.79268584424,11271.166979192863,445358.6257066514,467900.9596650371,17429.392989160195,105.34394674229168,5.343946742291666,1.0833333333333333,2,1.0,0.3333333333333333,0.9518224241845467,13.05601406505891,503.6369059425195,529.1290614150004
2026-05-05T05:00:00Z,0.0011206212194622,observed,-0.009051321798173806,0.019031826294111598,0.004732580115112572,0.03314296663668781,0.14468576656634435,0.08477558972655563,12,12,2,2,11,1,11,52691.05850395287,31194.722207722356,21496.33629623051,83885.78071167522,3128.561429875637,415.96838965875,315.96838965875,1.1666666666666667,2,1.0,0.08333333333333333,0.25625721205499435,11.337223319989862,24.089250594251386,94.00418587665618
2026-05-05T06:00:00Z,0.0011419486878525,observed,0.019031826294111598,-0.010752238864681796,-0.036998036875065976,0.11193039540539296,0.1449045188080933,0.1122296910547822,15,15,2,2,15,2,13,13135.93423661433,61.35107341703126,13074.5831631973,13197.28531003136,496.4042035146603,115.39836197173332,15.398361971733333,1.0,1,1.0,0.13333333333333333,0.9907024707012438,9.48784219938143,14.930503087431546,15.070622643005386
2026-05-05T07:00:00Z,0.0011296701827895,observed,-0.010752238864681796,-0.003315599264779423,0.028317754476361978,0.20238881034669465,0.12514704871354776,0.2950741961336809,35,28,3,3,27,18,17,1047170.0166539759,233413.33568098518,813756.6809729908,1280583.352334961,48358.17130096009,116.03850285362857,16.03850285362857,1.0571428571428572,2,1.0,0.5142857142857142,0.6354578009226979,14.062827056981536,919.2766585409354,1446.6368297094261
2026-05-05T08:00:00Z,0.001125924649162,observed,-0.003315599264779423,-0.023292696355497022,0.028276565410390253,0.11516942364208127,0.1577975484594234,0.17580841386040147,28,25,3,3,23,8,20,149954.32821328027,1276324.9938978057,-1126370.6656845254,1426279.322111086,53185.0410268631,184.6372633434643,84.63726334346428,1.2142857142857142,3,1.0,0.2857142857142857,-0.7897265621276376,14.170580439957732,-1268.2084965872175,1605.8830453549397
2026-05-05T09:00:00Z,0.0010996988281899,observed,-0.023292696355497022,0.05634367872982793,0.1546501855481035,0.16515739205356028,0.18142750237453842,0.19461607587749685,18,17,3,3,16,5,13,48521.66888538723,291493.42383195256,-242971.7549465653,340015.09271733975,12368.431992411148,106.00387545588889,6.003875455888888,1.1111111111111112,2,1.0,0.2777777777777778,-0.7145910877213671,12.73674822699383,-267.1957541979814,373.91419902813874
2026-05-05T10:00:00Z,0.001161659905665,observed,0.05634367872982793,-0.0033555212629712283,0.16927749726442554,0.08413560845697754,0.05374621886313524,0.1525813527483617,59,46,5,4,38,29,30,2115636.3953192346,638402.7450045763,1477233.6503146582,2754039.1403238107,105465.1339762194,209.97154875315255,109.97154875315253,1.4745762711864407,4,1.0,0.4915254237288136,0.5363880377317259,14.828579533445495,1716.0431028696894,3199.2568479462757
2026-05-05T11:00:00Z,0.0011577619311512,observed,-0.0033555212629712283,0.09674314023603214,0.08450339252554251,0.10796453494986769,0.04910002929123447,0.21910889986178939,33,31,3,3,31,10,23,226175.80133670525,472533.7837526883,-246357.98241598305,698709.5850893935,26713.378798069767,1317.5824170219696,1217.5824170219696,1.0,1,1.0,0.30303030303030304,-0.35258995679079425,13.456991894117204,-285.2238934764419,808.93935854695
2026-05-05T12:00:00Z,0.0012697674560165,observed,0.09674314023603214,0.06972562632031232,0.009099904574535023,0.02965484488863046,-0.04370598248619684,0.2364244655697012,93,78,5,4,76,28,65,2135075.350869061,472513.36355478445,1662561.9873142766,2607588.7144238455,102007.87828568724,127.45746045181721,27.4574604518172,1.064516129032258,3,1.0,0.3010752688172043,0.6375859728636787,14.773936871563876,2111.0671051017853,3311.0312882513017
2026-05-05T13:00:00Z,0.0013583027871684,observed,0.06972562632031232,-0.07561351273680827,-0.07281581062377507,-0.06424025320967108,-0.09330188734486333,0.1114587529022204,87,74,5,4,67,30,57,3028811.8536041533,2100068.214298686,928743.639305467,5128880.067902839,211777.63571901672,246.0679019935747,146.0679019935747,1.1149425287356323,3,1.0,0.3448275862068966,0.18108117698396942,15.450398077937775,1261.515073833539,6966.572091284878
2026-05-05T14:00:00Z,0.0012555967420704,observed,-0.07561351273680827,0.020488645570456265,0.02163307425870742,0.03822569370501672,-0.028596004724888657,0.1647130012010689,42,37,4,4,37,9,33,97282.54275962635,1251149.6239514616,-1153867.0811918352,1348432.1667110878,54739.49957142978,150.19191918440478,50.19191918440476,1.0,1,1.0,0.21428571428571427,-0.8557101422507524,14.114453859125781,-1448.79174792675,1693.0870354253723
2026-05-05T15:00:00Z,0.0012813222186981,observed,0.020488645570456265,-0.01711150382780191,0.02036957908816972,0.013963873406237726,-0.0435469593049701,0.1281056718742306,40,30,4,4,24,13,27,1339002.851990894,1048654.400726411,290348.45126448304,2387657.252717305,97892.32551448469,568.5917390557249,468.591739055725,1.25,3,1.0,0.325,0.12160390731711938,14.685823633000995,372.0299217697646,3059.3582885423475
2026-05-05T16:00:00Z,0.0012593968686482,observed,-0.01711150382780191,0.01855038039555912,0.009249033269078222,-0.028030985567474187,-0.034493715155516025,0.13229189956445753,23,20,3,3,20,7,16,66831.89894116856,197177.0777734071,-130345.17883223853,264008.97671457566,10653.826758914834,112.71735327560869,12.717353275608696,1.0,1,1.0,0.30434782608695654,-0.4937149503562403,12.483742171999921,-164.15631006471082,332.4920785693521
2026-05-05T17:00:00Z,0.0012827591596306,observed,0.01855038039555912,0.01922656576141879,0.016241270828422305,-0.05312851070751712,-0.05233766208126989,0.1369396429562706,16,14,3,3,14,10,6,111344.0479883612,140812.13433945688,-29468.08635109568,252156.18232781807,10186.53815947687,103.40265004475,3.40265004475,1.0,1,1.0,0.625,-0.11686442140365771,12.437807911445098,-37.80045768365345,323.45565253849225
2026-05-05T18:00:00Z,0.0013074222129693,observed,0.01922656576141879,-0.027823560302974837,-0.006277828948660136,-0.07124797959141549,-0.028539347357391276,0.1020546610427926,19,17,3,3,17,12,7,187319.63183673643,44824.403174124745,142495.22866261165,232144.03501086117,9456.319802757693,108.71737805110527,8.717378051105264,1.0,1,1.0,0.631578947368421,0.6138224859232106,12.355117606231904,186.30142719563818,303.5102679815228
2026-05-05T19:00:00Z,0.0012710450721853,observed,-0.027823560302974837,0.02560705916473971,-0.03693837458114568,-0.031056726082602015,0.15102661257870387,0.14049267506209007,13,12,3,3,12,4,9,13887.888119001695,244878.4263423407,-230990.538223339,258766.3144613424,10369.782585652036,103.3228452846923,3.322845284692308,1.0,1,1.0,0.3076923076923077,-0.8926607727291611,12.463684537115581,-293.5993853302052,328.903648843641
2026-05-05T20:00:00Z,0.0013035927985498,observed,0.02560705916473971,-0.003358685781380988,-0.06826113397204425,-0.06436143782133263,0.015556144012347728,0.10681740616403101,25,20,4,4,20,13,12,1520.066607229003,344856.8588203991,-343336.7922131701,346376.9254276281,13707.97438741202,103.54491889872001,3.54491889872,1.0,1,1.0,0.52,-0.9912230492527621,12.755285727969031,-447.5713698062776,451.5344655712771
2026-05-05T21:00:00Z,0.0012992144399526,observed,-0.003358685781380988,-0.0578193286983022,-0.06538059885895287,-0.05671881831254011,0.011163252486039887,0.3129555104954298,10,9,2,2,9,2,8,127257.76562891832,53153.15892636233,74104.60670255599,180410.92455528065,7213.323262035871,108.37800336810001,8.3780033681,1.0,1,1.0,0.2,0.41075454208344914,12.102997985065137,96.27777509496897,234.39247830741974
2026-05-05T22:00:00Z,0.0012240947331994,observed,-0.0578193286983022,-0.007749937205925983,0.006107240017984905,-0.006649110714517015,0.09379405792018658,0.28770608599802805,24,18,5,4,15,12,12,359545.5556049697,1052362.5772867515,-692817.0216817819,1411908.1328917213,54811.52299261088,300.6529068457083,200.65290684570832,1.25,2,1.0,0.5,-0.49069553857079007,14.160453341488433,-848.0736673115638,1728.3093092341546
2026-05-05T23:00:00Z,0.001214608075883,observed,-0.007749937205925983,-0.0002775002631650869,0.004185396029829924,0.000835222768021282,0.16205210735282494,0.30889216345803416,14,10,4,4,10,4,10,78955.9147142307,417994.8837301265,-339038.96901589574,496950.7984443572,19015.80822948821,116.1736403062143,16.173640306214285,1.0,1,1.0,0.2857142857142857,-0.6822385034438322,13.116248315354,-411.7994698057532,603.6004531070213
2026-05-06T00:00:00Z,0.0012142710218223,observed,-0.0002775002631650869,0.014246862032117003,0.009267708904649119,0.0459849683182767,0.29293338965372606,0.3104246931150618,13,12,3,3,12,6,7,443597.58228202886,37373.15696424692,406224.425317782,480970.7392462758,18786.1135180402,107.02627504684617,7.026275046846154,1.0,1,1.0,0.46153846153846156,0.8445928040328857,13.083563793196058,493.26654801979976,584.0288310112023
2026-05-06T01:00:00Z,0.0012315705735398,observed,0.014246862032117003,-0.009645311518005406,-0.012678917539917456,0.18791950319769546,0.2258311089315841,0.34639778840592217,23,19,4,4,17,11,12,462553.6438090657,19333.287205979133,443220.3566030865,481886.9310150448,19115.8491718547,111.95185035026087,11.95185035026087,1.0869565217391304,2,1.0,0.4782608695652174,0.9197600683411123,13.085466857730959,545.857148786178,593.4777640115328
2026-05-06T02:00:00Z,0.0012196916917016,observed,-0.009645311518005406,0.004782225313154864,-0.003336209902129572,0.08541501501134108,0.19899959941096457,,13,12,2,2,12,3,10,4041.153449880372,10027.975405842702,-5986.82195596233,14069.128855723075,559.0772538682623,112.53895779576922,12.53895779576923,1.0,1,1.0,0.23076923076923078,-0.425528973211941,9.551809308255772,-7.302076999383977,17.159999574804672
2026-05-06T03:00:00Z,0.0012255245321839,observed,0.004782225313154864,-0.007808036591114176,0.03638009924391272,0.07196377084205596,0.17946791308694565,,4,4,2,2,4,0,4,0.0,1860.077345500524,-1860.077345500524,1860.077345500524,72.98682253479558,102.00390144325,2.00390144325,1.0,1,1.0,0.0,-1.0,7.528910817036276,-2.2795704186704002,2.2795704186704002
2026-05-06T04:00:00Z,0.0012159555917933,observed,-0.007808036591114176,-0.0002738978243513879,0.20317445287179225,0.10111549676766529,0.17274420409064262,,16,16,2,2,16,1,15,2.6260040760343792,48036.246648902124,-48033.62064482609,48038.87265297816,1883.5616497364638,121.261857568,21.261857568,1.0,1,1.0,0.0625,-0.9998906717026852,10.779786625336497,-58.40674961715438,58.41313582583504
2026-05-06T05:00:00Z,0.0012156225442022,observed,-0.0002738978243513879,0.04482204805123868,0.08904830876293324,0.16108234494278117,0.19973074529186619,,34,34,3,3,34,10,24,24.278960070711015,72129.30744416114,-72105.02848409044,72153.58640423186,2814.2690726050396,145.95481631541176,45.95481631541176,1.0,1,1.0,0.29411764705882354,-0.9993270200060551,11.186566129807902,-87.65249817560212,87.7115262780256
2026-05-06T06:00:00Z,0.0012701092362906,observed,0.04482204805123868,0.1518747065764705,0.034334576304681175,0.23609174970505586,0.13443056910739148,,38,36,3,3,35,12,26,368558.05911417026,102408.80238196309,266149.25673220714,470966.8614961333,18727.876112877144,112.13410862528949,12.134108625289473,1.0526315789473684,2,1.0,0.3157894736842105,0.5651124919632848,13.06254513605504,338.03862920745445,598.1793607730348
2026-05-06T07:00:00Z,0.0014630067038723,observed,0.1518747065764705,-0.09510211241447908,-0.08482473664606816,0.03191428849500011,-0.009151775816037988,,208,162,5,4,115,67,141,12496515.77187026,8477241.849487912,4019273.9223823473,20973757.62135817,809831.7973913462,3763.6826215053657,3663.6826215053657,1.6730769230769231,5,1.0,0.32211538461538464,0.19163346859169417,16.858782624840643,5880.224693144489,30684.74800543975
2026-05-06T08:00:00Z,0.0013238716758575,observed,-0.09510211241447908,-0.0076697592851083796,0.06614402281352638,0.10464622547941871,0.08986333516837419,,69,56,5,4,49,31,38,374176.01024461404,3615728.5981507595,-3241552.5879061455,3989904.6083953734,171471.69408812534,178.56134148189855,78.56134148189855,1.318840579710145,4,1.0,0.4492753623188406,-0.8124386184786022,15.199278131542448,-4291.399656931525,5282.121700427946
2026-05-06T09:00:00Z,0.0013137178987793,observed,-0.0076697592851083796,0.01917431950116999,0.19505987523029833,0.10028710406923791,0.2984604684430583,,17,14,4,4,14,3,14,62704.961432983146,111965.05946225142,-49260.09802926828,174670.02089523457,7092.5881792648015,120.10183512041176,20.101835120411764,1.0,1,1.0,0.17647058823529413,-0.28201804623824955,12.070659603113864,-64.71387247667266,229.467132830224
2026-05-06T10:00:00Z,0.0013389075455049,observed,0.01917431950116999,0.05417127487719786,0.1275592007516062,0.06505103918094335,0.17728385583531026,,26,19,4,4,17,10,16,647173.5523024354,23213.59802123343,623959.9542812019,670387.1503236688,28125.375040483956,107.97126707438461,7.971267074384615,1.5384615384615385,3,1.0,0.38461538461538464,0.9307456952000773,13.415612152462277,835.4246908799937,897.5864139778879
2026-05-06T11:00:00Z,0.0014114378741876,observed,0.05417127487719786,0.11232068864996925,0.036113509846714686,0.033286528313364094,0.12636271228810325,,43,36,4,4,32,10,33,1104173.3861556917,365044.07180910575,739129.314346586,1469217.4579647975,63132.33893253676,1395.0716172186278,1295.0716172186278,1.3255813953488371,3,1.0,0.23255813953488372,0.5030768660824717,14.200241156124527,1043.2351081910838,2073.7091655891436
2026-05-06T12:00:00Z,0.001569971548203,observed,0.11232068864996925,-0.03839179530494685,-0.07930378479387656,-0.08224404104462446,0.013528387155366417,,153,123,5,4,99,65,88,5442513.565932055,2711175.665203595,2731337.90072846,8153689.231135651,380267.54195877694,4133.804234811026,4033.8042348110257,1.5359477124183007,7,1.0,0.42483660130718953,0.33498184972497874,15.913981171835394,4288.122792672192,12801.060105772167
2026-05-06T13:00:00Z,0.0015096975218898,observed,-0.03839179530494685,-0.031322613602429716,-0.055436700378123316,-0.039796003184461304,0.09835504956259622,,103,77,5,4,63,41,62,2592816.7689266596,3879206.465155295,-1286389.696228636,6472023.234081955,316600.5157915828,1331.0946782947478,1231.0946782947476,1.2135922330097086,3,1.0,0.39805825242718446,-0.1987616004612672,15.682999482163694,-1942.0593365809443,9770.797438106736
2026-05-06T14:00:00Z,0.0014624098497551,observed,-0.031322613602429716,-0.011585662764879046,-0.002728447710105497,-0.013382465779601782,,,48,41,5,4,36,22,26,428810.98279631365,1464538.3133103005,-1035727.3305139868,1893349.2961066142,83969.27677640933,12632.460117760313,12532.460117760313,1.0833333333333333,2,1.0,0.4583333333333333,-0.5470344709472272,14.453858461200332,-1514.6578498042102,2768.8526596531983
2026-05-06T15:00:00Z,0.0014454668624118,observed,-0.011585662764879046,-0.013464154876665413,-0.0031935139975454163,0.18011059444476607,,,22,18,3,3,18,6,16,126634.67517851073,143175.99417804225,-16541.318999531508,269810.669356553,11967.427307590715,102.68041937072726,2.6804193707272725,1.0,1,1.0,0.2727272727272727,-0.061307134513914514,12.50547947369797,-23.909928474405504,390.00238168004427
2026-05-06T16:00:00Z,0.0014260048727072,observed,-0.013464154876665413,0.022731246479236855,0.016558654353734825,0.10537787629471485,,,23,17,3,3,17,6,17,42510.25502881478,279417.5681220772,-236907.31309326246,321927.82315089204,14111.787478835,103.52520224008695,3.5252022400869567,1.0,1,1.0,0.2608695652173913,-0.7359019508612672,12.68208575397701,-337.8309828509625,459.0706444731938
2026-05-06T17:00:00Z,0.0014584197409493,observed,0.022731246479236855,-0.0120465985904471,-0.01068316653075374,0.0900778065176826,,,26,24,3,3,24,11,15,973215.8186045033,51612.94058365288,921602.8780208505,1024828.7591881562,46243.97706660935,135.18961130523078,35.18961130523077,1.0,1,1.0,0.4230769230769231,0.8992749957084746,13.840037068163486,1344.0838306212981,1494.6304934925834
2026-05-06T18:00:00Z,0.0014408507437537,observed,-0.0120465985904471,0.006084496111346649,0.18389136810036755,0.10435500556052246,,,6,6,2,2,6,0,6,0.0,78557.89776186043,-78557.89776186043,78557.89776186043,3528.9079257153835,144.59475098383334,44.594750983833336,1.0,1,1.0,0.0,-1.0,11.271603912403702,-113.19020541790371,113.19020541790371
2026-05-06T19:00:00Z,0.0014496175945011,observed,0.006084496111346649,-0.004675988027334266,0.08737245171302566,0.14387677327445791,,,19,15,3,3,15,3,16,13960.980113121606,708810.2058267556,-694849.2257136339,722771.1859398772,32019.386850370243,104.84751063942105,4.847510639421053,1.0,1,1.0,0.15789473684210525,-0.9613681884814845,13.490849355969036,-1007.26566311995,1047.7418279368721
2026-05-06T20:00:00Z,0.001442839199985,observed,-0.004675988027334266,0.1822597821494829,0.10184904333942946,,,,13,11,3,3,11,4,9,33573.860719423945,206521.83664223965,-172947.97592281573,240095.6973616636,10496.834349385323,116.0910408993077,16.091040899307693,1.0,1,1.0,0.3076923076923077,-0.7203293429381986,12.38879702685303,-249.53611921950048,346.41948390114334
2026-05-06T21:00:00Z,0.001705810758251,observed,0.1822597821494829,-0.0759383887371049,-0.06718214583105431,,,,37,28,5,4,19,11,26,6777221.958789098,2231398.3245944837,4545823.634194614,9008620.283383582,457374.78457753407,1925.528460865054,1825.528460865054,1.972972972972973,6,1.0,0.2972972972972973,0.504608196504785,16.013692597163512,7754.314860320832,15367.001396393887
2026-05-06T22:00:00Z,0.001576274237779,observed,-0.0759383887371049,0.008575128675671007,0.0519640914871593,,,,27,19,5,4,17,9,18,253064.79774811675,1556842.6426521419,-1303777.844904025,1809907.4404002586,90310.83227784144,119.51889256544445,19.518892565444443,1.2222222222222223,2,1.0,0.3333333333333333,-0.7203560888261205,14.408786816548302,-2055.111428709239,2852.9104710674583
2026-05-06T23:00:00Z,0.0015897909921961,observed,0.008575128675671007,0.000893034959229988,,,,,23,19,3,3,19,15,8,231819.8371932676,74254.61585882104,157565.22133444654,306074.4530520886,15241.906403451028,102.32609803695652,2.326098036956522,1.0,1,1.0,0.6521739130434783,0.5147937691736449,12.631586929140608,250.49576956088788,486.5944084035586
2026-05-07T00:00:00Z,0.00159121073113,observed,0.000893034959229988,0.042089437960388,,,,,14,13,3,3,11,4,10,621898.1713096672,251124.94179644296,370773.2295132243,873023.1131061101,44199.22029620255,905.3871986328571,805.3871986328571,1.4285714285714286,3,1.0,0.2857142857142857,0.4247003589562001,13.679718455409486,589.9783416171689,1389.1637460989623
2026-05-07T01:00:00Z,0.0016581838964798,observed,0.042089437960388,,,,,,46,38,5,4,35,18,28,1521981.281535884,232429.4489057546,1289551.8326301293,1754410.7304416385,91624.64510089261,1214.835889062652,1114.835889062652,1.173913043478261,3,1.0,0.391304347826087,0.7350341685983133,14.377644162361706,2138.3140825432947,2909.135621029688
