hour_utc,events,unique_txs,pools,dexes,active_blocks,buy_events,sell_events,buy_base,sell_base,net_buy_base,base_volume,quote_volume,gas_used_mean,effective_gas_gwei_mean,base_fee_gwei_mean,receipt_success_rate,same_block_event_count_mean,same_block_event_count_max,vwap_quote_per_base_observed,price_quote_per_base,price_fill_method,buy_event_ratio,net_flow_ratio,log_quote_volume,log_events,return_1h,fwd_1h,fwd_3h,fwd_6h,fwd_12h,fwd_24h
2026-03-09T01:00:00Z,252,177,4,3,129,84,168,592260.0971409695,3223872.70818781,-2631612.61104684,3816132.8053287794,77210.87166299995,1857622.6746031747,1908.8008825660638,100.0,1.0,3.5,10.0,0.020232752789731027,0.020232752789731027,observed,0.3333333333333333,-0.6896019466020951,11.254308502208374,5.53338948872752,,0.0015049660304975454,0.0405887479286029,0.035533937723730924,0.04306531980502748,0.05170530020633346
2026-03-09T02:00:00Z,555,432,4,3,357,337,218,3480638.925611012,1686479.333339822,1794159.5922711901,5167118.258950836,104702.36308199995,1641235.0720720722,550.4307999499127,100.0,1.0,2.073873873873874,6.0,0.020263202395383026,0.020263202395383026,observed,0.6072072072072072,0.3472263459740299,11.558886517469785,6.320768294250582,0.0015049660304975454,0.01041096161698607,0.05143918335181352,0.037589648149999544,0.04789681841805349,0.05758417988354214
2026-03-09T03:00:00Z,1413,1144,4,3,862,783,630,8608699.316818273,5695062.529490167,2913636.787328105,14303761.846308429,292857.534644,1222944.032554848,688.491945032004,100.0,1.0,2.372965322009908,10.0,0.02047416181775858,0.02047416181775858,observed,0.554140127388535,0.203697238435221,12.58744495449091,7.254177846456518,0.01041096161698607,0.028319258195647734,0.03056905892223294,0.026787483875409857,0.03840757146256868,0.04434696612518696
2026-03-09T04:00:00Z,2410,1854,4,3,1418,1480,930,15950683.867877416,7755690.895306456,8194992.972570939,23706374.763183877,499113.419058999,1315388.6029045642,425.90305414616125,100.0,1.0,2.4141078838174272,9.0,0.02105397489261516,0.02105397489261516,observed,0.6141078838174274,0.34568731214431847,13.120590645160604,7.787796878181171,0.028319258195647734,0.011947866726444767,-0.004857644496862101,-0.004875255911320098,0.011811864608361367,0.015642788375945793
2026-03-09T05:00:00Z,1289,1036,4,3,786,615,674,5960675.964614885,7371108.890864931,-1410432.9262500454,13331784.85547982,284040.6752490002,1244079.0620636153,475.94786452659645,100.0,1.0,2.573312645461598,14.0,0.02130552497869404,0.02130552497869404,observed,0.47711404189294027,-0.10579475603150836,12.556876250212028,7.162397497355718,0.011947866726444767,-0.00964478942201874,-0.013171979341367046,-0.022776386999273313,0.0039305106229421405,0.007921331454965319
2026-03-09T06:00:00Z,676,518,4,3,383,323,353,3082198.006006824,5787026.397853769,-2704828.391846946,8869224.403860595,187140.96908500002,1373353.875739645,1324.469472496593,100.0,1.0,2.71301775147929,11.0,0.021100037676748975,0.021100037676748975,observed,0.47781065088757396,-0.30496786062483533,12.139622800763433,6.517671272912275,-0.00964478942201874,-0.0070301063761349925,-0.0036694047954224374,-0.003423850763558889,0.006999906786793408,0.012799239941960527
2026-03-09T07:00:00Z,895,717,4,3,576,462,433,4779250.705057295,4761317.613472238,17933.091585052272,9540568.318529539,199891.14591699996,1368110.451396648,1023.7175127736543,100.0,1.0,2.166480446927374,7.0,0.020951702167340974,0.020951702167340974,observed,0.5162011173184358,0.0018796670162953405,12.205533229656586,6.79794041297493,-0.0070301063761349925,0.0034931231788322137,-0.000017697382048487142,0.007272945682351706,0.022527411596776847,0.024208072043491624
2026-03-09T08:00:00Z,569,463,4,3,345,273,296,2851262.3252459997,2834380.608605788,16881.716640213315,5685642.933851791,119540.01182700004,1157589.1669595782,1004.1568102685097,100.0,1.0,2.4868189806678385,8.0,0.0210248890438177,0.0210248890438177,observed,0.4797891036906854,0.0029691834039913306,11.69141478668072,6.345636360828596,0.0034931231788322137,-0.00010825010770043608,-0.00973260533430742,0.009933763589904165,0.011779227774989298,0.02439975152749474
2026-03-09T09:00:00Z,990,803,4,3,600,504,486,5777553.967248823,5818037.922236225,-40483.95498740275,11595591.889485043,243769.64192699996,1347228.0282828284,764.6723545186868,100.00225774700303,1.0,2.292929292929293,8.0,0.02102261309731432,0.02102261309731432,observed,0.509090909090909,-0.0034913228555511567,12.403983070103253,6.898714534329988,-0.00010825010770043608,-0.003390716459519161,0.00024645838745240845,0.011316935363587799,0.01431301305086885,0.03565088402122063
2026-03-09T10:00:00Z,496,397,4,3,330,208,288,1678651.2033852015,2854031.1546421973,-1175379.9512569974,4532682.3580274,94965.73011000008,1415061.8790322582,984.526250024948,100.00580053617742,1.0,1.9919354838709677,5.0,0.02095133137706315,0.02095133137706315,observed,0.41935483870967744,-0.2593122258336489,11.461281899876635,6.208590026096629,-0.003390716459519161,-0.00625589267563309,0.0072907720919792585,0.01676887306722863,0.016687503736838583,0.03583182687655162
2026-03-09T11:00:00Z,351,291,4,3,244,206,145,1640445.0281826307,2330894.0473554647,-690449.0191728355,3971339.075538094,82684.32042699998,1460044.6524216523,1020.0573525905313,100.0,1.0,2.0313390313390314,8.0,0.02082026209655662,0.02082026209655662,observed,0.5868945868945868,-0.17385798745459263,11.322797361350416,5.863631175598097,-0.00625589267563309,0.009967799594416293,0.019859655109467633,0.027329361741687208,0.021681687967689323,0.044674086131564206
2026-03-09T12:00:00Z,589,480,4,3,359,331,258,4951784.572477882,2407984.5297308643,2543800.0427470165,7359769.102208752,154759.7107520001,1394092.5789473683,1058.0902103874312,100.00859069209508,1.0,2.32088285229202,8.0,0.021027794296638317,0.021027794296638317,observed,0.5619694397283531,0.3456358490898298,11.949635401411813,6.380122536899765,0.009967799594416293,0.0036279821574407567,0.011067749236505886,0.010459569555561599,0.012285460594261943,0.03275752033573753
2026-03-09T13:00:00Z,1137,949,4,3,744,603,534,7082344.25037413,5501271.453216377,1581072.797157764,12583615.703590514,265565.66721800005,1152972.54705365,495.44568608625326,100.0044469773773,1.0,2.0325417766051013,6.0,0.021104082759156855,0.021104082759156855,observed,0.5303430079155673,0.12564534982633271,12.489621188776411,7.037027614686276,0.0036279821574407567,0.006143956285891594,0.009409498466430577,0.01514432208252292,0.008283259195043469,0.026071549985653197
2026-03-09T14:00:00Z,1220,987,4,3,761,622,598,7602526.845439667,5847597.075441676,1754929.7699979981,13450123.920881359,285596.5058730005,1270281.6786885245,393.04848209090017,100.00339977154917,1.0,2.3508196721311476,14.0,0.021233745321082954,0.021233745321082954,observed,0.5098360655737705,0.13047684767227047,12.56233877647176,7.107425474110705,0.006143956285891594,0.0012611684572101378,0.007324249561982965,0.0018273120986918023,0.00924457570175008,0.02521743806755694
2026-03-09T15:00:00Z,659,535,4,3,434,278,381,2645031.548599246,4301881.548847577,-1656850.0002483304,6946913.097446816,147695.01715599993,1109363.0698027315,349.6255924172662,100.0,1.0,2.1471927162367224,7.0,0.02126052465091034,0.02126052465091034,observed,0.4218512898330804,-0.23850161604256556,11.902911502387438,6.492239835020471,0.0012611684572101378,0.00198193333871588,-0.0006015221842488039,0.002962550692581667,0.005719714325900682,0.03436319780187147
2026-03-09T16:00:00Z,1584,1273,4,3,960,884,700,10064862.158343779,7518364.508883307,2546497.6494604694,17583226.66722706,374569.527413999,1234477.6622474748,454.22196334578473,100.00123723063635,1.0,2.404040404040404,11.0,0.021302661593514568,0.021302661593514568,observed,0.5580808080808081,0.14482538942677814,12.833535388411569,7.368339686311381,0.00198193333871588,0.004065453373298222,0.005681364822507584,-0.00008002736171941471,0.0037862016661243114,0.03689606688018787
2026-03-09T17:00:00Z,1560,1255,4,3,934,728,832,6784033.30300168,8904411.038411481,-2120377.7354098135,15688444.341413159,335564.3181020006,1100028.1807692307,354.49522272767814,100.0,1.0,2.4307692307692306,11.0,0.021389266570950152,0.021389266570950152,observed,0.4666666666666667,-0.13515538502518074,12.72357190527308,7.353081920515432,0.004065453373298222,-0.0066168980968391855,-0.005456969258589184,-0.005497432453816953,0.003975196280813442,0.020759924265155272
2026-03-09T18:00:00Z,731,575,4,3,443,357,374,3685324.983238425,3790530.067470701,-105205.08423227239,7475855.050709129,158844.99429499995,1146847.320109439,637.3877856189973,100.0,1.0,2.264021887824897,6.0,0.021247735973684047,0.021247735973684047,observed,0.4883720930232558,-0.014072649017224199,11.975690422476973,6.595780513961311,-0.0066168980968391855,0.008281061674129564,0.0035662180360931384,0.0018069906938518177,0.005759020548146809,0.023214517945359114
2026-03-09T19:00:00Z,971,773,4,3,592,504,467,5813689.112345314,4926713.350511334,886975.7618339768,10740402.462856656,230099.05053799986,1263280.263645726,570.3726885480816,100.0,1.0,2.466529351184346,16.0,0.021423689785717747,0.021423689785717747,observed,0.5190525231719877,0.08258310290525792,12.346269495658374,6.879355804460439,0.008281061674129564,-0.00705498382495251,-0.005728844528449573,-0.006758706854020802,0.0016436336352980696,0.01261233661681338
2026-03-09T20:00:00Z,390,316,4,3,246,190,200,1375220.7033219815,2523743.6031059762,-1148522.8997839945,3898964.3064279575,82940.89756399994,1317305.6051282051,636.9228579913407,100.0,1.0,2.194871794871795,7.0,0.021272546000808707,0.021272546000808707,observed,0.48717948717948717,-0.29457127829831703,11.325895612294383,5.968707559985366,-0.00705498382495251,0.0023957655152748725,-0.000040685213185343017,0.007403734669121809,0.012473594442395486,0.018666632180529774
2026-03-09T21:00:00Z,234,192,4,3,157,150,84,1387387.57364506,739562.4585935023,647825.1150515573,2126950.0322385603,45354.040352000025,1730765.6923076923,780.4299574041538,100.0,1.0,1.9316239316239316,5.0,0.021323510032939544,0.021323510032939544,observed,0.6410256410256411,0.3045793766813309,10.722276592741077,5.459585514144159,0.0023957655152748725,-0.0010576699237164755,-0.0017529758481548141,0.0027490195236252735,0.021036771386942377,0.012401897509895399
2026-03-09T22:00:00Z,298,253,4,3,208,134,164,1084958.1754779923,1367261.3758342061,-282303.20035621437,2452219.551312196,52234.622721,1393077.8825503355,345.31028111924513,100.0,1.0,1.9664429530201342,7.0,0.021300956797709637,0.021300956797709637,observed,0.44966442953020136,-0.11512150296866869,10.863519968728259,5.700443573390687,-0.0010576699237164755,-0.0013744112646205675,-0.0010357962412002042,0.0038665384567153627,0.018830095844935668,0.009831102792679403
2026-03-09T23:00:00Z,472,384,4,3,292,212,260,2018063.6835572727,3082480.3517395807,-1064416.6681823088,5100544.035296848,108497.14321099996,1428770.3262711863,2166.1136496957124,100.0,1.0,2.406779661016949,9.0,0.02127168052273967,0.02127168052273967,observed,0.4491525423728814,-0.20868688924481768,11.594488338553544,6.159095388491933,-0.0013744112646205675,0.0006793027987985756,0.007444722772440349,0.009524991733307342,0.022504463410331743,0.01268070487571582
2026-03-10T00:00:00Z,594,474,4,3,375,345,249,3292572.2421030314,2203698.803076388,1088873.4390266435,5496271.045179416,116994.3423729999,1307189.2542087543,608.5248549689436,100.0,1.0,2.1313131313131315,5.0,0.021286130434853914,0.021286130434853914,observed,0.5808080808080808,0.1981113067525401,11.669889404209725,6.38856140554563,0.0006793027987985756,-0.0003399907818596448,0.00450990111952021,0.00394490145407933,0.020223603458116912,0.01147455826571453
2026-03-10T01:00:00Z,582,478,4,3,380,295,287,2863120.727993561,2799502.2823589663,63618.44563459446,5662623.010352526,120494.35109999999,1102341.9914089348,688.6671462144068,100.0,1.0,1.9621993127147765,6.0,0.0212788933467246,0.0212788933467246,observed,0.506872852233677,0.011234801525421327,11.699366451085629,6.368187186350492,-0.0003399907818596448,0.007103233140366871,0.004907417782809231,0.008459515877260237,0.01764215623773291,0.008566287180549859
2026-03-10T02:00:00Z,1039,841,4,3,640,581,458,6732972.197290931,5349211.342889618,1383760.8544013093,12082183.540180542,258921.7041870001,1190585.1318575554,964.7940772257614,100.0,1.0,2.287776708373436,8.0,0.021430042287135385,0.021430042287135385,observed,0.559191530317613,0.11452903771900753,12.464284856707334,6.946975992135418,0.007103233140366871,-0.002235810277977479,0.0020648963797658126,0.005032599740101951,0.015826552602178356,-0.005954361454458823
2026-03-10T03:00:00Z,757,619,4,3,497,308,449,2988238.6409026464,5082457.485849385,-2094218.8449467376,8070696.126752029,172568.6639129997,1349923.21003963,568.1756484400578,100.0,1.0,2.1122853368560106,9.0,0.021382128778332316,0.021382128778332316,observed,0.40686922060766184,-0.25948428884653535,12.058556282699598,6.630683385642372,-0.002235810277977479,0.000055606624243420555,-0.0005624630128694408,0.018237616300043724,0.028480582679210498,-0.00642155824107804
2026-03-10T04:00:00Z,628,520,4,3,419,394,234,4577425.555299441,1955927.176471652,2621498.3788277926,6533352.731771096,139704.7575429999,1306611.585987261,520.2738230218562,100.0,1.0,2.038216560509554,9.0,0.021383317766332816,0.021383317766332816,observed,0.6273885350318471,0.4012485604947803,11.847293758017841,6.444131256700441,0.000055606624243420555,0.0042545005659850865,0.0035347515916324124,0.0149059230634625,0.03298497743753237,-0.005668468364563806
2026-03-10T05:00:00Z,577,463,4,3,370,247,330,2493116.5512407734,3282825.3294087835,-789708.7781680052,5775941.880649553,124034.268896,1565225.972270364,724.6821183430909,100.0,1.0,2.1299826689774695,6.0,0.02147429310387232,0.02147429310387232,observed,0.42807625649913345,-0.13672380963764058,11.728321230726248,6.359573868672378,0.0042545005659850865,-0.004851893452801903,0.0029615879880213747,0.01285700877472995,0.016718269581280865,-0.010834732951862214
2026-03-10T06:00:00Z,351,288,4,3,256,183,168,1445984.9427951209,1592792.7916772848,-146807.8488821635,3038777.734472405,64938.99051099999,1661733.1623931625,282.59266714352725,100.0,1.0,1.7407407407407407,6.0,0.02137010212175809,0.02137010212175809,observed,0.5213675213675214,-0.04831147971658164,11.081218899537332,5.863631175598097,-0.004851893452801903,0.004155355017851692,0.018810659613193392,0.01621473646657301,0.01735554644859061,-0.0028804877927469663
2026-03-10T07:00:00Z,588,486,4,3,395,336,252,2884599.0044507734,2016051.4298427186,868547.5746080582,4900650.434293491,105162.57977200007,1138776.9387755103,467.952235743952,100.0,1.0,2.061224489795918,8.0,0.021458902482841744,0.021458902482841744,observed,0.5714285714285714,0.17723108110919028,11.5632723194588,6.3784261836515865,0.004155355017851692,0.0036809258815269086,0.01133111878168136,0.00910561129713261,0.010950704036031489,-0.008325066528149905
2026-03-10T08:00:00Z,583,469,4,3,395,293,290,3072262.9607795193,2114075.360096896,958187.600682622,5186338.32087642,111702.79002700004,1340497.3704974272,1164.0641612047311,100.0,1.0,2.0051457975986278,6.0,0.021537891112379998,0.021537891112379998,observed,0.5025728987993139,0.18475223585504572,11.623605914893487,6.369900982828227,0.0036809258815269086,0.010873707414884803,0.009866201163854393,0.010739903227882985,0.006116740004014742,-0.010566667914279626
2026-03-10T09:00:00Z,841,690,4,3,545,540,301,5979038.640875142,2430979.078959116,3548059.5619160254,8410017.719834264,183103.64452099995,1226208.581450654,1836.7075204778007,100.0,1.0,2.0677764565992867,7.0,0.021772087838669664,0.021772087838669664,observed,0.6420927467300832,0.4218849091778069,12.117813096375842,6.7357800142423265,0.010873707414884803,-0.003216594723907784,-0.0025479937043511036,0.010059504987044665,-0.008456966603972105,-0.022738302234948216
2026-03-10T10:00:00Z,641,526,4,3,408,317,324,2273133.530855531,4106807.5885016294,-1833674.0576460955,6379941.119357156,138457.83852899997,1142770.2870514821,1006.744953551822,100.0,1.0,2.425897035881435,15.0,0.021702055855799342,0.021702055855799342,observed,0.49453978159126366,-0.2874123794156359,11.83832836570196,6.464588303689961,-0.003216594723907784,0.0022270896020972764,-0.0022005725357585604,0.017813527306549615,-0.008832672973596467,-0.02461843590628021
2026-03-10T11:00:00Z,442,330,4,3,265,249,193,2270767.7553113713,1455682.420257425,815085.3350539479,3726450.175568801,81051.73822,1668811.294117647,966.1179461867044,100.0,1.0,2.248868778280543,8.0,0.02175038827873993,0.02175038827873993,observed,0.5633484162895928,0.21872970163341424,11.302855310923805,6.093569770045136,0.0022270896020972764,-0.0015528726375331203,0.0008651661606475791,0.0038122467170582652,-0.009607545870118805,-0.032114049428110025
2026-03-10T12:00:00Z,519,412,4,3,350,273,246,2367601.069795888,2625897.0190355578,-258295.9492396709,4993498.088831452,108441.86399300008,1252508.7976878614,1161.6765811513894,100.0,1.0,2.0289017341040463,8.0,0.021716612695926153,0.021716612695926153,observed,0.5260115606936416,-0.05172645400974125,11.593978714117771,6.253828811575473,-0.0015528726375331203,-0.0028694064348382398,0.012639704579088251,0.0011226072020802391,-0.008575615348191179,-0.02642206662543034
2026-03-10T13:00:00Z,1388,1118,4,3,779,663,725,8024416.824397278,8516292.306869566,-491875.4824722828,16540709.13126685,358177.45967399963,1393020.6246397696,784.204114218156,100.0,1.0,3.2002881844380404,20.0,0.021654298907713573,0.021654298907713573,observed,0.4776657060518732,-0.029737266919378454,12.788786631887115,7.236339342754344,-0.0028694064348382398,0.005306432290224539,0.02005823945316454,0.0018284436418178895,-0.008918527010257637,-0.01523743419296164
2026-03-10T14:00:00Z,1503,1218,4,3,953,883,620,9702697.876322761,5202544.145415799,4500153.7309069745,14905242.021738544,324475.2837329996,1266889.4504324684,545.7948763101555,100.0,1.0,2.30938123752495,10.0,0.02176920597865964,0.02176920597865964,observed,0.5874916833000665,0.30191752165739594,12.689967726886833,7.315883504509785,0.005306432290224539,0.010193219101285678,0.002944533046060238,-0.004574038493091903,-0.021441567953547125,-0.012165231375582009
2026-03-10T15:00:00Z,1411,1139,4,3,927,757,654,6752605.22758405,7122580.042423433,-369974.81483938626,13875185.270007512,305130.64596700063,1228139.0120481928,529.6127190512669,100.0,1.0,2.1424521615875265,11.0,0.021991104264861137,0.021991104264861137,observed,0.5364989369241673,-0.026664495474458337,12.628498588587103,7.252762418053187,0.010193219101285678,0.004435509666043114,-0.011373341697869854,-0.018332060140609507,-0.03393563428233903,-0.028773152936760638
2026-03-10T16:00:00Z,1018,821,4,3,627,458,560,4301476.3170039,5725251.698805916,-1423775.3818020213,10026728.015809825,221476.84588399963,1366880.094302554,627.8296443757699,100.0,1.0,2.4282907662082516,12.0,0.02208864602039489,0.02208864602039489,observed,0.449901768172888,-0.14199800568610793,12.30807784488274,6.926577033222725,0.004435509666043114,-0.011559780310157253,-0.01787132842642336,-0.02617984489817138,-0.03741917515391335,-0.029339285765870526
2026-03-10T17:00:00Z,893,733,4,3,596,406,487,2917077.6809917786,4345909.992920787,-1428832.3119290075,7262987.673912564,158575.033267,1302910.6125419934,206.1142816221519,100.0,1.0,2.0884658454647256,7.0,0.021833306125050297,0.021833306125050297,observed,0.45464725643896975,-0.19672789987805347,11.973989462432312,6.795705775173514,-0.011559780310157253,-0.004228136718194664,-0.007496497853492823,-0.013368827319118815,-0.027099938456393025,-0.015384865144964954
2026-03-10T18:00:00Z,1335,1096,4,3,885,651,684,5477345.016771115,6322624.52902633,-845279.5122552222,11799969.545797434,256543.042572,1095328.734082397,326.52598982951594,100.0,1.0,2.0711610486891385,7.0,0.021740991921743388,0.021740991921743388,observed,0.48764044943820223,-0.07163404184854603,12.455055634786907,7.197435354096591,-0.004228136718194664,-0.0021663845441605156,-0.007038772811053362,-0.009687347464239049,-0.019890818221788842,-0.011992892571284441
2026-03-10T19:00:00Z,897,753,4,3,603,430,467,4190006.5826831018,4739075.288509119,-549068.7058260193,8929081.871192224,193706.54288799985,1061837.5239687848,567.1085756752123,100.0,1.0,1.9743589743589745,6.0,0.021693892572869404,0.021693892572869404,observed,0.4793756967670011,-0.06149217957083272,12.174104789721053,6.8001700683022,-0.0021663845441605156,-0.0011182769638372614,-0.008459702595217,-0.010727356285681444,-0.019066973777481344,-0.007589642333451052
2026-03-10T20:00:00Z,293,251,4,3,215,135,158,1336680.1594417198,1358725.3422649323,-22045.182823211086,2695405.5017066514,58408.44744899999,1237675.9965870308,218.88951247116708,100.0,1.0,1.7167235494880546,5.0,0.021669632792549205,0.021669632792549205,observed,0.46075085324232085,-0.008178800113471878,10.975232927119725,5.683579767338681,-0.0011182769638372614,-0.003768904365467507,-0.005916683873584017,-0.01694503671063663,-0.016581980256314743,-0.010476438201637905
2026-03-10T21:00:00Z,538,441,4,3,354,211,327,1700914.3498355278,3479386.307539745,-1778471.9577042176,5180300.657375272,111832.13383800001,1533115.1394052044,308.20493415773416,100.0,1.0,2.029739776951673,6.0,0.02158796201891929,0.02158796201891929,observed,0.39219330855018586,-0.3433144281253599,11.624763162861282,6.289715570908998,-0.003768904365467507,-0.0035942867270631895,-0.0026673495204678765,-0.015894961532475604,-0.014403142526313473,-0.0020856052262359093
2026-03-10T22:00:00Z,555,443,4,3,377,281,274,2273196.4134957725,2245936.5667797574,27259.846716015458,4519132.980275527,97208.21658099993,1325350.792792793,364.9008678305346,100.0,1.0,1.9477477477477478,6.0,0.021510368693570342,0.021510368693570342,observed,0.5063063063063064,0.006032096606803868,11.484620806745504,6.320768294250582,-0.0035942867270631895,0.0014435704255493231,-0.0022870010390900752,-0.011541484530649071,-0.015926435932914096,-0.001763567549293854
2026-03-10T23:00:00Z,376,313,4,3,270,210,166,1694154.5080683308,1250703.3744897626,443451.1335785691,2944857.8825580953,63436.421741999984,1679252.7526595744,267.6387668849469,100.0,1.0,1.7446808510638299,4.0,0.02154142042565904,0.02154142042565904,observed,0.5585106382978723,0.15058490129695445,11.057809214593837,5.932245187448011,0.0014435704255493231,-0.0005125496211774161,-0.011093992483473203,-0.013917167344271064,-0.022724833437634095,-0.00294408143928504
2026-03-11T00:00:00Z,671,536,4,3,423,347,324,3503633.687580092,3625369.3184828507,-121735.63090275592,7129003.00606294,153490.1393129999,1230247.3189269747,767.5551814297824,100.0,1.0,2.2757078986587183,7.0,0.021530379378780246,0.021530379378780246,observed,0.5171385991058122,-0.01707610879098024,11.941398119997997,6.51025834052315,-0.0005125496211774161,-0.0032142917477578914,-0.013262989039462103,-0.01030328223255872,-0.018000819380196043,0.00042357397711900724
2026-03-11T01:00:00Z,257,209,4,3,179,121,136,800687.488719907,1727822.8714262545,-927135.3827063481,2528510.36014616,54264.80195799997,1143690.1245136186,872.5487734572364,100.0,1.0,1.7626459143968871,4.0,0.021461174458016936,0.021461174458016936,observed,0.4708171206225681,-0.36667256631400763,10.901649509320622,5.552959584921617,-0.0032142917477578914,-0.0073963514417170195,-0.009275697020282636,-0.008430049637770387,-0.006375769656597474,0.0022379677510417917
2026-03-11T02:00:00Z,393,317,4,3,248,121,272,910063.1165763306,2927216.4049148527,-2017153.2883385182,3837279.5214911853,81743.41703599998,1711783.75826972,564.4927218519742,100.0,1.0,2.3944020356234095,9.0,0.021302440069373443,0.021302440069373443,observed,0.30788804071246817,-0.5256727525428334,11.311352793289803,5.976350909297934,-0.0073963514417170195,-0.0027047547662043536,-0.002854846506482156,0.0003693145021179678,0.009479593935505237,0.003899102896852691
2026-03-11T03:00:00Z,297,231,4,3,194,113,184,1069059.5303429472,1876584.227618507,-807524.6972755592,2945643.757961454,62579.677882,1913698.3804713804,2453.0719357550906,100.0,1.0,2.1582491582491583,6.0,0.021244822193064023,0.021244822193064023,observed,0.38047138047138046,-0.2741420088878671,11.04421184941093,5.697093486505405,-0.0027047547662043536,0.0008136059141301555,0.0029994889965891947,0.0015159144073535469,0.005343827522034106,0.008611207347782646
2026-03-11T04:00:00Z,364,306,4,3,257,250,114,2414672.5889787883,1060129.213942946,1354543.3750358422,3474801.8029217334,73881.60810599997,1313478.0824175824,268.7160531826681,100.0,1.0,1.879120879120879,6.0,0.021262107106044943,0.021262107106044943,observed,0.6868131868131868,0.38981888805770026,11.210232735612113,5.8998973535824915,0.0008136059141301555,-0.0009633209531370035,0.000853564790899819,-0.004436151172396929,0.008393985397885606,0.0027745714959905854
2026-03-11T05:00:00Z,310,249,4,3,234,128,182,886296.7649201927,1727741.3974428761,-841444.6325226839,2614038.162363067,55526.41804799999,2115232.877419355,428.85345408231643,100.0,1.0,1.5612903225806452,3.0,0.021241624872761846,0.021241624872761846,observed,0.4129032258064516,-0.321894547921223,10.924632196630254,5.739792912179234,-0.0009633209531370035,0.0031504619399704836,0.0032333918460158984,-0.008931973868404275,0.012041394357444002,0.010186965086425248
2026-03-11T06:00:00Z,387,328,4,3,282,228,159,1804578.3468044878,1203396.935139555,601181.4116649304,3007975.28194404,64095.57907099998,1163887.904392765,269.26889239547313,100.0,1.0,1.7338501291989663,4.0,0.02130854580346661,0.02130854580346661,observed,0.5891472868217055,0.19986248400166032,11.06814627285746,5.961005339623274,0.0031504619399704836,-0.0013276415798868513,-0.0014791379312862896,-0.007777672704625482,0.008058210041635538,0.011305030434810126
2026-03-11T07:00:00Z,309,249,4,3,214,148,161,1070820.9515070887,1140623.2461572664,-69802.29465017735,2211444.197664354,47060.09797500003,1317239.359223301,386.90262305967656,100.0,1.0,1.8284789644012944,4.0,0.021280255692051005,0.021280255692051005,observed,0.47896440129449835,-0.03156412208994465,10.759201993394647,5.736572297479192,-0.0013276415798868513,0.0014121859156881467,-0.005285204698653345,0.0020717448934615135,0.011700423104550328,0.019213368966069844
2026-03-11T08:00:00Z,258,210,4,3,185,151,107,1115551.2517103557,794245.9088129408,321305.3428974147,1909797.1605232966,40698.36450399998,1084158.546511628,446.2915769251321,100.0,1.0,1.7906976744186047,5.0,0.021310307369421563,0.021310307369421563,observed,0.5852713178294574,0.1682405595416086,10.61396775715645,5.556828061699537,0.0014121859156881467,-0.0015616782872481805,-0.012126157096939427,0.009106916117195496,0.006208491132049909,0.01854095310282533
2026-03-11T09:00:00Z,282,228,4,3,202,105,177,772527.8467654166,1624122.397157263,-851594.5503918465,2396650.2439226797,50993.59320800002,1233690.5319148935,414.2981141882056,100.0,1.0,1.801418439716312,5.0,0.021277027525108152,0.021277027525108152,observed,0.3723404255319149,-0.35532700382597854,10.839474890557009,5.645446897643238,-0.0015616782872481805,-0.005134285806624339,-0.006307864975690136,0.003822119109256228,0.01249754116673052,0.01915672547283287
2026-03-11T10:00:00Z,338,269,4,3,220,136,202,1090544.9840326002,2070155.0482232796,-979610.0641906782,3160700.0322558824,66905.01931599998,1682139.5118343194,263.3537777673551,100.0,1.0,2.2071005917159763,8.0,0.021167785184678833,0.021167785184678833,observed,0.40236686390532544,-0.3099345253246011,11.111044216896929,5.82600010738045,-0.005134285806624339,-0.0054748264493359455,0.007396039173104052,0.012887306610612326,0.014392082970999143,0.028128374770700626
2026-03-11T11:00:00Z,371,300,4,3,265,147,224,1289359.3247742942,2721341.1175653352,-1431981.792791041,4010700.4423396294,84432.845529,2125432.3746630726,471.5227268977274,100.0,1.0,1.743935309973046,5.0,0.02105189523447589,0.02105189523447589,observed,0.39622641509433965,-0.3570403258428593,11.34372361357645,5.918893854273146,-0.0054748264493359455,0.00431883556835011,0.021493709309821973,0.02116239014158583,0.02024071896549806,0.04012860456304068
2026-03-11T12:00:00Z,585,475,4,3,393,346,239,3635546.932817011,2205425.826631442,1430121.1061855645,5840972.759448456,123494.60593800012,1729074.1606837607,242.97819751521536,100.0,1.0,2.0974358974358975,11.0,0.021142814908395726,0.021142814908395726,observed,0.5914529914529915,0.2448429679580643,11.723960854967814,6.373319789577012,0.00431883556835011,0.00858580304956269,0.010194288278933206,0.015960014515523868,0.018762127016935137,0.03359880242505375
2026-03-11T13:00:00Z,1016,832,4,3,658,588,428,7007864.062055268,4134474.2622455335,2873389.7998097283,11142338.32430081,237603.04372700007,1694884.3622047245,639.5932286110242,100.0,1.0,2.1003937007874014,7.0,0.021324342953112568,0.021324342953112568,observed,0.5787401574803149,0.25788032244031106,12.378360885378836,6.92461239604856,0.00858580304956269,0.008442726622331698,0.005450951983110519,0.009608771288239781,0.008669009012252538,0.019024892134918092
2026-03-11T14:00:00Z,1223,997,4,3,737,636,587,8335661.934560849,6284828.9391643135,2050832.995396532,14620490.873725165,314404.57035099954,1243675.5167620606,999.2191720053032,100.0,1.0,2.383483237939493,10.0,0.02150437855106654,0.02150437855106654,observed,0.5200327064595257,0.1402711450052702,12.658439056781635,7.1098794630722715,0.008442726622331698,-0.006790602765838094,-0.00032434773236145187,-0.0028722674860837127,-0.005528087018477401,0.00001852324770990066
2026-03-11T15:00:00Z,1180,967,4,3,718,540,640,5510193.616592158,7908860.423462423,-2398666.8068702654,13419054.040054575,286608.86437799997,1351559.9788135593,489.36235773683893,100.0,1.0,2.272881355932203,9.0,0.02135835085860004,0.02135835085860004,observed,0.4576271186440678,-0.17875081206994753,12.565877212409163,7.074116816197362,-0.006790602765838094,0.0038500193467987387,0.005707541909006242,0.008642389814215612,0.0032500123204635134,0.0042789398669234036
2026-03-11T16:00:00Z,1009,830,4,3,635,548,461,6447580.587438714,5046867.535185616,1400713.0522530982,11494448.12262434,246447.6451340004,1019192.1337958374,654.7665596623377,100.0,1.0,2.1139742319127848,5.0,0.021440580922621365,0.021440580922621365,observed,0.5431119920713577,0.12185996555120354,12.414908914589503,6.917705609835305,0.0038500193467987387,0.002650242184732088,0.004135278102754381,0.001485630583546449,-0.0055726372660560575,0.0031083932917297386
2026-03-11T17:00:00Z,1019,845,4,3,648,506,513,6162908.304698156,6656417.057293633,-493508.7525954693,12819325.361991802,275582.211887,1235663.9322865554,695.7973136558418,100.0,1.0,2.169774288518155,9.0,0.02149740365464766,0.02149740365464766,observed,0.49656526005888124,-0.03849724838552584,12.526644901487595,6.927557906278317,0.002650242184732088,-0.0007977295161034625,-0.0025487464338485033,-0.0009025706244037979,-0.0018323650409536318,-0.001852125896302348
2026-03-11T18:00:00Z,801,658,4,3,485,430,371,5556614.654772117,4558709.920684735,997904.7340873784,10115324.575456847,217279.74664800023,1277726.734082397,822.2015201903372,100.0,1.0,2.3707865168539324,7.0,0.021480254541232757,0.021480254541232757,observed,0.5368289637952559,0.09865276458934677,12.288945559686772,6.687108607866515,-0.0007977295161034625,0.002280659481675107,0.0029181922009242633,0.0027580932924289314,0.003220865978603049,-0.00081933282344826
2026-03-11T19:00:00Z,425,359,4,3,297,217,208,2514054.4426953928,2063013.515134205,451040.9275611891,4577067.957829599,98540.8114379999,1314095.08,900.7320822073917,100.0,1.0,1.988235294117647,7.0,0.021529243687421016,0.021529243687421016,observed,0.5105882352941177,0.09854363791772676,11.49823621869741,6.054439346269371,0.002280659481675107,-0.004023897213154659,-0.002638735613606058,-0.0009308182562521861,0.007426057842760292,-0.004767324573842435
2026-03-11T20:00:00Z,278,231,4,3,191,105,173,944198.6445491897,2152220.850481961,-1208022.2059327704,3096419.495031151,66395.32251399998,1475928.2410071942,401.7032040219893,100.0,1.0,1.8633093525179856,5.0,0.021442612223745876,0.021442612223745876,observed,0.3776978417266187,-0.39013518932796193,11.103396950105482,5.631211781821365,-0.004023897213154659,0.00467880628144135,0.0016503822152302838,-0.0026634697298989485,0.012256368416152519,-0.006214818347475615
2026-03-11T21:00:00Z,479,385,4,3,290,331,148,4488314.404565832,1778268.9785803775,2710045.425985449,6266583.383146204,135000.617624,1689604.9164926931,1067.1031202978506,100.0,1.0,2.511482254697286,9.0,0.02154293805250885,0.02154293805250885,observed,0.6910229645093946,0.4324598046958153,11.813042039748778,6.173786103901937,0.00467880628144135,-0.003272735917820735,-0.0001596330685197378,-0.00534617377596569,0.006576988126241412,-0.010488771859753054
2026-03-11T22:00:00Z,585,484,4,3,370,248,337,2081027.531554047,4778376.043745935,-2697348.5121918875,6859403.57529998,147288.08852900003,1747932.2461538462,604.8551425138255,100.0,1.0,2.1623931623931623,7.0,0.021472433705369016,0.021472433705369016,observed,0.4239316239316239,-0.3932336802436829,11.90015252318961,6.373319789577012,-0.003272735917820735,0.00025926377584362115,0.0017124360232745328,-0.007047797426199542,0.013541402806960035,-0.009778737964452833
2026-03-11T23:00:00Z,422,348,4,3,260,198,224,2363913.241883377,2654457.380546849,-290544.1386634709,5018370.62243023,107784.56788999995,1358400.8033175354,767.4170422250706,100.0,1.0,2.4218009478672986,7.0,0.021478000729608024,0.021478000729608024,observed,0.46919431279620855,-0.05789611021650092,11.587899049923069,6.0473721790462776,0.00025926377584362115,0.002863318535500037,-0.004306744171143628,-0.0009306343798031191,0.019493326651095266,-0.009944990860300873
2026-03-12T00:00:00Z,639,520,4,3,393,394,245,5093310.933178157,2670016.720961706,2423294.212216449,7763327.654139863,167218.18892000025,1549903.7871674492,601.7354804337565,100.0,1.0,2.4021909233176837,9.0,0.021539499087202596,0.021539499087202596,observed,0.6165884194053208,0.3121463269586729,12.027060739315537,6.461468176353717,0.002863318535500037,-0.001406495700131405,-0.005187368783042268,0.0004614998265979331,0.014563434402064201,-0.006505118241983743
2026-03-12T01:00:00Z,626,504,4,3,384,243,383,2890925.3314054655,4445960.732014364,-1555035.4006088928,7336886.063419832,157810.57814099977,1230001.9904153354,938.1303911673621,100.0,1.0,2.297124600638978,7.0,0.021509203874353462,0.021509203874353462,observed,0.38817891373801916,-0.2119476010895101,11.96915705695198,6.440946540632921,-0.001406495700131405,-0.00575118446587386,-0.008745257755061409,0.008364662079183294,0.010266879452166977,0.002881228334432162
2026-03-12T02:00:00Z,549,448,4,3,341,220,329,2032479.787838154,4184363.7086439156,-2151883.9208057593,6216843.4964820715,132950.30954800005,1521858.4590163934,696.4367260204375,100.0,1.0,2.242258652094718,7.0,0.021385500475157967,0.021385500475157967,observed,0.4007285974499089,-0.3461377018777209,11.7977382465512,6.309918278226516,-0.00575118446587386,0.00197635247893313,0.00339071272359881,0.01495968280838067,0.005577442855633885,0.015538025012115098
2026-03-12T03:00:00Z,524,447,4,3,348,278,246,3430769.9243300674,2645066.3487016005,785703.575628466,6075836.273031669,130191.59646699998,1253001.8015267176,783.5886832696731,100.0,1.0,2.217557251908397,11.0,0.021427765762035273,0.021427765762035273,observed,0.5305343511450382,0.12931612050112443,11.7767701443672,6.263398262591624,0.00197635247893313,-0.004977906742763771,0.005678324171185967,0.011987247812106139,0.0010255943521795263,0.020207222879228492
2026-03-12T04:00:00Z,427,352,4,3,288,243,184,2390855.1704511,2672051.3298060354,-281196.15935493616,5062906.50025714,107946.73751599994,1813109.992974239,823.3938673896126,100.0,1.0,2.1147540983606556,9.0,0.021321100342366076,0.021321100342366076,observed,0.5690866510538641,-0.055540460670299656,11.589402477094323,6.059123195581797,-0.004977906742763771,0.006421442568866231,0.01726087059668946,0.02073533869988009,0.008729677886094578,0.02903103350623959
2026-03-12T05:00:00Z,833,670,4,3,496,445,388,6246541.898988646,5017058.516114452,1229483.382874193,11263600.415103097,241694.47921999972,1493327.8103241296,832.3477420161499,100.0,1.0,2.531812725090036,10.0,0.021458012563719615,0.021458012563719615,observed,0.5342136854741897,0.10915545097157456,12.395433862420663,6.726233402358747,0.006421442568866231,0.004260739353434628,0.011529875588920824,0.02044298597647387,-0.000019797130919263495,0.017067063993573273
2026-03-12T06:00:00Z,636,507,4,3,378,348,288,5055126.0379461665,3426760.0336432797,1628366.0043028847,8481886.071589448,182779.891274,1535799.501572327,1014.4912775236916,100.0,1.0,2.5125786163522013,9.0,0.02154943956229635,0.02154943956229635,observed,0.5471698113207547,0.19198159354641509,12.116043399026143,6.456769655572163,0.004260739353434628,0.0064819102907311965,0.00627330179967811,0.014095429537178905,-0.004027227641552611,0.011323968693093267
2026-03-12T07:00:00Z,756,617,4,3,484,434,322,5244103.423668492,3815700.6435431475,1428402.7801253519,9059804.06721164,196499.18752299994,1644071.8055555555,730.5184740098367,100.0,1.0,2.251322751322751,8.0,0.021689121096354687,0.021689121096354687,observed,0.5740740740740741,0.15766376066507753,12.18841866460652,6.6293632534374485,0.0064819102907311965,0.0007515142055642965,0.0034155133689086625,0.0018864379569407674,-0.012103501117206483,0.008168166868568472
2026-03-12T08:00:00Z,638,492,4,3,403,404,234,4189638.8934696782,2938314.354685634,1251324.5387840518,7127953.248155308,154715.22454399988,1756743.6724137932,658.776858641725,100.0,1.0,2.2163009404388716,8.0,0.021705420778964802,0.021705420778964802,observed,0.6332288401253918,0.17555173206388394,11.949347908527963,6.459904454377535,0.0007515142055642965,-0.0009580592282458777,0.008811514719091917,-0.009243953342842337,-0.018247538212606718,0.00900450578663059
2026-03-12T09:00:00Z,842,691,4,3,496,347,495,4696042.401154466,6661050.354279536,-1965007.9531250729,11357092.755434008,246274.30544499983,1340020.3087885985,899.0817897369667,100.0,1.0,2.5415676959619953,12.0,0.021684625700284555,0.021684625700284555,observed,0.41211401425178146,-0.1730203314739046,12.414205316982983,6.736966958001855,-0.0009580592282458777,0.003623529417599247,0.007773363084871088,-0.010831809870752385,-0.01695425207143142,0.01563256471844343
2026-03-12T10:00:00Z,647,537,4,3,428,410,237,4820696.290624239,2028674.330393969,2792021.960230267,6849370.621018212,149064.22666800016,1311049.28748068,880.4351039381045,100.0,1.0,2.017001545595054,6.0,0.021763200579419165,0.021763200579419165,observed,0.633693972179289,0.40763190002634303,11.912139252009869,6.473890696352274,0.003623529417599247,0.006133189543352069,-0.001523870611521816,-0.011761776396492007,-0.023008572424203733,0.021719873692678027
2026-03-12T11:00:00Z,468,377,4,3,321,234,234,2056265.540246164,2072048.5833096053,-15783.043063441006,4128314.1235557697,90396.36675400005,1470298.8183760685,495.60359152361667,100.0,1.0,1.9102564102564104,5.0,0.021896678413642734,0.021896678413642734,observed,0.5,-0.0038231206713133714,11.411970417128583,6.150602768446279,0.006133189543352069,-0.0019861571517277854,-0.01789776167152679,-0.02005284311676858,-0.02887543914396884,0.018942432521661834
2026-03-12T12:00:00Z,655,495,4,3,391,280,375,3223704.5372017296,4038143.380054319,-814438.8428525944,7261847.917256058,158694.52899199974,1341499.8396946564,5728.595997452666,100.0,1.0,3.268702290076336,22.0,0.021853188169212393,0.021853188169212393,observed,0.42748091603053434,-0.11215311200848394,11.974742733414427,6.486160788944089,-0.0019861571517277854,-0.005635419903735617,-0.018461663740219958,-0.017870761124525125,-0.02076612652265042,0.028501291390361505
2026-03-12T13:00:00Z,1293,1021,4,3,751,602,691,6859245.794222789,9311154.496940728,-2451908.7027179417,16170400.291163493,351383.3849510003,1492268.8878576953,1975.6927273272536,100.0,1.0,2.8468677494199537,16.0,0.021730036277643534,0.021730036277643534,observed,0.46558391337973704,-0.15162943764959338,12.769636017068798,7.165493475060845,-0.005635419903735617,-0.010366268733660422,-0.0102535308392806,-0.013963597613593559,-0.007310594129087744,0.04200486839548723
2026-03-12T14:00:00Z,1106,863,4,3,664,513,593,4726461.685100816,6329234.37510955,-1602772.6900087378,11055696.06021035,237750.2770500001,1555584.2703435805,579.4757274055955,100.0,1.0,2.376130198915009,7.0,0.02150477688199729,0.02150477688199729,observed,0.4638336347197107,-0.14497257172048583,12.37898035179174,7.009408932708637,-0.010366268733660422,-0.0025591953229109343,-0.0021943554969487966,-0.009087590128914913,0.009905335712578456,0.05320184471310063
2026-03-12T15:00:00Z,1248,1012,4,3,764,621,627,7154080.535547225,6901051.997898146,253028.5376490806,14055132.533445373,301478.9660219999,1426092.7788461538,764.2785405415267,100.0,1.0,2.3205128205128207,8.0,0.02144974195758064,0.02144974195758064,observed,0.49759615384615385,0.01800257215981264,12.616458845253407,7.130098510125578,-0.0025591953229109343,0.002679972703870881,0.0006020168483145127,-0.006189485531150174,0.01916197611257142,0.042822040893516045
2026-03-12T16:00:00Z,835,691,4,3,553,396,439,4022394.3301867982,4226542.290850896,-204147.96066410054,8248936.621037699,177411.74978199974,1391410.5041916168,616.5084403817378,100.0,1.0,1.9796407185628742,6.0,0.02150722668053203,0.02150722668053203,observed,0.474251497005988,-0.02474839728353,12.0862342165231,6.728628613084702,0.002679972703870881,-0.00230801137839598,-0.003748502156778577,-0.011380652720253459,0.02012566504704094,0.030345624433668394
2026-03-12T17:00:00Z,719,592,4,3,485,332,387,2976535.2155416934,3296453.529074976,-319918.31353328255,6272988.744616685,134603.20648400005,1274398.4631432546,1027.0848337374296,100.0,1.0,1.984700973574409,5.0,0.021457587756635622,0.021457587756635622,observed,0.4617524339360223,-0.05099934442060462,11.810093947442924,6.579251212010101,-0.00230801137839598,0.00023615455068615177,-0.0069083941045444686,-0.009003134470292218,0.017087199402016084,0.02550213929850842
2026-03-12T18:00:00Z,490,405,4,3,335,225,265,1796192.412913955,2187417.018888329,-391224.605974375,3983609.431802289,85498.83514300002,1127614.8346938775,602.1373491252951,100.0,1.0,2.0408163265306123,7.0,0.0214626550636311,0.0214626550636311,observed,0.45918367346938777,-0.09820857508045781,11.356269726770947,6.19644412779452,0.00023615455068615177,-0.0016795810485933371,-0.006787416240531252,-0.0029480492826386984,0.015413269077923175,0.0219120035733964
2026-03-12T19:00:00Z,390,324,4,3,269,212,178,1686577.271836176,1955817.7186974336,-269240.4468612562,3642394.990533609,78044.165254,1605388.9743589743,530.7685821294556,100.0,1.0,1.9435897435897436,6.0,0.02142660679493373,0.02142660679493373,observed,0.5435897435897435,-0.07391851997408239,11.26504297980971,5.968707559985366,-0.0016795810485933371,-0.005472472247986637,-0.007660867341226285,0.006747218934721078,0.020520032218658724,0.018946911799033517
2026-03-12T20:00:00Z,368,291,4,3,211,138,230,1431305.049225247,3495754.6008019396,-2064449.5515766898,4927059.65002718,104992.43995200006,1501507.1494565217,614.0720478040804,100.0,1.0,2.842391304347826,9.0,0.021309350283879935,0.021309350283879935,observed,0.375,-0.4190023458646987,11.561653150540295,5.910796644040527,-0.005472472247986637,0.0003580027596208346,-0.0021093123265893965,0.019167108669033928,0.027758569557973622,0.02771782117723709
2026-03-12T21:00:00Z,324,254,4,3,200,221,103,2033309.68678322,928017.7628625326,1105291.9239206882,2961327.4496457507,63126.55532299999,1489042.2901234569,227.31489882348137,100.0,1.0,2.240740740740741,7.0,0.02131697909008729,0.02131697909008729,observed,0.6820987654320988,0.3732420486133369,11.05291264612271,5.783825182329737,0.0003580027596208346,-0.0025575240821771317,0.003865604424140523,0.025509351405152758,0.033148830416631414,0.029623196479196867
2026-03-12T22:00:00Z,352,294,4,3,243,114,238,1053971.5362143302,2600854.7854428333,-1546883.2492285017,3654826.321657164,77710.59994299988,1436594.5255681819,357.63293477744634,100.0,1.0,1.9147727272727273,6.0,0.021262460402705127,0.021262460402705127,observed,0.32386363636363635,-0.42324398291164683,11.260759816628584,5.8664680569332965,-0.0025575240821771317,0.00009132555276436527,0.01451931683611396,0.03186900787849867,0.045781820448380195,0.02410116110167948
2026-03-12T23:00:00Z,542,445,4,3,342,285,257,2782342.021868327,2426687.5516467085,355654.47022161895,5209029.573515033,110766.89996799988,1461709.164206642,471.71839453179064,100.0,1.0,2.132841328413284,5.0,0.021264402208654536,0.021264402208654536,observed,0.525830258302583,0.06827653120456843,11.615192299840697,6.297109319933935,0.00009132555276436527,0.006347692673804417,0.021321394475811273,0.026327362658571607,0.04923968931800071,0.0290541129923092
2026-03-13T00:00:00Z,1454,1169,4,3,886,791,663,10330500.04580408,8360547.225044123,1969952.8207599584,18691047.270848155,399976.8623750003,1467089.296423659,615.3435259124353,100.0,1.0,2.281980742778542,9.0,0.021399382098767242,0.021399382098767242,observed,0.5440165061898212,0.10539552932555216,12.899164480496081,7.282761179605593,0.006347692673804417,0.008028021671241836,0.021560402991820826,0.018415608481936463,0.05031220758127852,0.02906261351341599
2026-03-13T01:00:00Z,1042,863,4,3,596,610,432,7929353.554643138,4607517.714838776,3321835.8398043565,12536871.2694819,270435.0666980001,1425068.2428023033,857.989455878222,100.0,1.0,2.9942418426103647,16.0,0.02157117680200733,0.02157117680200733,observed,0.5854126679462572,0.2649652986300174,12.507790997015134,6.949856455000773,0.008028021671241836,0.006796667412998891,0.017101390534870697,0.013680507901984829,0.04967864291984592,0.019226584714903572
2026-03-13T02:00:00Z,616,520,4,3,439,328,288,3320505.0642813663,2417417.39234968,903087.6719316897,5737922.456631046,124614.98873199995,1362144.0194805195,454.081798799057,100.0,1.0,1.8116883116883118,5.0,0.02171778891643757,0.02171778891643757,observed,0.5324675324675324,0.157389312727298,11.732992197584661,6.424869023905388,0.006796667412998891,0.00658319706049082,0.0049014621742353714,0.008429884378980512,0.04287184894411178,0.00767931163849056
2026-03-13T03:00:00Z,580,450,4,3,370,378,202,3786035.370378048,1464705.6938324745,2321329.6765455743,5250741.064210523,114785.19758100001,1722626.7982758621,580.7267887818507,100.0,1.0,2.2413793103448274,8.0,0.02186076140059262,0.02186076140059262,observed,0.6517241379310345,0.442095629580355,11.65082652550872,6.364750756851911,0.00658319706049082,0.003628076751271303,-0.0030784224806231775,0.0074494484141087725,0.02321521537841531,0.002788386227649431
2026-03-13T04:00:00Z,709,560,4,3,442,308,401,3268494.6378182773,4117195.7908913917,-848701.1530731164,7385690.428709673,162042.5939619998,1417598.0888575458,712.1344078795037,100.0,1.0,2.303244005641749,8.0,0.0219400739207952,0.0219400739207952,observed,0.43441466854724964,-0.11491155244932057,11.995620676544869,6.565264970035361,0.003628076751271303,-0.0052796578486408174,-0.0033633644243540317,0.013483118945965877,0.010018333757102482,0.0003881252923385592
2026-03-13T05:00:00Z,392,333,4,3,271,179,213,1557234.5606325262,2076689.32986796,-519454.7692354333,3633923.8905004864,79307.61926900006,1211454.573979592,616.0165027841656,100.0,1.0,2.066326530612245,8.0,0.021824237837319516,0.021824237837319516,observed,0.45663265306122447,-0.14294596829431416,11.281102093633173,5.973809611869261,-0.0052796578486408174,-0.0014100421877457636,0.0035112121312979028,0.0223245793623561,0.008273567793833037,0.0011347142332520654
2026-03-13T06:00:00Z,443,369,4,3,300,211,232,1910719.0130195508,2207669.8666110546,-296950.85359150305,4118388.8796306043,89753.96283900007,1107920.670428894,775.835752303733,100.0,1.0,1.979683972911964,7.0,0.021793464741253498,0.021793464741253498,observed,0.4762979683972912,-0.07210364593305182,11.404838601078012,6.095824562432225,-0.0014100421877457636,0.003341217943696906,0.010560380206563691,0.03131982545602141,0.00640008821371274,0.0001016641161901699
2026-03-13T07:00:00Z,648,518,4,3,385,339,309,4311508.947203651,3002538.5077640163,1308970.4394396355,7314047.45496766,159931.020238,1136927.361111111,1318.0112087506925,100.0,1.0,2.6080246913580245,9.0,0.021866281456702302,0.021866281456702302,observed,0.5231481481481481,0.17896663201858093,11.982504130419139,6.47543271670409,0.003341217943696906,0.0015817005436622456,0.016903335447416623,0.03551230859944865,-0.001541489015365105,-0.0097986674770707
2026-03-13T08:00:00Z,685,553,4,3,434,291,394,3239214.8458745377,4257936.111951281,-1018721.2660767424,7497150.957825823,164194.1087500001,1306437.906569343,604.8233918956955,100.0,1.0,2.229197080291971,8.0,0.02190086736597024,0.02190086736597024,observed,0.4248175182481752,-0.1358811196156269,12.008810687188939,6.530877627725885,0.0015817005436622456,0.005604556519069881,0.018747540638935023,0.034154049873622805,-0.000039647814130350234,-0.012088095470925486
2026-03-13T09:00:00Z,876,708,4,3,555,541,335,6206780.525327598,2476123.7106479746,3730656.8146796227,8682904.235975571,191228.91405600045,1307926.0707762558,532.2946319295884,100.0,1.0,2.3333333333333335,9.0,0.022023612014939475,0.022023612014939475,observed,0.617579908675799,0.42965541405173213,12.16123172162953,6.776506992372183,0.005604556519069881,0.009638860876639566,0.02054250854878603,0.01564918913710711,-0.003412513118766114,-0.015299445322346394
2026-03-13T10:00:00Z,408,339,4,3,299,232,176,1887765.100333547,1420560.2743440447,467204.82598950266,3308325.374677592,73563.57415899994,1291985.1078431373,322.0009803279588,100.0,1.0,1.7107843137254901,4.0,0.022235894547152565,0.022235894547152565,observed,0.5686274509803921,0.14122094204081526,11.205918859479391,6.013715156042802,0.009638860876639566,0.0033981191819782985,0.018299648062265916,-0.0034186905771718124,-0.02073153206794609,-0.028533408553208628
2026-03-13T11:00:00Z,465,361,4,3,327,216,249,2269834.4030380244,2067540.3134858962,202294.08955212586,4337374.716523922,96773.13979500002,1447147.48172043,441.24661801406364,100.0,1.0,1.8258064516129033,6.0,0.022311454766941692,0.022311454766941692,observed,0.4645161290322581,0.046639753946426214,11.480135086695418,6.144185634125646,0.0033981191819782985,0.007376367332786904,0.015122990358362065,-0.013744178563413811,-0.019238288954559035,-0.027344506536314706
2026-03-13T12:00:00Z,1504,1242,4,3,805,745,759,10335743.83745213,6969112.572047833,3366631.2654042994,17304856.409499954,388944.5107940001,1259339.0718085107,969.6346700119503,100.0,1.0,3.231382978723404,14.0,0.022476032253031516,0.022476032253031516,observed,0.4953457446808511,0.19454835022821101,12.871194537709462,7.316548177182976,0.007376367332786904,0.007419963488489056,-0.004794821744992572,-0.02416295762693199,-0.02023169293328242,-0.03507716488505641
2026-03-13T13:00:00Z,1327,1070,4,3,832,686,641,7291955.761433614,6081237.416808449,1210718.3446251617,13373193.17824206,302806.5865289994,1211461.5810097966,615.3952455802157,100.0,1.0,2.2599849284099474,9.0,0.022642803591715114,0.022642803591715114,observed,0.5169555388093444,0.0905332278154015,12.620852854818754,7.191429330036379,0.007419963488489056,0.00026794785034001123,-0.021328042959423366,-0.0357830585953437,-0.029010839089033014,-0.03474284043610132
2026-03-13T14:00:00Z,1431,1150,4,3,903,641,790,5749036.540790011,8915503.359696154,-3166466.818906137,14664539.900486182,332135.2678210002,1580960.3102725367,797.5800231710285,100.0,1.0,2.176799440950384,8.0,0.022648870682263185,0.022648870682263185,observed,0.4479385045422781,-0.2159267757729758,12.713300608932995,7.266827347520591,0.00026794785034001123,-0.01238944763985117,-0.028437114710194056,-0.03306441404153626,-0.0337457927752608,-0.03158979564365738
2026-03-13T15:00:00Z,1254,1018,4,3,780,552,702,5510007.916371771,7550590.713639619,-2040582.7972678482,13060598.630011374,292142.9140380005,1393972.3620414673,689.8543825768879,100.0,1.0,2.325358851674641,8.0,0.022368263684843525,0.022368263684843525,observed,0.44019138755980863,-0.15623960700996375,12.585001816131168,7.134890851565884,-0.01238944763985117,-0.009316180450586131,-0.019461450065904495,-0.01876799830073994,-0.01996337509818147,-0.02258239541638929
2026-03-13T16:00:00Z,1001,803,4,3,667,532,469,4569407.760137325,4085144.429702449,484263.3304348758,8654552.189839767,191783.81118599966,1348154.016983017,397.5748955793168,100.0,1.0,2.090909090909091,9.0,0.02215987690398923,0.02215987690398923,observed,0.5314685314685315,0.05595475303775845,12.164129247398941,6.90975328164481,-0.009316180450586131,-0.006997997147989432,-0.014770031502313707,-0.017372231775850788,-0.009534686790230062,-0.007808453558875383
2026-03-13T17:00:00Z,868,701,4,3,553,422,446,4816924.130246515,6874621.545804428,-2057697.4155579212,11691545.676050942,257270.14941299986,1507658.9366359448,1003.7639651999972,100.0,1.0,2.23963133640553,9.0,0.022004802148615315,0.022004802148615315,observed,0.4861751152073733,-0.17599874923064496,12.457885863778568,6.767343125265392,-0.006997997147989432,-0.0032655285900798914,-0.004762737854031918,-0.005570674739483361,-0.007080274430084632,-0.002562482457934223
2026-03-13T18:00:00Z,590,470,4,3,390,304,286,2734044.8117690957,2655956.722213197,78088.08955589819,5390001.533982299,118218.60632200014,1717374.5627118645,332.9984668722727,100.0,1.0,2.047457627118644,6.0,0.02193294483807996,0.02193294483807996,observed,0.5152542372881356,0.014487582065343922,11.68029924432714,6.3818160174060985,-0.0032655285900798914,-0.004576221514759005,0.0007072151984346409,0.0040286077725533165,-0.006258369977591993,0.00076455413881793
2026-03-13T19:00:00Z,389,323,4,3,275,169,220,1619350.5816918826,2394375.4584245803,-775024.8767326978,4013726.0401164624,87629.97409399996,1431147.9768637533,527.87415548473,100.0,1.0,1.8946015424164524,6.0,0.021832574824029914,0.021832574824029914,observed,0.43444730077120824,-0.19309361650159104,11.380889799975789,5.966146739123692,-0.004576221514759005,0.00308823952122661,-0.0026412110438591707,0.0070235433702761085,-0.00826992646250535,0.008279069971255382
2026-03-13T20:00:00Z,376,310,4,3,259,243,133,2821500.5955022387,1026629.4713504747,1794871.1241517654,3848130.0668527144,84274.044787,1285118.0292553192,679.7552510456055,100.0,1.0,1.898936170212766,6.0,0.021899999044451623,0.021899999044451623,observed,0.6462765957446809,0.4664268340648225,11.341841071540863,5.932245187448011,0.00308823952122661,0.0022126533186554997,-0.0008118032917189266,-0.0007046785159418034,-0.01204892537034874,0.002578689589394667
2026-03-13T21:00:00Z,425,346,4,3,254,161,264,2041031.3252418572,2940148.5385145755,-899117.2132727177,4981179.863756427,109329.207815,1497787.3952941177,643.2702423584811,100.0,1.0,2.3411764705882354,6.0,0.02194845615001588,0.02194845615001588,observed,0.3788235294117647,-0.18050286033933172,11.602128011231626,6.054439346269371,0.0022126533186554997,-0.007906969061555191,0.003319045294841727,-0.0012182407375335158,-0.011927635415913018,-0.0009745227195759876
2026-03-13T22:00:00Z,809,638,4,3,506,461,348,4487759.004005573,3805515.589386582,682243.4146189876,8293274.593392154,180585.31107999987,1390983.8566131026,409.2700716701674,100.0,1.0,2.142150803461063,6.0,0.021774910386288805,0.021774910386288805,observed,0.5698393077873919,0.08226465998877931,12.103964120193066,6.697034247666484,-0.007906969061555191,0.004928156531815775,0.009690348670061466,0.007976107778620234,-0.007967045545475337,0.007265896530416205
2026-03-13T23:00:00Z,325,266,4,3,222,159,166,1601875.9896735766,1415391.9617514785,186484.02792209826,3017267.951425055,66024.52278100002,1285670.1969230769,526.9536439260278,100.0,1.0,2.0153846153846153,7.0,0.021882220553138695,0.021882220553138695,observed,0.48923076923076925,0.061805590661585724,11.097796655059016,5.786897381366708,0.004928156531815775,0.006356005628093575,0.00010721181067796515,-0.0015180562884203885,-0.008265226395425818,0.008256917002651853
2026-03-14T00:00:00Z,850,674,4,3,494,476,374,5547059.157707306,4111169.231523068,1435889.9261842382,9658228.389230365,212686.78413800016,1571040.6847058823,799.2072287948071,100.0,1.0,2.5694117647058823,9.0,0.02202130407012963,0.02202130407012963,observed,0.56,0.14867011508915662,12.267580567183598,6.7464121285733745,0.006356005628093575,-0.0016069534222700188,-0.004522276392193825,-0.01024570183609319,-0.015152023029015083,0.003368306421269507
2026-03-14T01:00:00Z,539,433,4,3,334,279,260,2484360.6920218915,2830669.130026807,-346308.43800491403,5315029.8220487,116855.80377700002,1433635.2003710575,1073.4391968296256,100.0,1.0,2.3172541743970316,10.0,0.021985916860191287,0.021985916860191287,observed,0.5176252319109462,-0.06515644306797662,11.668704564861548,6.29156913955832,-0.0016069534222700188,-0.004609781580178107,-0.0016977887267114466,-0.015186804651654673,-0.005903259869235455,0.007458008593140608
2026-03-14T02:00:00Z,515,422,4,3,341,270,245,2287305.514631464,2618063.6837016856,-330758.1690702212,4905369.198333148,107351.87884799988,1526645.3669902913,303.5899098484464,100.0,1.0,2.0640776699029124,6.0,0.02188456658562585,0.02188456658562585,observed,0.5242718446601942,-0.06742778284305559,11.58387662034837,6.246106765481563,-0.004609781580178107,0.0016975918091295394,-0.001625093869841998,-0.011352246538650412,0.0022312939136335252,0.02202782986468632
2026-03-14T03:00:00Z,268,215,4,3,197,139,129,1082176.5641027354,1071012.0475708414,11164.516531893692,2153188.611673578,47201.59278499998,1413492.6604477612,173.72387566517156,100.0,1.0,1.7238805970149254,5.0,0.021921717646607962,0.021921717646607962,observed,0.5186567164179104,0.005185108481145091,10.76220410195054,5.594711379601839,0.0016975918091295394,0.0012258059438985391,-0.0057494259370832745,-0.010722457212562264,-0.002672369839719191,0.02253025565444622
2026-03-14T04:00:00Z,452,362,4,3,286,221,231,2349454.76950017,2274740.4668422793,74714.30265788993,4624195.236342453,101494.562633,1580747.121681416,422.15279250476937,100.0,1.0,2.230088495575221,6.0,0.02194858941839964,0.02194858941839964,observed,0.4889380530973451,0.016157255228043926,11.527770358606846,6.115892125483034,0.0012258059438985391,-0.0045372987702231304,-0.013511956372147749,-0.01581699526512681,0.001742850767545212,0.02971089388788095
2026-03-14T05:00:00Z,438,350,4,3,283,256,182,1683155.021547644,1828898.4273689105,-145743.40582126722,3512053.4489165572,76734.86321800006,1929183.6369863013,207.50007784175105,100.0,1.0,2.132420091324201,6.0,0.021849002110623402,0.021849002110623402,observed,0.5844748858447488,-0.04149806030606624,11.248124455884556,6.0844994130751715,-0.0045372987702231304,-0.0024404664235141427,-0.00974298593552625,-0.006757428263474363,0.004550007272297041,0.04504383128697764
2026-03-14T06:00:00Z,469,360,4,3,317,177,292,1537615.583079163,2615787.490202563,-1078171.9071233997,4153403.073281725,90526.24576900003,1794890.5031982942,356.11031461243454,100.0,1.0,2.0277185501066097,7.0,0.021795680354585137,0.021795680354585137,observed,0.3773987206823028,-0.2595875931375725,11.41340614260008,6.152732694704104,-0.0024404664235141427,-0.0065911830463633025,-0.00500178868909984,-0.004957110266682996,0.007067152974411961,0.04768364655999924
2026-03-14T07:00:00Z,422,317,4,3,268,186,236,1846904.2238906908,2700925.6770882513,-854021.4531975612,4547829.900978942,98469.70868299999,1592804.4952606636,519.9606971174235,100.0,1.0,2.1421800947867298,6.0,0.02165202103574804,0.02165202103574804,observed,0.44075829383886256,-0.1877865865242077,11.497514409159182,6.0473721790462776,-0.0065911830463633025,-0.0007340398093778067,-0.0023366110799500905,0.009426706329960899,0.016686996669094345,0.061798555687041956
2026-03-14T08:00:00Z,175,143,4,3,139,81,94,751543.5732859457,736679.4163194095,14864.156966536595,1488222.9896053546,32199.382486,1549967.44,419.4795990831484,100.0,1.0,1.5371428571428571,4.0,0.021636127590354316,0.021636127590354316,observed,0.46285714285714286,0.009987856033912133,10.379733609909156,5.170483995038151,-0.0007340398093778067,0.002335694155572998,0.003014932113227564,0.013739514811748288,0.014806011487185078,0.058651717777062906
2026-03-14T09:00:00Z,318,252,4,3,205,189,129,1759237.8961437864,1349318.2944615043,409919.601682282,3108556.1906052916,67414.21042000002,1654481.814465409,455.2856842842293,100.0,1.0,2.1949685534591197,6.0,0.021686662967116337,0.021686662967116337,observed,0.5943396226415094,0.13186816533062679,11.118625945327118,5.765191102784844,0.002335694155572998,-0.00393026274964392,0.00004490301782356099,0.008137339649054054,0.011085334525014812,0.05541082339497749
2026-03-14T10:00:00Z,431,367,4,3,306,235,196,2299864.2049883017,2108650.555786436,191213.64920186572,4408514.760774739,95230.21720499996,1548782.5104408353,304.0828846476567,100.0,1.0,1.8491879350348028,5.0,0.021601428683492598,0.021601428683492598,observed,0.5452436194895591,0.04337371191386516,11.464063078845353,6.068425588244111,-0.00393026274964392,0.00462609969942096,0.01179086808291574,0.017842053711751182,0.015355278277290108,0.06167771123718291
2026-03-14T11:00:00Z,398,320,4,3,259,225,173,3952431.3273308678,3253988.0824319157,698443.244898952,7206419.409762779,156389.095049,1426479.809045226,588.8244396661028,100.0,1.0,2.2110552763819094,7.0,0.021701359046232365,0.021701359046232365,observed,0.5653266331658291,0.09691959420967747,11.960108774199115,5.988961416889864,0.00462609969942096,-0.000632323647244859,0.010692346001196062,0.01138436456262859,0.016659840753618038,0.05241898690064861
2026-03-14T12:00:00Z,434,353,4,3,275,253,181,3021147.8691737666,2584081.0877820756,437066.7813916919,5605228.956955845,121564.169596,1849841.82718894,667.8161448017277,100.0,1.0,2.6497695852534564,13.0,0.021687636763730082,0.021687636763730082,observed,0.5829493087557603,0.07797483113500851,11.70820577324066,6.075346031088684,-0.000632323647244859,0.007769012253740382,0.008092073272720102,0.012084165783364131,0.018805267293380723,0.05789757071053403
2026-03-14T13:00:00Z,429,349,4,3,279,271,158,3661635.976663044,1257138.6790853008,2404497.2975777434,4918774.655748343,107505.36985399993,1774893.8251748253,668.6769547166755,100.0,1.0,2.2354312354312356,8.0,0.021856128279502174,0.021856128279502174,observed,0.6317016317016317,0.48884071051470496,11.585305379250192,6.063785208687608,0.007769012253740382,0.003535356553574065,0.005980668357187913,0.00719248885887902,0.013440611887147513,0.04470568417509968
2026-03-14T14:00:00Z,618,506,4,3,426,250,368,2190568.6424571,2478643.0023902254,-288074.3599331248,4669211.644847328,102411.67495199997,1363897.8025889967,394.55078515996826,100.0,1.0,2.0970873786407767,7.0,0.021933397485850867,0.021933397485850867,observed,0.4045307443365696,-0.06169657360703,11.536765762755703,6.428105272684596,0.003535356553574065,-0.00320346067506716,0.0006846975384453557,0.0010520421270494573,0.019752462401916082,0.04210361853268574
2026-03-14T15:00:00Z,416,335,4,3,285,230,186,1661363.7295063422,1779339.0877431529,-117975.35823681194,3440702.817249495,75224.54918899998,1415080.9951923077,321.00681241185345,100.0,1.0,1.9134615384615385,5.0,0.021863134709534326,0.021863134709534326,observed,0.5528846153846154,-0.03428815695600287,11.228246202089743,6.0330862217988015,-0.00320346067506716,0.0056582839754337755,0.003960047515981113,0.002924199670043759,0.025270156698772306,0.044146011526484896
2026-03-14T16:00:00Z,475,365,4,3,305,274,201,2626596.619684456,1500624.3413688827,1125972.2783155695,4127220.961053341,90744.55737500005,1710784.694736842,334.6682919026585,100.0,1.0,2.1789473684210527,8.0,0.021986842534314033,0.021986842534314033,observed,0.5768421052631579,0.272816088341488,11.41581479638333,6.16541785423142,0.0056582839754337755,-0.0017477409562054458,0.0012046160923451232,-0.0024431840140545225,0.027919383800848907,0.03752682701231014
2026-03-14T17:00:00Z,369,279,4,3,239,187,182,1638221.6998148563,1863171.6647977466,-224949.96498289116,3501393.364612602,76850.03544700006,1838869.9620596205,540.886873272645,100.0,1.0,2.008130081300813,5.0,0.021948415229119174,0.021948415229119174,observed,0.5067750677506775,-0.06424584202860048,11.249624222486904,5.91350300563827,-0.0017477409562054458,0.000059162937262158266,0.0003670932407657812,0.00521609427220171,0.04031041134988911,0.03688998670183197
2026-03-14T18:00:00Z,278,236,4,3,191,131,147,1699605.887783995,1658350.0888978147,41255.79888617937,3357955.9766818094,73706.172513,1196151.035971223,962.572509383283,100.0,1.0,1.9064748201438848,7.0,0.021949713761832378,0.021949713761832378,observed,0.4712230215827338,0.01228598563312513,11.207855393835592,5.631211781821365,0.000059162937262158266,0.002898191635144043,-0.0010317620193155408,0.006640852349284909,0.04033146495308171,0.04088503379489694
2026-03-14T19:00:00Z,367,297,4,3,238,179,188,2438715.927887352,1757439.9393029416,681275.98858441,4196155.867190294,92371.35644500003,1456173.9046321525,607.4516272937218,100.0,1.0,2.2479564032697548,9.0,0.022013328238650726,0.022013328238650726,observed,0.4877384196185286,0.16235716931091645,11.433583040195543,5.908082938168931,0.002898191635144043,-0.0025827941163207857,-0.003643411194643509,0.006203504392042536,0.04437113798616865,0.03666791794355917
2026-03-14T20:00:00Z,180,156,4,3,126,72,108,760405.9716311872,1436248.378546802,-675842.4069156146,2196654.3501779893,48230.780489,1421477.6833333333,809.9648429854777,100.0,1.0,1.988888888888889,5.0,0.021956472343995302,0.021956472343995302,observed,0.4,-0.30766898163147643,10.78377342901027,5.198497031265826,-0.0025827941163207857,-0.0013392617309616606,0.004847221649131983,0.018680767320679692,0.04320599779027967,0.03973795216442677
2026-03-14T21:00:00Z,139,113,4,3,91,86,53,833358.8453980437,679843.3365588993,153515.5088391445,1513202.1819569434,33180.085448,1767874.3381294964,590.2541869292953,100.0,1.0,2.050359712230216,5.0,0.02192706688083807,0.02192706688083807,observed,0.6187050359712231,0.10145075831215833,10.409735277133397,4.941642422609304,-0.0013392617309616606,0.00027626819900317123,0.007680538856881025,0.022280803510454916,0.043839513200718994,0.046746098613040576
2026-03-14T22:00:00Z,196,163,4,3,132,97,99,1087810.4328044197,1339637.7999495803,-251827.3671451611,2427448.232754001,53241.52462699999,1379696.75,653.8915838271886,100.0,1.0,1.9489795918367347,5.0,0.021933124632114664,0.021933124632114664,observed,0.49489795918367346,-0.10374160146742105,10.882612691125564,5.2832037287379885,0.00027626819900317123,0.005916876967680285,0.009882923139488353,0.03043693083776322,0.04562189605049971,0.04699353523141969
2026-03-14T23:00:00Z,629,508,4,3,398,389,240,4660517.199435831,2349427.998391021,2311089.20104481,7009945.197826855,154659.721532,1665518.8378378379,592.6381235691059,100.0,1.0,2.659777424483307,17.0,0.022062900232079685,0.022062900232079685,observed,0.6184419713831478,0.3296871995178034,11.94898910343082,6.4457198193855785,0.005916876967680285,0.0014766117605300444,0.013766814868477528,0.03491221169026004,0.03517316678951676,0.057573796824769596
2026-03-15T00:00:00Z,360,279,4,3,249,159,201,1204817.5928584326,1946296.3283139702,-741478.7354555394,3151113.9211724033,69625.37011699994,1788720.0805555556,335.20462551037235,100.0,1.0,1.9555555555555555,6.0,0.022095478570033775,0.022095478570033775,observed,0.44166666666666665,-0.23530686417699076,11.150898655556611,5.8888779583328805,0.0014766117605300444,0.002462469724583638,0.014488981468409046,0.0334683542051466,0.03837073155403714,0.061343156875228066
2026-03-15T01:00:00Z,469,359,4,3,287,300,169,2993127.681580142,1412229.8774663368,1580897.8041138055,4405357.559046478,97578.17660800004,1719635.4307036246,519.8938298424378,100.0,1.0,2.275053304904051,6.0,0.02214988801706267,0.02214988801706267,observed,0.6396588486140725,0.3588580002700132,11.488419395211661,6.152732694704104,0.002462469724583638,0.009785515746480344,0.020352861928170096,0.03793232027867699,0.03085042371622837,0.05687710179653549
2026-03-15T02:00:00Z,657,520,4,3,432,427,230,4396749.210880829,2539271.3879622757,1857477.8229185515,6936020.5988431,155135.44868200016,1310529.2846270928,817.9080612718069,100.0,1.0,2.1750380517503807,12.0,0.022366636095036415,0.022366636095036415,observed,0.649923896499239,0.26780165895533403,11.952060322729617,6.489204931325317,0.009785515746480344,0.0021900233153560045,0.020858245221339056,0.02407548199236742,0.021918217366324377,0.06602897005533381
2026-03-15T03:00:00Z,586,468,4,3,370,277,309,2642078.935640406,2661815.251093206,-19736.315452800492,5303894.186733615,118890.07422100002,1199590.0204778158,671.6096233365103,100.0,1.0,2.266211604095563,7.0,0.022415619549570626,0.022415619549570626,observed,0.4726962457337884,-0.0037210990185599906,11.685963010231067,6.375024819828097,0.0021900233153560045,0.00825683535618782,0.018708308402981544,0.021088833534027795,0.018410615684445908,0.09801578216256512
2026-03-15T04:00:00Z,675,531,4,3,415,413,262,4619897.729350028,1952422.8174806903,2667474.9118693396,6572320.546830718,148539.05569299991,1516122.2948148148,723.291523339126,100.0,1.0,2.140740740740741,6.0,0.022600701629598378,0.022600701629598378,observed,0.6118518518518519,0.4058650050408208,11.90860993615926,6.516193076042964,0.00825683535618782,0.010285665006980249,0.017228802903817675,0.014736433408292893,0.009346494834971075,0.08216497294073744
2026-03-15T05:00:00Z,624,502,4,3,406,310,314,3183491.19490073,2419756.052762868,763735.1421378641,5603247.247663595,127939.86824399997,1553307.9823717948,588.1781975156204,100.0,1.0,2.1153846153846154,7.0,0.02283316487548314,0.02283316487548314,observed,0.4967948717948718,0.13630223839512373,11.759323469318447,6.437751649736401,0.010285665006980249,0.0000794019433854043,0.003151501970120041,0.00025215191811334137,-0.003287888509756254,0.06966055184713404
2026-03-15T06:00:00Z,600,474,4,3,376,361,239,3561393.195452846,2032185.9696576816,1529207.2257951652,5593579.165110529,127729.25646700001,1418195.4433333334,911.0291636766888,100.0,1.0,2.183333333333333,6.0,0.022834977873147894,0.022834977873147894,observed,0.6016666666666667,0.2733861773752062,11.757675947918624,6.398594934535208,0.0000794019433854043,0.006792508894752247,0.0023368074172067654,0.004743616317754551,0.0005321081409763728,0.06088446419278326
2026-03-15T07:00:00Z,589,466,4,3,402,291,298,2133858.618909797,1935839.5115062147,198019.10740358115,4069698.1304160086,93562.70457299998,1619534.701188455,3226.4906367173885,100.0,1.0,1.9609507640067911,5.0,0.02299008466346272,0.02299008466346272,observed,0.4940577249575552,0.048656952200860026,11.44639781560683,6.380122536899765,0.006792508894752247,-0.0036955507182383496,-0.002450156236640133,-0.00682308125885045,-0.007375941140487008,0.04725836253742033
2026-03-15T08:00:00Z,435,356,4,3,329,180,255,952449.7330965955,1705029.7785982203,-752580.0455016248,2657479.5116948173,60869.89678500001,1608117.264367816,304.5888291923976,100.0,1.0,1.657471264367816,6.0,0.0229051236395723,0.0229051236395723,observed,0.41379310344827586,-0.283193169388412,11.016510454170637,6.077642243349034,-0.0036955507182383496,-0.0007327976492422783,-0.0028902414503815255,-0.002106548456609847,-0.0033244111260852804,0.058389921630249475
2026-03-15T09:00:00Z,580,450,4,3,360,388,192,4053138.5621946384,2084818.6159175052,1968319.9462771344,6137957.178112153,140487.64354800008,2063538.8086206897,597.7055997954458,100.0,1.0,2.3620689655172415,7.0,0.02288833881881362,0.02288833881881362,observed,0.6689655172413793,0.3206799736720433,11.852881935649254,6.364750756851911,-0.0007327976492422783,0.0019842656861013275,0.002401197763802987,-0.0026229038665641635,0.002784513687750012,0.05424327241572735
2026-03-15T10:00:00Z,465,368,4,3,304,143,322,1019102.8107897813,2715574.8382058074,-1696472.027416026,3734677.6489955876,85650.18356599996,1586036.4623655914,546.4586652503924,100.0,1.0,2.217204301075269,10.0,0.022933755364143653,0.022933755364143653,observed,0.30752688172043013,-0.45424858230328896,11.358038322290765,6.144185634125646,0.0019842656861013275,-0.004135086506103947,-0.0043836656880352765,-0.005311663596445637,0.0013117927102530569,0.05416818596271411
2026-03-15T11:00:00Z,407,336,4,3,298,267,140,1256079.171077214,1185422.296161361,70656.87491585226,2441501.467238574,55761.26231000004,1489513.3464373464,478.6650974286235,100.0,1.0,1.8304668304668306,7.0,0.022838922301803094,0.022838922301803094,observed,0.6560196560196561,0.028939927279981417,10.928852616885406,6.0112671744041615,-0.004135086506103947,0.004570090638260416,0.0007859646212986515,-0.0035391480249067353,0.021639500282572,0.05871987203686646
2026-03-15T12:00:00Z,627,517,4,3,415,353,274,3420462.8669884712,2322164.938425773,1098297.9285626991,5742627.805414245,131754.82246000005,1389064.9441786285,613.5178569292767,100.0,1.0,2.3237639553429026,10.0,0.02294329824680252,0.02294329824680252,observed,0.5629984051036683,0.19125354555055885,11.788705658671898,6.4425401664681985,0.004570090638260416,-0.004797775714823316,-0.005012066667094195,-0.00419162471737089,0.0221235293167501,0.050940757330222075
2026-03-15T13:00:00Z,871,721,4,3,552,419,452,3096245.221713713,3964363.1707367324,-868117.9490230207,7060608.392450444,161216.43497999987,1497261.917336395,453.8862727417208,100.0,1.0,2.3111366245694605,10.0,0.022833221447656062,0.022833221447656062,observed,0.48105625717566014,-0.12295228693766047,11.990509260650239,6.77078942390898,-0.004797775714823316,0.0010358345237906352,-0.0009320838524126129,-0.0005566580044342739,0.025247773567847798,0.054135860288959226
2026-03-15T14:00:00Z,1015,829,4,3,616,533,482,4459096.993139752,4356521.7088859165,102575.28425383745,8815618.70202567,201497.47609000027,1616860.9743842364,394.0559611149207,100.0,1.0,2.491625615763547,10.0,0.022856872886720902,0.022856872886720902,observed,0.5251231527093596,0.011635630773171654,12.213537097511493,6.923628628138427,0.0010358345237906352,-0.0012498639002791467,-0.004321715930380887,-0.0012204335719327997,0.04316466028239607,0.038836281146920726
2026-03-15T15:00:00Z,729,615,4,3,420,392,337,3952015.4179489845,3201574.0752869975,750441.3426619893,7153589.493235975,163304.32212700002,1465707.6529492456,559.3238851226678,100.0,1.0,2.978052126200274,12.0,0.02282830490642652,0.02282830490642652,observed,0.5377229080932785,0.1049041664148556,12.003376869529744,6.593044534142437,-0.0012498639002791467,-0.0007169141925984501,0.0008245747734598741,0.005421637989559969,0.07816608080486165,0.03333178427591732
2026-03-15T16:00:00Z,297,239,4,3,198,115,182,830144.4064581072,1342984.9656127947,-512840.55915468803,2173129.372070902,49573.29461099998,1557836.8585858585,242.47721078641405,100.0,1.0,1.9966329966329965,4.0,0.02281193897064614,0.02281193897064614,observed,0.3872053872053872,-0.2359917295977516,10.811227724562611,5.697093486505405,-0.0007169141925984501,-0.002360474296716264,0.0003757761028160278,0.006658825749024988,0.07214418287316904,0.03171835020817926
2026-03-15T17:00:00Z,556,444,4,3,333,296,260,2647255.916751993,2531128.6997709023,116127.2169810896,5178384.616522894,117850.15338499998,1821270.748201439,256.9751503485699,100.0,1.0,2.902877697841727,15.0,0.02275809197504767,0.02275809197504767,observed,0.5323741007194245,0.022425375011843943,11.6771776952065,6.322565239927284,-0.002360474296716264,0.003912304064117578,0.0031147433945954983,0.025268075767926,0.07318907788510853,0.040755739142452674
2026-03-15T18:00:00Z,605,490,4,3,384,298,307,2912374.4372992762,3053017.6432467685,-140643.20594749117,5965392.080546046,136292.07971999995,1724776.5223140495,257.610406437081,100.0,1.0,2.266115702479339,8.0,0.02284712855077321,0.02284712855077321,observed,0.4925619834710744,-0.023576523395025077,11.822562843981867,6.406879986069314,0.003912304064117578,-0.0011650216150292936,0.004593275716816558,0.026425921580195855,0.06032025915084693,0.044847195391465755
2026-03-15T19:00:00Z,204,175,4,3,147,146,58,1246640.8184137803,512974.33009183384,733666.4883219467,1759615.1485056141,40155.31712,1837574.75,622.3026990087598,100.0,1.0,1.7156862745098038,4.0,0.022820511152170205,0.022820511152170205,observed,0.7156862745098039,0.4169471312775561,10.60053504498115,5.3230099791384085,-0.0011650216150292936,0.00037100130991318814,0.006280689513180615,0.02581880381609114,0.05504027752529006,0.045643912641897044
2026-03-15T20:00:00Z,370,300,4,3,253,174,196,1648875.7452361197,1694194.211289036,-45318.46605291714,3343069.956525154,76318.86912500006,1746663.0054054053,630.358849055224,100.0,1.0,2.0054054054054054,6.0,0.022828977591700546,0.022828977591700546,observed,0.4702702702702703,-0.013555943082932656,11.242688591301516,5.916202062607435,0.00037100130991318814,0.005392011944006958,0.022084544683654395,0.04443932910348103,0.06192018089463014,0.05073229542802826
2026-03-15T21:00:00Z,468,373,4,3,280,323,145,2920447.0346663333,1420227.2258575726,1500219.8088087623,4340674.260523908,99627.46690399997,1902505.732905983,737.0913237391819,100.0,1.0,2.52991452991453,9.0,0.022952071711544463,0.022952071711544463,observed,0.6901709401709402,0.34561907177703993,11.509203215025295,6.150602768446279,0.005392011944006958,0.0005127199780698977,0.0217328210243104,0.07235217551191897,0.051315868988380586,0.05971335309997783
2026-03-15T22:00:00Z,1097,879,4,3,625,646,451,8089506.393807954,6776012.561756509,1313493.832051444,14865518.955564471,341369.39431199984,1355872.2716499544,1272.7113936696783,100.0,1.0,2.631722880583409,12.0,0.022963839697249064,0.022963839697249064,observed,0.5888787602552416,0.08835842434950959,12.740723367105351,7.001245622069476,0.0005127199780698977,0.016082043553098835,0.0194161673840354,0.06505218595328799,0.052787147457231454,0.06305295767455954
2026-03-15T23:00:00Z,871,673,4,3,517,525,346,4704937.799286795,2636149.2618896323,2068788.5373971665,7341087.061176434,171290.65008500006,1418035.2583237658,1109.6157931764385,100.0,1.0,2.464982778415614,11.0,0.023333145167406602,0.023333145167406602,observed,0.6027554535017221,0.281809563101086,12.051122938728367,6.77078942390898,0.016082043553098835,0.005046032583145399,0.021871756633151884,0.04673997293955501,0.036294966809758744,0.058571554875943344
2026-03-16T00:00:00Z,966,752,4,3,526,473,493,3979374.4067816166,4204586.5428586,-225212.13607698254,8183960.949640223,191921.126896,1178505.466873706,1165.7002433509315,100.0,1.0,2.900621118012422,14.0,0.023450884978188598,0.023450884978188598,observed,0.489648033126294,-0.027518720759155523,12.164844979653086,6.874198495453294,0.005046032583145399,-0.0017558196902115464,0.04954265287950865,0.03302170849160779,0.028193488543146294,0.052347440662548594
2026-03-16T01:00:00Z,886,696,4,3,528,519,367,3887185.2371155606,2750405.896498546,1136779.3406170178,6637591.133614096,155384.07990300015,1294290.7088036118,787.3892141748593,100.0,1.0,2.4243792325056432,9.0,0.023409709452591007,0.023409709452591007,observed,0.5857787810383747,0.17126383920518073,11.953661701386135,6.787844982309579,-0.0017558196902115464,0.01852960150067573,0.04476681852747255,0.028485999282225727,0.028176688080561618,0.05953311414907714
2026-03-16T02:00:00Z,1377,1124,4,3,845,794,583,7197475.526503363,3190911.3998912373,4006564.1266121306,10388386.926394623,247695.31710399993,1181566.9854756717,531.4133914107192,100.0,1.0,2.517792302106028,14.0,0.023843482039994122,0.023843482039994122,observed,0.5766158315177923,0.385677213892787,12.419958746993883,7.228388451573604,0.01852960150067573,0.03226131112460395,0.024335946409105746,0.016737067730065336,-0.004149277003214102,0.0325007143014262
2026-03-16T03:00:00Z,2375,1838,4,3,1342,1228,1147,8845659.325134624,6424439.932368781,2421219.3927658303,15270099.257503362,375838.4335700001,1263074.1018947368,506.62533055888497,100.0,1.0,2.6858947368421053,12.0,0.024612704032380278,0.024612704032380278,observed,0.5170526315789473,0.15855950586412207,12.836917292787518,7.773173680482536,0.03226131112460395,-0.00629822569435412,-0.015741089075869574,-0.01961697565773679,-0.04158384995331621,-0.007485498572109783
2026-03-16T04:00:00Z,1725,1320,4,3,968,861,864,4952714.592166552,5202206.724237569,-249492.1320710107,10154921.316404104,248365.8938439997,1558229.795942029,1234.6139481849466,100.0,1.0,2.7333333333333334,11.0,0.024457687667436008,0.024457687667436008,observed,0.4991304347826087,-0.024568593325089084,12.422662342558567,7.453561871643373,-0.00629822569435412,-0.0013881903625467817,-0.015583208574898588,-0.011515903781821324,-0.03770559343674773,0.00023534033393923792
2026-03-16T05:00:00Z,835,631,4,3,479,446,389,2241041.7798479907,2249971.950017379,-8930.170169389148,4491013.729865373,109687.33254800003,1435409.902994012,403.8137987366408,100.0,1.0,3.035928143712575,21.0,0.024423735741125895,0.024423735741125895,observed,0.5341317365269461,-0.0019884530991306605,11.605398282794713,6.728628613084702,-0.0013881903625467817,-0.008125803416024868,-0.007418346203390547,-0.009978606339512863,-0.030221458092520748,0.0015681696286586888
2026-03-16T06:00:00Z,1070,818,4,3,609,513,557,3544794.55118682,4165584.5112706074,-620789.9600837888,7710379.062457422,186786.0397709999,1501855.6878504674,423.45199918284595,100.0,1.0,3.0504672897196263,15.0,0.024225273265808565,0.024225273265808565,observed,0.4794392523364486,-0.0805135460987223,12.13772442212906,6.976348070447749,-0.008125803416024868,-0.00613883050656161,-0.003937872991394142,-0.0046738804313334326,-0.014592821014070556,0.003566709778556776
2026-03-16T07:00:00Z,882,681,4,3,519,435,447,2592368.805124333,2814443.95208826,-222075.14696393054,5406812.757212589,130177.44321100008,1634670.806122449,286.2130945114258,100.0,1.0,2.507936507936508,9.0,0.02407655841925463,0.02407655841925463,observed,0.4931972789115646,-0.04107320836433376,11.77666142831313,6.78332520060396,-0.00613883050656161,0.006894407069023778,0.004131689776633252,-0.0003007442025269036,-0.008906166981068497,0.0071768959497156
2026-03-16T08:00:00Z,1161,911,4,3,691,543,618,3598457.5848199395,3482616.350719235,115841.23410070418,7081073.935539184,171663.3031960003,1258655.8105081825,506.368714112829,100.0,1.0,2.479758828596038,8.0,0.0242425520138181,0.0242425520138181,observed,0.46770025839793283,0.01635927475906005,12.053296123092696,7.057897937411856,0.006894407069023778,-0.00464781089251165,-0.0025793949810872796,-0.02054252313226823,-0.010535523919675827,0.00031423941365638086
2026-03-16T09:00:00Z,511,403,4,3,299,263,248,1746003.5372372977,1526510.6528466835,219492.88439061376,3272514.190083982,78965.36559600005,1604238.3307240705,616.266305543589,100.0,1.0,2.671232876712329,10.0,0.024129877216505995,0.024129877216505995,observed,0.5146771037181996,0.06707163716988526,11.276777288841698,6.238324625039508,-0.00464781089251165,0.0019129012805090273,-0.0007389172020320078,-0.022406420501127067,0.00798759379488656,-0.001294974748594968
2026-03-16T10:00:00Z,534,409,4,3,301,314,220,1592590.2318614777,1154336.7581382024,438253.47372327524,2746926.989999676,66409.80384800003,1213630.3801498127,587.6613675731668,100.0,1.0,2.6816479400749063,8.0,0.024176035289531977,0.024176035289531977,observed,0.5880149812734082,0.15954318237024817,11.103615030783141,6.282266746896006,0.0019129012805090273,0.00016485777114416678,-0.004414195891124684,-0.02649480123668657,0.009751078593733586,-0.00545254517466387
2026-03-16T11:00:00Z,431,347,4,3,271,211,220,2090809.202958945,2379400.10964729,-288590.9066883425,4470209.312606231,108089.75459199998,1516431.3201856147,842.8354461933498,100.0,1.0,2.4709976798143853,10.0,0.02418002089682491,0.02418002089682491,observed,0.4895591647331787,-0.06455870106003775,11.590726473531221,6.068425588244111,0.00016485777114416678,-0.0028111498318034167,-0.018009581976542788,-0.02044688315084009,0.02149637774924562,-0.0051086908262915065
2026-03-16T12:00:00Z,1108,884,4,3,660,574,534,3146522.890055151,3469097.1676426316,-322574.2775874796,6615620.057697781,159516.1433210001,1351625.357400722,531.5429908382081,100.0,1.0,2.472924187725632,10.0,0.024112047235147798,0.024112047235147798,observed,0.5180505415162455,-0.04875949265135619,11.979906677067664,7.011213987350367,-0.0028111498318034167,-0.0017721307874792869,-0.021683525629183187,-0.009965518223349346,0.023491640813273484,-0.008416804801618105
2026-03-16T13:00:00Z,1043,811,4,3,645,538,505,3214978.010089336,3507303.4635403147,-292325.453450978,6722281.473629647,161800.72734099973,1651825.1035474592,325.5948210601367,100.0,1.0,2.321188878235858,9.0,0.02406931753389324,0.02406931753389324,observed,0.5158197507190796,-0.0434860477945948,11.99412695932828,6.950814768442584,-0.0017721307874792869,-0.013493058336485397,-0.0221785056139141,-0.008608011588121967,0.030497118279400715,-0.00477905273685586
2026-03-16T14:00:00Z,1485,1121,4,3,840,711,774,4394873.253241284,6113283.142458884,-1718409.8892175958,10508156.39570017,249511.43263300028,1714022.117171717,475.4410964488344,100.0,1.0,2.913804713804714,23.0,0.023744548828289025,0.023744548828289025,observed,0.47878787878787876,-0.1635310538317408,12.427264023124614,7.303843225277705,-0.013493058336485397,-0.006541955733080251,-0.0024820009743100613,0.010216879700172932,0.036802695884329495,0.004442497733187389
2026-03-16T15:00:00Z,677,496,4,3,447,278,399,1173788.1869521379,2338572.331313579,-1164784.1443614392,3512360.5182657177,82853.82054199999,1822033.3116691285,218.20683399248313,100.0,1.0,2.0132939438700146,6.0,0.023589213040952395,0.023589213040952395,observed,0.41063515509601184,-0.33162431313758456,11.32484520513312,6.519147287940395,-0.006541955733080251,-0.0022771849579904524,0.011977726750814321,0.03109064434690123,0.03557781385418579,0.004567431303875491
2026-03-16T16:00:00Z,654,519,4,3,428,394,260,3230510.911347068,2203478.768729538,1027032.1426175262,5433989.680076605,127891.64259599993,1595797.004587156,352.6955504714525,100.0,1.0,2.110091743119266,10.0,0.023535496039844707,0.023535496039844707,observed,0.6024464831804281,0.1890014893445745,11.758946461252437,6.484635235635252,-0.0022771849579904524,0.0063783994551807055,0.013878293843716527,0.03723234336751857,0.039427573840099095,0.0011091738868085343
2026-03-16T17:00:00Z,752,592,4,3,501,394,358,2878247.6361581567,2336558.6799386763,541688.9562194822,5214806.316096828,123515.893842,1602994.0930851065,317.58136451651717,100.0,1.0,2.074468085106383,8.0,0.02368561483496266,0.02368561483496266,observed,0.523936170212766,0.10387518219946563,11.724133217937878,6.6240652277998935,0.0063783994551807055,0.007858920081155851,0.012730477732618706,0.04281877131380174,0.03278029606496724,-0.00580409469524823
2026-03-16T18:00:00Z,833,667,4,3,508,407,426,3678681.328410536,2792876.7766407235,885804.5517698177,6471558.105051264,154487.47019000002,1407237.7202881153,530.868954606524,100.0,1.0,2.6014405762304924,12.0,0.02387175818902367,0.02387175818902367,observed,0.4885954381752701,0.13687655080751235,11.947874745933293,6.726233402358747,0.007858920081155851,-0.00040338961647168325,0.018886697889540782,0.03379393309269685,0.018428453922281207,-0.0089428491580954
2026-03-16T19:00:00Z,665,547,4,3,438,392,273,2669126.8842768716,1817536.7818136862,851590.1024631868,4486663.666090556,107061.345249,1423040.0120300753,235.93744653496546,100.0,1.0,2.118796992481203,8.0,0.023862128569643298,0.023862128569643298,observed,0.5894736842105263,0.1898047560148893,11.581166609638695,6.501289670540389,-0.00040338961647168325,0.005239074007767908,0.023034371744230286,0.03944467004435426,0.01622758854405748,-0.0058629529680257475
2026-03-16T20:00:00Z,428,349,4,3,286,261,167,1988816.1141015596,871048.0538129042,1117768.060288655,2859864.167914463,68599.97369399996,1811413.4485981308,594.7469761935973,100.00071832297898,1.0,2.0093457943925235,6.0,0.023987144027202534,0.023987144027202534,observed,0.6098130841121495,0.39084655587114125,11.136062007403332,6.061456918928017,0.005239074007767908,0.01398552684925547,0.029710070194141958,0.026316939182452703,0.010965288391466599,-0.012232024221318305
2026-03-16T21:00:00Z,852,653,4,3,515,441,411,3335442.432691883,2285092.951925986,1050349.4807658973,5620535.384617864,136706.12878700002,1410520.0105633803,367.2392916062726,100.0,1.0,2.532863849765258,13.0,0.024322616874031932,0.024322616874031932,observed,0.5176056338028169,0.18687712270978074,11.825596170489119,6.748759547491679,0.01398552684925547,0.00366575834150229,0.014630905707213593,0.0043518671533742115,-0.009209010706703546,-0.022435151920777274
2026-03-16T22:00:00Z,1107,879,4,3,656,603,504,4996909.120339456,3414736.777541874,1582172.342797578,8411645.897881327,205343.22983199978,1413540.9909665764,384.32458841886694,100.0,1.0,2.4796747967479673,9.0,0.02441177770972508,0.02441177770972508,observed,0.5447154471544715,0.18809307500641292,12.23244301980316,7.010311867307229,0.00366575834150229,0.011798651196462728,0.016040808357342895,0.0021164307945249483,-0.015056803692224063,-0.026130194049522992
2026-03-16T23:00:00Z,1662,1277,4,3,834,770,892,6507175.650975891,5559708.241259008,947467.4097168968,12066883.892234905,298049.6641330002,1172189.3844765343,758.3695269718174,100.0,1.0,4.1046931407942235,26.0,0.024699803760007712,0.024699803760007712,observed,0.46329723225030084,0.07851798510521812,12.60501876490595,7.416378479192928,0.011798651196462728,-0.0008633660472098237,-0.003295229511593889,-0.009626289365876395,-0.026045191304699955,-0.04141151338758975
2026-03-17T00:00:00Z,1072,844,4,3,654,546,526,2740936.045443149,3400040.4927164996,-659104.4472733522,6140976.538159654,151549.9592349998,1255942.8311567164,345.04103636780985,100.0,1.0,2.406716417910448,8.0,0.024678478788068576,0.024678478788068576,observed,0.5093283582089553,-0.10732893102224335,11.928677211961134,6.9782137426306985,-0.0008633660472098237,0.005060424130381769,-0.010130815546836591,-0.014863193406879693,-0.03117606860915545,-0.04125141776299002
2026-03-17T01:00:00Z,1521,1167,4,3,852,803,718,5040519.324332486,4631508.8481387915,409010.4761936886,9672028.17247127,239898.8194949995,1571282.218277449,557.2901074415661,100.0,1.0,2.6568047337278107,10.0,0.024803362357628835,0.024803362357628835,observed,0.5279421433267587,0.042287974031943246,12.387976696409828,7.3277805384216315,0.005060424130381769,-0.007456655159690184,-0.013704545573646532,-0.022336043629244795,-0.03423218793193383,-0.040883898706226884
2026-03-17T02:00:00Z,608,484,4,3,375,260,348,1229230.3246757255,2072966.8770356616,-843736.5523599347,3302197.2017113855,81294.85200199994,1348486.324013158,378.95816791551795,100.0,1.0,2.2796052631578947,8.0,0.024618412237727157,0.024618412237727157,observed,0.4276315789473684,-0.25550762138695493,11.305850273348682,6.411818267709897,-0.007456655159690184,-0.007715630252788319,-0.006351991122887979,-0.014958001963033984,-0.031211529714957775,-0.032214138387496094
2026-03-17T03:00:00Z,973,781,4,3,550,473,500,3092950.6143060704,3966742.800629562,-873792.1863234921,7059693.414935631,172457.478238,1428891.4943473793,485.48599924456425,100.0,1.0,2.9033915724563206,14.0,0.024428465671490134,0.024428465671490134,observed,0.48612538540596095,-0.12377197350735934,12.057911780612578,6.881411303642535,-0.007715630252788319,0.0014318490894713598,-0.0047808113782806805,-0.01350211843436222,-0.029945004745608572,-0.017692992392598028
2026-03-17T04:00:00Z,1086,863,4,3,624,586,500,4738716.749535358,4961182.621833196,-222465.87229783583,9699899.371368563,237292.94069100026,1504704.4143646408,767.6854552718133,100.0,1.0,2.6832412523020257,13.0,0.02446344354781904,0.02446344354781904,observed,0.5395948434622467,-0.02293486393833053,12.37705490771521,6.99117688712121,0.0014318490894713598,-0.00005752444796969236,-0.00875143246058907,-0.01713696528569375,-0.03686490614418236,-0.017071525258332332
2026-03-17T05:00:00Z,1007,804,4,3,601,508,499,3763230.0551371467,3772324.364669562,-9094.30953242152,7535554.419806706,184335.00577100008,1270285.6137040716,576.2448161953046,100.0,1.0,2.364448857994042,8.0,0.024462036301733516,0.024462036301733516,observed,0.5044687189672294,-0.0012068534079612947,12.124515489584796,6.915723448631314,-0.00005752444796969236,-0.006146606726641357,-0.00866102559785864,-0.016578491293262165,-0.037359727821325905,-0.018074997714221497
2026-03-17T06:00:00Z,1115,886,4,3,601,603,512,4568990.781735253,4532713.838044435,36276.943690811604,9101704.619779672,221277.71000899991,1320534.4385650223,502.7705354708004,100.0,1.0,3.0269058295964126,11.0,0.024311677784853936,0.024311677784853936,observed,0.5408071748878924,0.00398573071817505,12.30717831720426,7.017506142941256,-0.006146606726641357,-0.0025635586136261157,-0.008763202273219584,-0.01655899474377598,-0.026876019591716482,-0.012902486580895212
2026-03-17T07:00:00Z,714,577,4,3,437,368,346,2704297.043059904,2913251.7568128356,-208954.71375293162,5617548.799872747,136221.9259429998,1411115.8655462186,1996.5533782007208,100.0,1.0,2.3529411764705883,7.0,0.02424935337385687,0.02424935337385687,observed,0.5154061624649859,-0.03719677766887669,11.822047984105076,6.5722825426940075,-0.0025635586136261157,0.000033675342966610344,-0.008459566146885145,-0.012167927665912348,-0.021737789606491975,-0.009371014884834383
2026-03-17T08:00:00Z,574,453,4,3,365,303,271,2107314.117857919,1891456.505951337,215857.61190658138,3998770.6238092594,96970.86733500005,1520728.8710801394,346.6679891848536,100.0,1.0,2.268292682926829,7.0,0.024250169979148455,0.024250169979148455,observed,0.5278745644599303,0.053980993713751396,11.482176187945193,6.354370040797351,0.000033675342966610344,-0.006249042561550455,-0.007986638173061222,-0.016500339868061098,-0.02294570632557902,-0.0023967777756727093
2026-03-17T09:00:00Z,1063,832,4,3,567,504,559,4751715.053786695,4859160.747147304,-107445.6933606104,9610875.800933994,231608.93639300007,1519544.3076199435,531.6949676286129,100.0,1.0,3.1448730009407337,12.0,0.024098629634823922,0.024098629634823922,observed,0.47412982126058323,-0.011179594408052669,12.352809927011954,6.96979066990159,-0.006249042561550455,-0.002258023409503429,-0.007864712537341889,-0.016667938794911907,-0.013349072969978781,0.003176717047149724
2026-03-17T10:00:00Z,508,405,4,3,319,221,287,1474131.5771628362,2948702.387124425,-1474570.809961591,4422833.964287264,106343.56793799985,1529898.4212598426,341.4325393429057,100.0,1.0,2.34251968503937,8.0,0.024044214364971537,0.024044214364971537,observed,0.43503937007874016,-0.3333995401745127,11.57443974210716,6.2324480165505225,-0.002258023409503429,0.0005106542776509571,-0.0037400002989456116,-0.020071912526675728,-0.011242669017674567,0.0030248049308798652
2026-03-17T11:00:00Z,486,387,4,3,307,249,237,2280429.247549669,2156488.2589695873,123940.98858008218,4436917.506519254,106736.67336599999,1589555.7407407407,389.8576698511645,100.0,1.0,2.2674897119341564,8.0,0.024056492645889764,0.024056492645889764,observed,0.5123456790123457,0.027934030415930233,11.578129452442203,6.18826412308259,0.0005106542776509571,-0.006126903362730363,-0.008582244980370635,-0.02113156601119326,-0.015777243405650787,-0.003465000240973848
2026-03-17T12:00:00Z,630,506,4,3,400,268,362,2394736.5982872625,3701980.7553782854,-1307244.1570910218,6096717.3536655465,145767.03000300002,1638769.2841269842,322.6396281192783,100.0,1.0,2.2063492063492065,7.0,0.023909100840202164,0.023909100840202164,observed,0.4253968253968254,-0.21441770731015827,11.889771801556762,6.447305862541213,-0.006126903362730363,0.001889998129100956,-0.0088730099300105,-0.010490740972563417,-0.010399566760670775,-0.0036376207146323614
2026-03-17T13:00:00Z,932,757,4,3,564,461,471,4691989.323900525,4418714.743788923,273274.5801116044,9110704.067689447,218240.43819499994,1220614.712446352,332.6016066367848,100.0,1.0,2.336909871244635,7.0,0.023954288996058632,0.023954288996058632,observed,0.4946351931330472,0.029994891512364664,12.293357243585278,6.838405200847344,0.001889998129100956,-0.004352250381613576,-0.016393222886225356,-0.009687741680595052,-0.006887484435880387,-0.012066244872154686
2026-03-17T14:00:00Z,1141,954,4,3,710,586,555,5430458.751607102,5543411.009176553,-112952.25756945269,10973869.760783684,261727.16616699978,1144710.5127081508,515.0244178177614,100.0,1.0,2.290096406660824,9.0,0.023850033932634254,0.023850033932634254,observed,0.5135845749342682,-0.01029283744309595,12.475061710418805,7.040536390215956,-0.004352250381613576,-0.006418388419790366,-0.012657954698999885,-0.006553501458915867,-0.0010349097902075943,-0.01861241941693026
2026-03-17T15:00:00Z,1082,878,4,3,672,457,625,4350902.375128191,7297480.091089569,-2946577.7159613743,11648382.466217756,276031.19688399974,1463953.8817005546,651.5409576189822,100.0,1.0,2.391866913123845,10.0,0.023696955151029427,0.023696955151029427,observed,0.422365988909427,-0.25296024787192034,12.528272793272388,6.9874902470009905,-0.006418388419790366,-0.005711879551679844,-0.0016322136908396567,0.003375122154428478,0.012630224485156605,-0.017492645221304115
2026-03-17T16:00:00Z,1008,798,4,3,617,484,524,6129344.836026143,6282908.60016703,-153563.76414087813,12412253.436193155,292452.56294299936,1306746.1091269841,796.7700636320567,100.0,1.0,2.2857142857142856,7.0,0.02356160099746519,0.02356160099746519,observed,0.4801587301587302,-0.012371948810930518,12.586061173881244,6.9167150203536085,-0.005711879551679844,-0.0005712563387045844,0.006817237702759993,0.00901009331385394,0.02055099124943016,-0.018930390838919453
2026-03-17T17:00:00Z,857,699,4,3,513,519,338,6623780.071098933,4165416.679624327,2458363.391474605,10789196.750723269,254065.52942200005,1127193.178529755,601.987363178262,100.0,1.0,2.4329054842473745,11.0,0.02354814128354536,0.02354814128354536,observed,0.6056009334889149,0.22785416266598393,12.44535143856209,6.754604099487962,-0.0005712563387045844,0.0046770304088630255,0.00618271375065671,0.005469910377765563,0.020033163648409014,-0.020097424794936147
2026-03-17T18:00:00Z,541,436,4,3,350,262,279,2378162.891203008,2917247.486167212,-539084.5949642053,5295410.3773702225,125280.28371699997,1300722.2754158964,504.29307331662955,100.0,1.0,2.2125693160813307,9.0,0.023658276656400704,0.023658276656400704,observed,0.48428835489833644,-0.10180223184740642,11.738316757955337,6.295266001439646,0.0046770304088630255,0.00270304454760395,0.005015522249350202,0.00009214083755249014,0.014359458087713106,-0.02388705701430105
2026-03-17T19:00:00Z,628,514,4,3,381,343,285,3398375.568109502,2448384.094798497,949991.473311003,5846759.662908,138698.1542789999,1163390.7770700636,2356.128136928675,100.0,1.0,2.267515923566879,7.0,0.023722226032122495,0.023722226032122495,observed,0.5461783439490446,0.16248170406896906,11.840062508800555,6.444131256700441,0.00270304454760395,-0.0012011238583752304,0.002178007615460942,0.0028276507951814356,0.01264157461084281,-0.032528983547962964
2026-03-17T20:00:00Z,424,332,4,3,249,233,191,2143314.3369766227,2114318.1219662046,28996.215010416618,4257632.458942828,100879.20541900017,1431234.3372641508,672.5713772788653,100.0,1.0,2.490566037735849,9.0,0.02369373270046154,0.02369373270046154,observed,0.5495283018867925,0.006810408199869933,11.521689006907547,6.052089168924417,-0.0012011238583752304,0.0035115855294933773,-0.0007084233938328133,0.005554996345361829,0.02103151143487403,-0.034834929849723584
2026-03-17T21:00:00Z,288,227,4,3,188,160,128,1666800.4897341954,902279.5318923399,764520.9578418552,2569080.0216265344,61084.84937599997,1823267.2465277778,776.9341491251698,100.0,1.0,2.236111111111111,9.0,0.023776935269352165,0.023776935269352165,observed,0.5555555555555556,0.29758549807951185,11.02003552056264,5.666426688112432,0.0035115855294933773,-0.00012794114302616677,-0.00489881131465375,0.009223970304202744,0.016749378695537054,-0.03241686047948322
2026-03-17T22:00:00Z,510,425,4,3,327,221,289,2240678.7728165374,3222438.189106159,-981759.4162896206,5463116.961922694,129879.55930700003,1453231.8803921568,569.9306955863148,100.0,1.0,2.168627450980392,7.0,0.023773893221076144,0.023773893221076144,observed,0.43333333333333335,-0.17970682728053827,11.774370532544129,6.236369590203704,-0.00012794114302616677,-0.0040778224351107895,0.0006482313269535744,0.011437841912634195,0.01442970231571361,-0.028305013723571415
2026-03-17T23:00:00Z,411,336,4,3,249,186,225,1581267.4127507145,2335264.35228267,-753996.9395319555,3916531.7650333797,92731.51700600001,1186744.8418491485,367.11736334651846,100.0,1.0,2.3090024330900243,6.0,0.023676947505929313,0.023676947505929313,observed,0.45255474452554745,-0.19251648774142635,11.437474466809915,6.021023349349527,-0.0040778224351107895,-0.00069649840201369,0.006267860037874939,0.01448402694136508,0.012509610331791432,-0.025606707010931262
2026-03-18T00:00:00Z,827,659,4,3,477,450,377,5240783.695919605,4162469.7445398117,1078313.9513797918,9403253.44045942,222485.26945500018,1372842.7521160822,406.3229060630935,100.0,1.0,2.475211608222491,10.0,0.02366045654982687,0.02366045654982687,observed,0.5441354292623942,0.11467456005600418,12.312620668369666,6.71901315438526,-0.00069649840201369,0.0054456960003068655,0.014192307053229936,0.014266002768716923,0.006833006351769644,-0.02851119743103736
2026-03-18T01:00:00Z,606,493,4,3,372,343,263,3882793.77916154,3109378.0907516126,773415.6884099304,6992171.869913158,166338.903656,1339942.1567656766,2293.378093479688,100.0,1.0,2.237623762376238,7.0,0.023789304203425697,0.023789304203425697,observed,0.566006600660066,0.11061165297407602,12.02178858622328,6.408528791059498,0.0054456960003068655,0.0015152648134071356,0.010782620952992206,0.009786251713222782,-0.005214676439086685,-0.03591485593028798
2026-03-18T02:00:00Z,409,328,4,3,273,238,171,2756488.7739964556,2078498.0465225626,677990.7274738953,4834986.820519015,115195.25952500015,1728201.7628361857,951.6168387578427,100.0,1.0,1.9877750611246945,6.0,0.023825351299020588,0.023825351299020588,observed,0.5819070904645477,0.14022597219843422,11.654392557315745,6.016157159698354,0.0015152648134071356,0.007173103684227966,0.008164989889651197,0.015391018040545434,-0.017595719609212024,-0.034937560912121635
2026-03-18T03:00:00Z,391,323,4,3,289,241,150,3181020.775506926,1342385.2513323582,1838635.524174572,4523406.026839285,108544.79550599997,1698219.959079284,1367.5111745388865,100.0,1.0,1.741687979539642,5.0,0.023996253014201618,0.023996253014201618,observed,0.6163682864450127,0.4064714759774312,11.594927441308934,5.971261839790462,0.007173103684227966,0.002065415761190348,0.0000726644394506426,0.00745662866991359,-0.029747156442793243,-0.030313065952662588
2026-03-18T04:00:00Z,303,239,4,3,203,169,134,2138576.2340375204,1787753.6915699234,350822.54246759723,3926329.925607444,94411.80401499999,1564761.2343234324,702.4878564741116,100.0,1.0,1.9636963696369636,5.0,0.02404581525338666,0.02404581525338666,observed,0.5577557755775577,0.08935126418682744,11.455431978688013,5.717027701406222,0.002065415761190348,-0.0010783665107186868,-0.0009857403749483629,0.0029580269583564522,-0.03868633946454125,-0.03549365359986978
2026-03-18T05:00:00Z,630,508,4,3,389,269,361,2472854.139946852,4012001.7320136433,-1539147.5920667895,6484855.871960497,155765.49262000015,1528302.1555555556,571.9156554750359,100.0,1.0,2.4349206349206347,8.0,0.02401988505149448,0.02401988505149448,observed,0.42698412698412697,-0.2373449190631704,11.956113322664766,6.447305862541213,-0.0010783665107186868,-0.0009112601068550497,0.007167505540621066,-0.0019462273994854673,-0.039342435004571685,-0.028124438239055416
2026-03-18T06:00:00Z,627,520,4,3,400,365,262,4085597.949477032,2697822.3188561704,1387775.6306208624,6783420.268333209,162788.49713600002,1394175.7703349283,294.19356972284527,100.0,1.0,2.1515151515151514,8.0,0.023997996688475808,0.023997996688475808,observed,0.5821371610845295,0.20458346611654954,12.000213216562832,6.4425401664681985,-0.0009112601068550497,0.001004901962446736,0.0073834277178268515,-0.0073284487468344706,-0.03770509043620196,-0.03727468992602201
2026-03-18T07:00:00Z,474,393,4,3,325,258,216,2718847.4034630707,2017600.6073848524,701246.7960782162,4736448.010847926,113779.48612599989,1445803.5464135022,607.2539601761703,100.0,1.0,1.9746835443037976,6.0,0.02402211232244285,0.02402211232244285,observed,0.5443037974683544,0.14805330797934335,11.64202631080386,6.163314804034641,0.001004901962446736,0.007074123456018322,0.003947658699871681,-0.014855548020047293,-0.044606659741542654,-0.052588883378204776
2026-03-18T08:00:00Z,541,416,4,3,347,288,253,2623264.263602579,1774106.3811324264,849157.882470155,4397370.644735005,106381.40043899993,1776485.4861367838,2738.0134546836002,100.0,1.0,2.3604436229205175,10.0,0.024192047710686147,0.024192047710686147,observed,0.532347504621072,0.19310582415581826,11.57479543280014,6.295266001439646,0.007074123456018322,-0.0006970699004070768,-0.009048875077849683,-0.03248673374461575,-0.05471568767362278,-0.05494538853904596
2026-03-18T09:00:00Z,608,499,4,3,399,329,279,2465206.3958043526,2045385.4776014432,419820.9182029078,4510591.873405791,109044.38922099998,1727298.9309210526,312.1060429763158,100.0,1.0,2.164473684210526,9.0,0.024175184162397816,0.024175184162397816,observed,0.5411184210526315,0.0930744633931856,11.599519489406228,6.411818267709897,-0.0006970699004070768,-0.002409112537250846,-0.014604048527967373,-0.036928423570774416,-0.04835630117433598,-0.051799045437249114
2026-03-18T10:00:00Z,599,482,4,3,375,264,335,1899449.5255204635,3071609.2172703226,-1172159.6917498629,4971058.742790789,119886.74245300004,1465820.7629382303,357.56208679892774,100.0,1.0,2.2120200333889817,7.0,0.024116943423141836,0.024116943423141836,observed,0.44073455759599334,-0.23579678945652605,11.69431110437177,6.396929655216146,-0.002409112537250846,-0.005962883751225001,-0.01872926995444113,-0.04152154457469315,-0.042126838303069514,-0.05870644281198423
2026-03-18T11:00:00Z,1828,1510,4,3,1093,927,901,9841859.819707038,9331871.665127646,509988.15457937284,19173731.484834705,459654.48963700014,1415682.9819474835,393.24437591169163,100.0,1.0,2.3894967177242887,9.0,0.02397313689307477,0.02397313689307477,observed,0.5071115973741794,0.026598273527651282,13.038232552301189,7.511524648390866,-0.005962883751225001,-0.006299062739711037,-0.02365188158861753,-0.03746913105457961,-0.03764538820548313,-0.05397586964852985
2026-03-18T12:00:00Z,1672,1384,4,3,981,823,849,8092724.84960428,11239742.45188866,-3147017.602284379,19332467.301492948,460540.5222060007,1316959.4862440191,731.4727262289553,100.0,1.0,2.5526315789473686,12.0,0.02382212859971761,0.02382212859971761,observed,0.4922248803827751,-0.16278406440347895,13.040158298269535,7.422373700986824,-0.006299062739711037,-0.006585386346442679,-0.02265523316739604,-0.03060089880788819,-0.035104335634442374,-0.06322772006888
2026-03-18T13:00:00Z,1354,1114,4,3,862,638,716,5944042.326973777,6563015.69371198,-618973.3667382025,12507058.020685742,295982.6633200006,1602948.3257016249,364.0002552545279,100.0,1.0,2.1285081240768093,7.0,0.02366525067929383,0.02366525067929383,observed,0.4711964549483013,-0.04948992526575528,12.598059540296607,7.2115567333138015,-0.006585386346442679,-0.010949538833683437,-0.023227305087550887,-0.03019974549082749,-0.03086111019542137,-0.07093506748758005
2026-03-18T14:00:00Z,1707,1349,4,3,978,790,917,8262804.757690081,11187308.244364187,-2924503.486674118,19450113.00205428,455251.8169960011,1419392.877562976,659.6273597861834,100.0,1.0,2.7270064440538957,12.0,0.023406127097972046,0.023406127097972046,observed,0.46280023432923256,-0.15035920286762539,13.028608185370823,7.443078374348516,-0.010949538833683437,-0.00528470069853848,-0.014151970189120733,-0.02297534794023126,-0.017652448843169966,-0.06429749967540477
2026-03-18T15:00:00Z,888,702,4,3,559,392,496,3999681.1066927817,4172329.0440884456,-172647.93739566553,8172010.150781227,190264.27653700006,1342821.2635135136,745.1341864588852,100.0,1.0,2.213963963963964,11.0,0.023282432721747313,0.023282432721747313,observed,0.44144144144144143,-0.021126740448206706,12.156174569672428,6.790097235513905,-0.00528470069853848,-0.007166864474559609,-0.008129849271350409,-0.011866072972408381,-0.0005832598313183501,-0.05574801807136098
2026-03-18T16:00:00Z,595,488,4,3,372,242,353,1878348.1452497654,4901329.712993257,-3022981.5677434877,6779677.8582430165,156716.12273200005,1502952.050420168,612.7447355882648,100.0,1.0,2.220168067226891,7.0,0.0231155706817925,0.0231155706817925,observed,0.40672268907563025,-0.44588867361419243,11.962197693159435,6.39024066706535,-0.007166864474559609,-0.0017601294518665433,-0.007138242540554951,-0.0006315152155483839,0.0033211697656445605,-0.04514278253410331
2026-03-18T17:00:00Z,1020,833,4,3,657,525,495,6549725.935395021,5420308.739538832,1129417.1958561938,11970034.674933841,276207.1650120001,1335017.3892156864,750.8169854469537,100.0,1.0,2.1745098039215685,10.0,0.023074884285038774,0.023074884285038774,observed,0.5147058823529411,0.09435371129051771,12.528910081475487,6.928537818164665,-0.0017601294518665433,0.0007915865485930151,-0.00895003842813702,-0.00018311843971985375,0.011677414694142074,-0.043239697620380824
2026-03-18T18:00:00Z,1438,1171,4,3,818,586,852,6007011.5955365915,8620059.964993116,-2613048.369456532,14627071.560529705,337785.1583840003,1597570.6849791377,593.167866810731,100.0,1.0,3.0917941585535464,14.0,0.02309315005304915,0.02309315005304915,observed,0.40751043115438107,-0.17864466982630273,12.73016830674366,7.271703706887368,0.0007915865485930151,-0.0061742950147160025,-0.0037668476043092314,-0.004645596247217498,0.00044726466481570526,-0.04339934299535653
2026-03-18T19:00:00Z,864,704,4,3,599,419,445,4746669.497700247,4129166.836930555,617502.660769694,8875836.334630808,203705.46877300006,1694661.4050925926,350.7345304047802,100.0,1.0,1.8611111111111112,7.0,0.022950566131802522,0.022950566131802522,observed,0.4849537037037037,0.06957120855872329,12.22443535808279,6.762729506931879,-0.0061742950147160025,-0.003581739438041631,0.006553507853556795,-0.0006819597144038791,-0.008354908183160203,-0.029752934806686504
2026-03-18T20:00:00Z,933,734,4,3,555,478,455,6271255.608825068,4708520.866654574,1562734.7421704887,10979776.475479646,251089.51612000025,1706979.3140407288,781.5940340523291,100.0,1.0,2.84994640943194,14.0,0.02286836318396286,0.02286836318396286,observed,0.5123258306538049,0.14232846594467866,12.433568775097472,6.839476438228843,-0.003581739438041631,0.006025726066378301,0.00884609285944804,0.005448070410341677,-0.00024299659100213145,-0.025965125555883373
2026-03-18T21:00:00Z,440,352,4,3,265,232,208,2268760.718297116,1850936.9700607734,417823.7482363408,4119697.6883578873,94778.43107499997,1541087.1318181818,651.8673626614609,100.0,1.0,2.4909090909090907,7.0,0.02300616167609587,0.02300616167609587,observed,0.5272727272727272,0.10142097305273036,11.45930769291863,6.089044875446846,0.006025726066378301,0.0041211207862414945,-0.0008820712709621814,0.011418303564406429,-0.003617681982407417,-0.03141743075869763
2026-03-18T22:00:00Z,876,708,4,3,537,459,417,5341847.552634602,4712245.552030615,629602.0006039884,10054093.10466521,232259.33181399992,1446165.25456621,926.596940649633,100.0,1.0,2.401826484018265,9.0,0.023100972847190863,0.023100972847190863,observed,0.523972602739726,0.06262146113525109,12.355614141430435,6.776506992372183,0.0041211207862414945,-0.001312239062813747,-0.007188358603399059,0.0039551827392732,-0.017308768187578094,-0.03705089756697366
2026-03-18T23:00:00Z,476,372,4,3,294,255,221,3033184.5592207992,3067866.014234674,-34681.455013874234,6101050.57345547,140755.256396,1421440.4348739495,908.2866359532835,100.0,1.0,2.5756302521008405,12.0,0.02307065884823178,0.02307065884823178,observed,0.5357142857142857,-0.005684505413668715,11.854784995429677,6.1675164908883415,-0.001312239062813747,-0.0036752416549215017,-0.003368226802043739,0.011862705413968166,-0.016969297224642577,-0.04458006324652397
2026-03-19T00:00:00Z,655,549,4,3,405,267,388,3396842.809362423,5296190.140853102,-1899347.3314906748,8693032.95021552,199816.91314500017,1169632.13129771,2701.3568293231065,100.0,1.0,2.316030534351145,7.0,0.022985868601826276,0.022985868601826276,observed,0.4076335877862595,-0.21849075488015784,12.205161796558167,6.486160788944089,-0.0036752416549215017,-0.0022167459681883273,0.012311234221385359,0.005116630712469483,-0.029146554879515896,-0.04154170690851433
2026-03-19T01:00:00Z,694,562,4,3,430,351,343,4385016.655386828,3288813.405280441,1096203.2501063887,7673830.060667267,175998.63840300002,1669837.727665706,349.1651990769924,100.0,1.0,2.4236311239193085,9.0,0.02293491477027787,0.02293491477027787,observed,0.5057636887608069,0.1428495603160477,12.07823721948977,6.543911845564792,-0.0022167459681883273,0.0025305028190338863,0.01122422509771992,-0.007678184681388811,-0.041350066243074135,-0.03236793055488696
2026-03-19T02:00:00Z,892,729,4,3,535,469,423,5733780.575674342,4052984.7102689776,1680795.865405361,9786765.28594332,225026.62090000036,1557136.7085201794,357.55872694782613,100.0,1.0,2.4820627802690582,9.0,0.02299295163675836,0.02299295163675836,observed,0.5257847533632287,0.17174171611323705,12.323978433207778,6.794586580876499,0.0025305028190338863,0.011999389272228544,0.015282406828290629,-0.005660229671554662,-0.047483246410402025,-0.0411915381899729
2026-03-19T03:00:00Z,864,713,4,3,565,499,365,6076403.299124919,4521821.416334511,1554581.8827904058,10598224.715459427,246608.5331130001,1237320.1782407407,1330.1289215369584,100.0,1.0,2.4328703703703702,18.0,0.023268853013965345,0.023268853013965345,observed,0.5775462962962963,0.14668323464804128,12.415561527168741,6.762729506931879,0.011999389272228544,-0.0032881550999929177,-0.007107106259123475,-0.014866238324760861,-0.055196952405191735,-0.04732020327261077
2026-03-19T04:00:00Z,762,632,4,3,457,386,376,4498682.361375335,4011401.793200612,487280.568174724,8510084.15457595,197368.77719399988,1201742.4842519686,684.3889955022856,100.0,1.0,2.4855643044619424,8.0,0.02319234141625649,0.02319234141625649,observed,0.5065616797900262,0.0572591950119211,12.192834289872813,6.637258031284457,-0.0032881550999929177,0.006553795447814537,-0.018692599830944512,-0.02118017944668904,-0.04830352808270566,-0.0442772808558618
2026-03-19T05:00:00Z,644,528,4,3,437,289,355,3657961.6525329156,4820029.194213785,-1162067.5416808738,8477990.846746707,197913.0947210002,1504584.5388198758,677.7190841652983,100.0,1.0,1.9968944099378882,10.0,0.023344339277854512,0.023344339277854512,observed,0.44875776397515527,-0.13706874219223752,12.195588350484547,6.4692503167957724,0.006553795447814537,-0.01031772507760953,-0.020627400178507393,-0.028493986866345855,-0.05428322459004953,-0.047937969821037485
2026-03-19T06:00:00Z,1318,1065,4,3,703,598,720,6939880.139050378,10100955.694847137,-3161075.555796744,17040835.833897546,393702.5894749994,1359333.7473444613,958.0807985728077,100.01222358968138,1.0,4.072837632776935,24.0,0.02310347880306717,0.02310347880306717,observed,0.4537177541729894,-0.18550002984646727,12.883353594175,7.1846291527173145,-0.01031772507760953,-0.014918209806639493,-0.007814671768274661,-0.03408876596509813,-0.04382700538929696,-0.038683117924106725
2026-03-19T07:00:00Z,1002,793,4,3,630,457,545,4767245.763536074,5433315.586661266,-666069.8231251927,10200561.350197354,232152.70150800017,1668855.8882235528,772.9773300216209,100.0,1.0,2.24750499001996,10.0,0.022758816259019765,0.022758816259019765,observed,0.4560878243512974,-0.06529736945431007,12.355154937787896,6.910750787961936,-0.014918209806639493,0.004569217900618261,-0.0025349646963997996,-0.03393242095647575,-0.02157831143430755,-0.028239389968390927
2026-03-19T08:00:00Z,989,797,4,3,591,554,435,6625438.910169368,4147996.680992322,2477442.229177044,10773435.591161687,246310.9705640002,1216208.0444893832,886.8122767314219,100.0,1.0,2.4175935288169867,8.0,0.02286280624966736,0.02286280624966736,observed,0.5601617795753286,0.22995842024706475,12.414354184486687,6.897704943128636,0.004569217900618261,0.00262988056636404,-0.008032271567810167,-0.04206109218082732,-0.02572838087372553,-0.02616316938977492
2026-03-19T09:00:00Z,937,769,4,3,566,450,487,4603272.959055189,6341764.0104639195,-1738491.0514087325,10945036.969519112,250892.34584600013,1414631.83244397,980.0373905110433,100.0,1.0,2.4215581643543223,8.0,0.022922932699515907,0.022922932699515907,observed,0.48025613660619,-0.15883829869650187,12.432783210862926,6.843749949006225,0.00262988056636404,-0.00967630272933151,-0.026481034791805635,-0.04093932788563426,-0.02790068458019279,-0.034811749694578786
2026-03-19T10:00:00Z,504,411,4,3,318,217,287,1616703.307598978,3304494.3019267945,-1687790.9943278143,4921197.609525771,111716.7145210001,1679407.6626984128,576.387101449892,100.0,1.0,2.261904761904762,7.0,0.0227011234632713,0.0227011234632713,observed,0.4305555555555556,-0.3429634670757425,11.623730562644349,6.22455842927536,-0.00967630272933151,-0.0009672420943844795,-0.03147724997750867,-0.027710256848583525,-0.020089860110977242,-0.025712838349524536
2026-03-19T11:00:00Z,600,470,4,3,381,296,304,3249512.232072927,3323968.14174022,-74455.90966729609,6573480.373813149,149081.05247100003,1867540.7433333334,499.55436699957517,100.0,1.0,2.2933333333333334,10.0,0.022679165981067805,0.022679165981067805,observed,0.49333333333333335,-0.011326710575406443,11.912252121079588,6.398594934535208,-0.0009672420943844795,-0.016017178947463906,-0.03430436256913316,-0.026545628513938824,-0.02808738927881782,-0.021109017944560993
2026-03-19T12:00:00Z,1047,819,4,3,647,376,671,3397825.574877423,7908296.932897878,-4510471.358020448,11306122.50777532,252306.40918000002,1494435.0582617002,1093.722744030374,100.0,1.0,2.6198662846227316,20.0,0.022315909721169806,0.022315909721169806,observed,0.35912129894937916,-0.39894060540371445,12.438403500745721,6.954638864880987,-0.016017178947463906,-0.014758761799871567,-0.01485157825429384,-0.010081919622695779,-0.01276727408374212,-0.008592246362230327
2026-03-19T13:00:00Z,1813,1415,4,3,1055,873,940,9228431.772406816,10520747.71205398,-1292315.939647159,19749179.484460805,434216.4115639992,1362851.1218974076,801.5203503125192,100.0,1.0,2.4462217319360176,9.0,0.02198655452524762,0.02198655452524762,observed,0.4815223386651958,-0.06543643702585156,12.981300635953975,7.503289630675082,-0.014758761799871567,-0.0038834132315670455,0.003889421419205341,0.012788038632245202,0.009369567943312118,0.006511678966753864
2026-03-19T14:00:00Z,1237,1021,4,3,767,626,611,5714259.571221829,5732267.733188901,-18008.16196707278,11446527.304410702,250692.35927300004,1518686.038803557,593.2672043086412,100.0,1.0,2.385610347615198,11.0,0.021901171648487705,0.021901171648487705,observed,0.5060630557801131,-0.00157324238943052,12.431985795056022,7.121252453244542,-0.0038834132315670455,0.0038039788226646998,0.00803434721506635,0.017049846471195673,0.006605351765959444,0.009521529341330881
2026-03-19T15:00:00Z,898,740,4,3,561,431,467,3836633.6818548264,3566350.082794828,270283.5990599963,7402983.764649644,162750.77251199976,1810664.7861915368,183.35175157138724,100.0,1.0,2.3118040089086858,9.0,0.021984483241630097,0.021984483241630097,observed,0.4799554565701559,0.036510089398093915,11.99998145102226,6.80128303447162,0.0038039788226646998,0.003984003570149719,0.004841563490652678,0.013595222580335964,0.008336921808871134,-0.002868262906134178
2026-03-19T16:00:00Z,547,447,4,3,360,296,251,2638270.652454921,2086476.2633976687,551794.3890572516,4724746.91585259,104284.94230299995,1775210.424131627,241.87262842706966,100.0,1.0,2.082266910420475,7.0,0.022072069501352647,0.022072069501352647,observed,0.5411334552102377,0.11678813677952932,11.554891850533993,6.306275286948016,0.003984003570149719,0.000229419564643063,0.008864140833817924,0.007837578038113246,0.004230600139488283,-0.0009904031953639203
2026-03-19T17:00:00Z,622,500,4,3,409,302,320,2344777.303021704,2988355.7212151214,-643578.418193421,5333133.024236823,117740.28850100022,1730883.305466238,319.0582576576254,100.0,1.0,2.1607717041800645,7.0,0.02207713326592842,0.02207713326592842,observed,0.4855305466237942,-0.12067548573580118,11.676245026135419,6.434546518787453,0.000229419564643063,0.0006245940973912401,0.00894364292351435,-0.0015838038330706627,0.006709466231326511,-0.0025057492424735983
2026-03-19T18:00:00Z,316,248,4,3,210,206,110,1965124.7182280142,1135373.37502849,829751.3431995232,3100498.0932565057,68492.86313000001,1592066.246835443,1096.270811331056,100.0,1.0,2.1012658227848102,8.0,0.022090922513053637,0.022090922513053637,observed,0.6518987341772152,0.26761872390897723,11.134499430893886,5.75890177387728,0.0006245940973912401,0.008003147933199672,0.008711481896981565,-0.002712703721930998,0.005379661937936708,-0.0071076587717978645
2026-03-19T19:00:00Z,818,657,4,3,514,488,330,4723638.71624596,2910881.5538064954,1812757.162439465,7634520.27005245,170003.3553859997,1648287.488997555,612.2975510683266,100.0,1.0,2.251833740831296,7.0,0.022267719433906454,0.022267719433906454,observed,0.5965770171149144,0.23744218344016674,12.04357933562186,6.70808408385307,0.008003147933199672,0.0003082412075310348,-0.0010175431499194199,-0.003375307130946914,-0.006807983318366628,-0.013701467767069153
2026-03-19T20:00:00Z,304,260,4,3,224,140,164,1613947.6809179757,1855540.1557250526,-241592.4748070775,3469487.836643028,77281.39569600008,1446167.9506578948,248.4282272545199,100.0,1.0,1.7171052631578947,6.0,0.022274583262633724,0.022274583262633724,observed,0.4605263157894737,-0.06963346931368265,11.255221468612943,5.720311776607412,0.0003082412075310348,0.00039434730950671515,-0.01043412764471241,-0.010269402961393559,-0.00044627032904775987,-0.013204084984923647
2026-03-19T21:00:00Z,311,249,4,3,210,176,135,1835138.1852027713,1702387.1877771867,132750.99742558456,3537525.3729799557,78827.97681099997,1457867.0836012862,641.883085449775,100.0,1.0,2.080385852090032,7.0,0.022283367184613725,0.022283367184613725,observed,0.5659163987138264,0.03752651456285025,11.275035934279243,5.7430031878094825,0.00039434730950671515,-0.0017190452306516946,-0.01132552352574423,-0.005187771858354617,-0.007109422879699623,-0.0075788293491830805
2026-03-19T22:00:00Z,447,375,4,3,305,168,279,1755084.3576702124,2489527.468393451,-734443.11072324,4244611.826063664,94421.64928299999,1233792.460850112,613.2185333737805,100.0,1.0,2.0156599552572705,7.0,0.022245061068532156,0.022245061068532156,observed,0.37583892617449666,-0.17302951148876722,11.45553625220061,6.104793232414985,-0.0017190452306516946,-0.009120840364000515,-0.0023601655513170172,-0.0035789277729117996,-0.005738259060350304,0.0014836710082288818
2026-03-19T23:00:00Z,521,419,4,3,321,193,328,1857850.4022657373,4107058.6467775595,-2249208.244511825,5964909.049043298,131479.52389,1397270.9654510557,632.3333788190471,100.0,1.0,2.2783109404990403,8.0,0.02204216741763863,0.02204216741763863,observed,0.3704414587332054,-0.3770733511641006,11.786614012330606,6.257667587882639,-0.009120840364000515,-0.0005068028064292296,0.00016646156453115069,0.008306425813439766,0.007180039910253733,0.01421513729998991
2026-03-20T00:00:00Z,507,417,4,3,334,312,195,3208361.2759325737,2396153.713830181,812207.5621023936,5604514.98976276,123473.04948100005,1477316.0887573964,372.6828034341804,100.0,1.0,2.0808678500986195,7.0,0.022030996385331587,0.022030996385331587,observed,0.6153846153846154,0.14492022299627652,11.72378628731076,6.230481447578482,-0.0005068028064292296,0.007333424850781922,0.0062080612106802935,0.008114377562081554,0.0042290207890312015,0.006977623298395796
2026-03-20T01:00:00Z,712,571,4,3,415,357,355,4955711.625795534,3946203.026078993,1009508.5997165464,8901914.651874527,197556.26649600003,1396381.3398876404,967.0121994539908,100.0,1.0,2.441011235955056,8.0,0.022192559041711264,0.022192559041711264,observed,0.5014044943820225,0.11340353611500514,12.193783778235696,6.569481420414296,0.007333424850781922,-0.006611335363482462,-0.0012216455072369126,-0.0034443017637239004,-0.0028313603533552945,-0.00714488554966175
2026-03-20T02:00:00Z,474,397,4,3,288,261,213,2795014.226104733,2915111.7973552286,-120097.57125049588,5710126.023459956,125884.50522899996,1463164.3565400844,835.2279826049723,100.0,1.0,2.3544303797468356,9.0,0.022045836591312627,0.022045836591312627,observed,0.5506329113924051,-0.02103238540744583,11.743128084167068,6.163314804034641,-0.006611335363482462,0.005530729922919919,0.008138609483240966,0.009925057042530439,0.002897041596545691,-0.009410537861600843
2026-03-20T03:00:00Z,461,371,4,3,262,247,214,3257411.484747894,2332949.496767442,924461.9879804596,5590360.981515336,123925.81498500002,1241825.7939262474,1106.7237169055693,100.0,1.0,2.531453362255965,7.0,0.022167766159424004,0.022167766159424004,observed,0.5357917570498916,0.16536713658334687,11.7274464686157,6.135564891081739,0.005530729922919919,-0.00010459140282625956,0.0018945548389937006,-0.001931672095481507,-0.011112540335133314,-0.012170262787112307
2026-03-20T04:00:00Z,521,409,4,3,318,258,263,2637610.692760715,2496929.8105610795,140680.88219963695,5134540.503321793,113809.38848500002,1579751.8003838772,581.9511444633245,100.0,1.0,2.3550863723608444,6.0,0.022165447601663866,0.022165447601663866,observed,0.4952015355086372,0.027398923449649174,11.642289083722355,6.257667587882639,-0.00010459140282625956,0.0026984090496013913,-0.0022253748757057323,-0.002167087135774959,-0.005199008409151329,-0.011283954144696073
2026-03-20T05:00:00Z,637,505,4,3,409,329,308,3600490.508392794,2986260.7804272682,614229.7279655272,6586751.28882007,146392.253666,1485908.612244898,313.280556560387,100.0,1.0,2.0832025117739406,7.0,0.022225259046060663,0.022225259046060663,observed,0.5164835164835165,0.09325230315103615,11.89405179793117,6.45833828334479,0.0026984090496013913,-0.0006971724359895459,0.0017720257338473822,-0.0011171067389333933,-0.009153798372729893,-0.01217692394323755
2026-03-20T06:00:00Z,461,392,4,3,321,184,277,1613345.3599237036,2622072.3543182034,-1008726.9943944971,4235417.714241906,94067.62875599986,1351885.3080260304,252.10832602079202,100.0,1.0,1.880694143167028,6.0,0.022209764208071022,0.022209764208071022,observed,0.39913232104121477,-0.23816470120587582,11.451779888012723,6.135564891081739,-0.0006971724359895459,-0.004216300350214475,-0.0038189916453734707,-0.003854083286111254,-0.012420502604622463,-0.012125878026868597
2026-03-20T07:00:00Z,895,740,4,3,573,529,366,4979670.267003911,4437203.50649194,542466.760511974,9416873.77349585,208264.7214310001,1335816.0759776537,494.72996697852864,100.0,1.0,2.2201117318435752,9.0,0.02211612117146235,0.02211612117146235,observed,0.5910614525139665,0.05760582264984452,12.246570050245658,6.79794041297493,-0.004216300350214475,0.0067155358942869725,0.000058417741304550574,0.0006150598621366132,-0.006940736869527453,-0.010004911293698071
2026-03-20T08:00:00Z,771,658,4,3,530,404,367,3935248.1161302673,3648885.4777037413,286362.6384265233,7584133.593834009,168858.0252399999,1292450.6044098574,481.02742693932015,100.0,1.0,2.0428015564202333,7.0,0.022264642777031707,0.022264642777031707,observed,0.5239948119325551,0.03775812159471183,12.036819475614148,6.648984550024776,0.0067155358942869725,-0.00627440890545683,-0.002884021911736201,-0.006958947495139478,-0.012763510631965458,-0.017318443534893757
2026-03-20T09:00:00Z,667,561,4,3,452,269,398,2797978.594000499,3889092.920815161,-1091114.3268146652,6687071.514815658,147951.09150999977,1393354.5652173914,427.02516047922984,100.0,1.0,1.9145427286356822,5.0,0.022124945304114685,0.022124945304114685,observed,0.4032983508245877,-0.16316773708748708,11.904643794328637,6.504288173536645,-0.00627440890545683,-0.000340437397857829,-0.00003522616918361088,-0.009198636990041864,-0.00047276757409153713,-0.011403543418286421
2026-03-20T10:00:00Z,479,397,4,3,308,277,202,2790046.1737974687,2268803.643715582,521242.5300818872,5058849.817513051,111888.67145400014,1246156.9749478078,1197.5411892134678,100.0,1.0,2.231732776617954,7.0,0.022117413145307605,0.022117413145307605,observed,0.5782881002087683,0.10303577866206194,11.625268588467133,6.173786103901937,-0.000340437397857829,0.003753509217047757,0.0005566096049560709,-0.003038505980598849,0.007263610547614929,-0.010285496496547974
2026-03-20T11:00:00Z,653,520,4,3,416,339,314,3515188.2747814236,3768428.688344701,-253240.41356327693,7283616.963126129,161699.43625300002,1656079.773353752,1134.4641737016507,100.0,1.0,2.4854517611026035,11.0,0.022200431059405768,0.022200431059405768,observed,0.5191424196018377,-0.03476849686705465,11.993500743477453,6.483107351457199,0.003753509217047757,-0.0034352996188887763,-0.004086711749636152,-0.008045679516603843,0.006984945204397741,-0.017850855368304552
2026-03-20T12:00:00Z,631,501,4,3,421,272,359,2407226.915407041,3315167.6372942408,-907940.7218871958,5722394.552701279,126603.206584,1523892.4580031696,561.2535624859144,100.0,1.0,2.068145800316957,8.0,0.022124165927048224,0.022124165927048224,observed,0.43106180665610144,-0.1586644740283766,11.748821015501965,6.448889394146858,-0.0034352996188887763,0.000251217734994702,-0.009163733624089287,-0.008599562749572187,0.002737027562901062,-0.011330725459959168
2026-03-20T13:00:00Z,1245,1000,4,3,726,635,610,7109956.327509527,6919935.244164748,190021.0833447824,14029891.571674287,310477.6269669999,1309574.6064257028,991.4464411746378,100.0,1.0,2.6224899598393576,11.0,0.022129723909901065,0.022129723909901065,observed,0.5100401606425703,0.013544016528853746,12.645870343741718,7.1276936993473985,0.000251217734994702,-0.0009046481119360239,-0.003593115622887444,-0.007551152320958487,-0.004325773018528656,-0.010617902305727234
2026-03-20T14:00:00Z,1037,868,4,3,666,479,558,5056986.102245315,5985955.657301384,-928969.5550560727,11042941.759546714,244156.17687199987,1163062.718418515,660.7054245217253,100.0,1.0,2.1475409836065573,8.0,0.022109704296948307,0.022109704296948307,observed,0.46190935390549664,-0.0841233772018195,12.405567464396702,6.945051063725834,-0.0009046481119360239,-0.00851564229815105,-0.003975213317941373,-0.005845239854066819,-0.012272026885784437,-0.008059797797871693
2026-03-20T15:00:00Z,943,756,4,3,554,510,433,5621131.39542409,5476093.9730032245,145037.42242086638,11097225.36842732,243267.00431799993,1485298.1018027572,918.6708317509682,100.0,1.0,2.5227995758218453,10.0,0.0219214259638376,0.0219214259638376,observed,0.5408271474019088,0.013069701443886314,12.401919013005012,6.8501261661455,-0.00851564229815105,0.005874767889874288,0.0005693885999757953,0.008806880714659071,-0.0010696085197980931,-0.00007528887284380392
2026-03-20T16:00:00Z,636,498,4,3,415,323,313,3763037.5359706907,2996450.2790683345,766587.2569023588,6759487.815039023,149048.12076599995,1333240.2578616352,845.0422745093682,100.0,1.0,2.1320754716981134,8.0,0.022050209253190213,0.022050209253190213,observed,0.5078616352201258,0.11340907445632155,11.912031200168993,6.456769655572163,0.005874767889874288,-0.0012877767685933739,-0.003972309665990825,0.0103335149752668,-0.006116746753352165,-0.006564349074078768
2026-03-20T17:00:00Z,675,533,4,3,419,336,339,3569416.0111652547,3526802.109818562,42613.90134669395,7096218.120983825,156271.5920580001,1310365.6755555556,514.8362384495271,100.0,1.0,2.3125925925925928,11.0,0.022021813505971332,0.022021813505971332,observed,0.49777777777777776,0.006005156636981436,11.959357146317842,6.516193076042964,-0.0012877767685933739,-0.00399175717616862,-0.0018774899592156613,0.015152537179007108,-0.003051054306453249,-0.004979074094819014
2026-03-20T18:00:00Z,498,410,4,3,335,193,305,1706679.0970720812,3994607.3587749163,-2287928.2617028323,5701286.455847003,125051.49131500008,1528770.030120482,847.5453156931462,100.0,1.0,2.0120481927710845,6.0,0.021933907773876625,0.021933907773876625,observed,0.38755020080321284,-0.40130035202080194,11.736488858658294,6.212606095751519,-0.00399175717616862,0.0013089879038432617,0.008232804449683773,0.011434925673337926,0.00029832998612344674,-0.003093055273391432
2026-03-20T19:00:00Z,650,534,4,3,400,421,229,5302822.262333926,2579843.3895896263,2722978.8727443023,7882665.6519235475,173123.98236899983,1468105.8646153847,2772.2612824061853,100.0,1.0,2.1969230769230768,7.0,0.021962618993836645,0.021962618993836645,observed,0.6476923076923077,0.34543883921802954,12.061769054084023,6.478509642208569,0.0013089879038432617,0.0008126889784190183,0.014362878442124805,0.003249919942949875,-0.0030855906972875324,-0.006327437068482045
2026-03-20T20:00:00Z,599,524,4,3,433,150,449,1983043.9033419252,3900173.786973845,-1917129.8836319223,5883217.690315772,129315.87683900014,1076468.5876460767,849.3398136014488,100.0,1.0,2.015025041736227,7.0,0.02198046777223015,0.02198046777223015,observed,0.25041736227045075,-0.32586417578728477,11.77002108090592,6.396929655216146,0.0008126889784190183,0.00609712116024741,0.01706206098640828,-0.006464574017403635,-0.0046138214622153395,-0.0025249918321958997
2026-03-20T21:00:00Z,613,516,4,3,369,426,187,5554893.906291157,2110421.5765291476,3444472.3297620076,7665315.482820305,169514.50692800002,1663298.1288743883,906.5629679395994,100.0,1.0,2.402936378466558,7.0,0.02211448534739635,0.02211448534739635,observed,0.6949429037520392,0.4493581950386575,12.040699687918911,6.419994928147142,0.00609712116024741,0.0073969649643566004,0.0031759740503600753,-0.009790267516276763,-0.010935946004858033,-0.010495467157477179
2026-03-20T22:00:00Z,602,540,4,3,485,227,375,3866510.8254754967,2241239.481805361,1625271.3436701358,6107750.307280856,136068.86091900006,1289911.9634551494,427.0160712939149,100.0,1.0,1.6046511627906976,7.0,0.02227806542071582,0.02227806542071582,observed,0.3770764119601329,0.2660998341292212,11.820923716056067,6.401917196727186,0.0073969649643566004,0.0034758149638030034,-0.010955604483715131,-0.016282011320807865,-0.017422556379875664,-0.019912673012740578
2026-03-20T23:00:00Z,569,467,4,3,356,353,216,5569729.206695059,2217127.630499167,3352601.576195895,7786856.837194218,174079.07688599982,1509952.9138840071,725.5493983259496,100.0,1.0,2.4235500878734624,10.0,0.022355499853869726,0.022355499853869726,observed,0.6203866432337434,0.4305461942207626,12.067270684320112,6.345636360828596,0.0034758149638030034,-0.007639259957920919,-0.023131956157124267,-0.01793187803681806,-0.024663527186755574,-0.03642863701600296
2026-03-21T00:00:00Z,897,707,4,3,491,505,392,9265979.729418844,14565745.805402111,-5299766.075983271,23831725.53482097,528700.167139,1450346.9799331103,5644.926074902618,100.0,1.0,3.6064659977703455,17.0,0.022184720378996752,0.022184720378996752,observed,0.5629877369007804,-0.22238280934545365,13.178178649784941,6.8001700683022,-0.007639259957920919,-0.006794073989561,-0.012925191493856514,-0.011010689273756702,-0.014029354293469298,-0.040351956600840566
2026-03-21T01:00:00Z,585,476,4,3,377,258,327,4931137.116725368,7134060.103553028,-2202922.9868276613,12065197.220278405,265844.50424199994,1461789.264957265,5734.458799667075,100.0,1.0,2.5555555555555554,12.0,0.022033995747304125,0.022033995747304125,observed,0.441025641025641,-0.18258491316869074,12.490670607907417,6.373319789577012,-0.006794073989561,-0.008878205213806778,-0.005385407228673755,-0.006314987436627728,-0.006319465862116402,-0.03214195862443281
2026-03-21T02:00:00Z,816,592,4,3,422,482,334,7337339.801403078,10198714.30862741,-2861374.507224343,17536054.11003049,382958.8978170006,1492437.3786764706,13804.047735745693,100.0,1.0,4.382352941176471,19.0,0.021838373411379414,0.021838373411379414,observed,0.5906862745098039,-0.1631709442312714,12.855685557242145,6.705639094860003,-0.008878205213806778,0.002729379489870176,0.005323214484373562,0.0018627947295970504,0.004264563931131837,-0.017594158634349877
2026-03-21T03:00:00Z,323,266,4,3,214,189,134,2936101.3800774044,1508861.9080737925,1427239.4720036138,4444963.288151198,97335.71105000001,1577871.8482972137,776.4284898836426,100.0,1.0,2.486068111455108,10.0,0.021897978619860557,0.021897978619860557,observed,0.5851393188854489,0.321091397044417,11.485931494548682,5.780743515792329,0.002729379489870176,0.0007925428995410044,0.001939571553849273,-0.0011570058857203191,0.0009953843185017686,-0.01972803299267245
2026-03-21T04:00:00Z,224,183,4,3,169,112,112,1117571.1248645405,1217609.7000518076,-100038.57518726662,2335180.8249163497,51176.267045000015,1842647.71875,422.6887703169914,100.0,1.0,1.625,5.0,0.021915333707330027,0.021915333707330027,observed,0.5,-0.04283975532851944,10.843050709401725,5.41610040220442,0.0007925428995410044,0.001792810925569377,-0.000934613482156732,-0.001159422794127396,-0.0004503570406931834,-0.01803261911521481
2026-03-21T05:00:00Z,165,134,4,3,117,128,37,1036611.529110122,366314.91006996995,670296.6190401517,1402926.4391800915,30800.722131000002,2199709.187878788,2787.9082785140477,100.0,1.0,1.9575757575757575,4.0,0.02195462375703803,0.02195462375703803,observed,0.7757575757575758,0.47778457966184695,10.33532588074273,5.111987788356544,0.001792810925569377,-0.0006455333016146536,-0.0034420967355771603,-0.006854564362073767,-0.0019339202841772707,-0.021369604512120666
2026-03-21T06:00:00Z,173,134,4,3,119,71,102,576198.1680524885,1245944.142271749,-669745.9742192606,1822142.3103242356,39978.62465100001,2190750.2138728322,502.2646840295496,100.0,1.0,1.9364161849710984,5.0,0.02194045131627844,0.02194045131627844,observed,0.41040462427745666,-0.36755964143112657,10.59612521959111,5.159055299214529,-0.0006455333016146536,-0.0020783517458192735,-0.003090583032634764,-0.003052272645389764,-0.003390373809343483,-0.026564914688087526
2026-03-21T07:00:00Z,281,230,4,3,199,130,151,1194289.6315054111,1442001.4948454513,-247711.86334004125,2636291.126350862,57721.202302999984,2232821.2775800712,292.4924463008612,100.0,1.0,1.790035587188612,5.0,0.02189485134098119,0.02189485134098119,observed,0.4626334519572954,-0.09396225662031586,10.963397167097556,5.641907070938114,-0.0020783517458192735,-0.0007215176966521852,-0.00022501961833965023,-4.506886419730627e-6,-0.0032518803429293364,-0.026092360542922632
2026-03-21T08:00:00Z,349,284,4,3,242,179,170,1698148.0168837148,1655473.2839478098,42674.732935905515,3353621.3008315233,73374.06092699995,1932959.1891117478,524.3517467958253,100.0,1.0,1.9283667621776504,6.0,0.021879053818273105,0.021879053818273105,observed,0.5128939828080229,0.012724970742917337,11.20333938748099,5.857933154483459,-0.0007215176966521852,-0.0002930331729312785,-0.003424254240840807,0.002397303517177596,0.002098511788749091,-0.03166218237832796
2026-03-21T09:00:00Z,387,299,4,3,247,153,234,1523783.8024320104,2410646.5906537897,-886862.7882217787,3934430.393085803,86056.38954600003,1667941.488372093,593.7472023504262,100.0,1.0,2.136950904392765,7.0,0.021872642529712,0.021872642529712,observed,0.3953488372093023,-0.2254107201337995,11.362769672978784,5.961005339623274,-0.0002930331729312785,0.0007901212737950747,0.00003842915574159278,0.002154883417018638,0.00044534916176730555,-0.026191097230686133
2026-03-21T10:00:00Z,377,312,4,3,237,207,170,2696173.696057475,1698557.466759337,997616.2292981374,4394731.162816812,96200.3336589999,1377336.0875331564,945.4160060041525,100.0,1.0,2.8355437665782492,13.0,0.02188992456988884,0.02188992456988884,observed,0.5490716180371353,0.22700278864355222,11.474198499956868,5.934894195619588,0.0007901212737950747,-0.003919163547806415,0.0002205623627786757,0.000709888814707238,-0.0025342700965030884,-0.02990066207081654
2026-03-21T11:00:00Z,251,208,4,3,174,90,161,496622.05367820535,1901469.126950018,-1404847.073271814,2398091.180628221,52288.30234699998,1502223.3984063745,202.6017165370957,100.0,1.0,1.9243027888446216,6.0,0.0218041343754503,0.0218041343754503,observed,0.35856573705179284,-0.5858188732022234,10.864547085096612,5.529429087511423,-0.003919163547806415,0.003180529905651319,0.005841560747180008,0.004954605741842588,-0.012062616499219248,-0.026528615913087084
2026-03-21T12:00:00Z,311,255,4,3,212,230,81,2046887.4827044085,920419.7797841153,1126467.7029202941,2967307.262488524,64905.34519000003,1757705.1382636656,193.1752445428809,100.0,1.0,1.9260450160771705,5.0,0.021873483076898258,0.021873483076898258,observed,0.7395498392282959,0.37962624132682005,11.080700666634241,5.7430031878094825,0.003180529905651319,0.000972391383667004,0.002116372930851984,-0.0003391363004064951,-0.02669714602761719,-0.028165657720791826
2026-03-21T13:00:00Z,201,165,4,3,146,100,101,829144.0533576416,1017456.7501141161,-188312.69675647432,1846600.8034717566,40430.86786,1603152.7064676618,198.97554587333815,100.0,1.0,1.756218905472637,4.0,0.02189475266337302,0.02189475266337302,observed,0.4975124378109453,-0.10197802167227019,10.607373561419232,5.308267697401205,0.000972391383667004,0.0016785705751602986,0.0004892185487297418,-0.003247388092118886,-0.025986714920122722,-0.02757312607039719
2026-03-21T14:00:00Z,390,307,4,3,263,225,165,2040447.0942978917,2063011.9517038427,-22564.857405952178,4103459.046001731,89995.03074199999,1668938.141025641,308.298834037131,100.0,1.0,1.9794871794871796,6.0,0.02193150455094417,0.02193150455094417,observed,0.5769230769230769,-0.005498984430693563,11.407520845473176,5.968707559985366,0.0016785705751602986,-0.0005348026411625684,-0.0008818038943216866,-0.0002980771470355581,-0.021765900491317658,-0.028000142655687954
2026-03-21T15:00:00Z,303,243,4,3,212,210,93,2138109.711979079,912638.6423827407,1225471.0695963386,3050748.3543618224,66871.71910900009,1460157.9768976897,222.38124180593684,100.0,1.0,1.9108910891089108,6.0,0.021919775524385655,0.021919775524385655,observed,0.693069306930693,0.401695232530148,11.110546376835352,5.717027701406222,-0.0005348026411625684,-0.0006529054950377144,-0.002450323433072943,-0.0017058583294256024,-0.02070281005869301,-0.02582876426829328
2026-03-21T16:00:00Z,282,231,4,3,207,119,163,768186.9136862324,2081679.7984676275,-1313492.8847813962,2849866.7121538566,62427.652618,1748826.3794326242,314.66118747975895,100.0,1.0,1.7730496453900708,5.0,0.02190546398249579,0.02190546398249579,observed,0.4219858156028369,-0.4608962514561573,11.04177962553873,5.645446897643238,-0.0006529054950377144,0.00030591830113158025,-0.0037347795174331733,-0.0032418575527947135,-0.01759018393770506,-0.026265416186680657
2026-03-21T17:00:00Z,360,292,4,3,253,232,128,3017995.7016216153,2358477.8070064494,659517.8946151666,5376473.508628066,117810.17606299993,1930944.463888889,736.3392461428996,100.0,1.0,2.2944444444444443,11.0,0.021912165264822814,0.021912165264822814,observed,0.6444444444444445,0.12266737547516683,11.676838418899784,5.8888779583328805,0.00030591830113158025,-0.002103866938529708,0.0005842419340986726,-0.01693332429528005,-0.019473344123143943,-0.02725259274205938
2026-03-21T18:00:00Z,273,200,4,3,177,123,150,1655729.1103165972,3099641.1479544593,-1443912.037637863,4755370.258271054,103981.235094,2113837.227106227,701.5676257705717,100.0,1.0,2.6483516483516483,11.0,0.021866064984770554,0.021866064984770554,observed,0.45054945054945056,-0.3036381941293541,11.55197534712888,5.6131281063880705,-0.002103866938529708,-0.001939675954772846,0.000746293764747108,-0.02636695171766923,-0.02325337852427145,-0.028870405955024547
2026-03-21T19:00:00Z,148,119,4,3,110,86,62,899461.2970749096,770154.5365533057,129306.7605216036,1669615.8336282158,36437.114766999985,1564409.75,331.0658670078238,100.0,1.0,1.662162162162162,4.0,0.021823651904294094,0.021823651904294094,observed,0.581081081081081,0.07744701380832567,10.503370614772132,5.003946305945459,-0.001939675954772846,0.004642457036413639,0.0004947698208310758,-0.022813410826662883,-0.022914997028388173,-0.03246902511615768
2026-03-21T20:00:00Z,120,99,4,3,95,79,41,1019375.482810581,383990.88071446074,635384.6020961206,1403366.3635250416,30768.761589,1942764.2416666667,185.31487745759992,100.0,1.0,1.4833333333333334,3.0,0.021924967270637426,0.021924967270637426,observed,0.6583333333333333,0.452757468477534,10.334287720122274,4.795790545596741,0.004642457036413639,-0.001942250466490436,-0.017507337708535076,-0.02147422431980217,-0.033689995314746146,-0.03707988110406846
2026-03-21T21:00:00Z,225,176,4,3,154,92,133,950640.751628489,1847071.9720491827,-896431.220420694,2797712.7236776697,61220.62272200001,1951860.9644444445,530.4955614761112,100.0,1.0,2.022222222222222,5.0,0.021882383492728242,0.021882383492728242,observed,0.4088888888888889,-0.3204157499209964,11.022255718551252,5.420534999272286,-0.001942250466490436,-0.0021905248168010427,-0.027093026125950326,-0.019029413212299673,-0.02662458915399113,-0.045194487041517184
2026-03-21T22:00:00Z,373,311,4,3,239,211,162,2288621.560250165,2539730.991575387,-251109.43132522117,4828352.551825548,105424.42038900011,1480475.5924932975,697.560083491156,100.0,1.0,2.6514745308310994,12.0,0.021834449588636663,0.021834449588636663,observed,0.5656836461126006,-0.05200726927661474,11.565759066171431,5.924255797414532,-0.0021905248168010427,-0.013434280679441635,-0.023296654166086284,-0.01439499290137014,-0.027435922011036062,-0.042202909702158564
2026-03-21T23:00:00Z,1052,861,4,3,549,372,680,3722984.410024638,9717530.190190407,-5994545.780165788,13440514.60021504,289523.73066599993,1362290.6378326996,2395.733408641374,100.0,1.0,3.2509505703422055,17.0,0.021541119464381798,0.021541119464381798,observed,0.35361216730038025,-0.4460056745200722,12.57599599779051,6.959398512133975,-0.013434280679441635,-0.011679799637902777,-0.004037573778938097,-0.002583771671482049,-0.014642627817774367,-0.03662667963788824
2026-03-22T00:00:00Z,1298,1075,4,3,775,632,666,5049162.70084409,5891243.638763386,-842080.9379192933,10940406.33960749,232916.0379219996,1130433.8181818181,874.759991327202,100.0,1.0,2.4668721109399074,11.0,0.02128952350506169,0.02128952350506169,observed,0.4869029275808937,-0.07696980457395924,12.358437608722673,7.1693500166706,-0.011679799637902777,0.0017030189798770135,0.008288164367392659,0.00319789185349717,-0.0015087921371863544,-0.03318539945286059
2026-03-22T01:00:00Z,432,341,4,3,293,245,187,2014413.9085370689,1482556.2374121177,531857.6711249531,3496970.14594919,74575.61588600001,1548969.0115740742,771.6992311582125,100.0,1.0,1.9305555555555556,6.0,0.02132577996766335,0.02132577996766335,observed,0.5671296296296297,0.15209099561260048,11.219582277079816,6.07073772800249,0.0017030189798770135,0.00601927046957873,0.009113986660008733,-0.00010395783451255802,-0.0016287366656856372,-0.03719514064508056
2026-03-22T02:00:00Z,541,442,4,3,337,313,228,3375263.064175987,1844852.147101603,1530410.9170743872,5220115.211277593,111993.111819,1649031.6340110905,359.53996400188095,100.0,1.0,2.412199630314233,9.0,0.021454145605263437,0.021454145605263437,observed,0.5785582255083179,0.29317569730416504,11.626201575850578,6.295266001439646,0.00601927046957873,0.0005513605682236911,0.001459695736687694,-0.012483852033895126,-0.006372955274715375,-0.034316471203197696
2026-03-22T03:00:00Z,525,414,4,3,321,268,257,2416121.3041668413,2486591.486833536,-70470.1826666952,4902712.791000384,105241.50812100005,1411512.5428571429,494.92398891324837,100.0,1.0,2.420952380952381,7.0,0.02146597457517511,0.02146597457517511,observed,0.5104761904761905,-0.014373712201957474,11.56402256726287,6.26530121273771,0.0005513605682236911,0.002523447814498425,-0.005048430293822848,-0.007742511390237294,-0.005234319328443537,-0.031723173334286425
2026-03-22T04:00:00Z,297,243,4,3,211,189,108,1385807.4802076914,820159.9291621083,565647.5510455825,2205967.4093698,47472.733754000015,1381491.8754208754,201.13940776890243,100.0,1.0,1.8148148148148149,4.0,0.021520142841802915,0.021520142841802915,observed,0.6363636363636364,0.2564170026460983,10.767931863476445,5.697093486505405,0.002523447814498425,-0.0016115465366628445,-0.009134691042219312,-0.013231394945988684,-0.008830563484949372,-0.03190448832475479
2026-03-22T05:00:00Z,218,178,4,3,148,84,134,346347.7814778537,988295.9814681098,-641948.199990256,1334643.762945963,28675.43802599999,1291987.7155963304,249.61854942189905,100.0,1.0,2.018348623853211,5.0,0.021485462130137717,0.021485462130137717,observed,0.3853211009174312,-0.4809884238871966,10.263831089859588,5.389071729816501,-0.0016115465366628445,-0.00595086251903354,-0.013923224099723464,-0.012090094189163847,-0.00793374516877221,-0.027996517759543926
2026-03-22T06:00:00Z,278,219,4,3,185,132,146,938921.9288702675,2293206.4978201566,-1354284.568949889,3232128.426690425,69030.522566,1808730.571942446,659.5980434026291,100.0,1.0,2.158273381294964,7.0,0.021357605098843366,0.021357605098843366,observed,0.4748201438848921,-0.4190070412321531,11.142318528038372,5.631211781821365,-0.00595086251903354,-0.00159391059658609,-0.002707750988533042,-0.004691680503821183,-0.005750751840089774,-0.02521059240672552
2026-03-22T07:00:00Z,322,266,4,3,218,114,208,851692.1710530086,1882879.5026838908,-1031187.3316308801,2734571.6737368945,58310.81132400003,1533670.8602484472,259.75953011032004,100.0,1.0,1.9440993788819876,6.0,0.021323562985758618,0.021323562985758618,observed,0.35403726708074534,-0.3770928154981303,10.973559947427784,5.777652323222656,-0.00159391059658609,-0.006436436529701606,-0.00413447101915243,-0.0015249373603587468,-0.00977809306121058,-0.022109394816286265
2026-03-22T08:00:00Z,643,530,4,3,421,329,314,3386718.8643957525,4433310.808653389,-1046591.9442576327,7820029.673049144,165677.61372999992,1396487.2799377916,728.4106568514849,100.0,1.0,1.9922239502332815,7.0,0.021186315226013688,0.021186315226013688,observed,0.5116640746500778,-0.13383477915238537,12.017805128880912,6.467698726104354,-0.006436436529701606,0.005355286905732282,0.0018590133703189071,0.0061881486918120565,-0.003508072743618529,-0.0017339633068618188
2026-03-22T09:00:00Z,335,276,4,3,241,207,128,2163335.326042059,1146367.1103524012,1016968.2156896576,3309702.43639446,70495.91397700002,1737105.4507462687,195.94274761542064,100.0,1.0,1.853731343283582,5.0,0.021299774022524275,0.021299774022524275,observed,0.6179104477611941,0.30726877573850037,11.163324214466392,5.817111159963204,0.005355286905732282,-0.0030222240802777467,-0.001989316087891657,0.002527763297919705,-0.019077837472169068,-0.006202216925400017
2026-03-22T10:00:00Z,378,313,4,3,268,146,232,787823.5526767297,2605370.2417107276,-1817546.6890339989,3393193.7943874584,72055.83202300005,1624345.0502645504,319.00834521213505,100.0,1.0,1.9417989417989419,8.0,0.021235401332568928,0.021235401332568928,observed,0.3862433862433862,-0.5356448228923227,11.185210420290996,5.937536205082426,-0.0030222240802777467,-0.0004568062138486928,0.002620367492249809,0.004459841383784635,-0.015183562734146117,-0.003203307177913839
2026-03-22T11:00:00Z,341,281,4,3,237,198,143,1823030.1964963723,1434514.89724657,388515.29924980196,3257545.0937429443,69143.67772800004,1660002.1378299121,559.4345149503932,100.0,1.0,1.9618768328445748,9.0,0.02122570086928664,0.02122570086928664,observed,0.5806451612903226,0.11926628429367186,11.143956367073667,5.834810737062605,-0.0004568062138486928,0.0014935276013450238,0.00432110233447891,0.00420721464168361,-0.022310739677551483,0.0218073104149763
2026-03-22T12:00:00Z,398,316,4,3,256,198,200,1989046.3198044528,1919741.5350811952,69304.78472325741,3908787.854885651,83090.67491800008,1608040.052763819,442.3391968373992,100.0,1.0,2.080402010050251,7.0,0.02125740203939281,0.02125740203939281,observed,0.49748743718592964,0.01773050554192455,11.327699794332862,5.988961416889864,0.0014935276013450238,0.0015826886300835952,0.004526083195928177,-0.0010640635826341116,-0.0317244729510191,0.016917874554487344
2026-03-22T13:00:00Z,383,309,4,3,243,225,158,2525436.611749192,1607765.1784920385,917671.4332571531,4133201.7902412335,88000.18897999998,1449788.6866840732,412.62751840408333,100.0,1.0,2.112271540469974,7.0,0.02129104588790567,0.02129104588790567,observed,0.587467362924282,0.22202434815155575,11.385105604505432,5.950642552587727,0.0015826886300835952,0.001238708849581327,0.0018346663913637595,-0.008265760467800809,-0.03562442678950095,0.021760692359166445
2026-03-22T14:00:00Z,418,344,4,3,270,240,178,2704604.829941611,1894637.3012399192,809967.5287016915,4599242.131181533,98043.97294900002,1296361.8899521532,719.8082749246862,100.0,1.0,2.0526315789473686,6.0,0.021317419294863863,0.021317419294863863,observed,0.5741626794258373,0.17610891220758865,11.493181560029658,6.037870919922137,0.001238708849581327,0.001697931357819149,-0.0001133976897732536,-0.009636588791109402,-0.028122740898430476,0.026163362108008847
2026-03-22T15:00:00Z,233,178,4,3,166,121,112,592951.6039289022,748369.003680222,-155417.3997513198,1341320.6076091242,28642.04359100001,1739640.91416309,150.81829451108155,100.0,1.0,1.6695278969957081,3.0,0.021353614809552394,0.021353614809552394,observed,0.51931330472103,-0.11586894204835044,10.262665886063733,5.455321115357702,0.001697931357819149,-0.0011008419665171632,-0.005564959309744322,-0.021551124628224616,-0.02662823468935971,0.012254040802393007
2026-03-22T16:00:00Z,267,204,4,3,183,142,125,985374.616900707,945607.1597725772,39767.4571281299,1930981.7766732846,41188.049561,1247212.6554307116,180.19869881357312,100.0,1.0,1.756554307116105,5.0,0.021330107854233196,0.021330107854233196,observed,0.5318352059925093,0.02059442383585913,10.62592771265553,5.5909869805108565,-0.0011008419665171632,-0.0007081963941546476,-0.01008192988125145,-0.01955618662750047,-0.023279495906303627,0.004693407747334621
2026-03-22T17:00:00Z,436,361,4,3,292,200,236,2199879.8799452554,2623406.0694591296,-423526.189513876,4823285.949404384,102808.34941099997,1566035.7821100918,934.0398570127082,100.0,1.0,2.444954128440367,13.0,0.021315001948763897,0.021315001948763897,observed,0.45871559633027525,-0.08780864206613673,11.540631575445543,6.07993319509559,-0.0007081963941546476,-0.0037635059539494753,-0.009524271131679196,-0.02640685501218698,-0.020223218452465996,0.004929881995695551
2026-03-22T18:00:00Z,402,338,4,3,269,210,192,1602986.6117621148,2495073.2642134577,-892086.652451343,4098059.8759755692,87021.41141700008,1384749.7139303482,535.6905706877827,100.0,1.0,2.174129353233831,10.0,0.02123478281202128,0.02123478281202128,observed,0.5223880597014925,-0.21768511916604832,11.373920966957149,5.998936561946683,-0.0037635059539494753,-0.005638089666083923,-0.016075625520379888,-0.030693068745075935,-0.019572396562180572,0.010247367698094534
2026-03-22T19:00:00Z,388,309,4,3,244,155,233,1681500.7235886538,3321493.1707195416,-1639992.4471308896,5002993.894308193,105638.5122679999,1406737.3582474226,538.9640302373318,100.0,1.0,2.0670103092783507,5.0,0.021115059202487286,0.021115059202487286,observed,0.39948453608247425,-0.3278022083929938,11.567787749475002,5.963579343618446,-0.005638089666083923,-0.00014525706162005214,-0.009570748360126946,-0.02758669130411917,-0.012453069022879126,0.020544242556598924
2026-03-22T20:00:00Z,381,298,4,3,247,171,210,2311021.9332206924,2500151.0962609053,-189129.16304021675,4811173.029481597,101573.44694700002,1621101.2283464568,523.480879806096,100.0,1.0,2.2125984251968505,7.0,0.0211119920910316,0.0211119920910316,observed,0.44881889763779526,-0.03931040556664315,11.528547276066307,5.945420608606575,-0.00014525706162005214,-0.010352964067082082,-0.017044924361546032,-0.018666028952701197,0.001780355051787863,0.01795529302390042
2026-03-22T21:00:00Z,681,549,4,3,434,312,369,2703946.7013512263,4304139.046463231,-1600192.3451120046,7008085.74781445,146422.88169699992,1584047.7709251102,629.5853390998348,100.0,1.0,2.2305433186490453,8.0,0.020893420395528627,0.020893420395528627,observed,0.4581497797356828,-0.22833515494741805,11.89426099355132,6.525029657843462,-0.010352964067082082,0.0009357916680150513,-0.014856267009775936,-0.0051889374998830284,0.013126036946284003,0.02890917053396791
2026-03-22T22:00:00Z,787,650,4,3,516,417,370,4184022.938936467,3806115.2388793975,377907.70005706424,7990138.177815884,167097.53826000015,1349300.25158831,628.7682205984436,100.0,1.0,2.1486658195679795,7.0,0.020912972284251097,0.020912972284251097,observed,0.5298602287166455,0.04729676654482662,12.026338966849234,6.669498089857879,0.0009357916680150513,-0.007690561597205714,-0.01819003519349094,-0.0037975753715001614,0.012164963035642629,0.027565572392825866
2026-03-22T23:00:00Z,847,645,4,3,508,386,461,2949556.486679983,6254046.00225723,-3304489.5155772497,9203602.488937208,190994.445355,1588197.2455726091,879.5117233556783,100.0,1.0,2.574970484061393,12.0,0.020752139782718407,0.020752139782718407,observed,0.4557260920897285,-0.35904305075640414,12.160004860435539,6.742880635791903,-0.007690561597205714,-0.008149406331297238,-0.0016492153419139788,0.0063513558939432,0.045124818163571945,0.036486292304040324
2026-03-23T00:00:00Z,973,739,4,3,614,500,473,3961387.9947669273,4103600.129294773,-142212.13452784627,8064988.124061701,166001.82930500005,1737514.142857143,583.4217341376291,100.0,1.0,2.20863309352518,7.0,0.020583022163385156,0.020583022163385156,observed,0.513874614594039,-0.017633272652139403,12.019760111199457,6.881411303642535,-0.008149406331297238,-0.0024514175121884696,0.009813115778090076,0.011472807863343926,0.05023606003319525,0.044047244686297615
2026-03-23T01:00:00Z,739,586,4,3,455,371,368,4992984.366062065,4547613.446688223,445370.91937384737,9540597.812750282,195892.940745,1485851.5886332882,708.4552433489407,100.0,1.0,2.388362652232747,9.0,0.02053256458240007,0.02053256458240007,observed,0.5020297699594046,0.04668165749306014,12.185328673107163,6.606650186198215,-0.0024514175121884696,0.009027145745349907,0.014659109540436477,0.015562952651826611,0.05950494884231339,0.04082526615143833
2026-03-23T02:00:00Z,887,736,4,3,541,535,352,6209927.898648891,3699745.263157536,2510182.6354913586,9909673.161806427,205307.76659500028,1395222.8658399098,299.0119489981461,100.0,1.0,2.2356257046223225,7.0,0.020717915035411205,0.020717915035411205,observed,0.6031567080045096,0.25330629925980114,12.23227030348356,6.78897174299217,0.009027145745349907,0.0032382943656044105,0.008013787697474628,0.020835296247482704,0.05585695364106247,0.029921391832824717
2026-03-23T03:00:00Z,698,571,4,3,443,380,318,4658140.689393543,4340524.061206956,317616.6281865851,8998664.750600507,187037.2985200003,1581025.611747851,539.5810186169482,100.0,1.0,2.160458452722063,9.0,0.020785005742937446,0.020785005742937446,observed,0.5444126074498568,0.03529597301259496,12.139068679786847,6.54965074223381,0.0032382943656044105,0.0023357199619060687,0.0016435636053064862,0.018410505408070765,0.03994596605064227,0.028281519307654213
2026-03-23T04:00:00Z,369,313,4,3,265,226,143,2575728.6615229286,1824350.5597507027,751378.1017722251,4400079.221273629,91669.28672200005,1558246.8509485095,706.323164579528,100.0,1.0,1.7696476964769647,5.0,0.02083355369575956,0.02083355369575956,observed,0.6124661246612466,0.170764675812981,11.425953578713557,5.91350300563827,0.0023357199619060687,0.0024187094057797065,0.0008907849965487102,0.01602338843242168,0.028639619559941876,0.0235048989951141
2026-03-23T05:00:00Z,911,743,4,3,554,483,428,6469282.457664581,5766554.240644539,702728.2170200314,12235836.698309103,255532.52849899986,1495318.5773874864,719.8554516415104,100.0,1.0,2.3172338090010975,9.0,0.020883944008039307,0.020883944008039307,observed,0.5301866081229418,0.057431970885746045,12.451108907018343,6.815639990074331,0.0024187094057797065,-0.003101750612898968,0.012719576563823942,0.038528752450665005,0.025672276504075775,0.02156310910189485
2026-03-23T06:00:00Z,1029,847,4,3,633,485,544,5495866.486259785,6796314.9361866275,-1300448.4499268525,12292181.422446417,255912.98055599973,1327723.3479105928,822.0225774412608,100.0,1.0,2.2108843537414966,6.0,0.020819167221912623,0.020819167221912623,observed,0.4713313896987366,-0.10579476540690647,12.452596653543404,6.937314081223682,-0.003101750612898968,0.0015824211676072064,0.016739429485687962,0.03832357317814172,0.030415059873583505,0.03137419354355564
2026-03-23T07:00:00Z,1690,1388,4,3,980,980,710,13095246.572878238,9572364.307844056,3522882.265034209,22667610.880722266,472667.5588809984,1343973.5804733727,893.8586376687367,100.0,1.0,2.552662721893491,11.0,0.020852111912816534,0.020852111912816534,observed,0.5798816568047337,0.15541480236147226,13.066149700672414,7.43307534889858,0.0015824211676072064,0.014265558387148491,0.01511913553677613,0.043268608879189596,0.03341341109412288,0.04343841682736649
2026-03-23T08:00:00Z,750,625,4,3,501,462,288,6315799.205702441,3142455.28955513,3173343.9161473047,9458254.495257577,200038.10001400003,1556399.5973333332,832.6718586968296,100.0,1.0,2.0693333333333332,6.0,0.021149578932804173,0.021149578932804173,observed,0.616,0.3355105233992633,12.206268126492526,6.621405651764134,0.014265558387148491,0.0008553016978671835,0.025485017258590315,0.03430686372455671,0.016146192017586714,0.03388846871009665
2026-03-23T09:00:00Z,675,543,4,3,437,300,375,3044752.6392397108,5019132.521345665,-1974379.882105954,8063885.160585374,170693.6455109999,1568680.4755555557,862.5018125013802,100.0,1.0,2.1348148148148147,8.0,0.021167668203574578,0.021167668203574578,observed,0.4444444444444444,-0.24484226186110886,12.047631540458095,6.516193076042964,0.0008553016978671835,-0.000013718304602838849,0.021228785927355887,0.02114614934568304,0.015578647682628732,0.032148059088601855
2026-03-23T10:00:00Z,685,564,4,3,446,366,319,5262933.806787735,3827844.492392065,1435089.3143956754,9090778.299179805,192427.93892799996,1331824.5416058395,970.1673015910413,100.0,1.0,2.062773722627737,5.0,0.02116737781905443,0.02116737781905443,observed,0.5343065693430656,0.15786209575973853,12.16748221613195,6.530877627725885,-0.000013718304602838849,0.02462272381206332,0.027730216441569366,0.012417264475560241,0.015215513201518593,0.03780685843024201
2026-03-23T11:00:00Z,3007,2535,4,3,1700,1635,1372,23662683.552515496,18196096.14921207,5466587.403303505,41858779.701727524,907857.3380940008,1310290.3162620552,952.2954956580098,100.0,1.0,2.6973727968074495,12.0,0.021688576316918604,0.021688576316918604,observed,0.5437312936481543,0.13059595722227654,13.718843630096798,8.00903068506973,0.02462272381206332,-0.0032987050613014768,0.008602608831428604,-0.012379508912248594,-0.008265544659738167,0.031163901272358796
2026-03-23T12:00:00Z,1641,1389,4,3,1056,887,754,10372507.843796847,8896751.709568808,1475756.1342280463,19269259.55336567,416544.202317,1295789.6819012796,771.0158826216829,100.0,1.0,2.154174283973187,8.0,0.02161703210044956,0.02161703210044956,observed,0.5405240706886045,0.07658603228323234,12.93975026367258,7.403670290012373,-0.0032987050613014768,0.006352476435692811,-0.00008091877433502592,-0.007616617313571661,-0.005892785043680515,0.048733451338750955
2026-03-23T13:00:00Z,1107,931,4,3,730,589,518,6618130.424028613,6202698.698579112,415431.72544950293,12820829.122607723,278908.85258200037,1205860.502258356,671.1793013652907,100.0,1.0,2.105691056910569,8.0,0.021754353787477282,0.021754353787477282,observed,0.5320686540198736,0.03240287515547241,12.538643899567447,7.010311867307229,0.006352476435692811,0.00555295132121536,-0.014899777899913147,-0.009446462494116847,-0.01763057615850283,0.04616982640554035
2026-03-23T14:00:00Z,1140,933,4,3,726,590,550,6645285.919079412,6291186.861159214,354099.0579201943,12936472.780238641,282987.34275900014,1154556.1,868.0617172638348,100.0,1.0,2.2,10.0,0.02187515465508364,0.02187515465508364,observed,0.5175438596491229,0.027372148802500874,12.553160984112663,7.039660349862076,0.00555295132121536,-0.01187976873644725,-0.020803156327334094,-0.01755830145182735,-0.024563518494432834,0.022199123958851708
2026-03-23T15:00:00Z,1141,936,4,3,698,377,764,3544542.476531309,9248452.558985164,-5703910.082453852,12792995.035516486,276524.2065330001,1316188.6196319018,913.803930082898,100.0,1.0,2.621384750219106,17.0,0.02161528287670723,0.02161528287670723,observed,0.33041191936897457,-0.44586197888910306,12.530057258657438,7.040536390215956,-0.01187976873644725,-0.008561725982264234,-0.0075363083680727305,-0.005452208448929352,-0.011216396931934436,0.04561515420455864
2026-03-23T16:00:00Z,943,803,4,3,639,496,447,5307268.081345693,4956395.65184565,350872.42950005207,10263663.73319135,219952.55895499996,1192475.997879109,398.46694020534943,100.0,1.0,1.975609756097561,7.0,0.021430218747687736,0.021430218747687736,observed,0.5259809119830329,0.03418588514015481,12.301171707391584,6.8501261661455,-0.008561725982264234,-0.00047299351899998676,0.005535797559938382,0.002763928297299323,-0.004991758500440091,0.05081484328999197
2026-03-23T17:00:00Z,721,601,4,3,478,381,340,4335186.827403875,3797992.0157850385,537194.8116188368,8133178.843188905,174213.36093899995,1242157.6421636615,757.144127485503,100.0,1.0,2.1539528432732316,9.0,0.021420082393109326,0.021420082393109326,observed,0.5284327323162274,0.06604979700756344,12.068041779376884,6.582025138892826,-0.00047299351899998676,0.0015079795578334387,0.0033137922129489183,0.004165531486673979,-0.004006316146310085,0.04485783996309478
2026-03-23T18:00:00Z,524,450,4,3,377,264,260,2949819.1275422485,2679316.0866704723,270503.0408717762,5629135.214212718,120758.36704800013,1319081.5305343512,403.35020786230075,100.0,1.0,1.83206106870229,7.0,0.021452383439485242,0.021452383439485242,observed,0.5038167938931297,0.048054102553585276,11.7015551424026,6.263398262591624,0.0015079795578334387,0.004496873791530742,0.0020999256060607596,0.0017370628125841225,0.0009308226435371658,0.05188868952791115
2026-03-23T19:00:00Z,663,551,4,3,403,265,398,4377395.688615139,4766126.152758938,-388730.4641438033,9143521.84137409,197032.3998359999,1413571.0346907994,1104.7270162682626,100.0,1.0,2.580693815987934,10.0,0.02154885210034013,0.02154885210034013,observed,0.3996983408748115,-0.042514303666319544,12.191128535664172,6.498282149476434,0.004496873791530742,-0.0026817208047420493,-0.002756609231978957,-0.00826216186657891,0.009700866686672693,0.05496517773410359
2026-03-23T20:00:00Z,334,265,4,3,225,178,156,1874843.8113439938,1434152.2487164056,440691.56262758904,3308996.0600604,71113.84641799994,1458411.877245509,408.55807285563515,100.0,1.0,2.287425149700599,10.0,0.021491064095344337,0.021491064095344337,observed,0.5329341317365269,0.13317983902934746,11.172051404373224,5.814130531825066,-0.0026817208047420493,0.0002962977267324529,0.0008489261089956734,-0.00713041501898537,0.017460358393197373,0.08075743346133879
2026-03-23T21:00:00Z,281,211,4,3,184,144,137,1584818.2201335856,1551061.8567614178,33756.36337216888,3135880.076895005,67413.36823900002,1427561.896797153,687.5633441685546,100.0,1.0,2.00355871886121,5.0,0.02149743184878085,0.02149743184878085,observed,0.5124555160142349,0.010764558128636342,11.118613452801243,5.641907070938114,0.0002962977267324529,-0.0003712775151567538,-0.0003621024053633848,-0.005795788329101215,0.016315241999013796,0.08741190401539534
2026-03-23T22:00:00Z,503,432,4,3,350,260,243,3125918.2990986085,2616802.5871575978,509115.7119410079,5742720.88625621,123407.91527700014,1046898.2186878728,726.9050488352153,100.0,1.0,1.8946322067594434,6.0,0.021489450335701783,0.021489450335701783,observed,0.5168986083499006,0.08865409307275426,11.723258634821049,6.222576268071369,-0.0003712775151567538,0.0009240852954810475,-0.005520771243577638,-0.007734309720243471,0.022252758094171377,0.09179821560231893
2026-03-23T23:00:00Z,703,593,4,3,434,332,371,5234487.156714731,4816128.953206296,418358.20350843534,10050616.109921014,216181.80172700016,1255740.3499288762,877.0168806810699,100.0,1.0,2.6102418207681364,13.0,0.021509308420764973,0.021509308420764973,observed,0.4722617354196302,0.04162513013460656,12.283879633044414,6.556778356158042,0.0009240852954810475,-0.0009140621065586441,-0.007972573002603234,-0.008137948751223867,0.039758068018892034,0.08654340423643747
2026-03-24T00:00:00Z,976,801,4,3,584,446,530,6000521.668487601,6997562.473802614,-997040.805315009,12998084.142290222,279324.24739399966,1186983.9846311475,1023.9332982143648,100.0,1.0,2.372950819672131,8.0,0.02148964757699927,0.02148964757699927,observed,0.4569672131147541,-0.07670675111811774,12.54013214310028,6.884486652042782,-0.0009140621065586441,-0.005529899004872996,-0.005435654187193606,-0.0008048421077515577,0.05495004518685831,0.07632384449808938
2026-03-24T01:00:00Z,735,606,4,3,475,317,418,3781380.445960993,6034183.871381111,-2252803.4254201218,9815564.317342104,209766.57966299992,1368591.7918367346,726.4217722540284,100.0,1.0,2.308843537414966,10.0,0.02137081199624815,0.02137081199624815,observed,0.4312925170068027,-0.2295133883886713,12.253755433275073,6.601230118728877,-0.005529899004872996,-0.0015436056949555965,-0.0022258267570192114,0.01811267843431308,0.06494542787636393,0.08788428863045761
2026-03-24T02:00:00Z,633,528,4,3,432,307,326,3868449.821368295,4027298.55856416,-158848.7371958647,7895748.379932464,168478.0884040002,1207173.9494470775,1149.8353669319465,100.0,1.0,1.9510268562401263,6.0,0.021337823889144916,0.021337823889144916,observed,0.4849921011058452,-0.02011826232958343,12.034566916645664,6.452048954437226,-0.0015436056949555965,0.001640907489115273,-0.00016670481492753186,0.024767375075401388,0.047940223007763016,0.08580774202592334
2026-03-24T03:00:00Z,383,305,4,3,244,183,200,4026008.3441956453,3315760.3977696183,710247.9464260273,7341768.74196527,156914.4287000001,1501882.2480417755,20287.21904166463,100.0,1.0,2.848563968668407,13.0,0.021372837284166037,0.021372837284166037,observed,0.47780678851174935,0.09674071349677323,11.963462268494625,5.950642552587727,0.001640907489115273,-0.002320375737623892,0.004656121143833625,0.022239928244675466,0.05747622731622193,0.07312614229253334
2026-03-24T04:00:00Z,330,268,4,3,232,140,190,1311040.979071812,1620223.4346998576,-309182.4556280461,2931264.4137716703,62504.06711799994,1743120.4575757575,324.311638625685,100.0,1.0,1.8484848484848484,6.0,0.021323244271087675,0.021323244271087675,observed,0.42424242424242425,-0.10547750457974542,11.043002906326182,5.802118375377063,-0.002320375737623892,0.0005169241572582361,0.020383876168319492,0.03022080487934664,0.056086572415045444,0.0769235743800949
2026-03-24T05:00:00Z,389,330,4,3,284,214,175,2173544.440712883,1836183.8893757947,337360.5513370909,4009728.3300886825,85544.61387399996,1286407.9383033419,334.0098398542444,100.0,1.0,1.8637532133676094,8.0,0.02133426677116252,0.02133426677116252,observed,0.5501285347043702,0.08413551332282643,11.356805008269005,5.966146739123692,0.0005169241572582361,0.006472452700961195,0.024938237214548353,0.04828899009677179,0.049060708819296917,0.08981179756281121
2026-03-24T06:00:00Z,473,411,4,3,288,331,142,4750341.183438803,1655593.3679868688,3094747.8154519326,6405934.551425664,137550.48032000006,1270219.6004228329,905.559031086689,100.0,1.0,2.4545454545454546,8.0,0.021472351803748558,0.021472351803748558,observed,0.6997885835095138,0.4831063743483276,11.831753528344974,6.161207321695077,0.006472452700961195,0.013298163176422406,0.017502314205602998,0.055799797321097744,0.050910478258417546,0.11450183517246071
2026-03-24T07:00:00Z,856,756,4,3,565,580,276,7283173.823246265,2663876.280813473,4619297.542432793,9947050.10405973,216426.868161,1325031.925233645,733.8474889082796,100.0,1.0,2.294392523364486,9.0,0.021757894641816353,0.021757894641816353,observed,0.677570093457944,0.4643886875112352,12.285012598443892,6.75343791859778,0.013298163176422406,0.00498261144603207,0.009640419591856242,0.04599957395096155,0.04482942675484236,0.14473740946608427
2026-03-24T08:00:00Z,756,607,4,3,458,388,368,5694508.02428468,5769807.644030727,-75299.61974605298,11464315.6683154,250682.23192399993,1308343.093915344,1913.3875387975056,100.0,1.0,3.560846560846561,30.0,0.021866305776700228,0.021866305776700228,observed,0.5132275132275133,-0.0065681739690894025,12.431945396883554,6.6293632534374485,0.00498261144603207,-0.0008295011116391526,0.022782595120739435,0.022612788517644367,0.06221085130835169,0.13920574757441817
2026-03-24T09:00:00Z,528,448,4,3,365,233,295,2533684.7918288894,3193233.881736504,-659549.0899076147,5726918.673565382,125122.679308,1072555.893939394,628.1011765261902,100.0,1.0,2.003787878787879,7.0,0.021848167651751012,0.021848167651751012,observed,0.4412878787878788,-0.11516648437003249,11.737057961580799,6.270988431858299,-0.0008295011116391526,0.0054687526090213545,0.037638718439077845,0.034469695516640586,0.06995532397658422,0.1367919748322266
2026-03-24T10:00:00Z,1096,911,4,3,663,655,441,9496812.756024316,4947165.643160277,4549647.112864047,14443978.39918458,317300.26028399984,1269573.5748175182,914.1718028082927,100.0,1.0,2.343065693430657,7.0,0.021967649875598863,0.021967649875598863,observed,0.5976277372262774,0.3149857322634111,12.667606949463808,7.00033446027523,0.0054687526090213545,0.018064157734004826,0.03601198372565495,0.025107013383143695,0.0680315674939378,0.14345720801159523
2026-03-24T11:00:00Z,1773,1449,4,3,1058,1109,664,13536634.405135471,9312017.466903502,4224616.9382319935,22848651.872038983,510998.148541999,1237302.323181049,1187.5409089423886,100.0,1.0,2.4686971235194584,12.0,0.022364476967997073,0.022364476967997073,observed,0.6254935138183869,0.18489567620406808,13.144123202926135,7.480992162869525,0.018064157734004826,0.01368365175031272,-0.00016602414228106266,0.0007361698251300286,0.044996367574899665,0.1097807076557793
2026-03-24T12:00:00Z,1850,1476,4,3,1050,911,939,13312773.047269126,11659207.307291746,1653565.739977361,24971980.354560904,566127.3975569996,1217262.1897297297,2333.9906680630424,100.0088595774924,1.0,3.32,25.0,0.022670504682405036,0.022670504682405036,observed,0.49243243243243245,0.06621684449929308,13.246576182265986,7.523481312573497,0.01368365175031272,0.0038924516344476245,-0.0030540715820669417,-0.0046309149472144595,0.020260484758257258,0.09941633145337958
2026-03-24T13:00:00Z,2432,1975,4,3,1364,1050,1382,10758033.463267634,13781520.801522193,-3023487.3382545533,24539554.264789846,558489.5444380001,1258704.9601151317,1072.2709780141327,100.0,1.0,2.7754934210526314,16.0,0.022758748525409815,0.022758748525409815,observed,0.4317434210526316,-0.12320873091785338,13.232992967066963,7.796880342783522,0.0038924516344476245,-0.017487103918503055,-0.010525911392738396,-0.0011186880236474517,0.021539940126168444,0.12136581046952721
2026-03-24T14:00:00Z,1651,1322,4,3,965,739,912,11919758.541984433,11245980.326238446,673778.2157459857,23165738.868222836,518003.617978,1225084.2804360993,3483.728181104512,100.0,1.0,3.1150817686250756,23.0,0.022360763924890895,0.022360763924890895,observed,0.4476075105996366,0.029085116584398187,13.157739436217325,7.409741954080923,-0.017487103918503055,0.010755599147700634,0.0009023437782629262,0.03872244043427986,0.036135189953368174,0.13401397941428184
2026-03-24T15:00:00Z,1264,966,4,3,723,558,706,9131065.83918927,8412513.181931462,718552.6572578086,17543579.021120723,396507.1195270003,1501287.1170886075,1620.7898895780368,100.0429937265285,1.0,4.3465189873417724,32.0,0.022601267338303387,0.022601267338303387,observed,0.44145569620253167,0.040958156622017815,12.89045179784737,7.142827401161621,0.010755599147700634,-0.003631450486962451,-0.0015816739104895783,0.03430320734743342,0.014799306662457656,0.10849303424179424
2026-03-24T16:00:00Z,1299,1051,4,3,766,695,604,6954045.008678301,7015431.889574628,-61386.88089632819,13969476.898252957,314581.331783,1289362.9530408005,550.7298241740357,100.0,1.0,2.401077752117013,8.0,0.022519191955021736,0.022519191955021736,observed,0.5350269438029254,-0.004394357880645146,12.659001107136035,7.170119543449628,-0.003631450486962451,-0.006139249321296281,0.00950729632782199,0.0418732420619492,0.019730391910390166,0.1145234135524984
2026-03-24T17:00:00Z,1347,1121,4,3,765,655,692,7597319.116461907,7738943.000241381,-141623.88377947055,15336262.11670327,343239.9779180006,1314058.7074981441,734.3264716656105,100.0,1.0,2.5916852264291017,10.0,0.022380941021095727,0.022380941021095727,observed,0.4862657757980698,-0.00923457637211501,12.746188038996362,7.206377291472252,-0.006139249321296281,0.008247127863868053,0.03778600069338567,0.044227638696724414,0.03884531028655047,0.11898510754853375
2026-03-24T18:00:00Z,780,634,4,3,486,470,310,4786261.405145258,3590440.716843645,1195820.688301616,8376702.121988914,189024.63510800005,1387421.4666666666,1094.7301075679043,100.0,1.0,2.2,7.0,0.022565519503410392,0.022565519503410392,observed,0.6025641025641025,0.14275554638174093,12.14963792033618,6.660575149839686,0.008247127863868053,0.007434753831636165,0.03594172935353934,0.02500720594929029,0.060510726869359655,0.10397586493474997
2026-03-24T19:00:00Z,717,578,4,3,414,439,278,3915127.309307837,2122887.0550778233,1792240.2542300108,6038014.364385657,137263.92303199996,1213512.7559274756,1059.8506399784967,100.0,1.0,2.693165969316597,10.0,0.022733288586001234,0.022733288586001234,observed,0.6122733612273361,0.29682609978559793,11.829668082291827,6.576469569048224,0.007434753831636165,0.021701158025154044,0.03206113106052966,0.02268400447394936,0.09562133316013921,0.08336073800568355
2026-03-24T20:00:00Z,1174,952,4,3,721,716,458,8682494.9555242,4858903.786968599,3823591.168555605,13541398.742492808,314521.02136100025,1140867.2904599658,2342.509486441332,100.0,1.0,2.393526405451448,9.0,0.023226627274037476,0.023226627274037476,observed,0.6098807495741057,0.2823630882795885,12.658809372897087,7.069023426578259,0.021701158025154044,0.006455350676510152,0.00620709664519925,-0.0024908006029310537,0.07248551092396571,0.05452400765191867
2026-03-24T21:00:00Z,802,605,4,3,468,423,379,4523919.955167666,3892705.6518046516,631214.3033630197,8416625.606972331,196751.7812579999,1298851.091022444,1163.5612339153947,100.0,1.0,2.6059850374064837,11.0,0.023376563298123983,0.023376563298123983,observed,0.527431421446384,0.07499612467496736,12.189703302179737,6.688354713946762,0.006455350676510152,0.0036609415840327397,-0.010555152953508729,-0.018857043608126678,0.062466767871426576,0.07795448957451345
2026-03-24T22:00:00Z,1152,935,4,3,686,647,505,5461131.008117575,4809770.527529358,651360.4805882256,10270901.535646943,240977.36601999967,1081729.2430555555,1100.614753266133,100.0,1.0,2.3784722222222223,8.0,0.02346214353079386,0.02346214353079386,observed,0.5616319444444444,0.06341804352106446,12.392462440891576,7.050122520269059,0.0036609415840327397,-0.003893350000375051,-0.009085824767903428,-0.021252921428077554,0.07062117152083647,0.12058020438906003
2026-03-24T23:00:00Z,871,669,4,3,489,422,449,2672318.0994153037,3656403.3026200123,-984085.2032047072,6328721.402035311,147907.26438599985,1586021.2353616534,588.2570273932507,100.0,1.0,2.772675086107922,10.0,0.023370797194269446,0.023370797194269446,observed,0.4845005740528129,-0.15549510567619967,11.904347525339249,6.77078942390898,-0.003893350000375051,-0.010311034548005416,-0.008644241605063163,-0.005154363101221304,0.06199479930367913,0.131743044899155
2026-03-25T00:00:00Z,1079,887,4,3,663,504,575,4471587.545208531,6283250.371339989,-1811662.8261314607,10754837.916548543,248757.46618199974,1378370.656163114,645.0584754760628,100.0,1.0,2.408711770157553,9.0,0.023129820096984905,0.023129820096984905,observed,0.46709916589434664,-0.16845096506232257,12.424237689344176,6.984716320118266,-0.010311034548005416,0.005151380707206554,-0.008390453171189138,0.03463733787821344,0.07758395809466023,0.14910658402197918
2026-03-25T01:00:00Z,1029,843,4,3,648,527,502,5128774.652315036,4214540.185848135,914234.4664669011,9343314.838163175,217222.45203500014,1393789.7716229348,959.0808730052693,100.0,1.0,2.3352769679300294,9.0,0.02324897060599367,0.02324897060599367,observed,0.5121477162293488,0.09784904846967918,12.288681835591557,6.937314081223682,0.005151380707206554,-0.0034494529041103617,-0.012278658398770292,0.07131951645582602,0.09772096657427731,0.15026423551270773
2026-03-25T02:00:00Z,777,667,4,3,560,352,425,1797239.9011989438,3150742.41463293,-1353502.5134339852,4947982.315831867,114638.68589600013,1519485.0012870012,360.6779424334044,100.0,1.0,1.8906048906048907,8.0,0.02316877437681925,0.02316877437681925,observed,0.45302445302445304,-0.2735463522380094,11.649549322582041,6.656726524178391,-0.0034494529041103617,-0.010057672815410923,0.0035203089045370284,0.07516352888997435,0.09446526902084917,0.13329097706379112
2026-03-25T03:00:00Z,788,662,4,3,537,370,418,2556685.1166310767,3949115.3218379878,-1392430.2052069067,6505800.438469066,149215.41516900007,1682815.9390862945,580.9364501283175,100.0,1.0,2.1928934010152283,11.0,0.022935750424603125,0.022935750424603125,observed,0.46954314720812185,-0.2140290373761558,11.913152981939852,6.670766320845874,-0.010057672815410923,0.0012100765260649737,0.043391868489978114,0.08288681170236334,0.09232734685982691,0.13387770921566955
2026-03-25T04:00:00Z,578,483,4,3,418,284,294,2599730.0273323483,1995989.0552169026,603740.9721154443,4595719.082549247,105533.81554700003,1512041.7197231834,757.3514888650423,100.0,1.0,1.7889273356401385,6.0,0.022963504437799622,0.022963504437799622,observed,0.4913494809688581,0.1313702951096282,11.566796182643358,6.361302477572996,0.0012100765260649737,0.012490740798839495,0.08463740868357905,0.09386908524208981,0.09295890599526047,0.12390221417416036
2026-03-25T05:00:00Z,988,799,4,3,603,625,363,7245508.15448151,2958154.8321879823,4287353.322293527,10203662.98666949,237238.58898900045,1371679.7925101214,859.6056735886729,100.0,1.0,2.8097165991902835,17.0,0.023250335619565177,0.023250335619565177,observed,0.6325910931174089,0.42017786435074467,12.376825833481934,6.8966943316227125,0.012490740798839495,0.029274410585648836,0.07139189844961336,0.06749706679543155,0.0771431477511102,0.09862900096176941
2026-03-25T06:00:00Z,1785,1396,4,3,973,1079,706,11461338.918341627,5698285.780818148,5763053.137523499,17159624.699159775,410646.55810600024,1105385.1232492998,1156.6020005269331,100.0,1.0,2.9361344537815124,16.0,0.023930975490746464,0.023930975490746464,observed,0.6044817927170868,0.33584960269006864,12.925490602738872,7.487733761436444,0.029274410585648836,0.04078815998703522,0.0378524544853347,0.041508863680214336,0.040985099880790576,0.07187070086659952
2026-03-25T07:00:00Z,4291,3465,4,3,2245,2248,2043,20989781.197118692,16432852.477138113,4556928.719980573,37422633.674256906,932088.3790880034,1201355.243532976,923.5848524718157,100.0,1.0,3.270333255651363,18.0,0.02490707594770885,0.02490707594770885,observed,0.5238872057795386,0.12176932173310112,13.745183989378605,8.36450810375059,0.04078815998703522,0.0001262802319450529,0.008511302011715793,0.024643861810520917,-0.011190540730976917,0.02134274404720582
2026-03-25T08:00:00Z,3351,2613,4,3,1771,1706,1645,13629229.6472736,13810013.224831223,-180783.57755761762,27439242.872104693,683517.6100270011,1408548.4777678305,759.9831963842491,100.00201055627574,1.0,3.4744852282900625,22.0,0.0249102212190366,0.0249102212190366,observed,0.5091017606684571,-0.0065885045881279025,13.435009162320469,8.117312461601975,0.0001262802319450529,-0.002946564267398255,-0.0036353006400532406,0.01795237618486034,-0.016747548651331434,0.03080488428697148
2026-03-25T09:00:00Z,2010,1581,4,3,1140,1016,994,8275994.867549958,7064909.432419614,1211085.4351303477,15340904.299969591,381019.30406799994,1383887.8029850747,864.3469822402884,100.0,1.0,2.698507462686567,10.0,0.024836821651299603,0.024836821651299603,observed,0.5054726368159204,0.07894485301839399,12.850607944205956,7.606387389772652,-0.002946564267398255,0.011364012110388844,0.0035230529918561793,0.008717933449224002,0.014577135183357681,0.04396394303819884
2026-03-25T10:00:00Z,1797,1357,4,3,986,902,895,6261150.076946551,6762427.414675227,-501277.33772868314,13023577.491621796,327140.12331900006,1385639.1697273233,881.6076031737159,100.0,1.0,3.195882025598219,20.0,0.02511906759332854,0.02511906759332854,observed,0.5019476905954369,-0.03848998772043704,12.698146926562812,7.494430215031565,0.011364012110388844,-0.011919332448187325,0.015996409526224387,-0.000832073288393409,0.04666359511390539,0.00026513526631766204
2026-03-25T11:00:00Z,1332,1066,4,3,779,538,794,3167082.1753349076,5436841.64809317,-2269759.4727582703,8603923.823428068,213546.50763600005,1293916.027027027,373.77894898900377,100.0,1.0,2.4414414414414414,8.0,0.02481966507589517,0.02481966507589517,observed,0.4039039039039039,-0.2638051567330042,12.27161460509872,7.195187320178709,-0.011919332448187325,0.004216737571244966,0.021666440851207724,0.00903616623944048,0.06567663574360982,-0.010135195975819578
2026-03-25T12:00:00Z,2089,1676,4,3,1197,1114,975,8772413.645256182,7054648.854919406,1717764.7903367702,15827062.500175573,394478.8193219999,1387445.5710866444,535.9655177785837,100.0,1.0,2.6093824796553373,11.0,0.02492432309012641,0.02492432309012641,observed,0.5332695069411202,0.10853339274535087,12.885323262882286,7.644919344958857,0.004216737571244966,0.02393482836764571,0.0051766428702162415,-0.0005028894306027265,0.06637313537386191,-0.008398161378932234
2026-03-25T13:00:00Z,2861,2286,4,3,1578,1491,1370,10799400.955469461,8582791.598751811,2216609.3567176615,19382192.554221258,494650.65848700004,1327671.420831877,799.398188866955,100.0,1.0,2.7609227542817196,9.0,0.025520882485468334,0.025520882485468334,observed,0.5211464522894093,0.1143631893304509,13.111609073595238,7.959275960116396,0.02393482836764571,-0.0064050921574743125,-0.016563525871577722,-0.034972543999999384,0.047865778771088996,-0.030534183248072444
2026-03-25T14:00:00Z,1668,1312,4,3,951,887,781,5161956.037646685,4752135.363363248,409820.67428343184,9914091.401009953,251395.76848199996,1522591.3758992807,572.3383255995552,100.0,1.0,2.6666666666666665,10.0,0.025357418881208838,0.025357418881208838,observed,0.5317745803357314,0.041337189431366675,12.434787720966568,7.419979923661835,-0.0064050921574743125,-0.011991420463077662,-0.01236242486465955,-0.034087964867513865,0.03547459123821883,-0.03554590969602156
2026-03-25T15:00:00Z,1723,1354,4,3,975,784,939,5496583.573045914,7369204.465329516,-1872620.892283605,12865788.038375452,322331.057423,1555214.6186883342,571.2645797478821,100.0,1.0,2.555426581543819,8.0,0.02505334740954588,0.02505334740954588,observed,0.4550203134068485,-0.14555042308314436,12.683337527402713,7.452402451223638,-0.011991420463077662,0.0017889537025230773,-0.005650282804623763,0.005808563067872363,0.038038379681045065,-0.04754349792047985
2026-03-25T16:00:00Z,1174,908,4,3,688,619,555,3945584.6885921885,2900241.837896296,1045342.8506958921,6845826.526488499,171817.69528,1654301.7359454855,338.0642801417065,100.0,1.0,2.8500851788756387,18.0,0.025098166688154785,0.025098166688154785,observed,0.5272572402044293,0.15269782934918902,12.054195102635106,7.069023426578259,0.0017889537025230773,-0.0021605957638405338,-0.018719071961141975,0.047535221190109,0.02831150193219978,-0.04963721471089333
2026-03-25T17:00:00Z,876,681,4,3,517,407,469,2458606.231881607,2727257.808918264,-268651.5770366572,5185864.040799867,129874.46630700005,1709410.053652968,278.813830471311,100.0,1.0,2.4794520547945207,8.0,0.025043939695528195,0.025043939695528195,observed,0.4646118721461187,-0.05180459320241269,11.774331318824343,6.776506992372183,-0.0021605957638405338,-0.0052767569981145845,-0.02199748222406106,0.05613324021403687,0.019947073195905274,-0.05210115407486726
2026-03-25T18:00:00Z,687,509,4,3,403,323,364,1929245.4274376174,2484277.071676649,-555031.6442390312,4413522.499114266,109948.74085399987,1707278.1703056768,350.98683625499973,100.0,1.0,2.4788937409024747,8.0,0.02491178891147946,0.02491178891147946,observed,0.47016011644832606,-0.12575706691206823,11.607778639036063,6.5337888379333435,-0.0052767569981145845,-0.01137760971964441,0.011523959502715453,0.06690967297180728,0.02966958988110968,-0.04671843152731381
2026-03-25T19:00:00Z,841,667,4,3,513,399,442,2073111.520790426,3977939.1614369005,-1904827.640646476,6051050.682227325,149027.40798599992,1674508.2140309156,289.2607639970053,100.0,1.0,2.5101070154577885,11.0,0.02462835229982648,0.02462835229982648,observed,0.47443519619500596,-0.31479287493677544,11.911892224378901,6.7357800142423265,-0.01137760971964441,-0.005494327063531368,0.06751817064626287,0.08584037920998644,0.03290147001853394,-0.0416443623536813
2026-03-25T20:00:00Z,853,654,4,3,500,499,354,4066760.122214251,2936073.073351768,1130687.048862483,7002833.195566023,171520.64610200003,1504159.1148886285,851.0590839730355,100.0,1.0,2.6365767878077375,9.0,0.024493036077255358,0.024493036077255358,observed,0.5849941383352872,0.16146137103171312,12.052464753961713,6.74993119378857,-0.005494327063531368,0.028817794517341788,0.07988805858677517,0.07201748562558441,0.04836238432264062,-0.02585983265572578
2026-03-25T21:00:00Z,1536,1143,4,3,772,852,684,8737871.64325959,3968723.397747869,4769148.245511726,12706595.041007446,320191.853836999,1104956.6861979167,1196.7506930294278,100.0,1.0,3.8893229166666665,26.0,0.025198871358035543,0.025198871358035543,observed,0.5546875,0.37532857780707257,12.67667876148496,7.337587743538596,0.028817794517341788,0.0433488555731909,0.05475472226710343,0.03204368882570141,0.028964587152390697,-0.03524383201557768
2026-03-25T22:00:00Z,3440,2748,4,3,1788,1881,1559,15318365.03934693,11560603.06109575,3757761.9782512,26878968.100442626,706680.6914919993,1046520.2331395348,905.2466669210387,100.0,1.0,3.097674418604651,15.0,0.026291213593142446,0.026291213593142446,observed,0.5468023255813953,0.13980305955976485,13.468335619299344,8.14351740579748,0.0433488555731909,0.006029527114032929,0.017163369268582418,-0.018351382243805503,-0.04432986879852108,-0.07039784390959702
2026-03-25T23:00:00Z,1826,1428,4,3,1047,891,935,5905210.406060397,6256532.350995858,-351321.9449354703,12161742.757056266,321674.89955499966,1517868.3291347206,502.9318568910039,100.0,1.0,2.832420591456736,13.0,0.02644973717836313,0.02644973717836313,observed,0.4879518072289157,-0.02888746719557381,12.681299794520873,7.510430556378006,0.006029527114032929,0.004873068547219805,-0.007288322987375917,-0.03426288051571791,-0.07113962075984648,-0.07195406629271328
2026-03-26T00:00:00Z,2266,1794,4,3,1282,1181,1085,8861921.83515799,8210576.730931816,651345.1042261869,17072498.566089757,453763.5979909994,1147934.7360988527,671.3986348236623,100.0,1.0,2.6954986760812005,12.0,0.026578628560689245,0.026578628560689245,observed,0.5211827007943513,0.038151715269135876,13.025333835924684,7.726212650507529,0.004873068547219805,0.006164006524918664,-0.021532051918750073,-0.03490462598109911,-0.07011738599977013,-0.09797279194131603
2026-03-26T01:00:00Z,3159,2495,4,3,1630,1556,1603,13076668.786353868,14767137.01669016,-1690468.23033629,27843805.803044036,744611.8462450022,1240232.222538778,986.5928646859318,100.0,1.0,3.3285849952516617,16.0,0.026742459400560723,0.026742459400560723,observed,0.49256093700538145,-0.06071254203875675,13.520619692816924,8.058327306580958,0.006164006524918664,-0.01815451759364095,-0.03491548416448165,-0.04875385941160937,-0.07481870637201937,-0.09876844010806096
2026-03-26T02:00:00Z,1712,1384,4,3,1050,796,916,6411425.332462756,8556550.035834253,-2145124.703371486,14967975.368297016,393013.57469499955,1216369.3492990655,587.2620171568466,100.0,1.0,2.3703271028037385,10.0,0.026256962950876015,0.026256962950876015,observed,0.4649532710280374,-0.1433142860399795,12.881601975901651,7.44600149832412,-0.01815451759364095,-0.00954515572701986,-0.027172600215116582,-0.022065965919520147,-0.06858739126501812,-0.0824522086233288
2026-03-26T03:00:00Z,1527,1120,4,3,905,692,835,3764099.252220235,5757147.741019515,-1993048.4887992814,9521246.993239753,247612.7498789998,1431207.073346431,309.3918286895428,100.0,1.0,2.5756385068762278,8.0,0.02600633615059131,0.02600633615059131,observed,0.4531761624099542,-0.2093264138840616,12.419625350879938,7.331714969726466,-0.00954515572701986,-0.007598250926463823,-0.01366684937260576,-0.0029834993485733374,-0.0824457739489568,-0.08148689282342592
2026-03-26T04:00:00Z,1426,1112,4,3,807,696,730,4067296.654816856,5217916.78854421,-1150620.1337273489,9285213.443361074,239639.59909099975,1485211.9453015428,390.827386631813,100.0,1.0,2.755960729312763,13.0,0.025808733482841153,0.025808733482841153,observed,0.48807854137447404,-0.1239196213146874,12.38689557615718,7.2633296174768365,-0.007598250926463823,-0.010277160220541814,-0.014339029401116532,-0.026464140105546097,-0.07580263032809353,-0.071368062150858
2026-03-26T05:00:00Z,1809,1436,4,3,1079,943,866,5001777.217047778,5352360.217277519,-350583.000229747,10354137.434325304,264480.8370099999,1337837.7871752349,297.8291721947844,100.0,1.0,2.4969596462133774,12.0,0.025543492993748734,0.025543492993748734,observed,0.5212824765063571,-0.03385921835145041,12.485527858773318,7.501082124259871,-0.010277160220541814,0.004205316710810925,0.00524927062778624,-0.03818507076110034,-0.07063918233033051,-0.0628933878926764
2026-03-26T06:00:00Z,1009,797,4,3,600,544,465,2941087.1066726395,2706507.2275441373,234579.87912850347,5647594.334216766,144865.94229500004,1637325.6432111,233.53159389456644,100.0,1.0,2.56392467789891,12.0,0.02565091147168783,0.02565091147168783,observed,0.5391476709613479,0.04153624804587457,11.883570960769154,6.917705609835305,0.004205316710810925,-0.008274566667815564,0.010831380874947616,-0.036486300697967544,-0.07418692574697061,-0.0699576488593906
2026-03-26T07:00:00Z,815,643,4,3,501,417,398,2135802.401748702,2419249.703744084,-283447.30199538043,4555052.105492786,115874.42769099996,1536738.6208588956,366.7803824643106,100.0,1.0,2.6024539877300614,12.0,0.025438661294625114,0.025438661294625114,observed,0.5116564417177915,-0.06222701638332101,11.66027099383006,6.704414354964107,-0.008274566667815564,0.009391862404223739,-0.012301502307697554,-0.027400738723930673,-0.07217129081138562,-0.0692860946518219
2026-03-26T08:00:00Z,1641,1288,4,3,902,931,710,5909416.360491512,4586764.194688368,1322652.1658031428,10496180.555179862,269516.49177200004,1426502.2998171847,689.3805723506329,100.0,1.0,2.7806215722120657,12.0,0.025677577701251883,0.025677577701251883,observed,0.5673369896404631,0.12601271089514693,12.504388571759304,7.403670290012373,0.009391862404223739,0.009781629922323898,-0.04320753335315686,-0.047571128239994875,-0.07079824504226395,-0.09097399678034324
2026-03-26T09:00:00Z,1469,1203,4,3,895,718,751,4028838.415540851,4968067.251288181,-939228.8357473288,8996905.66682903,233278.48419299995,1261217.536419333,612.3013326388914,100.0,1.0,2.302927161334241,8.0,0.025928746263627244,0.025928746263627244,observed,0.48876786929884275,-0.10439465195352673,12.359992516693161,7.293017679772782,0.009781629922323898,-0.030970210108044016,-0.04681065751239166,-0.07970005967650962,-0.06240099996605519,-0.10269153564611344
2026-03-26T10:00:00Z,1365,1035,4,3,720,599,766,3121024.8687965344,6195421.059068995,-3074396.1902724653,9316445.92786552,234082.4820619997,1522695.4945054946,735.5799650413564,100.0,1.0,3.0,15.0,0.025125727544004547,0.025125727544004547,observed,0.4388278388278388,-0.3299966762085675,12.3634330916645,7.2196420401307355,-0.030970210108044016,-0.02219297477978255,-0.015287293087426601,-0.05067968449348803,-0.027277168407788377,-0.07676836632358308
2026-03-26T11:00:00Z,1339,1045,4,3,780,656,683,3795030.045078496,5829834.453016289,-2034804.407937795,9624864.498094786,236464.75769700005,1253098.9604182225,673.0020488943675,100.0,1.0,2.8207617625093353,17.0,0.024568112906296766,0.024568112906296766,observed,0.4899178491411501,-0.2114112264479753,12.373558688680838,7.200424892944957,-0.02219297477978255,0.005978957228760962,-0.00456064929328992,-0.0337425741508417,-0.0008768223417313648,-0.07490935312660585
2026-03-26T12:00:00Z,1114,887,4,3,661,589,525,4469047.037102981,3897957.5512199756,571089.4858830033,8367004.588322966,206790.55690999993,1405828.4353680431,685.9125335361696,100.0,1.0,2.5368043087971275,10.0,0.024715004602554883,0.024715004602554883,observed,0.5287253141831239,0.0682549507239447,12.23946659346187,7.016609683894219,0.005978957228760962,0.0010770210597852437,-0.034504584449385534,-0.03912827090711146,-0.029955830469520994,-0.08420221728444721
2026-03-26T13:00:00Z,1041,811,4,3,608,549,492,4010460.6763109462,3332571.5180681986,677889.1582427473,7343032.194379157,181678.53557399992,1407692.4169068204,387.46150012082705,100.0,1.0,2.5177713736791545,7.0,0.024741623183004522,0.024741623183004522,observed,0.5273775216138329,0.09231733435155691,12.109999620490395,6.948897222313312,0.0010770210597852437,-0.011541555756433897,-0.035941844923509936,-0.04603185902970475,-0.025886530457318035,-0.0882334948747111
2026-03-26T14:00:00Z,1232,971,4,3,750,488,744,2563797.7388257864,5775204.67243087,-3211406.9336050823,8339002.411256646,203939.19634199986,1447455.8896103897,492.16686272508474,100.0,1.0,2.4448051948051948,11.0,0.024456066359533197,0.024456066359533197,observed,0.3961038961038961,-0.3851068479450337,12.225582074661697,7.117205503164344,-0.011541555756433897,-0.024282021144526156,-0.02931562313347791,-0.024387245589633788,-0.014885795219308329,-0.09032061589145512
2026-03-26T15:00:00Z,1172,887,4,3,687,503,669,2644441.378396429,4930082.474820438,-2285641.0964240045,7574523.853216876,180744.98214500007,1442116.2517064847,541.2356344668121,100.0,1.0,2.621160409556314,12.0,0.023862223639079076,0.023862223639079076,observed,0.42918088737201365,-0.30175376574374374,12.104847910977268,7.067319848653476,-0.024282021144526156,-0.0004132070767233209,-0.004788926372155888,0.01879719747061359,0.0010450402802435477,-0.06390148191758094
2026-03-26T16:00:00Z,1134,887,4,3,657,618,516,4702856.327998199,4230624.143778416,472232.18421977863,8933480.471776597,213084.62442100001,1556676.0723104056,482.82059787021427,100.0,1.0,2.761904761904762,12.0,0.023852363599405055,0.023852363599405055,observed,0.544973544973545,0.05286094100856819,12.269449356501044,7.034387929915503,-0.0004132070767233209,-0.004747624449179644,-0.010466188220143446,0.024651864816790825,0.0047982912771216135,-0.0693858339917488
2026-03-26T17:00:00Z,1018,794,4,3,582,477,541,3150071.1616986725,5014230.455814941,-1864159.2941162623,8164301.6175136175,193813.34834499998,1273301.3172888015,488.67338922882567,100.0,1.0,2.8605108055009825,11.0,0.023739121534809796,0.023739121534809796,observed,0.468565815324165,-0.22833052739224735,12.174656012566114,6.926577033222725,-0.004747624449179644,0.0003718617882666475,0.0050772193941694965,0.03401345327848593,0.008334539492504511,-0.06531228812908985
2026-03-26T18:00:00Z,965,762,4,3,607,322,643,5297787.620504774,4967160.387140055,330627.23336472985,10264948.007644821,243771.463898,1162762.1191709845,6089.915635495861,100.04510172899478,1.0,5.192746113989637,44.0,0.02374794920699561,0.02374794920699561,observed,0.33367875647668394,0.03220934320548874,12.4039905441952,6.873163834212518,0.0003718617882666475,-0.006115430568398028,0.02369961957596689,0.009545957238485503,0.004568175806970887,-0.07326088999047953
2026-03-26T19:00:00Z,431,325,4,3,256,231,200,2315024.106238724,2431091.9079234535,-116067.8016847289,4746116.014162178,112021.24866299995,1614383.4292343387,1828.2940950222096,100.0,1.0,2.554524361948956,10.0,0.023602720272478384,0.023602720272478384,observed,0.5359628770301624,-0.02445532332930511,11.62645277932596,6.068425588244111,-0.006115430568398028,0.010885609269711383,0.03548949274787083,0.021117401836812544,0.0031096215615993295,-0.05939993631795926
2026-03-26T20:00:00Z,920,737,4,3,564,535,385,4825545.00733271,2469898.89472831,2355646.1126044053,7295443.902061027,174066.74001700003,1219095.8010869566,473.62239886841263,100.0,1.0,2.4304347826086956,10.0,0.02385965026306688,0.02385965026306688,observed,0.5815217391304348,0.32289277310992887,12.067199812877547,6.825460036255307,0.010885609269711383,0.01890707956194171,0.028790060431135966,0.00973895669913416,-0.021712993578016926,-0.06677929778851965
2026-03-26T21:00:00Z,1091,816,4,3,565,578,513,6467187.553619562,4571355.595825184,1895831.9577943776,11038543.149444735,268355.44576700026,1687788.3868010999,711.3817704154837,100.0,1.0,3.3446379468377634,15.0,0.024310766568910788,0.024310766568910788,observed,0.5297891842346472,0.1717465730873863,12.5000713973165,6.9957661563048505,0.01890707956194171,0.0053310648654525394,-0.013825991596386311,-0.01742462310894033,-0.04297203354376411,-0.07686270395710626
2026-03-26T22:00:00Z,811,679,4,3,531,487,324,3410165.99346097,2055326.8744765327,1354839.1189844343,5465492.867937489,133578.6615980001,1179462.8840937114,325.9806949774196,100.0,1.0,2.1171393341553637,6.0,0.024440368842418528,0.024440368842418528,observed,0.6004932182490752,0.24788965089176107,11.802453294948076,6.699500340161678,0.0053310648654525394,0.0043453596904599046,-0.013879513999624615,-0.019375920955571502,-0.0508790338916838,-0.08721290878832644
2026-03-26T23:00:00Z,912,694,4,3,482,361,551,3272261.641197763,4079698.563112752,-807436.9219149881,7351960.204310513,180465.41340899974,1457875.8092105263,631.9667750470177,100.0,1.0,3.116228070175439,11.0,0.024546571036006347,0.024546571036006347,observed,0.3958333333333333,-0.10982607352003637,12.103299964144517,6.816735880594968,0.0043453596904599046,-0.023299585124948674,-0.018517970249458116,-0.024834216329161607,-0.07409750112933122,-0.08751842001008425
2026-03-27T00:00:00Z,1021,764,4,3,563,407,614,2241692.7818824667,5459304.865601276,-3217612.0837188074,7700997.647483746,184628.69332800028,1535102.805093046,717.3478215059489,100.0,1.0,2.7316356513222333,10.0,0.023974646114627317,0.023974646114627317,observed,0.39862879529872675,-0.4178175648151435,12.126107440379908,6.92951677076365,-0.023299585124948674,0.005276502755537704,-0.003649083713308632,-0.004930713055531499,-0.055921563696612386,-0.06797879876210322
2026-03-27T01:00:00Z,855,667,4,3,520,565,290,4495335.879511171,1840555.9435609407,2654779.9359502345,6335891.823072118,152702.26907999985,1723794.9988304093,430.73064970077144,100.0,1.0,2.3263157894736843,8.0,0.02410114840091419,0.02410114840091419,observed,0.6608187134502924,0.4190065124348978,11.936251899490989,6.752270376141742,0.005276502755537704,-0.00037882166139735496,-0.005573768149001568,-0.01763536714076197,-0.0640038007550221,-0.07863538094782674
2026-03-27T02:00:00Z,704,559,4,3,423,243,461,1307797.6435873096,3534086.8343900484,-2226289.1908027413,4841884.47797736,116650.76975899999,1476378.6775568181,370.8596880407536,100.0,1.0,2.465909090909091,8.0,0.02409201836383537,0.02409201836383537,observed,0.34517045454545453,-0.4597980808771273,11.666948448864709,6.558197802812269,-0.00037882166139735496,-0.0085031372956611,-0.006435416939125083,-0.031148595454777994,-0.07657469591451105,-0.07509525916926374
2026-03-27T03:00:00Z,631,495,4,3,403,326,305,2294436.2347399304,2005966.62117634,288469.61356359266,4300402.855916265,102724.41376699993,1507064.0618066562,424.66397104416006,100.0,1.0,2.3819334389857367,12.0,0.02388716062395809,0.02388716062395809,observed,0.5166402535657686,0.06707967212112036,11.539814821652964,6.448889394146858,-0.0085031372956611,0.0033345764655190457,-0.001286323243420373,-0.026000458627059908,-0.06487872132071348,-0.06818537766975963
2026-03-27T04:00:00Z,948,766,4,3,580,572,376,4162917.7480944246,2826655.560929309,1336262.1871651143,6989573.309023731,167517.8047479999,1250786.7521097045,538.584698082949,100.0,1.0,2.50210970464135,10.0,0.023966814187602815,0.023966814187602815,observed,0.6033755274261603,0.19117936504649907,12.028850891098012,6.855408798609928,0.0033345764655190457,-0.001244971760127278,-0.012129204364721313,-0.032125575548594076,-0.07382986805698155,-0.07304611832846164
2026-03-27T05:00:00Z,780,636,4,3,498,326,454,2062700.8478681864,4010910.93639143,-1948210.0885232405,6073611.784259618,145383.90061099984,1336799.608974359,357.1147722488109,100.0,1.0,2.358974358974359,10.0,0.02393697618075903,0.02393697618075903,observed,0.41794871794871796,-0.32076631792177185,11.887139991446967,6.660575149839686,-0.001244971760127278,-0.0033647594467506314,-0.024873248238699297,-0.05051785616874971,-0.07303808878614904,-0.07715111302798705
2026-03-27T06:00:00Z,437,358,4,3,287,208,229,1516692.1548237079,1664098.058851114,-147405.90402740616,3180790.213674822,75882.31184499997,1224741.670480549,370.37339317855384,100.0,1.0,2.0892448512585813,6.0,0.023856434014028177,0.023856434014028177,observed,0.4759725400457666,-0.046342541986478754,11.23695206891885,6.082218910376446,-0.0033647594467506314,-0.007558473054777082,-0.02474596669578122,-0.05124351772292879,-0.07747514571117098,-0.07160117728509519
2026-03-27T07:00:00Z,471,365,4,3,308,176,295,853965.7591877306,2255549.395317108,-1401583.636129376,3109515.154504836,73621.24088099996,1270449.3227176222,549.6872181631538,100.0,1.0,2.0445859872611467,7.0,0.02367611580035008,0.02367611580035008,observed,0.37367303609341823,-0.4507402493597322,11.206702444951162,6.156978985585555,-0.007558473054777082,-0.01412942786054261,-0.020241889194642648,-0.047200837716746435,-0.06231577938834465,-0.06863689473493773
2026-03-27T08:00:00Z,853,682,4,3,494,355,498,2194592.827793599,5065985.203508395,-2871392.375714792,7260578.0313019855,169473.40529400017,1157930.531066823,838.5496592987481,100.0,1.0,2.570926143024619,8.0,0.02334158583013118,0.02334158583013118,observed,0.41617819460726846,-0.3954771043483829,12.040457193185473,6.74993119378857,-0.01412942786054261,-0.003234670439434373,-0.02629874309542879,-0.04688655065846348,-0.04606654684633871,-0.048452506906343284
2026-03-27T09:00:00Z,769,600,4,3,475,427,342,3726698.9890069603,2952618.425740398,774080.5632665603,6679317.414747353,155401.55664399994,1480174.2301690506,542.3795950913212,100.0,1.0,2.3159947984395317,7.0,0.023266083492436935,0.023266083492436935,observed,0.5552665799739922,0.11589216610030505,11.953774168800942,6.646390514847729,-0.003234670439434373,-0.002975017462632734,-0.027169896378046565,-0.03991609958958631,-0.03541241384913274,-0.04611716930270815
2026-03-27T10:00:00Z,1515,1256,4,3,863,722,793,5546942.52835646,9792104.529217096,-4245162.000860642,15339047.05757357,355817.8266439999,1236520.099669967,760.1260519826462,100.00062837867328,1.0,2.871947194719472,15.0,0.023196866487759864,0.023196866487759864,observed,0.4765676567656766,-0.2767552628873784,12.782176966372177,7.323830566202317,-0.002975017462632734,-0.020224068930290717,-0.027515922782148428,-0.04308853654442368,-0.038281606027124826,-0.046085764195829104
2026-03-27T11:00:00Z,1011,780,4,3,580,453,558,5038621.08091507,6123188.640654706,-1084567.5597396314,11161809.721569795,253682.61396999977,1392590.31256182,774.8380836165143,100.0,1.0,3.0237388724035608,16.0,0.02272773146094466,0.02272773146094466,observed,0.44807121661721067,-0.09716771623903815,12.443843155287038,6.919683849847411,-0.020224068930290717,-0.004126458739684313,-0.021143864626902098,-0.023718437217289945,-0.014494959131358565,-0.02792638389373081
2026-03-27T12:00:00Z,793,604,4,3,498,367,426,2335991.9494434563,3671551.8088974,-1335559.8594539461,6007543.758340861,135974.4235110001,1407535.4918032787,565.5318441241939,100.0,1.0,2.2433795712484237,9.0,0.022633946414824444,0.022633946414824444,observed,0.46279949558638084,-0.22231379631644924,11.820229438910323,6.677083461247136,-0.004126458739684313,-0.0033296497547694592,-0.013102188310255003,-0.027648430844219196,-0.012771433603230964,-0.02132933547439042
2026-03-27T13:00:00Z,1359,1069,4,3,799,606,753,4959237.431038388,6959647.9934163485,-2000410.5623779579,11918885.424454732,268873.16969899985,1332317.3922001473,540.8771974525325,100.0,1.0,2.8072111846946286,18.0,0.022558583300694858,0.022558583300694858,observed,0.445916114790287,-0.16783537144115748,12.501998778509474,7.215239978730097,-0.0033296497547694592,-0.01380423198062286,-0.016013232634951247,-0.015863722670974356,-0.015632093596755214,-0.009329213593891716
2026-03-27T14:00:00Z,1177,970,4,3,807,515,662,3394814.8696878897,3984663.3453165987,-589848.4756287056,7379478.215004481,164172.575607,1379441.9175870859,333.1990243246942,100.0,1.0,2.1180968564146134,8.0,0.02224717938365786,0.02224717938365786,observed,0.43755310110450296,-0.07993091902207715,12.008679534956363,7.071573364211532,-0.01380423198062286,0.004055022053788937,-0.0026301848630764235,0.0008603422947093264,0.0016021184807279987,0.0015911066836225007
2026-03-27T15:00:00Z,1228,978,4,3,751,589,639,4733981.647082002,5207916.327261438,-473934.6801794355,9941897.97434345,222076.07413300028,1371061.815960912,408.97075303546757,100.0,1.0,2.3534201954397393,9.0,0.022337392186693193,0.022337392186693193,observed,0.4796416938110749,-0.04767044294786515,12.310779781380395,7.113956109566034,0.004055022053788937,-0.00626952005573489,-0.014739360409623758,0.004690929343287964,-0.003536072191316464,0.003431482958789589
2026-03-27T16:00:00Z,1041,812,4,3,633,566,475,4425031.840247034,4082644.640694611,342387.19955242553,8507676.480941651,188847.8509109997,1391762.828049952,676.9225143073845,100.0,1.0,2.2891450528338138,8.0,0.022197347458385905,0.022197347458385905,observed,0.5437079731027857,0.04024450157683115,12.148702243457011,6.948897222313312,-0.00626952005573489,-0.00039113994162431887,0.0001519430636016672,0.005023380637473096,0.0008462265209046027,0.01138977063365032
2026-03-27T17:00:00Z,870,681,4,3,510,371,499,2939857.7514878153,5158152.889210133,-2218295.137722315,8098010.640697951,179684.04680500005,1270974.7735632183,761.1189540320632,100.0,1.0,2.496551724137931,9.0,0.022188665189196818,0.022188665189196818,observed,0.4264367816091954,-0.2739308746488785,12.098960857317131,6.769641976852503,-0.00039113994162431887,-0.008135319318004597,0.003499732100180397,0.009447559431155828,-0.004437101667372767,0.027254709507557262
2026-03-27T18:00:00Z,729,579,4,3,465,396,333,3294340.6764407204,2562203.871118341,732136.8053223818,5856544.547559068,128891.73028499993,1477635.2784636489,313.70488833344723,100.0,1.0,2.231824417009602,8.0,0.022008153312642408,0.022008153312642408,observed,0.5432098765432098,0.12501173676336622,11.766735789237543,6.593044534142437,-0.008135319318004597,0.008749797222174616,0.01972096415116087,0.01530001875135012,0.006367273899199111,0.062434257752934874
2026-03-27T19:00:00Z,594,467,4,3,366,375,219,3539616.0995367984,1739605.6713676776,1800010.4281691196,5279221.7709044805,117202.52536399991,1540037.6767676768,572.4433211444239,100.0,1.0,2.31986531986532,6.0,0.02220072019136256,0.02220072019136256,observed,0.6313131313131313,0.3409613208692172,11.671667235570268,6.38856140554563,0.008749797222174616,0.0029548312438336666,0.0048706975051708845,0.00023536280447644664,-0.006741198377498314,0.055587146213197824
2026-03-27T20:00:00Z,446,365,4,3,296,236,210,1771817.0723082947,1915659.7881913423,-143842.71588304834,3687476.860499636,82106.53819399994,1329980.192825112,385.1663180552936,100.0,1.0,2.0807174887892375,6.0,0.022266319573019607,0.022266319573019607,observed,0.5291479820627802,-0.039008438920362015,11.315785108448475,6.102558594613569,0.0029548312438336666,0.007897836081889542,0.005927084124404791,0.0007411385531752579,-0.002501180823585414,0.06594293305981869
2026-03-27T21:00:00Z,578,433,4,3,292,354,224,3607432.812539453,2531794.171885914,1075638.6406535392,6139226.9844253585,137777.60828399984,1883286.321799308,998.0743146843942,100.0,1.0,2.8546712802768166,9.0,0.022442175315154283,0.022442175315154283,observed,0.6124567474048442,0.17520750468785945,11.833403388094574,6.361302477572996,0.007897836081889542,-0.005940695564062848,-0.00433544622032056,-0.008188589440119576,-0.011097753700410107,0.06488739655627018
2026-03-27T22:00:00Z,334,269,4,3,228,114,220,851480.9002846143,2116492.3110432797,-1265011.4107586646,2967973.2113278955,66212.07862499994,1430636.0329341318,195.66296283969433,100.0,1.0,1.8802395209580838,5.0,0.022308853183811626,0.022308853183811626,observed,0.3413173652694611,-0.4262206295968177,11.100633284723413,5.814130531825066,-0.005940695564062848,0.004009203777586068,-0.004612866821773864,-0.004156275562384515,-0.00811480597398695,0.05960352150469683
2026-03-27T23:00:00Z,579,455,4,3,352,337,242,3676637.5908375923,2729758.8644893356,946878.7263482537,6406396.455326938,143492.350789,1713126.6614853195,730.5058536476419,100.0,1.0,2.2124352331606216,6.0,0.022398293922269774,0.022398293922269774,observed,0.5820379965457686,0.1478020807720885,11.874043977143112,6.363028103540465,0.004009203777586068,-0.002384799996228315,-0.0051553891460667245,-0.013754712633465505,-0.01362897621561987,0.04350025093738963
2026-03-28T00:00:00Z,570,458,4,3,352,275,295,2614002.4418411823,3138752.10474457,-524749.6629033874,5752754.546585759,128544.60121699997,1341750.4894736842,699.3959811887868,100.0,1.0,2.2245614035087717,7.0,0.022344878471008425,0.022344878471008425,observed,0.4824561403508772,-0.09121711323748806,11.764038993648827,6.3473892096560105,-0.002384799996228315,-0.006217668897169792,-0.0038699210544071994,-0.00879813324847245,-0.008668612479878268,0.04758787706153167
2026-03-28T01:00:00Z,521,409,4,3,314,229,292,2025816.4241884835,3201890.7824100773,-1176074.3582215926,5227707.20659856,116086.18087599993,1529242.6737044146,465.3949498496103,100.0,1.0,2.431861804222649,8.0,0.022205945415128197,0.022205945415128197,observed,0.43953934740882916,-0.22496943913330078,11.662096747085116,6.257667587882639,-0.006217668897169792,0.0034619821100667636,0.0004587072146808868,-0.006974919545349567,0.006402971858249007,0.046798232050834
2026-03-28T02:00:00Z,570,440,4,3,356,307,263,2872705.5599208553,2719154.318823822,153551.24109703695,5591859.878744681,124602.41833200002,1385983.9684210527,431.97441720369346,100.0,1.0,2.3719298245614033,11.0,0.02228282200089249,0.02228282200089249,observed,0.5385964912280702,0.02745977982758533,11.7328913194054,6.3473892096560105,0.0034619821100667636,-0.0010957519445344843,-0.008643886083895436,-0.0032399181485116557,-0.000010994183121448842,0.041005305082529864
2026-03-28T03:00:00Z,261,224,4,3,184,116,145,1112553.9993740495,1271969.860342854,-159415.86096880503,2384523.8597169025,53075.69912599996,1373465.4406130267,411.7047217098815,100.0,1.0,1.9425287356321839,7.0,0.0222584055553553,0.0222584055553553,observed,0.4444444444444444,-0.06685437862958996,10.879493299737785,5.568344503761097,-0.0010957519445344843,-0.0018992426367305804,-0.004947358079259834,-0.0029331828907355195,0.006992280358234515,0.04056083116471809
2026-03-28T04:00:00Z,334,265,4,3,219,174,160,1616253.4855136722,1717951.9647340605,-101698.47922038804,3334205.4502477325,74073.14653899994,992129.997005988,541.4821293213854,100.0,1.0,1.970059880239521,5.0,0.022216131442498926,0.022216131442498926,observed,0.5209580838323353,-0.030501563487286547,11.21282185079591,5.814130531825066,-0.0018992426367305804,-0.005667936244245886,-0.007430218465213856,-0.003975051822350917,0.010534629429934217,0.03636303208891167
2026-03-28T05:00:00Z,489,384,4,3,304,202,287,1615643.3763682116,2985833.7486665114,-1370190.3722982986,4601477.125034724,101647.60440400004,1463602.155419223,612.1019518393038,100.0,1.0,2.226993865030675,8.0,0.022090211825889057,0.022090211825889057,observed,0.4130879345603272,-0.2977718534867124,11.529277089537748,6.194405391104672,-0.005667936244245886,0.0026289212329984046,0.005451086506176761,0.0001274900062451234,0.031833057688276156,0.033669582946221466
2026-03-28T06:00:00Z,472,378,4,3,308,269,203,2510754.109391374,2034547.4703900726,476206.6390013021,4545301.5797814485,100670.63594900005,1208215.9809322034,502.43352558541415,100.0,1.0,2.2584745762711864,9.0,0.02214828525279957,0.02214828525279957,observed,0.5699152542372882,0.1047689863131589,11.519619370202337,6.159095388491933,0.0026289212329984046,-0.004389708695756833,0.0020241895791928144,0.00013067042439973697,0.0557122487066799,0.02921435459101218
2026-03-28T07:00:00Z,330,264,4,3,225,152,178,1283003.768710578,1802829.88744224,-519826.1187316614,3085833.6561528174,68045.90536199999,1494819.5,384.73951281611863,100.0,1.0,1.9515151515151514,5.0,0.022051060732429253,0.022051060732429253,observed,0.46060606060606063,-0.16845565142346042,11.127952531101391,5.802118375377063,-0.004389708695756833,0.007236239154147617,0.0034810314671480658,0.01347185651894467,0.06275136398376935,0.03666242738018721
2026-03-28T08:00:00Z,644,508,4,3,386,387,257,3849535.120807397,2092468.6620652806,1757066.4587421154,5942003.78287268,131975.63251499986,1353286.408385093,551.7658077077257,100.0,1.0,2.4627329192546585,7.0,0.022210627481491746,0.022210627481491746,observed,0.6009316770186336,0.29570268262142646,11.79038015949597,6.4692503167957724,0.007236239154147617,-0.0007883568575925981,-0.005294734444447613,0.0032394194191569525,0.06861573424208656,0.03538066506825177
2026-03-28T09:00:00Z,514,408,4,3,322,236,278,1985073.828640367,2687698.8714312073,-702625.0427908382,4672772.700071576,103703.39396199999,1266206.1070038911,629.7455554797119,100.0,1.0,2.470817120622568,9.0,0.022193117581005277,0.022193117581005277,observed,0.4591439688715953,-0.15036576522972658,11.549299765181095,6.244166900663736,-0.0007883568575925981,-0.002942191967582275,-0.0018896940557776576,0.009954662093505817,0.07683787810272658,0.026254481080317138
2026-03-28T10:00:00Z,396,319,4,3,261,205,191,1671650.466742834,1845520.0626813243,-173869.59593849006,3517170.5294241607,77827.32049500004,1293622.1792929294,427.96393370135314,100.0,1.0,2.0202020202020203,5.0,0.022127821168722833,0.022127821168722833,observed,0.5176767676767676,-0.04943450835946712,11.262260660573743,5.983936280687191,-0.002942191967582275,-0.0015723672622280915,0.009956167320063436,0.014567588170188328,0.06827234430611706,0.024890494627450854
2026-03-28T11:00:00Z,237,191,4,3,163,113,124,675610.2894090352,1179737.715727771,-504127.4263187357,1855348.005136805,40990.255626000006,1300444.2151898735,363.41799415961174,100.0,1.0,1.8860759493670887,5.0,0.022093028107132696,0.022093028107132696,observed,0.4767932489451477,-0.27171583170541835,10.62111404552495,5.472270673671475,-0.0015723672622280915,0.0026321096057360105,0.008579580463805137,0.03170152605427656,0.05791859835239643,0.013290042713363315
2026-03-28T12:00:00Z,770,591,4,3,452,438,332,4408219.040441965,3492002.8838047343,916216.1566372279,7900221.924246698,174999.23297499996,1427650.8766233767,764.8191044599351,100.0,1.0,2.464935064935065,9.0,0.022151179378633278,0.022151179378633278,observed,0.5688311688311688,0.11597347079899796,12.07254258419048,6.647688373563329,0.0026321096057360105,0.008891178059068805,0.011866780734298255,0.055574316362775544,0.056748419599766065,0.01879354868693306
2026-03-28T13:00:00Z,1014,862,4,3,663,484,530,5297197.606843589,2736717.9556084694,2560479.651235127,8033915.562452053,179542.98504999996,1109624.4743589743,808.473105101957,100.0,1.0,2.4990138067061145,9.0,0.022348129458707077,0.022348129458707077,observed,0.47731755424063116,0.3187088078448308,12.09817549895385,6.922643891475888,0.008891178059068805,-0.002933240536361126,0.004565961374701555,0.04862444590626236,0.040138256068538825,0.001252661795119625
2026-03-28T14:00:00Z,726,564,4,3,432,343,383,3061322.6922154636,3854096.069060572,-792773.3768451124,6915418.761276039,154093.35117000007,1410980.238292011,533.5638387803526,100.0,1.0,2.4573002754820936,8.0,0.02228257701946695,0.02228257701946695,observed,0.4724517906336088,-0.1146385207045407,11.94532036372523,6.588926477533519,-0.002933240536361126,0.005899925656885463,0.02292525650761079,0.06516521735238467,0.041016750211314124,0.0033808584915853146
2026-03-28T15:00:00Z,890,711,4,3,507,473,417,5019893.142160055,4098117.555067991,921775.5870920636,9118010.697228048,204371.4798969999,1150003.9101123596,891.7151431170468,100.0,1.0,2.6696629213483147,9.0,0.02241404256732563,0.02241404256732563,observed,0.5314606741573034,0.10109393569501855,12.227699489778425,6.792344427470809,0.005899925656885463,0.0016118282624928426,0.04319495062063328,0.06622397867898377,0.03333545992481857,0.0037958731537801604
2026-03-28T16:00:00Z,356,284,4,3,226,196,160,1742124.9925430722,1525695.147382577,216429.84516049435,3267820.1399256485,73363.11817599999,1321300.2780898877,582.9986514590472,100.0,1.0,2.0730337078651684,6.0,0.022450170154612363,0.022450170154612363,observed,0.550561797752809,0.06623064792220135,11.20319024188692,5.877735781779639,0.0016118282624928426,0.015289000319934853,0.043858229549474936,0.05293364065846751,0.02555914652182456,-0.00021043052961933206
2026-03-28T17:00:00Z,1452,1140,4,3,763,822,630,9281955.25512734,5563240.646651629,3718714.6084757005,14845195.901778977,338372.6487929999,1347647.6811294765,1082.2803056335895,100.0,1.0,3.0220385674931127,11.0,0.022793410813288825,0.022793410813288825,observed,0.5661157024793388,0.2504995308300423,12.731906033685135,7.2813856635702825,0.015289000319934853,0.02583225567969527,0.041293301319967446,0.025411489307752166,0.001779866659883611,-0.022333265846383732
2026-03-28T18:00:00Z,1856,1375,4,3,945,937,919,11688054.520314494,6731093.141934747,4956961.3783797575,18419147.66224927,430680.4897129998,1583751.5210129311,876.3348683185473,100.0,1.0,3.865301724137931,20.0,0.023382216029230032,0.023382216029230032,observed,0.5048491379310345,0.26912001951855974,12.973124092902495,7.526717561352706,0.02583225567969527,0.00224866802113044,0.022075478839932883,0.0011122885606349442,-0.025099542179348178,-0.04478321930749973
2026-03-28T19:00:00Z,978,740,4,3,514,454,524,4815391.856048835,5273468.273075849,-458076.41702700505,10088860.129124673,236430.36760499995,1796459.2873210635,1477.8670449194979,100.0,1.0,3.3067484662576687,16.0,0.023434794870678125,0.023434794870678125,observed,0.46421267893660534,-0.045404179576701946,12.373413244396149,6.88653164253051,0.00224866802113044,0.01279427129992916,0.008694103137846021,-0.008092687397144638,-0.02454848564558565,-0.0492038482496564
2026-03-28T20:00:00Z,1232,975,4,3,669,695,537,6360265.454562489,4514250.731663971,1846014.722898514,10874516.186226454,258102.57454699956,1368718.9099025973,503.81389993795824,100.0,1.0,2.982142857142857,11.0,0.023734625994111767,0.023734625994111767,observed,0.5641233766233766,0.1697560324786363,12.461116235076124,7.117205503164344,0.01279427129992916,0.006899778001258516,-0.015252006319528943,-0.022671099983057053,-0.031101047934135595,-0.06132194037011196
2026-03-28T21:00:00Z,1387,1084,4,3,775,673,714,5456442.6152735315,5556028.56654585,-99585.95127231473,11012471.181819376,263180.3272510002,1338425.245854362,388.38214022350076,100.0,1.0,2.7260273972602738,12.0,0.02389838964441404,0.02389838964441404,observed,0.4852198990627253,-0.009043015834331754,12.480598530821593,7.23561914106675,0.006899778001258516,-0.010873128021691159,-0.020510413089150026,-0.03084578795058912,-0.046974013499164746,-0.06603648798074258
2026-03-28T22:00:00Z,723,558,4,3,406,338,385,2562053.0777650336,3373662.760576693,-811609.6828116587,5935715.838341733,140311.65267800004,1726384.0608575381,393.0684301771034,100.0,1.0,2.7704011065006915,9.0,0.023638539394298066,0.023638539394298066,observed,0.46749654218533887,-0.13673324413023094,11.851628445046403,6.584791392385716,-0.010873128021691159,-0.01124917497670308,-0.016642102380464263,-0.02599830899079625,-0.04060935388797726,-0.0693309312616327
2026-03-28T23:00:00Z,1213,969,4,3,709,559,654,4360514.7720408635,7568246.860292006,-3207732.088251137,11928761.632332884,278806.4762650006,1120273.406430338,814.1581772168072,100.0,1.0,2.615828524319868,12.0,0.023372625328457918,0.023372625328457918,observed,0.460840890354493,-0.26890738428007366,12.538276773380561,7.101675971619444,-0.01124917497670308,0.0015230840217328456,-0.0075340023144392365,-0.023045989726350746,-0.04218524535681434,-0.054492307241046145
2026-03-29T00:00:00Z,1375,1056,4,3,713,707,668,7788089.572105531,7966671.5530376155,-178581.98093208432,15754761.125143146,368790.9743429995,1608961.4676363636,436.04252482360164,100.0,1.0,3.3505454545454545,14.0,0.023408223800641642,0.023408223800641642,observed,0.5141818181818182,-0.011335111939405031,12.817988008884948,7.226936018493289,0.0015230840217328456,-0.006966756660266249,-0.010551796567878968,-0.026182708013373412,-0.035916657369790994,-0.051386240357895074
2026-03-29T01:00:00Z,887,702,4,3,520,396,491,4790410.7228754135,5461105.666494444,-670694.9436190327,10251516.389369862,238297.97880600003,1281257.2130777903,1296.5749378272524,100.0,1.0,2.5264937993235628,9.0,0.02324514440157352,0.02324514440157352,observed,0.4464487034949267,-0.06542397418537013,12.381281377748234,6.78897174299217,-0.006966756660266249,-0.002091124305144465,-0.009514548703967396,-0.016590056388695706,-0.03738502458355586,-0.023405518626061994
2026-03-29T02:00:00Z,510,414,4,3,340,241,269,2060110.2061219583,2350851.4013921763,-290741.1952702172,4410961.607514134,102319.02934899996,1415638.931372549,384.1337110422447,100.0,1.0,2.219607843137255,9.0,0.023196535915138795,0.023196535915138795,observed,0.4725490196078431,-0.06591333617026628,11.535860723088101,6.236369590203704,-0.002091124305144465,-0.0015222501405419697,-0.015629741923739116,-0.008625497466546284,-0.036153012631246484,0.002228928235005645
2026-03-29T03:00:00Z,832,646,4,3,469,362,470,3810832.8940924937,5040631.662987154,-1229798.768894663,8851464.55707965,205010.762054,1571870.2932692308,1087.6949880147808,100.0,1.0,2.8149038461538463,14.0,0.02316122498508189,0.02316122498508189,observed,0.43509615384615385,-0.1389373205941423,12.230822632347783,6.725033642166843,-0.0015222501405419697,-0.005925750565278665,-0.015797604555018885,-0.016641547184188865,-0.02858663804413275,0.017941497102993198
2026-03-29T04:00:00Z,638,435,4,3,322,321,317,4330009.642434864,4610288.498636676,-280278.85620181763,8940298.141071536,205841.22183999998,1851667.7727272727,1076.4513121559328,100.0,1.0,7.808777429467084,48.0,0.023023977343033995,0.023023977343033995,observed,0.5031347962382445,-0.03135005698682717,12.23486524091214,6.459904454377535,-0.005925750565278665,-0.008252149267817477,-0.00714347462193432,-0.015001046745660052,-0.025127343594800178,0.03613308461905129
2026-03-29T05:00:00Z,682,535,4,3,393,326,356,2967603.0195809873,4803460.765325445,-1835857.7457444589,7771063.784906438,177444.3153949996,1500174.9677419355,1105.8065826214813,100.0,1.0,2.6422287390029324,9.0,0.02283398004526043,0.02283398004526043,observed,0.4780058651026393,-0.23624278432898776,12.08641775814882,6.52649485957079,-0.008252149267817477,-0.001692518493319306,0.007115457217166554,-0.01959074370870606,-0.02407029059853738,0.043891837806659506
2026-03-29T06:00:00Z,478,380,4,3,272,248,230,2539140.7286404916,2743458.8360435953,-204318.107403102,5282599.564684079,120418.61677300003,1248222.3828451883,1188.2552228435834,100.0,1.0,2.707112970711297,9.0,0.022795333111757743,0.022795333111757743,observed,0.5188284518828452,-0.03867756866695632,11.698737728593512,6.171700597410915,-0.001692518493319306,0.002815182963797014,-0.0008574888997181507,-0.009995662878977907,-0.020190448132677674,0.038457878441576554
2026-03-29T07:00:00Z,825,666,4,3,487,416,409,4295314.357033089,4086440.3020601417,208874.0549729469,8381754.65909323,191602.77213700017,1310658.6872727273,889.507009873782,100.0,1.0,2.583030303030303,9.0,0.02285950614518804,0.02285950614518804,observed,0.5042424242424243,0.024920086958921284,12.163184831887731,6.716594773520978,0.002815182963797014,0.005990860314841306,-0.00791410634153178,-0.021145777841635738,-0.025275846355509057,0.02651249959080304
2026-03-29T08:00:00Z,1190,959,4,3,668,584,606,6141740.678169889,5652798.231116558,488942.44705333177,11794538.909286462,271232.57446699997,1253029.0092436974,887.5447715246205,100.0,1.0,2.838655462184874,17.0,0.022996454253370116,0.022996454253370116,observed,0.4907563025210084,0.04145498614349066,12.510735627042912,7.0825485693553,0.005990860314841306,-0.009595735250739534,-0.026517516670498176,-0.02776701952123417,-0.031190964105740848,0.012537695529800219
2026-03-29T09:00:00Z,943,727,4,3,512,488,455,4711022.430136752,5679252.399386834,-968229.9692500754,10390274.829523586,236646.6798079999,1085444.7189819724,1519.0353415540524,100.0,1.0,2.83881230116649,14.0,0.022775786366649033,0.022775786366649033,observed,0.5174973488865323,-0.09318617506621532,12.374327730967718,6.8501261661455,-0.009595735250739534,-0.004267373360650639,-0.009146016586959682,-0.012147239722950953,-0.02000205109995823,0.014113887568546701
2026-03-29T10:00:00Z,709,558,4,3,423,272,437,2791195.7215966973,5416167.784731086,-2624972.0631343927,8207363.506327786,186131.46134500008,1050659.1777150917,1554.3476549178697,100.0,1.0,2.475317348377997,11.0,0.022678593582640124,0.022678593582640124,observed,0.383638928067701,-0.31983133939547925,12.134213857000143,6.565264970035361,-0.004267373360650639,-0.012873293365051386,-0.013337223706820556,-0.010280515340329921,-0.02993731228259411,0.023930238636423518
2026-03-29T11:00:00Z,1342,980,4,3,704,746,596,11957338.482495194,10939820.997527061,1017517.4849681371,22897159.480022244,512590.5898170006,1856831.8852459015,2470.174780714763,100.04501997220642,1.0,6.642324888226527,58.0,0.022386645394344026,0.022386645394344026,observed,0.555886736214605,0.044438590116643965,13.147234685865692,7.202661196523238,-0.012873293365051386,0.008077728897259107,-0.0012835391207682845,-0.004569058136779214,-0.012849104510627929,0.04021964521086985
2026-03-29T12:00:00Z,754,606,4,3,479,384,370,3766438.540680776,4293466.526920797,-527027.9862400191,8059905.067601575,181891.73550800004,1510750.0583554376,605.1257690264395,100.0,1.0,2.273209549071618,9.0,0.02256747864675861,0.02256747864675861,observed,0.5092838196286472,-0.06538885778673934,12.111172426974251,6.626717749249025,0.008077728897259107,-0.008479216623240582,-0.0030289257410597292,-0.01029771776894095,-0.016045898009087067,0.031231804419578513
2026-03-29T13:00:00Z,976,761,4,3,553,377,599,3970186.3960628468,7179353.653127618,-3209167.2570647704,11149540.049190465,249483.491873,1431133.7448770492,1117.2027373718097,100.0,1.0,2.6024590163934427,8.0,0.022376124106672387,0.022376124106672387,observed,0.3862704918032787,-0.28782956452968467,12.427152035420251,6.884486652042782,-0.008479216623240582,-0.0008139411181284917,0.003098027451663432,-0.004219288654409126,0.014522427257529502,0.03960357771379819
2026-03-29T14:00:00Z,1272,1000,4,3,685,703,569,9254185.94398855,6728216.82406969,2525969.1199188605,15982402.76805823,357333.1427970003,1267104.0062893082,1299.5476002835092,100.0,1.0,2.7814465408805034,10.0,0.02235791125919762,0.02235791125919762,observed,0.5526729559748428,0.15804689423590038,12.786426597232321,7.149131598557407,-0.0008139411181284917,0.006315982246280605,-0.0032897415279593556,-0.0035217326024268303,0.03982161211193147,0.026104939678181838
2026-03-29T15:00:00Z,632,498,4,3,370,294,338,3128474.0024868543,3491327.9843717916,-362853.9818849365,6619801.9868586445,148939.74198299996,1384304.460443038,1134.7613053920556,100.0,1.0,2.712025316455696,10.0,0.02249912342977463,0.02249912342977463,observed,0.4651898734177215,-0.05481341928433194,11.911303801009982,6.450470422144176,0.006315982246280605,-0.002385758561905149,-0.007290875548505049,-0.007951398925892916,0.04789735963014263,0.025003256294504173
2026-03-29T16:00:00Z,581,463,4,3,325,242,339,2455910.702751284,3687697.0379543277,-1231786.3352030441,6143607.740705607,137896.0155030001,1408005.4216867469,901.5974637948808,100.0,1.0,2.6075731497418246,7.0,0.022445445953416684,0.022445445953416684,observed,0.4165232358003442,-0.20049885786841765,11.834262421074385,6.366470447731438,-0.002385758561905149,-0.007176798523014227,-0.007294716872948026,-0.019860978031591925,0.06283941580610808,0.02366231405346708
2026-03-29T17:00:00Z,608,487,4,3,350,284,324,3201674.9029277926,3214341.537056502,-12666.634128712523,6416016.4399843,142976.81697100005,1456862.050986842,1152.377983325369,100.0,1.0,2.8289473684210527,12.0,0.022284359510049808,0.022284359510049808,observed,0.46710526315789475,-0.0019742209589387397,11.870444771131828,6.411818267709897,-0.007176798523014227,0.0022762875830020235,-0.00023275678412615353,-0.008318052037191492,0.06963834357177023,0.023647784884567757
2026-03-29T18:00:00Z,467,363,4,3,282,250,217,2574127.5090742586,2114841.2036087075,459286.305465552,4688968.712682963,104728.51532700004,1558965.4539614562,1111.7935263784502,100.0,1.0,2.3447537473233404,7.0,0.02233508512089769,0.02233508512089769,observed,0.5353319057815846,0.09795038815747498,11.559136260923006,6.148468295917647,0.0022762875830020235,-0.0023896188668786067,-0.0006653745403547573,-0.005807989274499992,0.059856863471561716,0.012312699071903577
2026-03-29T19:00:00Z,339,275,4,3,204,145,194,1294731.783113407,2701639.715828545,-1406907.9327151373,3996371.49894195,89046.00190200005,1173293.6430678465,1203.1750990193086,100.0,1.0,2.6283185840707963,10.0,0.022281712780099452,0.022281712780099452,observed,0.4277286135693215,-0.3520463333020015,11.396919620571031,5.8289456176102075,-0.0023896188668786067,-0.000113999580309887,-0.012658602076801473,0.01882112768243238,0.05313128412041057,0.005237236180354765
2026-03-29T20:00:00Z,586,458,4,3,317,324,262,3721569.344149478,3399909.5819408754,321659.7622086003,7121478.926090344,158660.65868999998,1494495.6843003414,1161.3344234944445,100.0,1.0,2.9146757679180886,9.0,0.022279172674193937,0.022279172674193937,observed,0.552901023890785,0.045167550946498394,11.974529281169177,6.375024819828097,-0.000113999580309887,0.0018425841169227297,-0.008087177598515738,0.043496527854596234,0.04513651092774684,0.00461138248833981
2026-03-29T21:00:00Z,495,387,4,3,242,277,218,4139157.2789206295,3076815.2364593297,1062342.0424612956,7215972.515379965,161062.12237200022,1271226.2727272727,1212.5713679802657,100.0,1.0,3.206060606060606,9.0,0.022320223923901587,0.022320223923901587,observed,0.5595959595959596,0.14722091030655163,11.98955163155179,6.206575926724928,0.0018425841169227297,-0.0143621533801781,-0.00514603877733133,0.056296393639955866,0.03481225517542863,0.008068214282414887
2026-03-29T22:00:00Z,1624,1326,4,3,881,730,894,8528593.397777747,10784389.683267357,-2255796.2854896085,19312983.08104513,424879.0120129993,1211703.9002463054,1067.56741214615,100.00013633520935,1.0,2.9285714285714284,15.0,0.02199965744442659,0.02199965744442659,observed,0.44950738916256155,-0.11680206398065851,12.959562083370145,7.393263094763838,-0.0143621533801781,0.0045155068370532625,0.031883328122824794,0.08437618744289277,0.05552996894022377,0.020051005779527342
2026-03-29T23:00:00Z,825,665,4,3,487,389,436,3734876.3254127013,4520475.023089585,-785598.6976768861,8255351.348502284,182434.98508100022,1091064.3466666667,909.441419312598,100.0,1.0,2.326060606060606,6.0,0.02209899704802973,0.02209899704802973,observed,0.4715151515151515,-0.09516235766505714,12.114154623792212,6.716594773520978,0.0045155068370532625,0.004813165855878543,0.05200427324674006,0.07861028000873249,0.05375951130063994,0.009957357525197885
2026-03-30T00:00:00Z,1095,896,4,3,641,578,517,6407161.3818354625,5556759.727396928,850401.6544385321,11963921.1092324,265663.2133600005,1229221.1634703197,634.1886339254316,100.0,1.0,2.5287671232876714,9.0,0.02220536318607047,0.02220536318607047,observed,0.5278538812785388,0.0710805133763619,12.48998843453212,6.999422467507961,0.004813165855878543,0.022324181374231422,0.0617602530745065,0.0660484615020629,0.04804868675582008,0.009739548143878674
2026-03-30T01:00:00Z,1321,1058,4,3,721,802,519,11425980.626435747,4244260.715457495,7181719.9109782595,15670241.34189322,355731.39826800016,1224895.1884935654,1218.6056112445362,100.0,1.0,3.0666161998485997,15.0,0.02270107974131699,0.02270107974131699,observed,0.607115821347464,0.4583030825299715,12.781934036914961,7.186901020411631,0.022324181374231422,0.024102800127234758,0.05087092492865608,0.03367632993244385,0.02472212519152328,0.006059858589573031
2026-03-30T02:00:00Z,1876,1476,4,3,993,1055,821,12183739.261438636,7653545.093244963,4530194.168193669,19837284.354683585,461181.9343149997,1283821.9168443496,1078.1779486944363,100.0,1.0,2.861407249466951,11.0,0.02324823932899437,0.02324823932899437,observed,0.5623667377398721,0.2283676579513309,13.041550063906211,7.537430036586509,0.024102800127234758,0.01413150916118644,0.025290778220776522,0.0015716229324906905,-0.013191370783196432,-0.01984530788982186
2026-03-30T03:00:00Z,1649,1358,4,3,986,686,963,7480342.327486477,6518795.66037211,961546.6671143809,13999137.987858612,330054.4850409993,1109380.073984233,990.2957428098705,100.0,1.0,2.5936931473620377,9.0,0.02357677203605351,0.02357677203605351,observed,0.41600970285021227,0.06868613395684262,12.707016055797185,7.408530566894626,0.01413150916118644,0.011839306422295692,0.0040387727974739995,-0.02033911939289479,-0.021847658194041886,-0.03854308232798276
2026-03-30T04:00:00Z,1763,1363,4,3,904,853,910,9419332.144842222,7707969.119597872,1711363.025244359,17127301.264440116,408587.26612699946,1093362.4083947816,1360.8815242298947,100.0,1.0,3.3108338060124787,15.0,0.02385590466463696,0.02385590466463696,observed,0.4838343732274532,0.09992017999925704,12.920463243691929,7.475339236566737,0.011839306422295692,-0.0008257607928262578,-0.016362233066234633,-0.026601670929986332,-0.03686079116940466,-0.052669049694226255
2026-03-30T05:00:00Z,1096,852,4,3,563,539,557,4828797.018826122,5284421.070275307,-455624.0514491722,10113218.089101426,241060.74356500007,1248222.556569343,1146.0957990690697,100.0,1.0,3.4708029197080292,12.0,0.0238362053938875,0.0238362053938875,observed,0.49178832116788324,-0.04505233125944138,12.392808377024997,7.00033446027523,-0.0008257607928262578,-0.006889189347421998,-0.023134076490424094,-0.023039617894139997,-0.04299636317601452,-0.05626053435934408
2026-03-30T06:00:00Z,984,779,4,3,557,415,569,3668934.740880854,5633555.8785368735,-1964621.137656015,9302490.619417727,220208.49525899987,1201781.2479674798,1115.4433283239957,100.0,1.0,3.069105691056911,13.0,0.02367199326160497,0.02367199326160497,observed,0.4217479674796748,-0.21119302539850204,12.30233462340824,6.892641641172089,-0.006889189347421998,-0.008720198033829396,-0.02427983146751056,-0.016884574572605282,-0.04485904279935238,-0.054279958976431786
2026-03-30T07:00:00Z,1013,766,4,3,501,532,481,6019086.10390586,6793398.6924561905,-774312.5885503364,12812484.796362048,300652.2433920003,1383646.982230997,1287.939580404301,100.0,1.0,3.6515301085883514,17.0,0.023465568792508298,0.023465568792508298,observed,0.5251727541954591,-0.06043422496549563,12.61371286434234,6.921658184151129,-0.008720198033829396,-0.0077045648900772035,-0.010409764862598259,-0.008662484069366094,-0.04547775634645346,-0.04758014311090164
2026-03-30T08:00:00Z,796,601,4,3,445,324,472,2786541.691540697,6068042.469588441,-3281500.7780477484,8854584.161129147,206177.01580499986,1231893.0427135678,1354.8977096954025,100.0,1.0,3.208542713567839,16.0,0.023284776795063848,0.023284776795063848,observed,0.40703517587939697,-0.37059908385684004,12.23649522899848,6.680854678790215,-0.0077045648900772035,-0.008053997768638688,0.00009669555873625946,-0.014739828263567123,-0.038774961945816644,-0.038026136623904416
2026-03-30T09:00:00Z,517,412,4,3,332,272,245,3462006.097528488,3295571.8496278897,166434.24790059988,6757577.947156378,156081.40814300012,1149543.744680851,880.7436573288851,100.0,1.0,2.4390715667311413,14.0,0.023097241254713154,0.023097241254713154,observed,0.5261121856866537,0.02462927534126872,11.958139404079814,6.249975242259483,-0.008053997768638688,0.00537105202001964,0.007579280549286915,-0.0015398581601137051,-0.025844341095940915,-0.02886270263462387
2026-03-30T10:00:00Z,484,384,4,3,275,279,205,3252498.506899716,1964362.5571778652,1288135.9497218493,5216861.0640775785,121142.28403200004,1270254.2582644627,940.9280127888834,100.0,1.0,3.049586776859504,10.0,0.023221297739011163,0.023221297739011163,observed,0.5764462809917356,0.2469178178026889,11.704729289561575,6.184148890937483,0.00537105202001964,0.00283061658713879,0.0017656609081126984,-0.010539488237276906,-0.033612464074627924,-0.033828440205849186
2026-03-30T11:00:00Z,579,455,4,3,299,256,323,2887293.5374911423,4134426.9390711496,-1247133.4015800082,7021720.476562283,163515.00366000022,1027974.2763385146,1039.2349280054484,100.0,1.0,3.1174438687392056,11.0,0.023287028329566094,0.023287028329566094,observed,0.4421416234887737,-0.17761080147562125,12.004666146241883,6.363028103540465,0.00283061658713879,-0.0006323951369185954,-0.014835089335051177,-0.02042738441333436,-0.04156750501960138,-0.027165330643690866
2026-03-30T12:00:00Z,630,503,4,3,375,406,224,4516166.6853160085,2061486.8738221403,2454679.811493869,6577653.559138144,153077.13827799997,1164292.1904761905,906.2923731911696,100.0,1.0,2.746031746031746,12.0,0.02327230172609719,0.02327230172609719,observed,0.6444444444444445,0.37318472148531645,11.938703777707126,6.447305862541213,-0.0006323951369185954,-0.00042982638977195897,-0.009050542111613713,-0.028454917401571245,-0.03655282344804556,-0.01971036846659635
2026-03-30T13:00:00Z,786,623,4,3,462,278,508,2425056.8313484676,6053114.191141313,-3628057.3597928504,8478171.022489782,197221.74655700003,981813.286259542,1044.1865681775942,100.0,1.0,2.399491094147583,8.0,0.02326229867666458,0.02326229867666458,observed,0.35368956743002544,-0.4279292491468755,12.192089062150773,6.668228248417403,-0.00042982638977195897,-0.01378778155906013,-0.012283460718981676,-0.037136970694109483,-0.018212026600345044,-0.008106127443646916
2026-03-30T14:00:00Z,1170,953,4,3,700,618,552,7157567.434875778,5865531.813610994,1292035.6212647897,13023099.248486781,298770.2542599997,1033450.3111111111,822.6543929811063,100.0,1.0,2.4410256410256412,10.0,0.022941563183949115,0.022941563183949115,observed,0.5282051282051282,0.09921107077602268,12.607433523663772,7.065613363597717,-0.01378778155906013,0.00523554538889881,-0.005676506560215011,-0.024394707481060318,-0.006742885002846366,0.01380800266747495
2026-03-30T15:00:00Z,1085,830,4,3,611,579,506,5585802.874722119,5863597.729526523,-277794.8548044029,11449400.60424865,264042.3531529999,1154752.6304147465,1072.7192800341013,100.0,1.0,2.953917050691244,13.0,0.02306167477929097,0.02306167477929097,observed,0.5336405529953917,-0.024262829505792526,12.483868585135038,6.990256500493881,0.00523554538889881,-0.003690869612420933,-0.019581599379756898,-0.024341966110976387,-0.01706832711059736,0.00882891875017977
2026-03-30T16:00:00Z,914,716,4,3,496,410,504,4724845.944143645,6008544.455887107,-1283698.511743474,10733390.400030755,246616.357882,986911.3490153173,1141.596360848886,100.0,1.0,3.098468271334792,18.0,0.02297655714463655,0.02297655714463655,observed,0.4485776805251641,-0.11959860434591067,12.415593256051102,6.818924065275521,-0.003690869612420933,-0.007190889982456761,-0.025162593706509417,-0.023318743459753155,-0.016413264437666664,0.01717266879603896
2026-03-30T17:00:00Z,805,650,4,3,503,324,481,2891835.337390327,5331088.862749239,-2439253.525358914,8222924.200139562,187575.8806649999,1032889.6447204968,1069.4074314466259,100.0,1.0,2.1801242236024843,6.0,0.02281133525003384,0.02281133525003384,observed,0.40248447204968946,-0.29664064340001023,12.141944070566518,6.692083742506628,-0.007190889982456761,-0.008822146756923832,-0.0188250615059804,-0.021580963238346684,-0.013860105304666859,0.04971229453868453
2026-03-30T18:00:00Z,540,431,4,3,355,222,318,1820188.736062667,3677099.571359787,-1856910.8352971207,5497288.307422459,124294.18505100012,1191090.3537037037,679.4118676158195,100.0,1.0,2.0555555555555554,6.0,0.02261009030273665,0.02261009030273665,observed,0.4111111111111111,-0.3377866925389219,11.730414540232033,6.293419278846481,-0.008822146756923832,-0.009362321311886412,-0.004855444092244698,-0.008335080061149802,-0.009863377866959566,0.06172640772021509
2026-03-30T19:00:00Z,432,353,4,3,282,183,249,1544569.2170867121,2903697.127270931,-1359127.9101842176,4448266.344357647,99634.08168199997,1429477.5717592593,564.7568179942842,100.0,1.0,2.2222222222222223,7.0,0.022398407372431664,0.022398407372431664,observed,0.4236111111111111,-0.3055410366576156,11.509269607278663,6.07073772800249,-0.009362321311886412,-0.0007365216302636091,0.0018914438806436618,0.01965486628706392,-0.0022025539775806235,0.08861790072891917
2026-03-30T20:00:00Z,383,297,4,3,250,179,204,1721114.846518345,1838356.5596920243,-117241.71317367954,3559471.4062103736,79667.77030199993,1491587.3498694517,512.7795792511502,100.0,1.0,2.049608355091384,6.0,0.022381910460918412,0.022381910460918412,observed,0.46736292428198434,-0.032937956172122224,11.285632947361353,5.950642552587727,-0.0007365216302636091,0.005289888574946833,-0.0028087771346831936,0.018093200819604194,0.0007790322684770867,0.09898808373083612
2026-03-30T21:00:00Z,525,413,4,3,298,300,225,3475885.2251009834,2480663.3807123583,995221.8443886226,5956548.605813342,134024.17987599995,1547540.6133333333,911.5756685963321,100.0,1.0,2.5504761904761906,7.0,0.02250030827335111,0.02250030827335111,observed,0.5714285714285714,0.16708028595910854,11.805782970802653,6.26530121273771,0.005289888574946833,-0.002645989096478729,-0.0034966135806581145,0.0074551110611840166,-0.0030984386438596134,0.09813667475051235
2026-03-30T22:00:00Z,431,348,4,3,270,201,230,1882409.5805984847,2199165.615597243,-316756.0349987577,4081575.1961957277,91593.70124799998,1110856.7610208816,652.093281897178,100.0,1.0,2.1786542923433876,6.0,0.022440772702992412,0.022440772702992412,observed,0.46635730858468677,-0.07760632103360322,11.425128702351486,6.068425588244111,-0.002645989096478729,-0.005424413945912088,0.01772988731954528,0.007070350716617879,-0.00022348811754335784,0.09626422464173179
2026-03-30T23:00:00Z,497,383,4,3,284,171,326,1611032.1986953802,2974703.9712570077,-1363671.7725616281,4585736.169952391,102349.25038800006,1602739.7002012073,527.2612521885449,100.0,1.0,2.6901408450704225,10.0,0.022319044662585257,0.022319044662585257,observed,0.3440643863179074,-0.2973724876491937,11.536156037476282,6.210600077024653,-0.005424413945912088,0.004596465881007594,0.020960852316999068,0.007891156696249624,0.015026801001989165,0.11316620212142903
2026-03-31T00:00:00Z,838,681,4,3,503,480,358,5721536.293396225,2945372.254433544,2776164.0389626822,8666908.547829757,194326.24608299986,1042083.0417661098,956.8454411923278,100.0,1.0,2.386634844868735,8.0,0.022421633389873515,0.022421633389873515,observed,0.5727923627684964,0.32031768001727096,12.177298852415772,6.732210706467206,0.004596465881007594,0.018598630940724226,0.01099015295993544,-0.0015411433590934998,0.017481451387637126,0.10145550636327916
2026-03-31T01:00:00Z,1173,930,4,3,697,691,482,7365925.358716868,5505943.156976136,1859982.2017407257,12871868.51569303,293976.0364739995,1295472.2088661552,1056.4556776576324,100.0,1.0,2.5413469735720375,9.0,0.022838645074379993,0.022838645074379993,observed,0.5890878090366581,0.14449978256638393,12.591256936038995,7.068172000388042,0.018598630940724226,-0.002266956406440257,-0.010473836659157132,-0.02143609665124757,0.010293362141832185,0.08786178359715913
2026-03-31T02:00:00Z,499,408,4,3,334,239,260,2007083.1723524714,2988010.680868973,-980927.508516503,4995093.853221447,113822.55857500005,1182036.0961923848,818.6980236695719,100.0,1.0,2.182364729458918,10.0,0.02278687086161421,0.02278687086161421,observed,0.4789579158316633,-0.19637819375183133,11.642404796604241,6.214608098422191,-0.002266956406440257,-0.005214418947471766,-0.01280136803589349,-0.017006467126181257,0.020690400662652486,0.0790356273650279
2026-03-31T03:00:00Z,506,394,4,3,312,244,262,2431484.1281426074,2963469.897126593,-531985.7689839873,5394954.025269194,122293.09066999995,1312545.7391304348,585.6282231790002,100.0,1.0,2.4268774703557314,9.0,0.02266805057043982,0.02266805057043982,observed,0.48221343873517786,-0.09860802640620142,11.714184002192278,6.2285110035911835,-0.005214418947471766,-0.003026891698169276,-0.012395072575474897,-0.010475454031820153,0.026346944121405924,0.09142275893208573
2026-03-31T04:00:00Z,413,319,4,3,242,147,266,1541587.9737290498,3001498.992793873,-1459911.0190648248,4543086.966522924,102671.20694200006,1269412.7070217917,692.076371123636,100.0,1.0,2.4818401937046004,6.0,0.022599436836354472,0.022599436836354472,observed,0.3559322033898305,-0.32134780377805,11.539296735552393,6.025865973825314,-0.003026891698169276,-0.004613791740970652,-0.011078292215214947,-0.007242630893632196,0.03414638691167782,0.09791587662018841
2026-03-31T05:00:00Z,520,417,4,3,310,259,261,2609020.191643649,3257337.2184215095,-648317.0267778572,5866357.410065155,131964.69396999996,1361372.15,697.9871234405699,100.0,1.0,2.4615384615384617,8.0,0.02249516774132831,0.02249516774132831,observed,0.4980769230769231,-0.11051440978783744,11.7902972736235,6.255750041753367,-0.004613791740970652,-0.00480500097161074,-0.004259628158034934,0.007079776678594385,0.06446590406221442,0.11297258662529996
2026-03-31T06:00:00Z,390,304,4,3,245,182,208,1961652.07099571,2390813.310844396,-429161.23984868615,4352465.381840102,97438.98390400002,1620874.1538461538,878.7963906513526,100.0,1.0,2.2102564102564104,7.0,0.02238707843847468,0.02238707843847468,observed,0.4666666666666667,-0.09860187323701322,11.486991917754876,5.968707559985366,-0.00480500097161074,-0.0016976206786911696,0.0019437109823468024,0.01905195654303471,0.07230293677346222,0.12969702807348527
2026-03-31T07:00:00Z,453,362,4,3,301,182,271,2219522.080081596,2815481.353913015,-595959.2738314209,5035003.433994607,112527.66268100006,1492929.1721854305,649.2656276084011,100.0,1.0,2.0022075055187636,6.0,0.022349073671182045,0.022349073671182045,observed,0.40176600441501104,-0.11836323085853515,11.630963247562523,6.118097198041348,-0.0016976206786911696,0.0022494453665169445,0.003878629917200227,0.03242451380487066,0.09102093322501759,0.12178710347309307
2026-03-31T08:00:00Z,899,733,4,3,561,422,477,4808572.757561319,5513072.2773267105,-704499.5197653867,10321645.034888031,231198.10556199998,928893.6262513904,1064.3524186081706,100.0,1.0,2.185761957730812,6.0,0.02239934669139763,0.02239934669139763,observed,0.4694104560622914,-0.06825457738413973,12.351034547096406,6.802394763324311,0.0022494453665169445,0.0013949405637161405,0.011387913111982284,0.0383490496408716,0.09813260299803406,0.105813358113936
2026-03-31T09:00:00Z,869,737,4,3,539,459,410,5434307.107692665,4558449.7712282175,875857.3364644436,9992756.878920885,224143.45698999983,1065801.9447640968,981.383963934729,100.0,1.0,2.3049482163406214,7.0,0.022430592448698203,0.022430592448698203,observed,0.5281933256616801,0.08764921903704188,12.320046020257072,6.76849321164863,0.0013949405637161405,0.00023026624278488228,0.017075056585678094,0.03721221297971722,0.10154975909221808,0.09945406549846059
2026-03-31T10:00:00Z,624,498,4,3,370,374,250,3621171.3536598897,2744242.4877075823,876928.8659523078,6365413.84136748,142812.88105800012,1311898.1217948718,1208.1738038274952,100.0,1.0,2.66025641025641,10.0,0.022435757456944802,0.022435757456944802,observed,0.5993589743589743,0.13776462737635883,11.869297530451913,6.437751649736401,0.00023026624278488228,0.009746541820986998,0.02843559274692886,0.04169097011343914,0.09650928143690884,0.10068365203311624
2026-03-31T11:00:00Z,962,758,4,3,553,613,349,6715966.585242746,3677431.5632948196,3038535.0219479236,10393398.14853757,235456.49528300003,1450603.1268191268,635.536581359745,100.0,1.0,2.4844074844074844,8.0,0.022654428505284437,0.022654428505284437,observed,0.6372141372141372,0.2923524124182107,12.36928568902783,6.870053411798126,0.009746541820986998,0.007025892473449202,0.02665756252309892,0.05698270257484728,0.09668651214190671,0.08857238567481107
2026-03-31T12:00:00Z,703,574,4,3,455,399,304,5226859.31424428,5415539.921585583,-188680.60734130294,10642399.235829882,242791.3975309997,1400609.8634423898,924.5408089108677,100.0,1.0,2.1749644381223328,8.0,0.02281359608401001,0.02281359608401001,observed,0.5675675675675675,-0.017729142006444362,12.399962026025694,6.556778356158042,0.007025892473449202,0.011402649279465216,0.019799085882254985,0.0522554123845389,0.08253128827176015,0.08413556056236837
2026-03-31T13:00:00Z,1113,891,4,3,611,710,403,9658905.646009233,4158943.5371634946,5499962.108845737,13817849.183172747,318829.34222199983,1424432.2677448338,1068.8596802912637,100.0,1.0,2.870619946091644,13.0,0.023073731518959358,0.023073731518959358,observed,0.637915543575921,0.3980331552282059,12.672414397724296,7.01571242048723,0.011402649279465216,0.008000822514472095,0.012888874578042664,0.05675612951517128,0.07677811649764887,0.05852440711253193
2026-03-31T14:00:00Z,1567,1236,4,3,843,761,806,6467756.560725637,9578485.333683372,-3110728.772957736,16046241.894409012,373208.95531200065,1223498.9636247607,806.783214203676,100.0,1.0,2.849393746011487,11.0,0.02325834034958913,0.02325834034958913,observed,0.4856413529036375,-0.1938602691787668,12.829896423140806,7.357556200910353,0.008000822514472095,0.0002985631161507296,0.029537736007341886,0.05757558441242794,0.05716251143784312,0.04967028923606054
2026-03-31T15:00:00Z,1669,1322,4,3,911,827,842,10989212.109520633,9408942.311105613,1580269.798415022,20398154.420626253,474568.86448699975,1231902.786698622,1091.26400411069,100.0,1.0,3.334331935290593,22.0,0.0232652844321604,0.0232652844321604,observed,0.49550629119233075,0.07747121459268301,13.07016412431167,7.4205789054108005,0.0002985631161507296,0.004549332663560612,0.03182619689662225,0.06202929864050777,0.06340527945585439,0.06048366734756905
2026-03-31T16:00:00Z,1321,1076,4,3,786,808,513,7903264.305336655,5562986.508930659,2340277.796406005,13466250.8142673,314721.44386200025,1280352.3671461015,583.6917591654322,100.0,1.0,2.489780469341408,10.0,0.023371125950554655,0.023371125950554655,observed,0.6116578349735049,0.17378837129088032,12.659446398787196,7.186901020411631,0.004549332663560612,0.02456933899823155,0.043309050023284223,0.05262435107554042,0.06166389064022981,0.05619955958426148
2026-03-31T17:00:00Z,1779,1389,4,3,950,943,836,10513975.714615474,6463971.239938013,4050004.4746774617,16977946.954553507,406542.6964849995,1432641.4772344013,813.3456826666675,100.0,1.0,3.181000562113547,18.0,0.0239453390668042,0.0239453390668042,observed,0.5300730747611018,0.23854500697395836,12.915446696620933,7.484368643286131,0.02456933899823155,0.0025220310466922413,0.027233434408941548,0.03756334845436893,0.045569033613922505,0.041771039030668256
2026-03-31T18:00:00Z,1233,936,4,3,681,738,495,6444379.119822241,3931899.731529383,2512479.3882928668,10376278.851351622,249090.14804700046,1539555.282238443,599.5628592062762,100.0,1.0,2.8848337388483376,12.0,0.024005729955354254,0.024005729955354254,observed,0.5985401459854015,0.24213684156778315,12.425574164878197,7.1180162044653335,0.0025220310466922413,0.015728630572603652,0.029271501183751658,0.02877236413411488,0.053524138871353655,0.030075099313912723
2026-03-31T19:00:00Z,1131,850,4,3,612,518,613,4287991.280649379,5047132.165503327,-759140.8848539452,9335123.446152702,227621.18286299997,1678657.3607427056,499.61688747661657,100.0,1.0,2.9027409372236956,9.0,0.024383307213447704,0.024383307213447704,observed,0.45800176834659595,-0.0813209262023001,12.335442440733663,7.0317412587631285,0.015728630572603652,0.008782470415418908,0.008928611375553785,0.018946648543844757,0.028199431661803054,0.005737612573404771
2026-03-31T20:00:00Z,1638,1220,4,3,819,956,682,8868188.022520054,5395825.613287542,3472362.4092325126,14264013.635807578,350858.40339600027,1473729.095848596,786.0883772825961,100.0,1.0,3.3601953601953602,17.0,0.02459745288767988,0.02459745288767988,observed,0.5836385836385837,0.24343515772557098,12.768140862077011,7.40184157874383,0.008782470415418908,0.004511069539843593,0.01005605318071745,-0.0003905848250216337,0.0069943785431128,-0.014264246662061608
2026-03-31T21:00:00Z,1017,760,4,3,533,528,489,5176565.592341274,5226713.460903528,-50147.86856226027,10403279.053244814,257048.52276899997,1718956.2320550638,518.4218213067721,100.0,1.0,3.953785644051131,23.0,0.02470841370815923,0.02470841370815923,observed,0.5191740412979351,-0.004820390600463515,12.457024040913167,6.925595197110468,0.004511069539843593,-0.004346593100650997,-0.0004849420673386229,0.0012956147416161024,-0.0019024956216998623,-0.03190320211596431
2026-03-31T22:00:00Z,656,519,4,3,406,334,322,2795945.13602418,3324991.631651338,-529046.4956271586,6120936.767675519,150581.26511699992,1234421.794207317,530.0917456736903,100.0,1.0,2.3597560975609757,7.0,0.024601016287607316,0.024601016287607316,observed,0.5091463414634146,-0.08643227592564541,11.922264825906195,6.48768401848461,-0.004346593100650997,0.00990974891326224,0.009929381578972718,0.008587621553171498,0.003806963303344846,-0.026919172558791615
2026-03-31T23:00:00Z,460,371,4,3,285,245,215,2834741.779059877,1473606.845910561,1361134.9331493184,4308348.62497044,107040.08655199992,1353198.3434782608,754.9337604329362,100.0,1.0,2.369565217391304,8.0,0.02484480618202858,0.02484480618202858,observed,0.532608695652174,0.31592961750133614,11.580968026207396,6.133398042996649,0.00990974891326224,-0.0059720579829263265,-0.010342631948833114,0.007715851925069961,-0.007398765624689108,-0.03955194751035451
2026-04-01T00:00:00Z,1616,1259,4,3,817,856,760,9438950.284700222,8971008.739137288,467941.54556293326,18409959.023837544,454660.29303500056,1489181.7042079207,788.2131484269145,100.0,1.0,3.616336633663366,16.0,0.024696431558934938,0.024696431558934938,observed,0.5297029702970297,0.02541784829379762,13.027308009809616,7.388327859577107,-0.0059720579829263265,0.006027494549863288,0.0017814206947892597,0.0240595253140099,0.0014819639007104257,-0.028838130858681144
2026-04-01T01:00:00Z,971,756,4,3,542,417,554,3185039.1626532655,5362894.424226146,-2177855.261572884,8547933.586879415,212375.8817340001,1367512.8856848609,563.5945422995652,100.0,1.0,2.746652935118435,11.0,0.02484528916555749,0.02484528916555749,observed,0.4294541709577755,-0.2547814906886696,12.266117719365822,6.879355804460439,0.006027494549863288,-0.010361870533856066,-0.0013285681655318404,0.009080733648990647,-0.01695215486407675,-0.047823783324925206
2026-04-01T02:00:00Z,911,720,4,3,564,436,475,3217088.638108665,4338132.925951164,-1121044.2878424933,7555221.564059825,185766.62050400028,1340154.0581778265,254.332964596442,100.0,1.0,2.3611416026344676,8.0,0.024587845495847766,0.024587845495847766,observed,0.47859495060373214,-0.1483800677898447,12.132251819475297,6.815639990074331,-0.010361870533856066,0.006205537503457537,0.018247208030657935,0.007387848949823805,-0.007087105455141796,-0.058075082534869926
2026-04-01T03:00:00Z,606,500,4,3,383,395,211,3982291.212280065,1597989.8775788343,2384301.334701233,5580281.089858896,138058.532999,1264817.4488448845,373.71711755087614,100.0,1.0,2.273927392739274,7.0,0.02474042629320147,0.02474042629320147,observed,0.6518151815181518,0.4272726223476895,11.835440269657221,6.408528791059498,0.006205537503457537,0.0029043239294130885,0.022238488515558208,-0.003193972205841722,-0.002747411701567337,-0.059910187412633764
2026-04-01T04:00:00Z,466,362,4,3,260,235,231,2060727.9262063568,2266736.9374536686,-206009.01124731073,4327464.863660024,107374.27207399996,1196233.5729613735,598.0816971898143,100.0,1.0,3.6137339055793993,15.0,0.024812280505308697,0.024812280505308697,observed,0.5042918454935622,-0.04760501072516514,11.584085193150633,6.1463292576688975,0.0029043239294130885,0.009036836508417911,0.01042314967937119,-0.004739953324496171,-0.005146950088575797,-0.05557498271628647
2026-04-01T05:00:00Z,880,680,4,3,500,521,359,5041611.313574144,2516039.8557138643,2525571.457860285,7557651.1692880085,189217.17149699965,1307225.9068181817,523.7780277085749,100.0,1.0,2.790909090909091,12.0,0.025036505027636175,0.025036505027636175,observed,0.5920454545454545,0.3341741238499387,12.150655974841063,6.78105762593618,0.009036836508417911,0.010149617579457537,-0.01066475704051928,-0.014998888348223494,-0.0036324665910647536,-0.06178366828239723
2026-04-01T06:00:00Z,1300,1036,4,3,752,664,636,4973256.013127628,4553197.040535353,420058.97259227536,9526453.053662997,240929.8658239999,1109044.5923076924,665.6691381398094,100.0,1.0,2.596923076923077,10.0,0.025290615979192847,0.025290615979192847,observed,0.5107692307692308,0.044093952935689885,12.392265307518672,7.170888478512505,0.010149617579457537,-0.008687544837640115,-0.024879185246029722,-0.022047118214516548,-0.022257714552759933,-0.06580134150177774
2026-04-01T07:00:00Z,1011,790,4,3,572,468,543,2961280.175982618,5345931.972852277,-2384651.796869661,8307212.148834899,208269.30681799998,1168779.662710188,677.701678714698,100.0,1.0,3.1088031651829873,17.0,0.02507090261890207,0.02507090261890207,observed,0.4629080118694362,-0.28705801105658685,12.246592067006222,6.919683849847411,-0.008687544837640115,-0.012022137340285899,-0.015006686068780972,-0.025798618133286988,-0.0218457804942519,-0.0682566687471986
2026-04-01T08:00:00Z,856,688,4,3,520,377,479,3164910.4715294666,5062094.687596982,-1897184.2160675223,8227005.159126445,203778.77783400007,1315615.363317757,469.02464248793245,100.0,1.0,2.5163551401869158,9.0,0.024769496784372697,0.024769496784372697,observed,0.44042056074766356,-0.23060447627930844,12.22479516930293,6.75343791859778,-0.012022137340285899,-0.004363864395524719,-0.004380852030237303,-0.01436879988184836,-0.02111096710979732,-0.057427229408670066
2026-04-01T09:00:00Z,1259,939,4,3,633,682,577,8193029.709960257,6332724.523403355,1860305.1865569036,14525754.233363625,358225.52346599975,1215945.049245433,1707.6977898137302,100.0,1.0,4.358220810166799,21.0,0.02466140605926031,0.02466140605926031,observed,0.5416997617156474,0.12806943836926848,12.788920812394519,7.138866999945524,-0.004363864395524719,0.0013488847512985735,0.002904324252608337,0.00044799137627871133,-0.03005789150124305,-0.05130960575047039
2026-04-01T10:00:00Z,1074,686,4,3,443,573,501,9364646.472784007,10435009.83683601,-1070363.3640519974,19799656.30962,488946.0074650008,2376504.199255121,1836.7770308439572,100.0,1.0,7.294227188081937,32.0,0.024694671453839228,0.024694671453839228,observed,0.5335195530726257,-0.05405969413377863,13.100009393392417,6.980075940561763,0.0013488847512985735,-0.0013641068197758344,-0.010956350578090857,-0.00040893509735384637,-0.03060960621454789,-0.05353195865120075
2026-04-01T11:00:00Z,432,328,4,3,293,223,209,1768635.209638595,2340306.5328612463,-571671.3232226515,4108941.7424998367,101330.55184500004,1433178.5949074074,937.4440924250796,100.0,1.0,1.9444444444444444,5.0,0.024660985284096923,0.024660985284096923,observed,0.5162037037037037,-0.1391286027031507,11.526153111088737,6.07073772800249,-0.0013641068197758344,0.0029214361897851315,-0.01003189610402555,0.011539501451016676,-0.032392848983208045,-0.059700395868489076
2026-04-01T12:00:00Z,966,746,4,3,550,461,505,5530807.628972381,5010793.127274884,520014.5016975055,10541600.756247275,260725.735964,1169931.761904762,1288.0067077333904,100.01908885440264,1.0,3.0952380952380953,13.0,0.024733030778981643,0.024733030778981643,observed,0.4772256728778468,0.04932974732412713,12.471228149185677,6.874198495453294,0.0029214361897851315,-0.012490293072532577,-0.002449219548594894,-0.00021534405406009594,-0.03027522796446236,-0.07659523587658956
2026-04-01T13:00:00Z,1073,836,4,3,639,443,630,3827419.0988304713,6962962.349826018,-3135543.2509955443,10790381.448656505,263545.44160400005,1349122.7278657968,1162.4472853567709,100.0,1.0,3.1267474370922645,19.0,0.024424107975980193,0.024424107975980193,observed,0.412861136999068,-0.2905868773884677,12.481984880405067,6.97914527506881,-0.012490293072532577,-0.0004306865203256294,0.010664256817079831,0.004057515943429291,-0.03140399382756387,-0.05411064573457125
2026-04-01T14:00:00Z,1213,967,4,3,725,688,525,6494999.8566798875,4420956.889694821,2074042.9669850683,10915956.746374702,266497.6798219997,1321748.9274525968,572.3866094089389,100.0,1.0,2.531739488870569,10.0,0.02441358884190396,0.02441358884190396,observed,0.5671887881286067,0.19000102466271485,12.493124568812163,7.101675971619444,-0.0004306865203256294,0.010603329001489525,0.021789992495868438,-0.0068404563767267,-0.051351913506068936,-0.03966682142711542
2026-04-01T15:00:00Z,1040,826,4,3,645,564,476,5138172.129812867,4338717.980747271,799454.1490655952,9476890.110560143,233818.13679900006,1442236.7125,520.7130863554365,100.0,1.0,2.371153846153846,9.0,0.024672454156501763,0.024672454156501763,observed,0.5423076923076923,0.08435827995670855,12.362303175821038,6.947937068614969,0.010603329001489525,0.0004911866239774021,0.002239360179262073,-0.03049222262474216,-0.05732025805879404,-0.043324905236964195
2026-04-01T16:00:00Z,1188,927,4,3,683,601,587,6314404.392954092,4921716.218267937,1392688.1746861527,11236120.611222018,277358.8387449998,1292126.34006734,615.6636469957773,100.0,1.0,2.5606060606060606,8.0,0.02468457293596413,0.02468457293596413,observed,0.5058922558922558,0.12394742125633758,12.533070998966322,7.080867896690782,0.0004911866239774021,0.010572912250869315,-0.006537028324774541,-0.03021302628403888,-0.05068892599987562,-0.04022922057595035
2026-04-01T17:00:00Z,1136,915,4,3,665,587,549,5159498.592964673,5272948.790812853,-113450.19784818283,10432447.383777525,260243.25008300037,1175190.4639084507,883.4647484343668,100.0,1.0,2.4753521126760565,8.0,0.024945560759566263,0.024945560759566263,observed,0.516725352112676,-0.010874744312115879,12.469375892411819,7.036148493750536,0.010572912250869315,-0.008733260951779398,-0.028019895558637264,-0.04343117631215143,-0.05836320408030171,-0.052475143881296926
2026-04-01T18:00:00Z,1073,848,4,3,624,483,590,4361802.58383481,6238038.743639101,-1876236.1598042916,10599841.327473918,262109.74587199985,1134691.2162162163,936.4961989932048,100.0,1.0,2.483690587138863,8.0,0.024727704667864503,0.024727704667864503,observed,0.45013979496738116,-0.17700606092482174,12.47652238760116,6.97914527506881,-0.008733260951779398,-0.008269893510718385,-0.032658448774302684,-0.030066358521937175,-0.044534871404380394,-0.05161147613072359
2026-04-01T19:00:00Z,872,682,4,3,519,360,512,3790800.336256553,5558510.676646824,-1767710.3403902736,9349311.012903385,229275.1096909998,1384350.5126146788,766.0518583850875,100.0,1.0,2.55045871559633,12.0,0.02452320918349677,0.02452320918349677,observed,0.41284403669724773,-0.18907386201513468,12.34268227541543,6.771935555839602,-0.008269893510718385,-0.01127994419471623,-0.023831787026083795,-0.03531820558872356,-0.04744741404519792,-0.03572998871810951
2026-04-01T20:00:00Z,589,441,4,3,337,210,379,1945217.4926008324,3997550.2636902314,-2052332.7710893939,5942767.756291059,144091.8458379998,1700040.2292020374,591.5987516368297,100.0,1.0,2.5619694397283532,7.0,0.024246588752431575,0.024246588752431575,observed,0.3565365025466893,-0.34534965108080806,11.878213133551817,6.380122536899765,-0.01127994419471623,-0.013463855229361776,-0.01585555165490926,-0.0448180329284803,-0.03709946794648189,0.0010320103831613636
2026-04-01T21:00:00Z,705,510,4,3,387,244,461,2273660.5134119056,4842138.417336858,-2568477.903924953,7115798.930748762,170210.87953600008,1742517.970212766,621.6531720218773,100.0,1.0,2.795744680851064,12.0,0.023920136191662965,0.023920136191662965,observed,0.34609929078014184,-0.36095425530168607,12.044799290194492,6.559615237493242,-0.013463855229361776,0.0007793054866931381,0.002679601893541328,-0.027671810438368194,-0.02191029141122658,0.05231810730032316
2026-04-01T22:00:00Z,848,675,4,3,528,468,380,4764648.359282454,3428825.7874768376,1335822.5718056143,8193474.146759282,196141.7527900001,1205373.420990566,508.8201883483772,100.0,1.0,2.358490566037736,9.0,0.023938777285039573,0.023938777285039573,observed,0.5518867924528302,0.1630349407197391,12.186598003669891,6.744059186311348,0.0007793054866931381,-0.0032011481670539688,-0.011766843470190635,-0.021113811868784582,-0.023646151832742657,0.05114772589465644
2026-04-01T23:00:00Z,520,406,4,3,320,219,301,1484007.8359414598,2810961.1769838356,-1326953.3410423766,4294969.012925294,102487.17641499995,1234389.3653846155,302.38277164432304,100.0,1.0,2.3076923076923075,7.0,0.023862145712012055,0.023862145712012055,observed,0.42115384615384616,-0.30895527698780567,11.53750271885826,6.255750041753367,-0.0032011481670539688,0.005116342987646627,-0.029429095822542606,-0.015609987905086609,-0.028221729093863557,0.05773792127483146
2026-04-02T00:00:00Z,789,620,4,3,456,482,307,4791927.447483978,2948275.8091605133,1843651.6383234637,7740203.256644489,185642.83554100015,1199303.3219264892,602.8909505057546,100.0,1.0,2.6248415716096325,9.0,0.02398423263389591,0.02398423263389591,observed,0.6108998732572877,0.23819163104545116,12.131585254319221,6.672032945461067,0.005116342987646627,-0.013639760714079241,-0.03027029997876829,-0.014917013147822122,-0.04776613864869872,0.03756529848826573
2026-04-02T01:00:00Z,1832,1480,4,3,1086,727,1105,6202161.066067743,12166675.205079667,-5964514.139011915,18368836.271147378,434553.2760480002,1236188.1288209606,587.0606021952581,100.0,1.0,2.5906113537117905,12.0,0.023657093439858758,0.023657093439858758,observed,0.3968340611353712,-0.324708329420988,12.982076131992086,7.513709247839705,-0.013639760714079241,-0.021016491387707337,-0.009458262290465869,-0.01257327393005947,-0.023442851056898806,0.05789057346272841
2026-04-02T02:00:00Z,1276,1015,4,3,731,540,736,5361763.970410058,6559056.505227762,-1197292.534817712,11920820.475637816,276085.06186200015,1459186.7617554858,632.8382934081819,100.0,1.0,2.7758620689655173,15.0,0.023159904339321778,0.023159904339321778,observed,0.4231974921630094,-0.10043709132811611,12.528467914434632,7.152268856032539,-0.021016491387707337,0.004245197931090239,0.014238123003663894,0.008080727283475309,0.012317625730042803,0.0761180204041727
2026-04-02T03:00:00Z,966,791,4,3,582,493,473,4450980.393068771,4626083.396543171,-175103.0034743987,9077063.789611945,211116.37123800017,1148862.2505175984,495.04949394692886,100.0,1.0,2.358178053830228,8.0,0.023258222717307316,0.023258222717307316,observed,0.510351966873706,-0.019290709808031936,12.260169519593433,6.874198495453294,0.004245197931090239,0.007529196443582409,0.015832542646275538,0.0059254880080552574,0.014846349400709613,0.06825910466222695
2026-04-02T04:00:00Z,1309,1028,4,3,708,720,589,8765370.182968466,6791097.798853521,1974272.3841149353,15556467.981821995,364539.9792280001,1209428.103132162,1000.1603223297881,100.0,1.0,2.7983193277310923,9.0,0.023433338445074513,0.023433338445074513,observed,0.5500381970970206,0.12691006637380073,12.806394249977105,7.177782416195197,0.007529196443582409,0.0024033904138596185,-0.0031447555625435664,-0.0025869605625884473,0.01101820647667262,0.06359409731569587
2026-04-02T05:00:00Z,585,471,4,3,355,343,242,3512501.636524042,2463599.499363347,1048902.1371606935,5976101.135887387,140376.57129400014,1082841.429059829,787.751521241902,100.0,1.0,2.562393162393162,8.0,0.023489657906058132,0.023489657906058132,observed,0.5863247863247864,0.17551612887905765,11.852091009194446,6.373319789577012,0.0024033904138596185,0.005823908327853733,-0.006070956692057261,-0.012811732173041324,0.006253005643491072,0.1025771043892787
2026-04-02T06:00:00Z,1527,1214,4,3,870,860,667,8533978.547095647,8026481.5619994225,507496.98509623524,16560460.109095065,391265.0404059992,1221279.0759659463,836.5609865348398,100.0,1.0,2.727570399476097,11.0,0.02362645952035566,0.02362645952035566,observed,0.5631958087753766,0.030645101751582134,12.877143017838922,7.331714969726466,0.005823908327853733,-0.011292982618719694,-0.009752645463013132,-0.033346556522964255,-0.007406450025805422,0.12222781118075088
2026-04-02T07:00:00Z,1189,973,4,3,744,552,637,5139086.190064557,8168384.892931818,-3029298.702867248,13307471.08299636,310857.8179609999,1061736.3734230446,667.6330187402148,100.0,1.0,2.355761143818335,9.0,0.0233596463236504,0.0233596463236504,observed,0.464255677039529,-0.2276389468723279,12.647094126549444,7.081708586105575,-0.011292982618719694,-0.0005390969228176168,0.0005595546625929426,-0.011007983519041753,0.012301079751248833,0.15123839388714022
2026-04-02T08:00:00Z,924,740,4,3,547,529,395,5315955.203759675,4813253.110233907,502702.0935257722,10129208.313993586,236487.1654840005,1110468.8149350649,909.1882737823194,100.0,1.0,2.4415584415584415,9.0,0.023347053210199212,0.023347053210199212,observed,0.5725108225108225,0.0496289619032995,12.373653445425285,6.829793737512425,-0.0005390969228176168,0.002098158875433187,-0.006781948395983783,0.004202935669631369,0.03960064104266592,0.1579051049168576
2026-04-02T09:00:00Z,1311,1043,4,3,749,707,604,7595438.460290663,7362990.220604071,232448.23968658881,14958428.680894742,349967.9813520003,1186379.6712433258,861.7133680037347,100.0,1.0,2.8291380625476736,14.0,0.0233960390371074,0.0233960390371074,observed,0.5392829900839055,0.015539616135181176,12.765599804829625,7.179307969504034,0.002098158875433187,-0.000996823197426444,-0.023826280324659943,0.008868312314383564,0.07589119695232194,0.14133868359964552
2026-04-02T10:00:00Z,1437,1133,4,3,853,765,672,8307173.980677444,8368633.55052494,-61459.569847496416,16675807.531202396,389758.9355540004,1281734.6847599165,796.1939967133733,100.0,1.0,2.4697286012526094,10.0,0.023372717322667318,0.023372717322667318,observed,0.5323590814196242,-0.0036855528424934348,12.873286278715696,7.271008538280992,-0.000996823197426444,-0.007872538738125878,-0.011561069131497459,0.013640454356737663,0.07660529824079343,0.1419072617748487
2026-04-02T11:00:00Z,871,674,4,3,476,352,519,4809756.805230446,7005622.090110888,-2195865.2848804453,11815378.895341348,273983.45027800003,1671685.6980482205,1533.7897915532346,100.0,1.0,2.749712973593571,9.0,0.023188714700129353,0.023188714700129353,observed,0.4041331802525832,-0.1858480633021635,12.5208266329496,6.77078942390898,-0.007872538738125878,-0.01509856204340665,0.011059891680255785,0.019312160038630122,0.08845603255621448,0.1491417629568983
2026-04-02T12:00:00Z,1058,823,4,3,607,497,561,5448463.476267691,6952929.049932453,-1504465.5736647581,12401392.526200145,283230.4241579999,1612600.1266540643,620.9186190557175,100.0,1.0,2.555765595463138,10.0,0.022838598452522594,0.022838598452522594,observed,0.46975425330812853,-0.12131424519353833,12.554019595655872,6.9650803456014065,-0.01509856204340665,0.011555230498711655,0.03349259663527637,0.026834960007852127,0.08961184914793074,0.17315497414065506
2026-04-02T13:00:00Z,1215,996,4,3,764,667,548,7332813.923166396,5149047.594662727,2183766.3285036664,12481861.517829126,288362.25217200024,1122118.012345679,563.7810125440587,100.0,1.0,2.247736625514403,7.0,0.02310250372190901,0.02310250372190901,observed,0.5489711934156378,0.1749551799933342,12.571976256621099,7.103322062526113,0.011555230498711655,0.014832836091404067,0.02549628783448621,0.023568504984730954,0.08328588307161722,0.16198558794640627
2026-04-02T14:00:00Z,1442,1177,4,3,845,832,610,10621599.128137382,6216580.613708681,4405018.514428698,16838179.741846062,394774.1443610005,1234889.4147018031,688.4731345330781,100.0,1.0,2.5658807212205272,11.0,0.023445179372917138,0.023445179372917138,observed,0.5769764216366158,0.2616089495399193,12.886071627013962,7.274479558773871,0.014832836091404067,0.006753757042002206,0.008161997549581468,0.035249553766172115,0.06302408755169053,0.1470600978244856
2026-04-02T15:00:00Z,970,776,4,3,568,437,533,4989413.216553464,5343002.187168968,-353588.97061550844,10332415.403722433,243881.3986159999,1143123.8360824743,702.6172410767164,100.0,1.0,2.5443298969072163,8.0,0.02360352241820798,0.02360352241820798,observed,0.4505154639175258,-0.034221327424381505,12.404441415203827,6.878326468291325,0.006753757042002206,0.003728654847897639,-0.006441881295617735,0.06643372957585036,0.05263137153033948,0.14123846663412376
2026-04-02T16:00:00Z,826,674,4,3,487,441,385,4999073.515074121,3926986.293687587,1072087.2213865363,8926059.808761703,211472.02986600003,1041812.3607748185,839.1646559233623,100.0,1.0,2.4552058111380144,10.0,0.023691531806500094,0.023691531806500094,observed,0.5338983050847458,0.12010755522097102,12.261852750973246,6.717804695023691,0.003728654847897639,-0.002321206473302806,-0.0018798535622455148,0.06211753251700425,0.052002912017031555,0.11463213324209409
2026-04-02T17:00:00Z,807,667,4,3,506,338,469,3764592.4403894544,5495682.54324449,-1731090.1028550328,9260274.983633945,218880.84959299988,912732.966542751,724.6460252076215,100.0,1.0,2.2391573729863694,8.0,0.023636538869508388,0.023636538869508388,observed,0.4188351920693928,-0.186937224425242,12.296287363641035,6.694562058521095,-0.002321206473302806,-0.007829722528271521,0.02686825756419009,0.0678338542679251,0.09572552648842936,0.12242771397618535
2026-04-02T18:00:00Z,581,494,4,3,410,274,307,2785027.1476175264,2800971.8893411895,-15944.741723664934,5585999.036958712,130999.89625700003,1088727.5404475043,692.3967009221005,100.0,1.0,1.9500860585197934,6.0,0.023451471328631433,0.023451471328631433,observed,0.47160068846815834,-0.0028544118282458606,11.782959443816374,6.366470447731438,-0.007829722528271521,0.008337381679265787,0.07334811069381542,0.061136299001349315,0.1306015550976798,0.11765468684946145
2026-04-02T19:00:00Z,607,499,4,3,377,329,278,4208157.332788521,2788990.6998595544,1419166.6329289675,6997148.032648077,165461.52591399997,977235.1466227347,1155.3541614845903,100.0,1.0,2.268533772652389,7.0,0.023646995196038592,0.023646995196038592,observed,0.5420098846787479,0.20282072443047663,12.016500018637561,6.410174881966167,0.008337381679265787,0.026414192693978045,0.0641179183765137,0.05834233643968667,0.13724900320172728,0.10835667947142658
2026-04-02T20:00:00Z,1805,1487,4,3,987,1023,782,15356628.885192141,5380528.376135557,9976100.509056585,20737157.261327706,503324.2243250002,1025295.2116343491,1348.3738460771192,100.0,1.0,2.9789473684210526,13.0,0.02427161148378033,0.02427161148378033,observed,0.5667590027700831,0.48107367771477566,13.128991809380638,7.498869733976931,0.026414192693978045,0.03707957176217236,0.0398937219083082,0.026828829516976294,0.1137979905009856,0.08326603045661307
2026-04-02T21:00:00Z,3442,2704,4,3,1691,1661,1781,18449978.261352245,16497264.171435285,1952714.08991698,34947242.432787545,879677.743544999,1157838.8628704243,945.5577861422387,100.0,1.0,3.2643811737362,13.0,0.02517159244357673,0.02517159244357673,observed,0.48256827425915166,0.05587605642054725,13.687312055648839,8.144098463338524,0.03707957176217236,-0.0003337547963068177,-0.01137730767008327,-0.012942537039784319,0.06083095282563589,0.05815510188865658
2026-04-02T22:00:00Z,1509,1189,4,3,817,786,723,8761400.284307372,6240988.921507282,2520411.3628000855,15002389.205814688,377507.9896009994,1049822.1590457256,970.8244190913407,100.0,1.0,3.0198807157057654,14.0,0.025163191303868005,0.025163191303868005,observed,0.5208747514910537,0.1680006649756303,12.84134966090026,7.31986492980897,-0.0003337547963068177,0.003048305669439033,-0.005427576997893868,-0.009523070837558989,0.060655435785761824,0.07565467113928537
2026-04-02T23:00:00Z,1580,1225,4,3,825,677,903,5583607.558076344,8785553.855633589,-3201946.297557246,14369161.413709953,362676.1454740002,1166863.6215189872,869.1734544707552,100.0,1.0,2.868354430379747,9.0,0.025239896402580765,0.025239896402580765,observed,0.42848101265822786,-0.22283459732745392,12.801268311082719,7.365812837209472,0.003048305669439033,-0.014052708661050017,-0.012563680418568701,0.02611986135205102,0.05575395660049276,0.07942457603546393
2026-04-03T00:00:00Z,1591,1224,4,3,811,734,857,8585343.702566035,8319565.966626643,265777.7359393889,16904909.669192676,420682.1847479995,1127366.385292269,944.1761791043598,100.0,1.0,3.031426775612822,15.0,0.024885207491800215,0.024885207491800215,observed,0.46134506599622876,0.015721925827485456,12.94963529908168,7.3727463664043285,-0.014052708661050017,0.005682438203495455,-0.0015832424056666516,0.06546308533758127,0.07667237196259791,0.09183671798712645
2026-04-03T01:00:00Z,1266,996,4,3,731,644,622,5689165.086614306,4850829.72598307,838335.360631232,10539994.812597377,263780.404351,1206667.2559241706,865.07535483279,100.0,1.0,2.5197472353870456,11.0,0.02502661614555353,0.02502661614555353,observed,0.5086887835703001,0.07953849840886597,12.48287602531369,7.144407180321139,0.005682438203495455,-0.004148612603826485,-0.0041178437537037205,0.07455684615952007,0.07264906346941302,0.07925147752692396
2026-04-03T02:00:00Z,1351,1052,4,3,718,618,733,6687539.502570832,8068372.090692013,-1380832.588121189,14755911.593262855,367758.4919530007,1111105.3264248704,917.7707150622833,100.0,1.0,3.235381199111769,19.0,0.02492279041038096,0.02492279041038096,observed,0.45743893412287195,-0.0935782638296396,12.815184449015703,7.20934025660291,-0.004148612603826485,-0.00308882886257833,0.039175733162233106,0.08469684380104492,0.07905372160130719,0.09912904213350204
2026-04-03T03:00:00Z,1119,902,4,3,650,485,634,5348217.38300543,6997486.207187445,-1649268.8241820154,12345703.590192877,306738.9832000001,1009051.145665773,965.8229827191936,100.0,1.0,2.447721179624665,8.0,0.024845808176025382,0.024845808176025382,observed,0.4334226988382484,-0.13359050880600715,12.633755707435258,7.02108396428914,-0.00308882886257833,0.003129392048992319,0.06715264666109455,0.07474082577135,0.08417675693530313,0.10788310822420977
2026-04-03T04:00:00Z,1630,1280,4,3,904,875,755,11663617.496406356,7253774.795070487,4409842.701335858,18917392.291476842,471488.7703440012,1043490.0809815951,1228.6112847014492,100.0,1.0,2.871165644171779,13.0,0.02492356045058222,0.02492356045058222,observed,0.5368098159509203,0.23311049606571277,13.063652684837258,7.396948602621014,0.003129392048992319,0.039143626710496315,0.07899999956798731,0.07085324711466479,0.05953331545915774,0.10418465604379534
2026-04-03T05:00:00Z,2076,1606,4,3,1130,1081,995,10471175.707905732,6865449.851723414,3605725.8561823186,17336625.55962917,449004.02184299973,1198998.3116570327,836.3339023773312,100.0,1.0,3.0385356454720616,17.0,0.025899158997156304,0.025899158997156304,observed,0.5207129094412332,0.2079831420353665,13.014789351167412,7.638679823876112,0.039143626710496315,0.023750228970391696,0.04380501698234451,0.028879759923363002,0.02436941263322656,0.05397410901742972
2026-04-03T06:00:00Z,2686,2090,4,3,1347,1416,1270,12671801.626939075,9447935.863062505,3223865.7638765723,22119737.49000159,586488.6911099998,1047676.485480268,851.8273991562215,100.0,1.0,3.5666418466120624,25.0,0.026514269953479348,0.026514269953479348,observed,0.5271779597915115,0.14574611318664166,13.281910369956144,7.8961806086154915,0.023750228970391696,0.014265969328789208,0.007110678246450952,0.010520577183080082,-0.011451309428899381,0.032999212061444405
2026-04-03T07:00:00Z,2440,1873,4,3,1251,1207,1233,9131179.399404753,8528893.090704663,602286.3087000983,17660072.49010945,474923.8829359995,1141313.1897540984,1044.500587567796,100.0,1.0,3.5467213114754097,19.0,0.026892521715410924,0.026892521715410924,observed,0.494672131147541,0.03410440750101165,13.070911929323772,7.80016307039296,0.014265969328789208,0.0052486852269924,-0.007550280311941049,-0.0017754134617683492,-0.025405450916166417,0.029867693532604322
2026-04-03T08:00:00Z,1771,1338,4,3,959,871,900,6105350.078860789,5962868.943258354,142481.13560242674,12068219.022119151,326248.27583699935,1140594.0683229815,990.0670408766882,100.0,1.0,2.955957086391869,12.0,0.027033672096855175,0.027033672096855175,observed,0.49181253529079616,0.011806310056295894,12.695417017959869,7.4798641311650265,0.0052486852269924,-0.012239095732598848,-0.01429889377436655,-0.005202487895108798,-0.027412475426211946,0.0206408947936374
2026-04-03T09:00:00Z,1630,1240,4,3,903,708,922,5812032.199580412,7148369.603126413,-1336337.4035460057,12960401.802706858,346079.07423199975,1302470.9490797545,717.1283591190074,100.0,1.0,3.305521472392638,19.0,0.02670280439605808,0.02670280439605808,observed,0.4343558282208589,-0.10310925725056638,12.75442545568062,7.396948602621014,-0.012239095732598848,-0.0004991519877753925,0.0033858234355794714,0.008779727109725188,-0.0025224103141522347,0.02727247209723993
2026-04-03T10:00:00Z,1547,1206,4,3,874,751,796,6180066.7503372,5603521.970802148,576544.7795350445,11783588.721139345,314497.8041029998,1146951.1486748545,728.1731013020274,100.0,1.0,2.6289592760180995,9.0,0.02668947563816461,0.02668947563816461,observed,0.4854557207498384,0.048927775160783005,12.65873555258122,7.344719054149673,-0.0004991519877753925,-0.0015869606255155544,0.005818800424456594,-0.010570945819147193,0.01414147785176989,0.02329785953721797
2026-04-03T11:00:00Z,1353,1053,4,3,788,643,710,6720223.541139196,6989189.003698097,-268965.46255889314,13709412.544837262,365316.3679460007,1229910.763488544,922.6559839561397,100.0,1.0,3.214338507021434,29.0,0.026647120491211186,0.026647120491211186,observed,0.475240206947524,-0.01961903631386314,12.808521755989341,7.21081845347222,-0.0015869606255155544,0.005482576844088927,0.009228361236286897,-0.0043837457648816525,0.022420583211632206,0.04111620606141164
2026-04-03T12:00:00Z,1929,1515,4,3,1077,999,930,9381237.242182042,8760472.010551365,620765.2316306651,18141709.252733413,486074.723315,1048332.3592534992,924.8736311430725,100.00030614880923,1.0,2.838258164852255,13.0,0.026793215376977948,0.026793215376977948,observed,0.5178849144634525,0.03421757139764184,13.094119700035748,7.5652752818989315,0.005482576844088927,0.001924404840295546,0.005375702494656576,-0.021743136268662755,0.014084457277274032,0.04308297040906206
2026-04-03T13:00:00Z,1742,1411,4,3,1015,888,854,6972711.894204447,5468038.451104309,1504673.4431001358,12440750.34530876,333969.16089900007,1041801.5103329506,525.9246804060407,100.0,1.0,2.587830080367394,10.0,0.026844776370336484,0.026844776370336484,observed,0.5097588978185993,0.12094716165311749,12.718806929342156,7.463363045520021,0.001924404840295546,0.0017974958706594713,-0.01629492930206433,-0.023672065157546607,0.006155241525271915,0.02602196964565362
2026-04-03T14:00:00Z,3599,2637,4,3,1699,1727,1872,13543946.7285758,15219490.438242536,-1675543.7096667103,28763437.166818406,773535.9712960008,1308488.9344262294,943.4240369534243,100.0,1.0,5.7363156432342315,67.0,0.026893029745010944,0.026893029745010944,observed,0.4798555154209503,-0.05825255514315316,13.558728745262178,8.1886891244442,0.0017974958706594713,0.001644217372611001,-0.013487638203601326,-0.02232613899898983,0.018604560764966527,0.006007658747167355
2026-04-03T15:00:00Z,1859,1469,4,3,1079,909,950,6916452.406127257,8209709.348482886,-1293256.9423556384,15126161.754610162,407457.166414,1031628.7143625605,1106.1460432787444,100.0,1.0,3.272189349112426,27.0,0.02693724773171984,0.02693724773171984,observed,0.4889725658956428,-0.08549802410789893,12.917693547286499,7.528331766707247,0.001644217372611001,-0.019671835064416276,-0.026973835448806716,-0.011203771368660798,0.02186576232820059,0.0025397082473932464
2026-04-03T16:00:00Z,1981,1560,4,3,1068,993,988,9151275.469312454,8621496.094757276,529779.3745551958,17772771.56406971,469331.6683060002,1234802.183745583,1005.0584126714823,100.0,1.0,2.9626451287228672,17.0,0.026407342637252123,0.026407342637252123,observed,0.5012619888944977,0.02980848387351263,13.059067110069364,7.591861714889934,-0.019671835064416276,0.004656419013777002,-0.007499337022069175,0.024976448353213554,0.04214246020691448,0.021716114253906404
2026-04-03T17:00:00Z,868,669,4,3,524,381,487,2085783.753548745,3161449.547127868,-1075665.7935791207,5247233.300676613,139210.7066399999,1381501.0933179723,458.588682441518,100.0,1.0,2.4907834101382487,8.0,0.026530306289611547,0.026530306289611547,observed,0.43894009216589863,-0.20499675389703315,11.843751122771584,6.767343125265392,0.004656419013777002,-0.012048841131398036,-0.008959341147326327,0.026922349713049076,0.028900410358897677,0.0359959353891941
2026-04-03T18:00:00Z,776,596,4,3,448,327,449,1572454.919370453,3396735.762698135,-1824280.8433276857,4969190.68206859,130245.70206799994,1202656.2358247424,777.7593442992337,100.00335115833495,1.0,3.095360824742268,15.0,0.026210646843960687,0.026210646843960687,observed,0.4213917525773196,-0.36711830155977604,11.7771856392797,6.655440350367647,-0.012048841131398036,-0.000051191754654622557,0.01620723538037616,0.036623912260917324,0.04496543459550195,0.05216795372519223
2026-04-03T19:00:00Z,578,432,4,3,294,300,278,2557989.753237544,1427906.6221232184,1130083.131114324,3985896.3753607622,104467.57409899996,1154756.8685121108,605.0124269308972,100.0,1.0,3.8823529411764706,14.0,0.02620930507495811,0.02620930507495811,observed,0.5190311418685121,0.28352044927711917,11.556641578834414,6.361302477572996,-0.000051191754654622557,0.003178533334763811,0.03272117247543327,0.030550500112066947,0.056713988910291224,0.06083579689040519
2026-04-03T20:00:00Z,624,487,4,3,349,306,318,2118942.027609227,2179821.859887099,-60879.83227787158,4298763.887496323,113025.73193999998,1028052.6955128205,480.1047300440264,100.0,1.0,3.198717948717949,16.0,0.02629261222481986,0.02629261222481986,observed,0.49038461538461536,-0.014162171701253655,11.6353796355579,6.437751649736401,0.003178533334763811,0.013039280353025484,0.036206073423784346,0.04186539233241726,0.049407759204918245,0.04782158069725728
2026-04-03T21:00:00Z,1193,931,4,3,594,673,520,6628106.655940603,2980437.348318154,3647669.307622449,9608544.004258744,255927.88347099983,1109769.2397317686,1476.2741529860868,100.0,1.0,3.7979882648784575,15.0,0.026635448966832672,0.026635448966832672,observed,0.5641240569991618,0.3796276840701059,12.45265488592702,7.085064293952548,0.013039280353025484,0.016198536787634277,0.020091056400419305,0.033444235262340305,0.029870227381024073,0.029895370486013206
2026-04-03T22:00:00Z,1551,1160,4,3,772,782,769,7210272.834907994,5915573.064915826,1294699.76999217,13125845.899823828,355276.0143909998,1242136.6898774984,1338.2493352224133,100.0,1.0,3.6692456479690523,18.0,0.027066904266777065,0.027066904266777065,observed,0.5041908446163765,0.09863743486502055,12.780653086392618,7.347299700743164,0.016198536787634277,0.0065637431235821,-0.0021018958662029075,0.016747713453592716,0.009028702489167317,0.005846015934515059
2026-04-03T23:00:00Z,1080,807,4,3,589,515,565,2915886.6993998745,3087469.8730966332,-171583.17369676163,6003356.572496509,163558.8351969999,1283719.062962963,493.15869664476327,100.0,1.0,2.775925925925926,11.0,0.027244564473534776,0.027244564473534776,observed,0.47685185185185186,-0.028581206467535942,12.004934166878412,6.985641817639208,0.0065637431235821,-0.002715448042153401,0.005461576662964207,0.0019262027420097194,0.018285647958155016,0.00040915603073843343
2026-04-04T00:00:00Z,1143,851,4,3,619,495,648,3471510.2974090604,5059856.172830194,-1588345.8754211396,8531366.470239248,231802.20312299984,1308364.4391951007,756.0229507272348,100.0,1.0,2.9912510936132986,15.0,0.027170583274275795,0.027170583274275795,observed,0.4330708661417323,-0.18617719458681242,12.353644028269448,7.042286171939743,-0.002715448042153401,-0.005909730389925039,0.013090183251915022,0.008046816435472115,0.028595757408260036,-0.005787071282903344
2026-04-04T01:00:00Z,975,774,4,3,548,513,462,4387644.824973758,3196287.0893699033,1191357.7356038536,7583931.9143436495,204842.09544600014,1244285.4235897437,672.5613575361646,100.0,1.0,2.7251282051282053,10.0,0.027010012452587818,0.027010012452587818,observed,0.5261538461538462,0.15708971929858886,12.22999957699326,6.883462586413092,-0.005909730389925039,0.014192896028506263,0.018889312688050053,0.025387876475125637,0.019745191696526776,-0.010536237357066769
2026-04-04T02:00:00Z,1361,1064,4,3,708,687,674,5911314.277567079,4577058.791413761,1334255.4861533272,10488373.06898085,287311.8081469995,1155027.3005143276,833.2603516443818,100.0,1.0,3.370315944158707,18.0,0.027393362751056055,0.027393362751056055,observed,0.5047759000734754,0.127212817219418,12.568326825063126,7.216709486709457,0.014192896028506263,0.0048511180810142385,-0.003516170088456172,0.007239291109973456,-0.012366822713162584,-0.027756844042820306
2026-04-04T03:00:00Z,1043,845,4,3,671,579,464,3937322.3975486844,2530780.0193196987,1406542.3782289894,6468102.416868382,178042.61183899993,1013377.4410354747,598.6274516981158,100.0,1.0,2.1907957813998085,8.0,0.027526251188397483,0.027526251188397483,observed,0.5551294343240653,0.217458272546956,12.089783809595554,6.950814768442584,0.0048511180810142385,-0.00021936023337443267,-0.0049782012498180706,-0.003458346139411095,-0.0189125174688064,-0.03672078254905331
2026-04-04T04:00:00Z,1126,885,4,3,650,492,634,2732076.575740437,4753371.663304651,-2021295.0875642211,7485448.239045089,206001.13011500018,1163552.9476021314,1775.6091007129435,100.0,1.0,2.818827708703375,17.0,0.027520213023512874,0.027520213023512874,observed,0.4369449378330373,-0.27002993314693946,12.235641788082335,7.027314514039777,-0.00021936023337443267,-0.008109312053421913,0.006378086123929538,-0.00759186459166572,-0.019600339428596292,-0.03376606821203176
2026-04-04T05:00:00Z,1280,1010,4,3,739,631,649,4289660.895028763,4768305.06514505,-478644.1701162904,9057965.960173815,247255.6865640001,1309009.20703125,589.3416128163892,100.0,1.0,2.8125,19.0,0.02729704302832856,0.02729704302832856,observed,0.49296875,-0.05284234586669893,12.418182292856391,7.155396301896734,-0.008109312053421913,0.003376810517695228,0.010793412673223424,0.01632799418896691,0.006896221401857083,-0.024655730910629337
2026-04-04T06:00:00Z,912,718,4,3,562,511,401,4125702.204214889,2227818.949491486,1897883.2547234043,6353521.153706374,174017.9884649998,1129567.4747807018,631.3280180198656,100.0,1.0,2.276315789473684,9.0,0.027389219970328598,0.027389219970328598,observed,0.5603070175438597,0.2987136123118532,12.066919701351713,6.816735880594968,0.003376810517695228,0.011191240288302762,0.0015274591092535594,0.020384907365166516,0.006892590789358,-0.03478568739671861
2026-04-04T07:00:00Z,1335,1048,4,3,723,611,724,4716458.0476354305,5328372.543876897,-611914.4962414603,10044830.591512335,278199.00949900027,1131801.6202247192,773.4495302638942,100.0,1.0,2.9730337078651687,11.0,0.027695739312325725,0.027695739312325725,observed,0.45767790262172287,-0.06091834906190601,12.53609559261598,7.197435354096591,0.011191240288302762,-0.0037575466991545126,-0.013881413862458558,-0.0055029759060505334,0.0039005899641439967,-0.05156414775159179
2026-04-04T08:00:00Z,887,675,4,3,495,426,461,3539524.317245472,3111230.733248487,428293.5839969838,6650755.050493955,183505.44710699999,1139269.852311161,677.0619736781944,100.0,1.0,2.7970687711386697,11.0,0.02759167127849205,0.02759167127849205,observed,0.48027057497181513,0.0643977384139526,12.120005079957666,6.78897174299217,-0.0037575466991545126,-0.005821154978372878,0.005475482374886154,-0.019465199576885084,-0.001511498741788242,-0.037861513679489645
2026-04-04T09:00:00Z,1081,813,4,3,551,476,605,3576082.509452145,5148768.846588901,-1572686.3371367604,8724851.35604104,239331.88512600004,1165440.9065679926,895.757707650124,100.0,1.0,3.962072155411656,20.0,0.027431055883867628,0.027431055883867628,observed,0.44033302497687327,-0.180253653954556,12.385610686627908,6.9865664594064265,-0.005821154978372878,-0.0043663135560705335,0.018828688204599375,-0.015507802678920601,0.000024413857514060666,-0.022952061263527
2026-04-04T10:00:00Z,867,672,4,3,499,502,365,4157721.220594252,2952166.805753828,1205554.414840423,7109888.026348069,194180.16606700027,1228596.2675893886,763.186033578477,100.0,1.0,2.76239907727797,11.0,0.027311283292704568,0.027311283292704568,observed,0.5790080738177624,0.16956025332225172,12.17654684798902,6.7661917146603505,-0.0043663135560705335,0.01579807477160089,0.00849637971962891,-0.012100338971918534,-0.0031542081476977346,-0.014308556411520623
2026-04-04T11:00:00Z,1121,841,4,3,638,569,552,4453428.613245247,3422802.1160663934,1030626.4971788545,7876230.729311635,218508.292097,1164954.960749331,613.4872163019153,100.0,1.0,2.889384478144514,15.0,0.027742748988271088,0.027742748988271088,observed,0.5075825156110616,0.1308527559183032,12.29458381937327,7.022868086082641,0.01579807477160089,0.007382025986084173,-0.024804863359634166,-0.009280245000666598,-0.017555478625533194,-0.03406033889018678
2026-04-04T12:00:00Z,1107,863,4,3,648,527,580,3400096.3256663447,3218305.8604412065,181790.46522514327,6618402.186107552,184968.10405800008,1107168.037037037,490.2742391525092,100.00380147525206,1.0,3.0813008130081303,15.0,0.027947546682227913,0.027947546682227913,observed,0.4760614272809395,0.02746742493327665,12.127944085021667,7.010311867307229,0.007382025986084173,-0.014463393178450912,-0.0337019277932078,-0.013222771601599126,-0.033426959467339645,-0.047290636000486
2026-04-04T13:00:00Z,1423,1056,4,3,726,638,785,3683777.516304281,5377411.183730658,-1693633.6674263694,9061188.700034939,249575.31351300012,1464618.7863668306,606.701547849179,100.0,1.0,3.307800421644413,20.0,0.02754333032618974,0.02754333032618974,observed,0.4483485593815882,-0.18691076011029756,12.427520013189875,7.261225091971921,-0.014463393178450912,-0.017744275292978173,-0.020423195467765054,0.009455599808115833,-0.029695093735342848,-0.03475679352139027
2026-04-04T14:00:00Z,1300,1017,4,3,677,555,745,4207945.374742796,6769528.872483775,-2561583.497740981,10977474.24722657,296991.1077009997,1374593.6653846153,759.7584058270633,100.0,1.0,3.2815384615384615,17.0,0.027054593890396394,0.027054593890396394,observed,0.4269230769230769,-0.23334907830807788,12.60146084403445,7.170888478512505,-0.017744275292978173,-0.0018086912946639888,0.015919499365482093,0.018310110796016188,-0.015582730191320837,0.005741373941838823
2026-04-04T15:00:00Z,870,690,4,3,491,425,445,3239653.9560533008,3191709.7322783032,47944.223774997656,6431363.688331601,173683.22420300025,1090016.5620689655,739.6381279501668,100.0,1.0,2.671264367816092,9.0,0.027005660481946164,0.027005660481946164,observed,0.4885057471264368,0.00745475238198435,12.064994126014811,6.769641976852503,-0.0018086912946639888,-0.0009202876137035521,0.021193415138290872,0.01577688129850041,-0.018151556713680517,0.01827838262384396
2026-04-04T16:00:00Z,848,659,4,3,497,521,327,4422735.378937398,2857391.3983014426,1565343.9806359494,7280126.777238835,196423.69920399983,1110740.6261792453,633.3109458570276,100.0,1.0,2.9622641509433962,15.0,0.026980807507104746,0.026980807507104746,observed,0.6143867924528302,0.21501603317265916,12.188034426689915,6.744059186311348,-0.0009202876137035521,0.018697808560041995,0.030501738238022602,0.009055707960169634,-0.014448932770110612,0.014766333908288853
2026-04-04T17:00:00Z,1401,1102,4,3,782,785,616,5123332.678257784,3863893.130687837,1259439.5475699476,8987225.808945607,247016.50298700007,1361324.6274089937,617.5776784293233,100.0,1.0,2.670235546038544,9.0,0.027485289480667936,0.027485289480667936,observed,0.5603140613847252,0.14013663107433444,12.417214475395047,7.2456550675945355,0.018697808560041995,0.0033731925952993347,0.002353150453384689,-0.008352749183720531,-0.03133585333010591,0.0024966001501900426
2026-04-04T18:00:00Z,672,521,4,3,393,387,285,2587539.6505984194,1449716.6070912718,1137823.0435071478,4037256.25768969,111339.46379600003,1272882.267857143,660.2911904446386,100.0,1.0,2.7261904761904763,13.0,0.027578002655623785,0.027578002655623785,observed,0.5758928571428571,0.2818307709202151,11.620348027311723,6.511745329644728,0.0033731925952993347,0.008186465942888299,-0.005304121393161165,-0.020474923097418052,-0.04139297335915715,-0.0037568592936109146
2026-04-04T19:00:00Z,1245,961,4,3,651,636,609,4161102.922636556,3818010.034050668,343092.88858588354,7979112.956687232,221849.41375300032,1325129.2232931727,604.442629356883,100.0,1.0,3.2827309236947793,12.0,0.02780376903513693,0.02780376903513693,observed,0.5108433734939759,0.0429988759964026,12.309758621817714,7.1276936993473985,0.008186465942888299,-0.009128349927860935,-0.020811250949000715,-0.038783967864362445,-0.05524923311153429,-0.01851975047310017
2026-04-04T20:00:00Z,620,472,4,3,373,277,343,1387296.0202736314,2876123.4256691216,-1488827.4053954892,4263419.445942751,117457.06291999994,1255690.3870967743,871.1644179455963,100.0,1.0,2.6161290322580646,15.0,0.027549966502070776,0.027549966502070776,observed,0.4467741935483871,-0.34920969523942097,11.673836637539198,6.431331081933479,-0.009128349927860935,-0.004291871654524715,-0.010680766187308954,-0.033283417917595814,-0.03640504111153631,-0.0061603110577092
2026-04-04T21:00:00Z,467,375,4,3,284,203,264,1047879.5570805988,1460905.927590722,-413026.3705101237,2508785.4846713208,68820.314959,1570108.1220556744,421.05369783772164,100.0,1.0,2.4218415417558887,7.0,0.027431725581757434,0.027431725581757434,observed,0.4346895074946467,-0.1646319994410502,11.13926878639067,6.148468295917647,-0.004291871654524715,-0.007530979439229313,-0.015251698564896943,-0.033401467031627274,-0.022975914190345725,-0.0011419575490793088
2026-04-04T22:00:00Z,641,494,4,3,338,266,375,2046525.109140903,2853601.924190259,-807076.8150493558,4900127.033331161,133406.63382,1270271.266770671,747.4980911252217,100.0,1.0,2.925117004680187,8.0,0.02722513782041864,0.02722513782041864,observed,0.41497659906396256,-0.16470528407927743,11.801164635863852,6.464588303689961,-0.007530979439229313,0.001123003717262927,-0.018354701208301627,-0.023293699787691025,-0.011189642726079363,0.021636921836043266
2026-04-04T23:00:00Z,590,464,4,3,363,309,281,2125908.874548392,1860524.5720646058,265384.30248378735,3986433.446612999,108653.08093699985,1189442.4016949153,544.8670393130747,100.0,1.0,2.3423728813559324,7.0,0.027255711751393963,0.027255711751393963,observed,0.523728813559322,0.06657186330534788,11.595924545374967,6.3818160174060985,0.001123003717262927,-0.008892322517024986,-0.02284667168875254,-0.023176693252027536,-0.016799788594233145,0.03442832754950764
2026-04-05T00:00:00Z,723,553,4,3,394,294,429,2415327.4504388743,4250504.7635654835,-1835177.3131266118,6665832.214004367,180066.4264560002,1540259.8533886583,856.5576819320011,100.0,1.0,2.7952973720608574,9.0,0.0270133451720695,0.0270133451720695,observed,0.4066390041493776,-0.2753110570756724,12.10108665115272,6.584791392385716,-0.008892322517024986,-0.010658310544862437,-0.018430870548626688,-0.021355298353244234,-0.014343123542434388,0.048593923151739604
2026-04-05T01:00:00Z,837,645,4,3,471,342,495,3126995.243970995,5971549.553382066,-2844554.309411073,9098544.797353063,243162.50889400017,1605189.6821983273,966.2659680237789,100.0,1.0,2.7013142174432496,9.0,0.026725428550370023,0.026725428550370023,observed,0.40860215053763443,-0.31263838039667696,12.401489372150055,6.731018100482083,-0.010658310544862437,-0.0034580959788632626,-0.0050313474586684,-0.01712961987388939,-0.005216607432743103,0.04981409506609191
2026-04-05T02:00:00Z,430,348,4,3,285,219,211,1605809.2326348885,1411882.4399763213,193926.79265856656,3017691.6726112105,80370.210844,1251217.6372093023,497.02075093567305,100.0,1.0,2.0930232558139537,5.0,0.02663300945336659,0.02663300945336659,observed,0.5093023255813953,0.06426328919506928,11.294411316963625,6.066108090103747,-0.0034580959788632626,-0.004413461026801624,-0.0003377377466904363,-0.003229098633248051,0.021661651808794424,0.0522200953381553
2026-04-05T03:00:00Z,339,255,4,3,197,158,181,902501.5244197377,1638238.7698583307,-735737.245438591,2540740.2942780666,67368.91213600003,1797962.8731563422,531.9029273226278,100.0,1.0,2.8466076696165192,12.0,0.026515465704117717,0.026515465704117717,observed,0.46607669616519176,-0.2895759346579126,11.117953789753173,5.8289456176102075,-0.004413461026801624,0.0028473167349216677,-0.002979339627614541,0.010785814881453692,0.03710342424701607,0.04739974529519997
2026-04-05T04:00:00Z,681,512,4,3,382,353,328,2614174.0610962207,2117585.327427384,496588.73366884026,4731759.3885236075,125822.04182199981,1251609.549192364,449.45338306164757,100.0,1.0,2.9030837004405288,12.0,0.026590963633351294,0.026590963633351294,observed,0.5183553597650514,0.10494801043207413,11.742631768813347,6.525029657843462,0.0028473167349216677,0.001242935302031567,-0.012159450837289976,0.012392729584093543,0.029643584842859116,0.03451817637932364
2026-04-05T05:00:00Z,546,420,4,3,344,249,297,1747582.733182669,2056353.8188036608,-308771.0856209929,3803936.551986329,101276.06184399995,1249080.4285714286,427.69585819762364,100.0,1.0,2.2673992673992673,9.0,0.026624014480766223,0.026624014480766223,observed,0.45604395604395603,-0.0811714605123368,11.52561522672813,6.304448802421981,0.001242935302031567,-0.007044292831981713,-0.002892337738187978,0.006528206906758038,0.034926918268427976,0.02974231478226308
2026-04-05T06:00:00Z,757,603,4,3,458,368,389,2302638.103399801,3362763.3457760178,-1060125.2423762146,5665401.44917582,149773.1991689999,1157362.529722589,548.3767507129065,100.0,1.0,2.5799207397622195,10.0,0.026436467126400784,0.026436467126400784,observed,0.4861294583883752,-0.18712270469914138,11.916884100044156,6.630683385642372,-0.007044292831981713,-0.006386443667307673,0.01380628813040552,0.0071651895718747305,0.039261254111010446,0.04061806478691765
2026-04-05T07:00:00Z,367,278,4,3,222,118,249,849109.1653838153,1937620.2191389767,-1088511.053755161,2786729.3845227933,73200.78228599994,1864749.741144414,433.5178025344824,100.0,1.0,2.3896457765667574,7.0,0.026267632118335393,0.026267632118335393,observed,0.3215258855585831,-0.3906052233850329,11.20097504782239,5.908082938168931,-0.006386443667307673,0.010635778639942028,0.02485439623043817,0.012120634299324085,0.038877430879894925,0.056293429217036506
2026-04-05T08:00:00Z,925,730,4,3,544,557,368,5288142.95317766,2129513.760227507,3158629.1929501537,7417656.713405163,196916.5983350002,1095042.0378378378,712.3512972352853,100.0,1.0,2.4724324324324325,8.0,0.02654700883894144,0.02654700883894144,observed,0.6021621621621621,0.4258257445699651,12.190540637652122,6.8308742346461795,0.010635778639942028,0.009584799978789915,0.009447871079013348,0.024971385508859578,0.03138738924985174,0.0693748053941019
2026-04-05T09:00:00Z,779,629,4,3,472,432,347,3920127.8809458786,2888896.597066123,1031231.2838797565,6809024.478011988,182491.7740949999,1112923.114249037,576.902883405094,100.0,1.0,2.4094993581514763,8.0,0.026801456608697864,0.026801456608697864,observed,0.5545571245186136,0.15145066480666292,12.11446585722082,6.659293919683638,0.009584799978789915,0.004441611069130769,-0.0065506582828339655,0.026036781460619274,0.022347408787954937,0.07682482446949557
2026-04-05T10:00:00Z,881,725,4,3,540,392,489,3863066.6689056344,4494344.113893654,-631277.4449880228,8357410.7827992905,224985.6623949998,1124121.8331441544,593.1084364914032,100.0,1.0,2.3189557321225878,11.0,0.026920498255039883,0.026920498255039883,observed,0.4449489216799092,-0.07553505043539074,12.323796401185087,6.782192056006791,0.004441611069130769,-0.004556999573056886,-0.012424947366133754,0.017039687025263817,0.033198038754997716,0.08409764152257004
2026-04-05T11:00:00Z,502,401,4,3,308,244,258,2114750.159887525,2574267.3512368207,-459517.19134929543,4689017.5111243455,125655.454536,1330241.9880478089,455.63887957848107,100.0,1.0,2.458167330677291,8.0,0.026797821555985188,0.026797821555985188,observed,0.4860557768924303,-0.09799860850575308,11.741306910820713,6.220590170099739,-0.004556999573056886,-0.006415899540711201,0.015378222961877963,0.02821452112995826,0.052103442970679925,0.09203168924315497
2026-04-05T12:00:00Z,684,541,4,3,400,314,370,1973258.6102292505,3420374.223095357,-1447115.6128661053,5393632.833324612,143610.271419,1217371.2061403508,461.38813071812376,100.0,1.0,2.6695906432748537,11.0,0.02662588942497208,0.02662588942497208,observed,0.4590643274853801,-0.26830072746611294,11.874865424291709,6.529418838262226,-0.006415899540711201,-0.0014976755587275958,0.03280231650979437,0.03186772623940559,0.06385289667979466,0.09304750666812778
2026-04-05T13:00:00Z,598,491,4,3,418,387,211,2233540.585275203,1562802.3292388692,670738.2560363342,3796342.91451407,100929.62010799992,1051221.1471571906,269.66619744370945,100.0,1.0,1.9531772575250836,7.0,0.026586012481150917,0.026586012481150917,observed,0.6471571906354515,0.1766801027041016,11.522188630155377,6.395261598115449,-0.0014976755587275958,0.023467676849139307,0.02983533688180473,0.026436370995532643,0.055319281473744875,0.08486267229916056
2026-04-05T14:00:00Z,1652,1273,4,3,899,944,708,9159072.485260915,3873265.4546802375,5285807.030580672,13032337.93994115,354608.93050200003,1257725.2639225181,788.7605561529257,100.0,1.0,3.429782082324455,20.0,0.02720992443076575,0.02720992443076575,observed,0.5714285714285714,0.40559161793839593,12.778773677029893,7.410347097821024,0.023467676849139307,0.010634202502667778,0.012641888389763434,0.006259690594003109,0.02991053199976612,0.05637203356743559
2026-04-05T15:00:00Z,1574,1197,4,3,846,737,837,4825843.429385399,6388365.225020124,-1562521.7956347195,11214208.654405508,308382.66687500133,1147331.92249047,636.9918898550314,100.0,1.0,3.1893265565438376,15.0,0.0274992802772448,0.0274992802772448,observed,0.46823379923761116,-0.13933411119659184,12.639099958422538,7.362010551259734,0.010634202502667778,-0.0043661199916650295,-0.0009049072174305284,-0.0035957508924897574,0.009927959745827275,0.0425887489840151
2026-04-05T16:00:00Z,858,665,4,3,516,448,410,2572379.1587064425,2436031.376863772,136347.78184267142,5008410.535570221,137126.349462,1414326.9207459209,376.9132162255472,100.0,1.0,2.5291375291375293,10.0,0.02737921511986992,0.02737921511986992,observed,0.5221445221445221,0.02722376308298135,11.828665331155454,6.755768921984255,-0.0043661199916650295,0.0063805385902637735,-0.0033004945203799485,0.015887631462047747,0.004734251354762353,0.04161333078651097
2026-04-05T17:00:00Z,621,468,4,3,335,339,282,2531146.6220414825,1728583.0273452091,802563.5946962718,4259729.649386692,117372.20422499995,1491796.1417069244,461.01477871295464,100.0,1.0,3.4541062801932365,15.0,0.027553909258513386,0.027553909258513386,observed,0.5458937198067633,0.1884071668284919,11.673113916926006,6.432940092739179,0.0063805385902637735,-0.002885734932187134,-0.006302522015861567,0.023233402514553747,-0.00500963246258912,0.016144872439141977
2026-04-05T18:00:00Z,696,518,4,3,364,361,335,2319335.875858113,2931649.519190013,-612313.643331897,5250985.395048125,144267.6520289998,1311590.5574712644,613.7221697254731,100.0,1.0,4.353448275862069,19.0,0.027474395980047778,0.027474395980047778,observed,0.5186781609195402,-0.11660928326125827,11.879432479505303,6.546785410760524,-0.002885734932187134,-0.006753408147281426,-0.002693280844333845,0.03099735521039837,0.001305553026767825,0.019335934037380653
2026-04-05T19:00:00Z,446,337,4,3,257,210,236,1181942.459788059,1633198.2822481748,-451255.8224601153,2815140.7420362355,76821.95391799998,1774994.4843049326,583.8514485721136,100.0,1.0,2.7757847533632285,10.0,0.027288850170394487,0.027288850170394487,observed,0.47085201793721976,-0.16029600784141076,11.249258753620916,6.102558594613569,-0.006753408147281426,0.0033493521281897642,0.019251666000570822,0.02813901698572785,0.016764247465065107,0.02625427206270703
2026-04-05T20:00:00Z,537,413,4,3,310,323,214,2059467.7303161789,1265500.461666449,793967.2686497305,3324968.191982631,91038.46079999996,1723692.6368715083,411.8966781944856,100.0,1.0,2.962756052141527,13.0,0.027380250138788552,0.027380250138788552,observed,0.6014897579143389,0.2387894328024531,11.419048326671264,6.2878585601617845,0.0033493521281897642,0.0007359164636693283,0.029723256005774967,0.02350371541942775,0.0368313754271119,0.015412702899912478
2026-04-05T21:00:00Z,470,364,4,3,281,172,298,838414.7493048251,1866690.6430328835,-1028275.8937280589,2705105.392337707,74120.96902300006,1268755.6127659574,652.4239622674668,100.0,1.0,2.578723404255319,9.0,0.027400399715645073,0.027400399715645073,observed,0.3659574468085106,-0.38012415214604267,11.213467245386434,6.154858094016418,0.0007359164636693283,0.015102198802347866,0.033781619443269406,0.013572514017709425,0.05328659828670812,0.0036204416513601068
2026-04-05T22:00:00Z,1393,1077,4,3,784,888,505,6260724.127271111,2660028.0862640524,3600696.0410070606,8920752.21353516,248123.6397370002,1351657.495333812,790.3892315564402,100.0,1.0,2.899497487437186,15.0,0.027814205999414542,0.027814205999414542,observed,0.6374730796841349,0.40363143766551934,12.421686478480977,7.2399325913204695,0.015102198802347866,0.013657564906198294,0.008719486346321137,-0.010978950586526759,0.04926413026190635,-0.022789171483126758
2026-04-05T23:00:00Z,2152,1671,4,3,1168,1109,1043,7242002.911887426,6622743.735152864,619259.1767345548,13864746.647040281,390903.78062699904,1391567.6951672863,741.9986054599212,100.0,1.0,3.4609665427509295,25.0,0.028194080323165917,0.028194080323165917,observed,0.5153345724907064,0.04466429805745845,12.876219281501605,7.674617497364363,0.013657564906198294,0.004680034487882345,-0.006040011770222842,-0.027601752354581843,0.037950875020174246,-0.03901655258296255
2026-04-06T00:00:00Z,1899,1506,4,3,1107,947,952,6420537.941253046,6923770.401181571,-503232.4599285253,13344308.342434578,377991.2729850009,1465468.421800948,375.92256075658935,100.0,1.0,2.6292785676671935,11.0,0.02832602959143246,0.02832602959143246,observed,0.4986835176408636,-0.037711393278305645,12.842629032554166,7.549609165154532,0.004680034487882345,-0.009507086113251573,-0.01954871807107894,-0.028799106063246205,0.027442337262461258,-0.04515433574578387
2026-04-06T01:00:00Z,1255,1042,4,3,818,654,601,4073941.2515150104,4740465.890519702,-666524.6390046924,8814407.142034711,247303.45529900026,1380728.2940239045,342.15929281675955,100.0,1.0,2.1920318725099603,11.0,0.0280567315888602,0.0280567315888602,observed,0.5211155378486055,-0.07561763692831103,12.418375469113503,7.135687347028144,-0.009507086113251573,-0.0011741867577297338,-0.019528161396185184,-0.011063454778723503,0.027994741822738645,-0.036742235259794254
2026-04-06T02:00:00Z,1044,847,4,3,647,461,583,3286812.9728624886,4954742.560708076,-1667929.587845581,8241555.533570573,230959.60297100007,1242724.188697318,316.84876614509693,100.0,1.0,2.5,10.0,0.028023787746163386,0.028023787746163386,observed,0.44157088122605365,-0.20238043425801766,12.350002425049551,6.951772164398911,-0.0011741867577297338,-0.008974365762576486,-0.021692765141140158,0.013021603934503023,0.02569300997076862,-0.03802720045744912
2026-04-06T03:00:00Z,886,708,4,3,560,437,449,3096657.010185373,3955236.245710598,-858579.2355252277,7051893.255895969,195847.23883100005,1256171.9977426636,268.91659052997863,100.0,1.0,2.2483069977426635,10.0,0.027772292024876508,0.027772292024876508,observed,0.4932279909706546,-0.1217515927098562,12.185095346615455,6.787844982309579,-0.008974365762576486,-0.009486318900039925,-0.009434826760558845,0.039182282194665685,0.032339721782143505,-0.027978539610469033
2026-04-06T04:00:00Z,901,711,4,3,508,393,508,2958775.0406262707,5327504.483818778,-2368729.4431925034,8286279.524445055,227945.8979100001,1599061.9322974472,489.3578217979198,100.0,1.0,2.8268590455049947,9.0,0.027508835206143493,0.027508835206143493,observed,0.4361820199778024,-0.2858616386527391,12.336867976906744,6.804614520062624,-0.009486318900039925,-0.0033793108732582677,0.008633299075183398,0.06091182880704071,0.03670530728102661,-0.01835650920016685
2026-04-06T05:00:00Z,489,391,4,3,325,267,222,2200751.6884210594,1542821.7917131807,657929.8967078794,3743573.480134238,102633.33996500004,1277888.881390593,219.78373748822477,100.0,1.0,2.1247443762781186,7.0,0.027415874300220702,0.027415874300220702,observed,0.5460122699386503,0.17574916058126558,11.538927853234709,6.194405391104672,-0.0033793108732582677,0.003442930895575458,0.035484117707308416,0.06741335407944882,0.021261014771517983,-0.015975918193445016
2026-04-06T06:00:00Z,771,625,4,3,500,406,365,3646771.3718458614,2491555.9569764687,1155215.414869394,6138327.328822332,168867.01307399996,1239633.4837872891,386.8308054617569,100.0,1.0,2.3826199740596627,10.0,0.027510265260878148,0.027510265260878148,observed,0.5265888456549935,0.18819710207455287,12.036872701047605,6.648984550024776,0.003442930895575458,0.008580867707793871,0.04908017187423641,0.057909175822247416,0.01800687208426055,-0.021751526694954282
2026-04-06T07:00:00Z,492,392,4,3,321,280,212,2304756.916703845,1585801.773928513,718955.1427753348,3890558.6906323624,107948.71445099996,1316698.2357723578,281.9766389975529,100.0,1.0,2.154471544715447,9.0,0.027746327207688062,0.027746327207688062,observed,0.5691056910569106,0.18479483281062584,11.589420790742604,6.20050917404269,0.008580867707793871,0.02315172016974021,0.051831056717829505,0.039495149400837315,0.009333554578951686,-0.026229959543297543
2026-04-06T08:00:00Z,1713,1302,4,3,910,1080,633,9962385.072673572,4248730.821005052,5713654.251668502,14211115.893678622,403435.14003300085,1332596.3234092237,1518.8682316077127,100.00512496723279,1.0,4.594862813777,28.0,0.028388702410938507,0.028388702410938507,observed,0.6304728546409807,0.4020552850610447,12.907773489069006,7.446585099157725,0.02315172016974021,0.01661827970931129,0.030835080737728227,0.012508524978194435,-0.02065781672393574,-0.03534517680125138
2026-04-06T09:00:00Z,2368,1858,4,3,1313,1251,1117,6577113.548987682,6095171.686753732,481941.8622339505,12672285.235741403,365728.15613600076,1192540.75,557.1713977802804,100.0,1.0,2.789695945945946,13.0,0.028860473808187882,0.028860473808187882,observed,0.528293918918919,0.03803117222098687,12.80964832788316,7.7702232041587855,0.01661827970931129,0.011225555784929675,0.008415947784274236,-0.006584562236830349,-0.04715350666773477,-0.046006555143294214
2026-04-06T10:00:00Z,1316,1011,4,3,792,703,613,3716844.033305151,3497716.14801473,219127.8852904212,7214560.18131989,210552.96126599974,1472557.708206687,473.72253647946155,100.0,1.0,2.396656534954407,10.0,0.0291844486669012,0.0291844486669012,observed,0.53419452887538,0.03037300677840242,12.25749724731003,7.183111701743281,0.011225555784929675,0.002728222685537407,-0.011728031073246381,-0.022816713763323282,-0.06867031824203118,-0.08258021266955928
2026-04-06T11:00:00Z,1984,1490,4,3,1050,982,1002,5319703.199427729,5180730.831373524,138972.3680541944,10500434.030801289,307285.4400970004,1142270.478830645,477.89968377038895,100.0,1.0,3.1118951612903225,17.0,0.02926407034181914,0.02926407034181914,observed,0.4949596774193548,0.013234916542167869,12.635535621199669,7.59337419312129,0.002728222685537407,-0.005491658923552967,-0.01777835863562016,-0.04323755097455473,-0.07415324699412262,-0.09991620901879439
2026-04-06T12:00:00Z,1737,1351,4,3,980,861,876,4475513.681987015,5527268.1017806,-1051754.4197935802,10002781.783767616,291114.5797480004,1423613.7570523892,493.35315332053443,100.0,1.0,2.626943005181347,11.0,0.029103362048787006,0.029103362048787006,observed,0.49568221070811747,-0.10514619258218284,12.581475648562636,7.460490305825338,-0.005491658923552967,-0.008974547417200385,-0.014875320103836298,-0.03771808076716354,-0.07065766162768139,-0.10231037917290553
2026-04-06T13:00:00Z,1353,1086,4,3,825,672,681,3545236.876423455,3855273.143131517,-310036.2667080586,7400510.0195549745,213446.78691300008,1234293.197339246,318.5249244196682,100.0,1.0,2.5210643015521064,17.0,0.02884217254608022,0.02884217254608022,observed,0.49667405764966743,-0.04189390540500916,12.271147523957142,7.21081845347222,-0.008974547417200385,-0.003410607913769126,-0.011220274417090947,-0.029015618629168793,-0.06297403522487643,-0.09306664536895226
2026-04-06T14:00:00Z,1526,1192,4,3,867,718,808,3296017.7567161326,4483501.622395097,-1187483.8656789644,7779519.37911123,223612.97405599977,1389633.74836173,291.4020931010356,100.0,1.0,2.688073394495413,14.0,0.028743803204144262,0.028743803204144262,observed,0.4705111402359109,-0.1526423173220025,12.317676514088475,7.3310603052186325,-0.003410607913769126,-0.0025523060191362523,-0.02592000752861634,-0.03275660489164234,-0.062124056427013796,-0.09480021904498015
2026-04-06T15:00:00Z,1236,995,4,3,774,606,630,2721763.234656484,2941339.5162110226,-219576.28155454405,5663102.750867518,162363.64889099976,1334322.5258899676,229.05567003655304,100.0,1.0,2.2588996763754046,9.0,0.028670440222213458,0.028670440222213458,observed,0.49029126213592233,-0.038773141017246715,11.997600003771538,7.1204443723924875,-0.0025523060191362523,-0.005297608467402126,-0.023187684898661742,-0.04083784375472532,-0.05842869369444026,-0.0846142696846901
2026-04-06T16:00:00Z,1089,837,4,3,665,444,645,2190404.695445735,3576266.3915456063,-1385861.69609987,5766671.086991347,164457.12918699998,1482596.233241506,478.5891804170206,100.0,1.0,2.4563820018365474,11.0,0.028518555455328113,0.028518555455328113,observed,0.40771349862258954,-0.24032265325937244,12.010411282970704,6.993932975223189,-0.005297608467402126,-0.018226443742935916,-0.017997278616920576,-0.046924261931760136,-0.05311231272231487,-0.08341805284457893
2026-04-06T17:00:00Z,1616,1289,4,3,941,677,939,5710590.546289483,8281255.377449332,-2570664.8311598557,13991845.92373879,391754.386468,1375754.4863861387,622.1699476274873,100.0,1.0,2.551980198019802,9.0,0.027998763608691777,0.027998763608691777,observed,0.4189356435643564,-0.18372592474009627,12.878392909882516,7.388327859577107,-0.018226443742935916,0.0002455636912819248,-0.00701851738652437,-0.03231282336703167,-0.036461719801665016,-0.0663815155592834
2026-04-06T18:00:00Z,890,706,4,3,574,454,436,3447242.462379574,3621000.6793291694,-173758.21694959648,7068243.14170874,197950.66641599988,1392783.2415730336,423.2173528741826,100.0,1.0,2.2314606741573035,8.0,0.028005639088434855,0.028005639088434855,observed,0.5101123595505618,-0.024582942814215445,12.195778170867117,6.792344427470809,0.0002455636912819248,-0.000012141175829261108,-0.018069140389812333,-0.034230697056823356,-0.03905513790669579,-0.056997420060490245
2026-04-06T19:00:00Z,1004,823,4,3,626,491,513,4143912.257827809,4114691.0420794627,29221.215748342212,8258603.299907274,231284.65529000008,1205568.1972111554,333.23182620849445,100.0,1.0,2.247011952191235,8.0,0.028005299067046473,0.028005299067046473,observed,0.48904382470119523,0.0035382757455695085,12.351408828527218,6.912742820493176,-0.000012141175829261108,-0.007250244571835651,-0.02945713151802476,-0.03497318519970982,-0.035234649597163936,-0.05254018003957606
2026-04-06T20:00:00Z,395,338,4,3,273,122,273,798245.2815901795,2530725.1484853365,-1732479.8668951557,3328970.430075514,92552.88078800005,1283839.346835443,326.43796614905585,100.0,1.0,2.037974683544304,7.0,0.027802253799502987,0.027802253799502987,observed,0.30886075949367087,-0.5204251294163211,11.435546248921558,5.981414211254481,-0.007250244571835651,-0.010885899310396407,-0.025473089300652396,-0.030362007829561333,-0.014997168842644903,-0.02834413531012181
2026-04-06T21:00:00Z,1016,804,4,3,590,427,589,2851562.4279371668,4428560.301871161,-1576997.8739339914,7280122.729808333,200200.47222300002,1788379.593503937,368.6673860087235,100.0,1.0,2.604330708661417,9.0,0.02749960126403951,0.02749960126403951,observed,0.4202755905511811,-0.21661693524437461,12.207079499597457,6.92461239604856,-0.010885899310396407,-0.01160954923481472,-0.016458955850951584,-0.018339808159838045,0.0012037107052045304,0.01281161143742171
2026-04-06T22:00:00Z,959,764,4,3,576,355,604,2482389.43053844,6494127.143838515,-4011737.713300073,8976516.57437695,243984.8020330003,1561534.4452554744,715.3121558673845,100.0,1.0,2.5641293013555786,11.0,0.02718034328922687,0.02718034328922687,observed,0.37017726798748696,-0.4469147558587918,12.404865314192985,6.866933284461882,-0.01160954923481472,-0.003175043913158815,-0.0056834724779469825,-0.0064927167310933065,-0.014935521437770438,0.06987866338606707
2026-04-06T23:00:00Z,1061,853,4,3,686,580,481,5338838.378922689,3754456.0782074616,1584382.3007152304,9093294.45713014,246374.12472499954,1150048.2827521206,527.2285743653479,100.0,1.0,2.170593779453346,9.0,0.027094044505708844,0.027094044505708844,observed,0.5466540999057493,0.1742363351571554,12.414610550695379,6.967909201801884,-0.003175043913158815,-0.0017368379528208688,-0.005016709621082138,-0.0042874355833351085,-0.027826378329922408,0.12854646063371744
2026-04-07T00:00:00Z,917,715,4,3,562,456,461,2550437.801867499,2906312.4509095354,-355874.6490420346,5456750.252777032,147588.65064399986,1199901.0109051254,590.2927867807264,100.0,1.0,2.3042529989094875,10.0,0.02704698654091591,0.02704698654091591,observed,0.49727371864776443,-0.06521732396693875,11.902191071102079,6.822197390620491,-0.0017368379528208688,-0.0007809367111031307,-0.0019123272181423845,-0.004995438180909195,-0.034059265609981626,0.12335716491990456
2026-04-07T01:00:00Z,885,704,4,3,552,403,482,2067178.4333952935,3233187.0362499882,-1166008.6028546968,5300365.4696452785,143246.9592810001,1232568.2983050847,516.8448116552794,100.0,1.0,2.3333333333333335,7.0,0.027025864556201398,0.027025864556201398,observed,0.4553672316384181,-0.21998645367613315,11.87233238861862,6.786716950605081,-0.0007809367111031307,-0.002506598969202134,-0.0008138698600967942,-0.0002709400334209855,-0.03211502271583011,0.11374881295740402
2026-04-07T02:00:00Z,749,577,4,3,449,413,336,2605042.7088813824,1269129.54224102,1335913.1666403618,3874172.2511224058,104440.40645900003,1407597.2763684914,762.1783897943811,100.0,1.0,2.5166889185580774,11.0,0.026958121551963025,0.026958121551963025,observed,0.5514018691588785,0.3448254440037682,11.55638148939225,6.620073206530356,-0.002506598969202134,0.0013777777635719524,0.0007329510402827033,0.015845953965277104,-0.034840602152008904,0.12170615274568997
2026-04-07T03:00:00Z,602,468,4,3,380,266,336,1273905.8520374016,2163489.8344212035,-889583.982383802,3437395.686458607,92793.40352100012,1485491.5764119602,367.86065418598105,100.0,1.0,2.2757475083056478,8.0,0.026995263852384987,0.026995263852384987,observed,0.4418604651162791,-0.25879592096081905,11.438141610069984,6.401917196727186,0.0013777777635719524,0.00031876581233336587,-0.0030890181763026936,0.0199086394940875,-0.02781050762155668,0.11170841065972237
2026-04-07T04:00:00Z,463,362,4,3,279,258,205,1696518.2815072997,953594.257442889,742924.0240644112,2650112.538950189,71563.29188900003,1298034.4362850972,497.08157828421764,100.0,1.0,2.5075593952483803,7.0,0.027003869019596047,0.027003869019596047,observed,0.5572354211663066,0.2803367831159019,11.178351511914157,6.139884552226255,0.00031876581233336587,-0.0009623985503182109,0.0005433720608190029,-0.008497979681535872,-0.032005633328482164,0.10605344392751648
2026-04-07T05:00:00Z,484,387,4,3,317,178,306,903780.3440704318,1805512.8100614012,-901732.4659909687,2709293.154131834,73090.98704700003,1426452.8966942148,401.583279159898,100.0,1.0,2.090909090909091,6.0,0.026977880535198603,0.026977880535198603,observed,0.3677685950413223,-0.3328294188525789,11.199474023409453,6.184148890937483,-0.0009623985503182109,-0.002446654155859318,0.01510193394679793,-0.023640299005745158,-0.031052005273168537,0.1141884609013406
2026-04-07T06:00:00Z,317,259,4,3,221,173,144,937668.4485369502,862558.1993645543,75110.24917239537,1800226.6479015043,48447.474505,1264135.3911671925,375.4903683769153,100.0,1.0,1.8517350157728707,5.0,0.026911874991670883,0.026911874991670883,observed,0.5457413249211357,0.04172266267691915,10.788256130858306,5.762051382780177,-0.002446654155859318,0.003963572806333193,0.023068917977329795,-0.029209742893979485,-0.018671500167771637,0.12830812910208267
2026-04-07T07:00:00Z,531,429,4,3,344,280,251,1735303.2819721247,1325984.191166326,409319.0908057978,3061287.47313845,82711.52468000006,1244442.824858757,375.58524959206187,100.0,1.0,2.2429378531073447,8.0,0.02701854216755531,0.02701854216755531,observed,0.527306967984934,0.13370815201035707,11.323126316703224,6.2766434893416445,0.003963572806333193,0.013574253386286594,-0.009036441592464306,-0.03185271285749536,-0.017937553867566125,0.1399526772737234
2026-04-07T08:00:00Z,1371,1096,4,3,813,730,641,5669168.793348647,3493247.823695047,2175920.969653593,9162416.6170437,250915.515918,1239740.1334792122,604.1841967042051,100.0,1.0,2.661560904449307,16.0,0.027385298705065775,0.027385298705065775,observed,0.5324580598103574,0.2374833038705093,12.432875556883927,7.22402480828583,0.013574253386286594,0.005382600532921833,-0.038165854735307314,-0.04989590785830755,-0.013550180817038404,0.11276307153932552
2026-04-07T09:00:00Z,1149,902,4,3,667,516,633,3301230.6487067565,4489042.234354028,-1187811.5856472726,7790272.88306079,214487.26824200008,1259861.3472584856,527.8296623266738,100.0,1.0,2.7458659704090516,12.0,0.02753270282846989,0.02753270282846989,observed,0.4490861618798956,-0.1524736814072401,12.276010322343975,7.047517221357296,0.005382600532921833,-0.027542233824610296,-0.051099842789347316,-0.04678766829479408,0.011593944976533432,0.13295638379037533
2026-04-07T10:00:00Z,1391,1081,4,3,784,550,841,2997841.8181584287,7745964.900157618,-4748123.081999192,10743806.718316058,287658.8785670001,1365886.8605319913,552.5794464071816,100.0,1.0,2.751258087706686,10.0,0.026774390689344663,0.026774390689344663,observed,0.39539899352983465,-0.44194047849954193,12.56953408401707,7.238496840894365,-0.027542233824610296,-0.016219802033151653,-0.023024329271700505,-0.023709133380682146,0.08610013523950188,0.18922764515140544
2026-04-07T11:00:00Z,606,475,4,3,395,254,352,1060072.0021470154,2062260.7631418963,-1002188.7609948807,3122332.765288912,82242.60526999996,1542237.9108910891,329.51367261314175,100.0,1.0,2.1254125412541254,8.0,0.026340115372805235,0.026340115372805235,observed,0.41914191419141916,-0.3209743599837435,11.317440918127922,6.408528791059498,-0.016219802033151653,-0.008136992849213542,-0.01219550499506561,-0.007591163645811805,0.160848675049432,0.20960504669519708
2026-04-07T12:00:00Z,1226,982,4,3,767,568,658,3250489.387429161,4480152.085576023,-1229662.6981468587,7730641.473005184,201969.08509399978,1250417.489396411,415.3622713323393,100.0,1.0,2.300163132137031,9.0,0.02612578604236926,0.02612578604236926,observed,0.4632952691680261,-0.15906347519035102,12.215874871822342,7.112327444710911,-0.008136992849213542,0.0012302887133293083,0.004544392222706639,0.010855323947752682,0.16296696570032632,0.2420538346062533
2026-04-07T13:00:00Z,1118,865,4,3,628,542,576,3560470.834007623,4540763.314656911,-980292.4806492884,8101234.1486645425,211911.50201899992,1391074.3094812164,645.8051106046667,100.0,1.0,3.0894454382826475,15.0,0.02615792830206404,0.02615792830206404,observed,0.4847942754919499,-0.1210053261836514,12.263928742133725,7.020190708311925,0.0012302887133293083,-0.005315556195919502,-0.0007009428479126667,0.014372977309062174,0.15070368803793177,0.24814911527566963
2026-04-07T14:00:00Z,1176,946,4,3,750,667,509,4231448.235082819,2971734.573624909,1259713.661457914,7203182.808707714,187418.78055399962,1164480.8715986395,502.93394407849604,100.0,1.0,2.307823129251701,9.0,0.026018884364205585,0.026018884364205585,observed,0.5671768707482994,0.1748829225790415,12.141106195798885,7.0707241072602764,-0.005315556195919502,0.008671682225434463,0.004661186877096268,0.03825446847549063,0.16219782478080824,0.21760283460930196
2026-04-07T15:00:00Z,1015,792,4,3,577,495,520,3862443.2595140263,3564817.574002992,297625.6855110346,7427260.8335170075,194924.8350420003,1286948.281773399,611.197125297248,100.0,1.0,2.814778325123153,11.0,0.0262445118612723,0.0262445118612723,observed,0.4876847290640394,0.04007206589109391,12.180374432082953,6.923628628138427,0.008671682225434463,-0.003997741414372702,0.006282382116615137,0.0612472282716785,0.14351000435105377,0.20610562097814178
2026-04-07T16:00:00Z,727,575,4,3,475,326,401,1505861.0679098163,2363739.548497147,-857878.4805873296,3869600.616406964,101149.7855309999,1346080.8308115543,340.196879749276,100.0,1.0,2.061898211829436,6.0,0.026139593089304497,0.026139593089304497,observed,0.4484181568088033,-0.22169690508884984,11.524367608566724,6.590301048196686,-0.003997741414372702,0.000021812017282130114,0.015084493524825326,0.11247597655033847,0.14262384370140446,0.21818287235838119
2026-04-07T17:00:00Z,799,639,4,3,505,486,313,3083033.5052445307,1841289.8455645472,1241743.6596799826,4924323.350809073,128722.61626899999,1315922.4355444305,483.0435393876618,100.0,1.0,2.4092615769712142,9.0,0.026140163246560707,0.026140163246560707,observed,0.6082603254067585,0.252165337492706,11.765422875344038,6.684611727667927,0.000021812017282130114,0.010299349095440835,0.03343742351868517,0.16972827379695765,0.14989500671339506,0.218257284479497
2026-04-07T18:00:00Z,1041,797,4,3,569,516,525,4053912.317851623,3703442.6738751656,350469.6439764594,7757354.991726788,204867.01267200004,1329763.8914505283,569.813859598786,100.0,1.0,3.4015369836695486,23.0,0.02640938991324885,0.02640938991324885,observed,0.4956772334293948,0.04517901325261445,12.230121210141773,6.948897222313312,0.010299349095440835,0.004714448124769843,0.05462169181522425,0.15047815265840736,0.14977617514928232,0.1781569648008372
2026-04-07T19:00:00Z,947,771,4,3,540,579,368,4948015.815685692,2066531.889997369,2881483.9256883184,7014547.705683064,186123.2765880003,1191337.3505807815,524.4384780299687,100.0,1.0,2.702217529039071,11.0,0.02653389561200168,0.02653389561200168,observed,0.6114044350580782,0.41078684565132983,12.13416988327896,6.854354502255021,0.004714448124769843,0.018102405726831305,0.09594421316330681,0.13439899699470415,0.16077412568120697,0.1619419688593764
2026-04-07T20:00:00Z,1564,1228,4,3,844,767,797,6719533.105982105,5855956.617441986,863576.4885401087,12575489.723424086,339717.08316800033,1334653.537084399,592.1872086323259,100.0,1.0,2.975703324808184,14.0,0.027014222955883526,0.027014222955883526,observed,0.4904092071611253,0.06867140028205374,12.73587138549018,7.355641102974253,0.018102405726831305,0.031009313708667996,0.13188108653373942,0.11937666542125114,0.12804833038641972,0.16230490042882773
2026-04-07T21:00:00Z,2674,2021,4,3,1306,1514,1160,13191056.56798617,5443262.638526745,7747793.929459433,18634319.206512872,519001.48338300065,1383754.0553477935,828.6531192208378,100.0,1.0,5.464472700074794,52.0,0.027851915470118418,0.027851915470118418,observed,0.5661929693343306,0.41578089564718335,13.159663947074922,7.891704659330107,0.031009313708667996,0.04408148803450551,0.0908917971127583,0.07751518580015171,0.11997149589172085,0.13722301072399667
2026-04-07T22:00:00Z,3814,2991,4,3,1828,1972,1842,23672316.15873161,18744288.17570382,4928027.983027763,42416604.33443532,1233460.8289379997,1160821.2947037232,1916.2242938026923,100.0362713266455,1.0,4.1599370739381225,22.0,0.0290796693486525,0.0290796693486525,observed,0.5170424750917672,0.11618157701103417,14.025335269144803,8.246695943718557,0.04408148803450551,0.051486784961913834,0.03508826760479189,0.027099791623861336,0.09495211957520122,0.09073781509921064
2026-04-07T23:00:00Z,6162,4925,4,3,2758,2956,3206,25815242.59732179,24466516.016985394,1348726.5803364483,50281758.61430722,1537459.703159996,1164336.942388835,1306.9847204186985,100.00028816232425,1.0,4.654008438818566,26.0,0.030576888031170132,0.030576888031170132,observed,0.4797143784485557,0.026823377254603032,14.245642719415848,8.726318950962243,0.051486784961913834,-0.006327063458609672,-0.011047468909284208,-0.01695544813940708,0.04200062651894654,0.01775025991859458
2026-04-08T00:00:00Z,3139,2481,4,3,1656,1452,1687,9130497.339645889,11275630.234695729,-2145132.8950498453,20406127.574341625,620008.0695549994,1230422.8043963045,557.1193822068658,100.0,1.0,3.0541573749601785,14.0,0.030383426120230116,0.030383426120230116,observed,0.46256769671870024,-0.10512199765658159,13.337489385228796,8.0519780789023,-0.006327063458609672,-0.009327504755118232,-0.012262088089772138,-0.0006101615293633289,0.06800439843818062,-0.0015401027231212172
2026-04-08T01:00:00Z,1803,1453,4,3,1065,953,850,5792807.569934755,5158819.5987585485,633987.9711762121,10951627.168693276,329644.2468439998,1086202.3793677206,552.7360206581284,100.0,1.0,2.538546866333888,10.0,0.030100024568616886,0.030100024568616886,observed,0.5285635052689961,0.057889842432597906,12.705772345641801,7.4977617006225685,-0.009327504755118232,0.004620137181921891,-0.007717676096760218,0.023250310302086907,0.08468333616266777,-0.0038982986393810704
2026-04-08T02:00:00Z,1602,1224,4,3,868,758,844,4854406.111044026,4121140.297697482,733265.8133465454,8975546.40874152,271412.3629350004,1091276.6167290886,648.8136168460898,100.0,1.0,2.8177278401997503,13.0,0.030239090811303115,0.030239090811303115,observed,0.4731585518102372,0.08169595253080064,12.51139826221944,7.3796321526095525,0.004620137181921891,-0.00754748018227569,-0.005973976550327387,0.007746869515012911,0.047672615321701306,-0.007056685964471732
2026-04-08T03:00:00Z,1371,1021,4,3,753,538,833,2141300.8632769,4899803.510249943,-2758502.646973042,7041104.373526836,211309.61078500008,1456093.587162655,485.6359432068631,100.0,1.0,2.7417943107221006,9.0,0.03001086187267477,0.03001086187267477,observed,0.3924142961342086,-0.39177130470391375,12.261084419025774,7.22402480828583,-0.00754748018227569,-0.0047695912496710235,0.011796577229555405,0.03940205265881369,0.05473989417574998,-0.008329011965044542
2026-04-08T04:00:00Z,1246,960,4,3,709,621,625,3544559.5947462264,2906787.154021081,637772.4407251447,6451346.748767302,192687.03333699997,1156442.8723916532,481.99249240040035,100.0,1.0,2.7223113964687,12.0,0.029867722328491775,0.029867722328491775,observed,0.4983948635634029,0.09885880662778011,12.1688277525105,7.1284959456800365,-0.0047695912496710235,0.0063855174928908465,0.031208846164901383,0.06606205989397007,0.06612764915898439,-0.0030696258601333737
2026-04-08T05:00:00Z,1263,971,4,3,705,652,611,4526306.537348329,2949804.1561225797,1576502.3812257533,7476110.693470898,224720.24857600004,1323515.991290578,648.374346549875,100.0,1.0,2.770387965162312,10.0,0.03005844319189317,0.03005844319189317,observed,0.5162311955661124,0.21087199559559197,12.322616017903666,7.142036574706803,0.0063855174928908465,0.010194943518258448,0.013803306695858275,0.05997294277941756,0.059450886704425,-0.0016007574423869686
2026-04-08T06:00:00Z,1154,903,4,3,632,542,612,3362773.5022313846,3119225.1725760293,243548.3296553518,6481998.674807413,196825.15938500018,1101919.225303293,674.6475947175854,100.0,1.0,3.1421143847487003,18.0,0.0303648873224813,0.0303648873224813,observed,0.4696707105719237,0.037573029843698307,12.190076178470987,7.051855622955894,0.010194943518258448,0.01432484016281288,0.027283622074356195,0.06865645149298749,0.024683751729218217,-0.0021297218133872198
2026-04-08T07:00:00Z,2123,1566,4,3,1005,1144,979,7502257.323844451,6419991.314020746,1082266.0098236972,13922248.637865163,428803.3016910006,1040963.2774375883,985.8205328015474,100.04248878223349,1.0,4.1408384361752235,23.0,0.030799859479937665,0.030799859479937665,observed,0.538860103626943,0.07773643740855153,12.968755920617049,7.66105638236183,0.01432484016281288,-0.01060103465989648,0.033798404521730996,0.06003714364127055,0.0010060899466413087,-0.01784052045175799
2026-04-08T08:00:00Z,1929,1435,4,3,1003,1011,918,6516431.7830983605,7228204.824058689,-711773.040960334,13744636.607157039,418845.1096109998,1198825.9222395024,1177.5458574466097,100.00654563996112,1.0,3.8439606013478484,19.0,0.030473349102070904,0.030473349102070904,observed,0.5241057542768274,-0.05178551178207964,12.945258851275717,7.5652752818989315,-0.01060103465989648,0.02362727930020836,0.04554101942519129,0.03961882394723104,0.030367998533070928,-0.0023333096388310492
2026-04-08T09:00:00Z,1855,1405,4,3,1053,1066,789,6228060.953977361,3439844.818296138,2788216.135681233,9667905.772273516,301574.3823709999,1186796.3946091644,756.0460914814544,100.0,1.0,2.6528301886792454,10.0,0.031193351432518286,0.031193351432518286,observed,0.5746630727762804,0.28839918399675846,12.616775288346235,7.526178913346146,0.02362727930020836,0.020757441172537305,0.04027400858887309,0.014756408723363368,0.015403530264437748,-0.017432855853375506
2026-04-08T10:00:00Z,2431,1854,4,3,1221,1228,1203,7641019.321431845,6870545.253795636,770474.0676362237,14511564.575227484,462060.486907,1255672.0329082683,677.5986066292926,100.00078059406088,1.0,3.5915261209378855,19.0,0.03184084558985307,0.03184084558985307,observed,0.5051419169066228,0.053093797270591395,13.043453249751671,7.796469243086058,0.020757441172537305,0.0006372599486601516,0.025380905024397382,0.00006152480937249294,-0.0038488481830836196,-0.046818029557615715
2026-04-08T11:00:00Z,2290,1713,4,3,1198,1185,1105,5970174.895079297,5249996.17844562,720178.7166336767,11220171.073524907,357487.401964,1558777.0790393013,370.05812297668575,100.0,1.0,3.159825327510917,14.0,0.031861136485478954,0.031861136485478954,observed,0.517467248908297,0.06418607273582565,12.786858198531203,7.736743682453495,0.0006372599486601516,0.018470660982746967,-0.00566424020476608,-0.0004925183029897973,-0.02327289061367077,-0.06340283072981567
2026-04-08T12:00:00Z,2698,2121,4,3,1486,1381,1317,7243199.972746117,6986159.605717007,257040.36702909524,14229359.578463117,461737.4923899999,1401926.4959229059,553.7117455984435,100.0,1.0,2.8925129725722756,12.0,0.032449632736027266,0.032449632736027266,observed,0.5118606375092661,0.018064085429265513,13.042753976018396,7.900636613018005,0.018470660982746967,0.006143746934214711,-0.024529690884158795,-0.041147648247794155,-0.06511630594686835,-0.07658953547256453
2026-04-08T13:00:00Z,3948,3024,4,3,2025,1961,1987,11436327.033377599,13272302.233957453,-1835975.2005798544,24708629.267335005,806711.9150779992,1418646.8938703141,704.6606330811574,100.0,1.0,3.6722391084093213,21.0,0.03264899506766563,0.03264899506766563,observed,0.49670719351570414,-0.0743050203520204,13.600723140562621,8.28121766128665,0.006143746934214711,-0.02965872947790249,-0.024692658202390083,-0.055687721933832535,-0.08166589441249095,-0.091395151178295
2026-04-08T14:00:00Z,3941,3042,4,3,1969,1806,2135,10656667.132746955,16059097.81581949,-5402430.683072493,26715764.948566422,846373.2624760024,1426206.6556711495,587.180245409533,100.0,1.0,3.2268459781781273,13.0,0.03168066735522836,0.03168066735522836,observed,0.458259325044405,-0.20221882822645473,13.648716931396047,8.279443487712665,-0.02965872947790249,-0.0008526991940360773,0.005201182649652969,-0.008898285795784777,-0.052238934649797786,-0.06630905971919587
2026-04-08T15:00:00Z,3026,2370,4,3,1617,1670,1356,14166742.88514897,8649898.399674222,5516844.48547471,22816641.28482322,722230.0521459997,1260213.114342366,621.8805923902539,100.0,1.0,3.110376734963648,15.0,0.03165365327570804,0.03165365327570804,observed,0.5518836748182419,0.241790385210829,13.490100383503217,8.01532730902172,-0.0008526991940360773,0.005975655146427172,-0.017035841284290587,0.0006377112137567753,-0.05979569606597768,-0.02503492416604336
2026-04-08T16:00:00Z,1959,1517,4,3,1066,923,1036,5635167.968106284,6629677.091693236,-994509.1235869358,12264845.059799504,390547.06458800024,1114065.8907605922,358.7003700609108,100.0,1.0,2.939765186319551,13.0,0.031842804591808244,0.031842804591808244,observed,0.4711587544665646,-0.08108615467525468,12.875306325419968,7.580699752224563,0.005975655146427172,0.00008289787383364278,-0.03177979125463648,-0.003910132422304202,-0.06490524382676321,-0.003389305550922983
2026-04-08T17:00:00Z,1669,1270,4,3,947,852,817,4772190.786416855,4918045.520810656,-145854.73439380163,9690236.307227528,308589.8805040004,1317975.4649490714,387.8682282722957,100.0,1.0,2.829838226482924,13.0,0.0318454442926058,0.0318454442926058,observed,0.5104853205512283,-0.015051721110765368,12.639771667288553,7.4205789054108005,0.00008289787383364278,-0.022955799374431374,-0.014026513984267464,-0.022791597589648327,-0.05762574264930942,0.0039942780010666645
2026-04-08T18:00:00Z,2132,1661,4,3,1217,783,1349,3497745.3199965204,7871147.294757111,-4373401.974760586,11368892.614753632,353736.3481169997,1326050.8724202628,345.84166228819004,100.0,1.0,2.6097560975609757,12.0,0.03111440666243511,0.03111440666243511,observed,0.3672607879924953,-0.3846814393413425,12.776309962259717,7.665284718471351,-0.022955799374431374,-0.009113455274693094,0.017979854444681642,-0.024997235137687257,-0.026167559988490074,0.004795438537946728
2026-04-08T19:00:00Z,1965,1546,4,3,1063,1060,905,7337420.372651246,5195387.061328992,2142033.3113222653,12532807.433980238,386397.0673359991,1076821.8396946564,631.7930876853484,100.0,1.0,3.608651399491094,20.0,0.030830846908918397,0.030830846908918397,observed,0.539440203562341,0.17091408470176955,12.864623379589563,7.583756300707112,-0.009113455274693094,0.01842040913309062,0.028784421746832045,-0.02751015006588553,-0.01882766807083458,0.026500982154953112
2026-04-08T20:00:00Z,1909,1493,4,3,1033,989,920,5202533.432318198,4834414.5480619855,368118.88425622444,10036947.980380189,315147.7581349994,1232259.4143530645,535.7947507428337,100.0,1.0,2.9832372970141434,18.0,0.031398763722900354,0.031398763722900354,observed,0.5180722891566265,0.036676376621240646,12.660800054381372,7.554858521040676,0.01842040913309062,0.008760709335105199,-0.008889776175219466,-0.04372976883488955,-0.031737503705917436,0.03175921105059287
2026-04-08T21:00:00Z,1325,1054,4,3,767,825,500,4442335.80741674,1947476.3275565857,2494859.4798601577,6389812.134973324,202389.88186,1148063.1690566037,484.32795333062404,100.0,1.0,2.5743396226415096,10.0,0.031673839165358326,0.031673839165358326,observed,0.6226415094339622,0.3904433224578007,12.217956165281848,7.189922170745808,0.008760709335105199,0.001403550847319135,-0.04221801580328255,-0.06039489277935539,-0.03233826270946871,0.06431178747812893
2026-04-08T22:00:00Z,1469,1143,4,3,834,569,900,2885285.1863584616,5350459.210040754,-2465174.0236822814,8235744.396399227,261223.77038499998,1273060.1994554119,590.961477775257,100.0,1.0,2.71000680735194,12.0,0.03171829500915672,0.03171829500915672,observed,0.3873383253914227,-0.2993261938483772,12.47313650490872,7.293017679772782,0.001403550847319135,-0.01887425751474736,-0.05471950257288283,-0.06123454659044747,-0.043135202219220514,0.08119609636006886
2026-04-08T23:00:00Z,1608,1246,4,3,890,758,850,3384794.9940549713,4052577.931759628,-667782.937704651,7437372.925814596,231448.3363230003,1407035.9570895522,412.3334424488082,100.0,1.0,2.764925373134328,10.0,0.031119635741225168,0.031119635741225168,observed,0.47139303482587064,-0.0897874752773017,12.35211627898069,7.3833681469923835,-0.01887425751474736,-0.025161066305904756,-0.03515249043160851,-0.03564658774294238,-0.041086133199843555,0.0694596786531263
2026-04-09T00:00:00Z,2303,1790,4,3,1229,959,1344,4656513.434072382,9916605.69251219,-5260092.2584398035,14573119.126584554,442099.3596559995,1398757.0208423794,671.3657483396967,100.00161035250804,1.0,3.253582283977421,18.0,0.030336632522924598,0.030336632522924598,observed,0.41641337386018235,-0.3609448473418601,12.999292193331307,7.742402021815782,-0.025161066305904756,-0.011667308125297704,-0.018978094468249607,-0.001200329776468001,-0.01227236029324108,0.09622201005348763
2026-04-09T01:00:00Z,1648,1286,4,3,938,846,802,5240089.105500078,4390680.226883646,849408.8786164286,9630769.33238372,288756.32978600013,1216772.9757281553,451.5829010933564,100.0,1.0,2.7730582524271843,13.0,0.02998268568379571,0.02998268568379571,observed,0.5133495145631068,0.088197406593497,12.57334192503622,7.407924322559599,-0.011667308125297704,0.0014347400447900505,-0.006892180718101493,0.00892809523476168,-0.010594463068078763,0.12582230979569164
2026-04-09T02:00:00Z,805,628,4,3,485,365,440,1904770.5546035047,2610594.6239618557,-705824.0693583501,4515365.178565362,135577.0139850001,1362817.2583850932,457.45236514394696,100.0,1.0,2.5925465838509316,11.0,0.030025703043596606,0.030025703043596606,observed,0.453416149068323,-0.15631605450405833,11.817302502588838,6.692083742506628,0.0014347400447900505,-0.008819177294738356,-0.0005120988616685862,0.012540665533800732,-0.014845645789636985,0.13843397285129755
2026-04-09T03:00:00Z,821,638,4,3,495,442,379,1846333.5137437365,2248400.7574904496,-402067.243746713,4094734.2712341887,121862.98145200002,1269061.8343483557,462.3128834822418,100.0,1.0,2.476248477466504,8.0,0.029760901045055962,0.029760901045055962,observed,0.53836784409257,-0.09819129084181728,11.71066079561407,6.71174039505618,-0.008819177294738356,0.0005086724548450938,0.018121679639911292,0.029860022954620202,0.03697150901616553,0.1425049630342612
2026-04-09T04:00:00Z,630,504,4,3,436,254,376,1040925.7048096264,1847652.7982753962,-806727.0934657684,2888578.5030850214,86010.42788299998,1219644.7396825396,419.09495881838086,100.0,1.0,2.0,7.0,0.029776039595648954,0.029776039595648954,observed,0.4031746031746032,-0.2792816925709924,11.36223544876803,6.447305862541213,0.0005086724548450938,0.00786831703543478,0.015930068866341962,0.01927994293515045,0.06578578039255278,0.18984307335053008
2026-04-09T05:00:00Z,1128,865,4,3,615,729,399,5867731.745564818,2593200.3977300017,3274531.347834809,8460932.1432948,253915.33962799996,1228440.6542553192,937.729568072694,100.0,1.0,3.618794326241135,20.0,0.03001032691524718,0.03001032691524718,observed,0.6462765957446809,0.3870178004476541,12.444760120202647,7.029087564149662,0.00786831703543478,0.009659729637770287,0.013059452126037208,-0.005640614102427555,0.06538805593396546,0.2059410525060974
2026-04-09T06:00:00Z,1301,1021,4,3,770,574,727,3388371.3666034155,4616676.262970031,-1228304.8963666172,8005047.629573455,242554.69275600006,1036044.7555726364,596.327191487278,100.0,1.0,2.535741737125288,13.0,0.030300218559589566,0.030300218559589566,observed,0.4411990776325903,-0.15344129769182482,12.398986623841143,7.171656822768514,0.009659729637770287,-0.0016450245240632322,0.011529411021736102,-0.011085336576347804,0.03179499599137503,0.2079213113413818
2026-04-09T07:00:00Z,1216,959,4,3,706,647,569,4694706.847936108,3252974.4246310503,1441732.4233050593,7947681.272567157,240420.330586,1029343.7771381579,850.8829695808158,100.0,1.0,2.7960526315789473,11.0,0.030250373956974566,0.030250373956974566,observed,0.5320723684210527,0.18140289901678072,12.390148207266023,7.104144092987527,-0.0016450245240632322,0.005020479618699003,0.003297347102391379,-0.019349801432874125,0.04619845948638113,0.20058672975513803
2026-04-09T08:00:00Z,1228,959,4,3,685,662,566,4647799.29054928,3881371.2546353946,766428.0359138865,8529170.545184657,259305.93548600003,1269676.1425081433,717.5779117844795,100.0,1.0,3.1009771986970684,14.0,0.030402245342883577,0.030402245342883577,observed,0.5390879478827362,0.0898596213844723,12.465767718126255,7.113956109566034,0.005020479618699003,0.008134823192781804,-0.018459001778444728,-0.027047122407671376,0.06557799666881348,0.18162580606833978
2026-04-09T09:00:00Z,1110,851,4,3,667,518,592,2778073.912502552,3273178.7195764263,-495104.8070738771,6051252.632078986,185468.2441370001,1327661.4837837839,405.3628041482022,100.0,1.0,2.5387387387387386,12.0,0.03064956223341151,0.03064956223341151,observed,0.4666666666666667,-0.08181856504374325,12.130644347482782,7.01301578963963,0.008134823192781804,-0.009769871792727702,-0.022356984731903173,0.006905293829294168,0.09987999572889938,0.1851495646688024
2026-04-09T10:00:00Z,1059,802,4,3,630,431,628,2034235.6799230145,4262274.546873351,-2228038.866950338,6296510.226796359,191099.84058599995,1365749.4589235128,460.0846340665054,100.0,1.0,2.50519357884797,11.0,0.03035011993988785,0.03035011993988785,observed,0.40698772426817753,-0.35385297358342505,12.160556528889543,6.966024187106113,-0.009769871792727702,-0.01677323512610651,-0.022572718447499418,0.0456261675506755,0.12993611936361993,0.1785770588834137
2026-04-09T11:00:00Z,809,627,4,3,470,381,428,1710930.8935028282,3198629.30081795,-1487698.40731512,4909560.19432078,146506.4324249998,1538597.196538937,405.0273540965446,100.0,1.0,2.557478368355995,10.0,0.029841050242030577,0.029841050242030577,observed,0.47095179233621753,-0.3030207082573387,11.894831439428819,6.697034247666484,-0.01677323512610651,0.0041312284751759965,-0.008749630066179015,0.07143158805935945,0.11528231646274478,0.2105911554623403
2026-04-09T12:00:00Z,1132,891,4,3,669,701,431,4782072.173312485,2243309.8410436525,2538762.332268836,7025382.014356138,210510.86813499988,1398626.3409893992,456.55164433824694,100.0,1.0,2.4469964664310955,8.0,0.029964330438519614,0.029964330438519614,observed,0.6192579505300353,0.36137000480272224,12.257297311204077,7.0326242610280065,0.0041312284751759965,-0.009988383070890894,0.029931455658354977,0.04336100389013331,0.10984239580350197,0.21377985298586322
2026-04-09T13:00:00Z,2207,1681,4,3,1173,1017,1190,5915225.05602086,9930953.802585732,-4015728.7465648735,15846178.858606586,470077.4540639998,1395600.272768464,553.0269848320017,100.0,1.0,3.7621205256003627,23.0,0.029665035227636923,0.029665035227636923,observed,0.46080652469415495,-0.25341937525738567,13.060654883296483,7.699842407396986,-0.009988383070890894,-0.0028681286018197305,0.0697738719650336,0.06684163325009362,0.13787751106264223,0.20651698258466622
2026-04-09T14:00:00Z,1065,839,4,3,660,569,496,3392659.9745874284,2266654.221407767,1126005.7531796608,5659314.195995197,167402.24278899992,1155095.8431924882,401.90727995698165,100.0,1.0,2.6751173708920186,18.0,0.029579952091626546,0.029579952091626546,observed,0.5342723004694836,0.1989650537474093,12.02816080834929,6.97166860472579,-0.0028681286018197305,0.0433149577381704,0.08088896666025103,0.09520000527229566,0.15558944442142142,0.20039426189881948
2026-04-09T15:00:00Z,2918,2309,4,3,1538,1716,1202,13990352.43841699,6431122.879300244,7559229.559116761,20421475.317717228,630231.3661280004,1081521.2594242631,675.5690553142019,100.0,1.0,3.2522275531185745,19.0,0.030861206466372457,0.030861206466372457,observed,0.5880740233036327,0.37016079600079327,13.353843865488573,7.978996370854115,0.0433149577381704,0.02830975295887428,0.013039264077232993,0.0923370871812772,0.10177083275722931,0.13554826452758162
2026-04-09T16:00:00Z,3356,2601,4,3,1679,1696,1660,12510819.297340738,11276610.15787293,1234209.139467802,23787429.455213614,754891.2096939986,1121476.789034565,716.6543862171646,100.0,1.0,3.461263408820024,16.0,0.03173487959744827,0.03173487959744827,observed,0.5053635280095352,0.05188493114783758,13.534330249421533,8.118802996980035,0.02830975295887428,0.00749220591808375,-0.0027409892798688773,0.08063106531700148,0.11639983872958437,0.1029797701889219
2026-04-09T17:00:00Z,2310,1793,4,3,1163,1049,1261,5157237.039278701,6865144.190600719,-1707907.1513220193,12022381.229879422,384387.3132939991,1528594.8935064934,441.24119240267163,100.0,1.0,3.1974025974025975,14.0,0.03197264385017795,0.03197264385017795,observed,0.45411255411255413,-0.14206063829329663,12.859408553155129,7.745435610274381,0.00749220591808375,-0.02217614427730552,0.013240063552746761,0.040927231278303555,0.13192657434939714,0.10238519053667194
2026-04-09T18:00:00Z,1666,1372,4,3,1069,699,967,2874579.918679216,3491814.201301322,-617234.2826221024,6366394.119980547,199036.48762100004,1165824.2947178872,269.3377673226822,100.0,1.0,2.391356542617047,12.0,0.0312636138872295,0.0312636138872295,observed,0.41956782713085233,-0.09695194343764386,12.20124846597037,7.418780882750794,-0.02217614427730552,0.012291629074948629,0.07827714671679153,0.06371849404520136,0.17069894313722678,0.1354578275586753
2026-04-09T19:00:00Z,1595,1258,4,3,866,861,734,5528453.730412185,3095369.218373408,2433084.512038779,8623822.948785592,272925.84001400013,1249218.5003134797,526.189030582112,100.0,1.0,2.839498432601881,11.0,0.031647894632673736,0.031647894632673736,observed,0.5398119122257053,0.2821352579346966,12.516959052955919,7.3752557780097545,0.012291629074948629,0.023637245469643187,0.08360120460246989,0.06658521339867529,0.14757072988288655,0.12214186296403207
2026-04-09T20:00:00Z,2328,1810,4,3,1137,1222,1106,8926849.999319013,5847493.2292927,3079356.770026306,14774343.228611685,478629.0867290001,1286476.3939003437,724.3072844725664,100.00017823813141,1.0,4.06786941580756,18.0,0.032395963686703645,0.032395963686703645,observed,0.5249140893470791,0.20842596671660424,13.078683316519413,7.753194269884341,0.023637245469643187,0.0405876702539123,0.027325377984440014,0.055140101222069804,0.10890597381168954,0.09136942676564219
2026-04-09T21:00:00Z,2517,1992,4,3,1323,1389,1128,8563419.697511742,5735841.86807029,2827577.829441448,14299261.565581994,482040.12416599994,1223353.379022646,571.5972736798423,100.0,1.0,3.529201430274136,26.0,0.03371084037837729,0.03371084037837729,observed,0.5518474374255066,0.1977429265471558,13.085784709239679,7.831220214604293,0.0405876702539123,0.017289879521777518,-0.013501772448687666,0.008636295230344482,0.07752624765522187,0.04021119985709065
2026-04-09T22:00:00Z,3293,2569,4,3,1733,1524,1769,8990455.417575274,11828479.23047873,-2838023.812903463,20818934.648053993,713958.2314180004,1300154.1229881567,532.6619701683526,100.0,1.0,3.5860917096872154,26.0,0.0342936967470973,0.0342936967470973,observed,0.4627998785302156,-0.13631935835721265,13.478581140837179,8.099857910737585,0.017289879521777518,-0.029524408376008227,-0.015703185942873787,0.033099893720055285,0.04304751276310048,0.029366428344175022
2026-04-09T23:00:00Z,2771,2089,4,3,1446,1237,1534,5828512.981767918,7514195.271250958,-1685682.2894830385,13342708.253018877,444061.28373100044,1709482.2432334898,230.76149465066229,100.0,1.0,3.2425117286178273,19.0,0.033281195639613015,0.033281195639613015,observed,0.44640923854204256,-0.12633734152896894,13.003720110249652,7.927324360309794,-0.029524408376008227,-0.0007665396806911806,0.027074891591017503,0.08742142614459447,0.08545714174136565,0.05634088880733645
2026-04-10T00:00:00Z,2168,1679,4,3,1193,1198,970,6651980.7839192115,4722060.561477347,1929920.2224418654,11374041.345396543,378251.52799900033,1154961.3219557195,543.977142915841,100.0,1.0,3.0857933579335795,20.0,0.033255684282534406,0.033255684282534406,observed,0.5525830258302583,0.16967761623470526,12.843317315036069,7.682021510826875,-0.0007665396806911806,0.015019753123439061,0.022441061788811556,0.10057214356139554,0.09365064587131111,0.05667211704252906
2026-04-10T01:00:00Z,2130,1656,4,3,1108,1144,986,7184919.505756264,5120429.868442163,2064489.6373141042,12305349.374198409,415369.2394099985,1011861.3422535211,632.6704814187551,100.0,1.0,3.28075117370892,13.0,0.033755176450409104,0.033755176450409104,observed,0.5370892018779343,0.1677717206179356,12.936925544646286,7.664346632098617,0.015019753123439061,0.012652991276563164,0.04958166984384538,0.0759297198825315,0.060322372886975284,0.03721041295692795
2026-04-10T02:00:00Z,1584,1242,4,3,881,729,855,3786246.0405686023,5997743.077899405,-2211497.037330814,9783989.118468013,334439.059513,1193172.3876262626,487.95155496260145,100.0,1.0,3.071969696969697,14.0,0.03418228040357498,0.03418228040357498,observed,0.4602272727272727,-0.2260322462089055,12.72021294821219,7.368339686311381,0.012652991276563164,-0.005274757947634101,0.05875572954577413,0.05095614556526451,0.038772262669663826,0.035752797674283965
2026-04-10T03:00:00Z,2080,1626,4,3,1085,1082,998,10605721.278143361,8159973.409643346,2445747.8685000096,18765694.68778675,638070.7219469999,1010633.4307692308,874.1420730556548,100.0,1.0,3.751923076923077,21.0,0.03400197714834797,0.03400197714834797,observed,0.5201923076923077,0.13033079292778713,13.366205972853454,7.640603826393634,-0.005274757947634101,0.04196336319270144,0.07641622064345688,0.06830009266040249,0.03065740239812209,0.038037148973044
2026-04-10T04:00:00Z,3120,2396,4,3,1637,1840,1280,9582763.298118405,5333820.851222643,4248942.446895749,14916584.14934107,528476.8922740006,1130174.7849358974,515.6543977810966,100.0,1.0,3.5346153846153845,23.0,0.03542881446469403,0.03542881446469403,observed,0.5897435897435898,0.2848468794434712,13.17775625233707,8.045908742270779,0.04196336319270144,0.021504269139190235,0.02510338241959409,0.00962890336502209,-0.012020844212888848,0.006083388552449165
2026-04-10T05:00:00Z,2956,2326,4,3,1653,1487,1469,7897545.001740236,7610227.232434113,287317.76930612035,15507772.234174367,561236.9034870004,1056218.9347090663,506.0555029784007,100.0,1.0,2.8930987821380243,17.0,0.03619068522622525,0.03619068522622525,observed,0.5030446549391069,0.018527340031017494,13.23790016499921,7.9919305198524775,0.021504269139190235,0.011317677674360427,-0.007366745475706482,-0.0018063690451577408,-0.02609832164220094,-0.014802614241884893
2026-04-10T06:00:00Z,3429,2654,4,3,1745,1748,1681,8652801.883932047,8648329.61754997,4472.266382073484,17301131.501482025,633226.2527110016,1144184.4441528143,632.8646449366591,100.0,1.0,3.930883639545057,43.0,0.0366002797364299,0.0366002797364299,observed,0.5097696121318168,0.0002584956008045131,13.358584645720113,8.140315540159985,0.011317677674360427,-0.007707104852399338,-0.007539953251728959,-0.0062889995268159415,-0.03010262867762803,-0.032022749267161865
2026-04-10T07:00:00Z,3887,2989,4,3,1985,1908,1979,10431701.2802002,12382684.33152665,-1950983.051326436,22814385.611726835,828577.3634659996,1231323.8528428094,845.3648764662952,100.0,1.0,3.300488808850013,21.0,0.03631819754287409,0.03631819754287409,observed,0.4908669925392333,-0.08551547626702732,13.627466696126653,8.265650165580329,-0.007707104852399338,-0.010851856919292024,-0.015095530187449802,-0.014505916796554441,-0.02215886677542711,-0.021139310962166702
2026-04-10T08:00:00Z,2478,1927,4,3,1317,1217,1261,6756326.693822031,6987470.657546838,-231143.9637248115,13743797.351368902,493733.24338799965,1036513.1589991929,918.5399809862149,100.0,1.0,3.1743341404358354,15.0,0.035924077659572236,0.035924077659572236,observed,0.4911218724778047,-0.016818056743378076,13.109752682562696,7.8156105320351905,-0.010851856919292024,0.01114120959311915,0.005601642303645571,-0.011593141109658367,-0.015814277729759407,-0.0073855270090660285
2026-04-10T09:00:00Z,2299,1748,4,3,1233,1212,1087,6550211.766214497,5852233.717899429,697978.0483150653,12402445.48411393,450510.34073,1116295.5906916051,743.8134564081643,100.0,1.0,3.4280121792083516,19.0,0.03632431533821702,0.03632431533821702,observed,0.5271857329273597,0.05627745344328205,13.018138529365176,7.7406644019172415,0.01114120959311915,-0.015261409266588588,0.0012604575156567321,-0.03523606383721101,-0.03463029126142558,-0.0015354125610701486
2026-04-10T10:00:00Z,2608,2012,4,3,1399,1335,1273,7112284.612055399,7756929.472581093,-644644.8605256884,14869214.08463649,531871.1201129999,1221405.5061349694,716.7933466685638,100.0,1.0,3.1334355828220857,19.0,0.03576995509551187,0.03576995509551187,observed,0.5118865030674846,-0.0433543331111066,13.184158363701462,7.866722285136729,-0.015261409266588588,0.009934493802097766,0.0005986503351005368,-0.021443272380330947,-0.013116453710419584,0.018231227037472042
2026-04-10T11:00:00Z,2797,2198,4,3,1523,1438,1359,7741484.1549799135,6379112.049261713,1362372.1057182066,14120596.204241605,510110.9363410001,1069640.1730425456,523.2489111878047,100.0,1.0,2.8333929209867716,15.0,0.03612531149270955,0.03612531149270955,observed,0.5141222738648552,0.0964812027773283,13.142385463639203,7.936660155225426,0.009934493802097766,0.006776110479379982,-0.017099000926364738,-0.024335912235591173,-0.026823954456017485,-0.014245487444406235
2026-04-10T12:00:00Z,2799,2185,4,3,1506,1333,1466,6318935.581528742,7445573.9478976475,-1126638.3663689184,13764509.52942636,500616.5962190002,1196828.3715612718,586.9082337042288,100.0034131173908,1.0,2.969989281886388,19.0,0.036370100594486164,0.036370100594486164,observed,0.47624151482672383,-0.08185096344772347,13.123597807619745,7.937374696163295,0.006776110479379982,-0.01591229592193022,-0.036450576949202174,-0.023964340879262136,-0.03381201206105555,-0.020304501610739933
2026-04-10T13:00:00Z,2181,1721,4,3,1264,1074,1107,5150836.112176377,5270921.362340335,-120085.25016395628,10421757.474516707,373008.9652220006,1176440.9564419992,435.04161979996326,100.0,1.0,2.5185694635488307,10.0,0.03579136879111633,0.03579136879111633,observed,0.4924346629986245,-0.011522552741952486,12.829360414681945,7.687997166393016,-0.01591229592193022,-0.007928281109949364,-0.022028735205718797,-0.007765597084049447,-0.021797106730021776,-0.006694668105942658
2026-04-10T14:00:00Z,2805,2223,4,3,1480,1230,1575,6844561.257135139,9253727.219017942,-2409165.961882802,16098288.476153076,571611.6644920004,1090699.3450980391,760.4076630847985,100.0156233436203,1.0,3.469162210338681,27.0,0.03550760475803049,0.03550760475803049,observed,0.4385026737967914,-0.14965354642834106,13.25621688100654,7.939515260662406,-0.007928281109949364,-0.013045524108722284,-0.007362807969517826,-0.004270646831447511,-0.002906763208732399,-0.005158963744445022
2026-04-10T15:00:00Z,1898,1511,4,3,1122,908,990,4532647.173529079,5273993.545722961,-741346.3721938735,9806640.719252046,343667.7365040006,1062783.1074815595,564.5127167378417,100.0,1.0,2.3340358271865123,9.0,0.03504438944411662,0.03504438944411662,observed,0.47839831401475236,-0.07559636305819677,12.747433497117896,7.549082710812286,-0.013045524108722284,-0.0011830492528949188,0.012958583930657186,0.0006278972016666717,0.007160232447514403,0.018734010611673124
2026-04-10T16:00:00Z,1769,1392,4,3,991,859,910,5847088.2490970325,4349681.89322887,1497406.3558681638,10196770.1423259,356916.8336119995,1153287.63312606,698.2041637359754,100.0,1.0,2.827020915771622,15.0,0.0350029302053666,0.0350029302053666,observed,0.48558507631430187,0.14685104547493535,12.78526087632179,7.478734825567875,-0.0011830492528949188,0.006949100430902799,0.014584414322919459,0.008509285598767846,0.018324508831276454,0.035368954274165976
2026-04-10T17:00:00Z,1235,975,4,3,753,647,588,3667674.7599998545,3042334.750815825,625340.0091840307,6710009.51081568,236502.1297650001,1246744.8,385.21847113277374,100.0,1.0,2.3927125506072873,13.0,0.03524616908273957,0.03524616908273957,observed,0.5238866396761134,0.09319510027162589,12.373716720505207,7.119635638017636,0.006949100430902799,0.007159530520746582,0.0031150969990809685,-0.0025501012609034923,0.011598406339501155,0.03226817275537375
2026-04-10T18:00:00Z,1366,1070,4,3,787,657,709,3768065.661517334,3565482.592950408,202583.06856692725,7333548.2544677425,260330.0734919999,1184219.7935578332,521.2949762394081,100.0,1.0,3.0248901903367496,16.0,0.03549851510602684,0.03549851510602684,observed,0.48096632503660325,0.027624154302592834,12.469709459547534,7.220373836723949,0.007159530520746582,0.0004200833732486142,-0.012172942630233607,-0.010089458402231632,-0.0019797152217414515,0.0255786965953253
2026-04-10T19:00:00Z,1332,1041,4,3,744,627,705,3457433.2592482762,4386476.46692399,-929043.2076757193,7843909.726172265,278564.1189220003,1260391.7094594594,754.7859704157822,100.0,1.0,2.8213213213213213,11.0,0.0355134274419979,0.0355134274419979,observed,0.47072072072072074,-0.11844134368041502,12.537407131204512,7.195187320178709,0.0004200833732486142,-0.00443390387978615,-0.005987800165652923,-0.01414132548189917,0.0010426599767778821,0.020124798109566022
2026-04-10T20:00:00Z,1265,1000,4,3,750,689,576,3939809.0182296294,3705168.0480092983,234640.9702203235,7644977.066238927,270295.53636799956,1152195.1011857707,690.3311408782087,100.0,1.0,2.48300395256917,8.0,0.03535596431827832,0.03535596431827832,observed,0.5446640316205533,0.030692174507170763,12.50727491815358,7.143617602704121,-0.00443390387978615,-0.008190148555668686,-0.005647605421284618,0.001369733269763529,0.008564187154890268,0.011496254257277627
2026-04-10T21:00:00Z,1028,839,4,3,619,491,537,2814125.249612922,3770870.973573477,-956745.7239605591,6584996.223186389,230912.07019499995,1289588.0749027238,486.45982524036515,100.0,1.0,2.367704280155642,7.0,0.035066393718182695,0.035066393718182695,observed,0.4776264591439689,-0.14529176502664767,12.349796599175813,6.9363427358340495,-0.008190148555668686,0.0066840753280417164,0.0021091588982686815,0.006528236184615732,0.03428207701233932,0.025381533719661897
2026-04-10T22:00:00Z,1185,924,4,3,616,545,640,3575488.962082448,3901671.628689378,-326182.66660693614,7477160.590771821,263949.60205099994,1039229.9333333333,771.5900028768,100.0,1.0,3.523206751054852,16.0,0.0353007801352778,0.0353007801352778,observed,0.459915611814346,-0.04362386799736587,12.483517251177366,7.078341579557671,0.0066840753280417164,-0.004093177323685859,-0.008202641091935359,0.009732407398392207,0.03176431592739659,0.019341181155938303
2026-04-10T23:00:00Z,1073,885,4,3,680,553,520,3787829.18371964,3404113.106095093,383716.0776245476,7191942.289814729,252841.99285600003,1225955.4930102516,480.89799364984964,100.0,1.0,2.3252562907735324,10.0,0.03515628778251966,0.03515628778251966,observed,0.5153774464119292,0.05335360910333896,12.440523993472357,6.97914527506881,-0.004093177323685859,-0.0004532181581466954,0.007057194943469902,0.014184679970683511,0.012925171215635745,0.014317291054832593
2026-04-11T00:00:00Z,2864,2381,4,3,1609,1262,1602,7831876.137623522,9998533.719485939,-2166657.581862429,17830409.85710947,626566.9199520007,1249049.4437849163,716.470884060007,100.0,1.0,2.8701117318435756,13.0,0.03514035431452359,0.03514035431452359,observed,0.44064245810055863,-0.1215147379799867,13.34801245917717,7.9603236291488395,-0.0004532181581466954,-0.003674800993893945,0.00440977636728257,0.008192400060111016,0.013980209461235127,0.0020827611420803915
2026-04-11T01:00:00Z,1756,1438,4,3,1022,992,764,6540312.408565122,3565473.752039689,2974838.6565254363,10105786.160604822,353815.90765100025,1023761.0187927107,769.3225849509402,100.0,1.0,2.449886104783599,9.0,0.035011220505562796,0.035011220505562796,observed,0.5649202733485194,0.29436984013398076,12.776534848291247,7.471363088187097,-0.003674800993893945,0.011229887094749147,0.018083379965917024,0.01540178714367868,0.015438963356154245,-0.01423983746610935
2026-04-11T02:00:00Z,1328,1067,4,3,802,581,747,3311418.8440018264,4129359.879988847,-817941.0359870165,7440778.723990677,263436.25088799983,1129614.5097891567,533.314341390534,100.0,1.0,2.4186746987951806,10.0,0.035404392558889636,0.035404392558889636,observed,0.4375,-0.1099268055572998,12.481570481556986,7.192182058713246,0.011229887094749147,-0.0030808928635194244,0.007077537465598915,0.007184612881832253,-0.0022587662342996584,-0.03515260509829954
2026-04-11T03:00:00Z,1508,1218,4,3,854,784,724,5465414.937792162,4384049.386179034,1081365.5516131285,9849464.323971191,347639.95001800056,1125424.4476127322,856.7876038929032,100.0,1.0,2.647214854111406,9.0,0.035295315418517714,0.035295315418517714,observed,0.519893899204244,0.10978927544123884,12.758925473311443,7.319202458767849,-0.0030808928635194244,0.009888742638479497,0.0037660164026971366,0.02757383233770816,0.011491496378915889,-0.03533365082292683
2026-04-11T04:00:00Z,1705,1360,4,3,981,891,814,5546314.484777496,4517410.976985482,1028903.5077920133,10063725.46176298,358714.8692249997,1172249.4721407625,713.9002613278427,100.0,1.0,2.778299120234604,14.0,0.035644341709035396,0.035644341709035396,observed,0.5225806451612903,0.10223882911962588,12.790285903481275,7.441906728051625,0.009888742638479497,0.00029813328363026415,-0.0026339618885912186,0.021819551762006117,0.01673773467600337,-0.0410279888060594
2026-04-11T05:00:00Z,1640,1336,4,3,937,756,884,4133327.825487707,5299692.354080087,-1166364.528592369,9433020.179567778,336334.0371140005,1080549.3396341463,629.2727234737013,100.0,1.0,3.1341463414634148,18.0,0.03565496847367195,0.03565496847367195,observed,0.4609756097560976,-0.12364698753838688,12.725863076405055,7.403061091090091,0.00029813328363026415,-0.006359010484531802,0.00010632291184120568,-0.001241892901679531,0.020432778745338886,-0.03259059781425766
2026-04-11T06:00:00Z,1436,1147,4,3,821,698,738,4440706.028348275,4104572.324098396,336133.7042498792,8545278.352446672,302744.1565740002,1135764.5466573816,821.7037976707368,100.0,1.0,2.550139275766017,9.0,0.03542823815532222,0.03542823815532222,observed,0.4860724233983287,0.039335606212714876,12.620646663183322,7.270312886079025,-0.006359010484531802,0.0034497260510621963,0.02371849170619833,0.005740778645801026,0.027613077847600698,-0.02733349529173479
2026-04-11T07:00:00Z,1200,954,4,3,695,547,653,3084992.300909051,3527162.0198998386,-442169.71899078804,6612154.320808878,235065.1003970004,1190463.0991666666,673.7768925039004,100.0,1.0,2.8766666666666665,19.0,0.035550455871429874,0.035550455871429874,observed,0.4558333333333333,-0.06687226243332696,12.367622031860083,7.0909098220799835,0.0034497260510621963,0.003046474079080319,0.024518093374125582,0.00003661231735674342,0.019062262674430563,-0.044562669526232446
2026-04-11T08:00:00Z,1614,1277,4,3,945,921,693,5363943.454166391,3259059.6223092815,2104883.831857109,8623003.076475667,307485.5921280001,1117624.569392813,729.1806114812674,100.0,1.0,2.5006195786864933,9.0,0.03565875941374168,0.03565875941374168,observed,0.570631970260223,0.2441010183098998,12.636186762442307,7.387090235656757,0.003046474079080319,0.017100513995946365,-0.0013480724825291057,-0.009376016070292925,0.002907169558199696,-0.055623228069647146
2026-04-11T09:00:00Z,2473,1992,4,3,1398,1288,1185,6797684.496843932,5769050.746457835,1028633.750386094,12566735.243301783,455777.1716119994,1126819.0950262838,484.619520487861,100.0,1.0,2.779215527699151,23.0,0.03626854252817445,0.03626854252817445,observed,0.5208249090173878,0.08185369791524555,13.029761504370507,7.813591552952433,0.017100513995946365,0.004233496278065241,-0.01756118816456509,-0.01565078386844998,-0.008605527921732747,-0.0717824626207183
2026-04-11T10:00:00Z,2146,1727,4,3,1195,995,1151,4778498.052696884,6129319.9832266765,-1350821.9305297902,10907818.035923557,397285.4785919997,1076832.7893755825,515.7103206462689,100.0,1.0,2.897483690587139,15.0,0.03642208526797833,0.03642208526797833,observed,0.4636533084808947,-0.12383979326397125,12.892412907979146,7.671826797878781,0.004233496278065241,-0.02227759450326705,-0.023895606349071175,-0.004973301868455904,-0.01204067109094753,-0.07916704906224481
2026-04-11T11:00:00Z,2011,1612,4,3,1136,827,1184,3660711.0206074263,6129797.738025112,-2469086.717417682,9790508.758632528,348646.7608069999,1142724.2675285928,484.4007582465623,100.0,1.0,2.6071606166086525,12.0,0.03561068882141489,0.03561068882141489,observed,0.41123818995524614,-0.2521918705440745,12.761817410161875,7.60688453121963,-0.02227759450326705,0.000587885482158157,-0.008038780446476879,0.021701622738252047,0.0013743560519146047,-0.06009487262392155
2026-04-11T12:00:00Z,1124,881,4,3,661,623,501,3392768.1227482916,1664186.3962728311,1728581.726475457,5056954.519021117,180187.50113900015,1178325.46886121,606.4533081676378,100.0,1.0,2.5284697508896796,12.0,0.03563162382838265,0.03563162382838265,observed,0.5542704626334519,0.34182267607383215,12.101758810461057,7.025538314638521,0.000587885482158157,-0.0022414463277034002,0.0019445529564796615,0.02174745189436389,-0.01173341275119777,-0.06243858897315224
2026-04-11T13:00:00Z,1484,1189,4,3,840,632,852,3389919.451834621,4898574.171769609,-1508654.7199349883,8288493.623604222,294670.5149819999,1211672.2021563342,610.3575867311669,100.0,1.0,2.684636118598383,11.0,0.03555175745600241,0.03555175745600241,observed,0.42587601078167114,-0.18201796230362002,12.593616506375136,7.3031700512368,-0.0022414463277034002,-0.006394483981615462,0.019385533559417745,0.01902495380942737,-0.029227557631008483,-0.0908371099823242
2026-04-11T14:00:00Z,1266,1007,4,3,724,634,632,3162840.5598160094,3925946.3006806294,-763105.7408646208,7088786.860496635,250407.30074300017,1122413.8736176935,597.1847343495989,100.0,1.0,2.8562401263823065,18.0,0.03532442231243173,0.03532442231243173,observed,0.5007898894154819,-0.1076496946349376,12.430848067590743,7.144407180321139,-0.006394483981615462,0.010658039700710997,0.029981417215196204,0.012399443005373767,-0.032968306561663385,-0.09050438478602674
2026-04-11T15:00:00Z,1519,1195,4,3,812,851,668,6043378.062112772,2853290.3307067463,3190087.731406028,8896668.392819505,317619.17011699994,966981.1606319947,813.3652793100943,100.0,1.0,2.906517445687953,14.0,0.0357009114078423,0.0357009114078423,observed,0.5602369980250165,0.35857105048230703,12.668611514263638,7.326465613840322,0.010658039700710997,0.015126668035178037,0.019764465887309735,0.007157272877612142,-0.04629316941316275,-0.08581067321750424
2026-04-11T16:00:00Z,1094,868,4,3,646,640,454,3838906.153915877,2140192.1781865344,1698713.9757293432,5979098.332102412,216688.18721599953,1154448.819012797,406.1940256285616,100.0,1.0,2.603290676416819,9.0,0.03624094724326203,0.03624094724326203,observed,0.5850091407678245,0.28410872030800494,12.28621928879914,6.9985096422506015,0.015126668035178037,0.003933432298213413,-0.00035372264773214646,-0.007102693059153786,-0.05681477288778958,-0.08482623864969407
2026-04-11T17:00:00Z,1293,1033,4,3,766,590,703,2526677.6425936352,3611780.856643144,-1085103.2140495095,6138458.499236782,223338.59594100039,1215420.2064965197,649.5836096242857,100.0,1.0,2.5792730085073474,10.0,0.03638349855566653,0.03638349855566653,observed,0.4563031709203403,-0.1767712878053056,12.31644874383275,7.165493475060845,0.003933432298213413,0.0006327675665032118,-0.017070185846031594,-0.019895502007580834,-0.05196165554853194,-0.07731490923230644
2026-04-11T18:00:00Z,1971,1550,4,3,1065,1026,945,5389462.0697572455,5834375.43543029,-444913.36567304574,11223837.5051875,408620.87418899924,1284848.126839168,759.5465853216057,100.0,1.0,2.952308472856418,14.0,0.03640652085350847,0.03640652085350847,observed,0.5205479452054794,-0.039640039823047424,12.920545494413894,7.586803535162581,0.0006327675665032118,-0.004900024772470313,-0.01236284792364073,-0.03276823894543279,-0.05347009912955225,-0.06893652879494228
2026-04-11T19:00:00Z,1322,1032,4,3,707,699,623,4112441.2269775304,3330073.1981431204,782368.0288344105,7442514.42512065,269628.3652310003,1141572.1006051437,1110.5184725452157,100.0,1.0,3.2284417549167927,17.0,0.03622812799944682,0.03622812799944682,observed,0.5287443267776096,0.1051214662337356,12.504803573568747,7.187657164114956,-0.004900024772470313,-0.01285472232684659,-0.006751358519833106,-0.04735164851464457,-0.06243478394900581,-0.0712239174633994
2026-04-11T20:00:00Z,1335,1051,4,3,745,569,766,3124763.38555846,5363829.4566457905,-2239066.071087332,8488592.842204252,303572.6688950001,1460983.8104868913,835.8934996203068,100.0,1.0,2.6584269662921347,11.0,0.03576242547359248,0.03576242547359248,observed,0.42621722846441945,-0.2637735267446175,12.623379591147522,7.197435354096591,-0.01285472232684659,0.005424886500454695,-0.002874382403367348,-0.044812104432179534,-0.0583607330812389,-0.06807245810216211
2026-04-11T21:00:00Z,730,580,4,3,429,391,339,2302892.850018892,1311107.4738457631,991785.3761731292,3614000.3238646523,129946.55896299997,1221204.9465753424,960.5969207983478,100.0,1.0,2.3589041095890413,7.0,0.03595643257276769,0.03595643257276769,observed,0.5356164383561643,0.27442869045251156,11.774886255460732,6.594413459749778,0.005424886500454695,0.000753866390877489,-0.020660817567355383,-0.05307060151396059,-0.06372532476053383,-0.07896060351862733
2026-04-11T22:00:00Z,1137,877,4,3,614,540,597,3054390.912144621,3409348.5350710903,-354957.6229264682,6463739.447215719,232588.2199599999,1471432.4204045734,877.8035042966839,100.0,1.0,2.8240985048372913,12.0,0.035983538918820154,0.035983538918820154,observed,0.47493403693931396,-0.05491521213457445,12.35702917216295,7.037027614686276,0.000753866390877489,-0.00900156964665011,-0.040876260282931565,-0.050067695300534676,-0.06794447504779477,-0.08256550110006666
2026-04-11T23:00:00Z,1036,782,4,3,559,437,599,1820256.5135718754,3364329.768621195,-1544073.2550493253,5184586.282193068,184880.43157000002,1294679.6052123553,910.9279147285803,100.0,1.0,2.9092664092664093,13.0,0.03565963058710945,0.03565963058710945,observed,0.4218146718146718,-0.2978199553458267,12.127469988157142,6.9440872082295275,-0.00900156964665011,-0.012509588595174148,-0.042058614570443464,-0.032717076196092654,-0.061384864016479135,-0.08125946972885634
2026-04-12T00:00:00Z,1070,830,4,3,561,512,558,3187875.850598409,3870294.1452383474,-682418.2946399346,7058169.995836769,248543.17461899962,1229216.0327102803,1136.8019570973963,100.0,1.0,3.2467289719626167,18.0,0.03521354327900882,0.03521354327900882,observed,0.4785046728971963,-0.09668487653916752,12.42337587378688,6.976348070447749,-0.012509588595174148,-0.019903616554064807,-0.033093523191934815,-0.021403205537366077,-0.05130718459592032,-0.0683839894744731
2026-04-12T01:00:00Z,2770,2253,4,3,1503,1213,1557,8454505.124881677,13613300.756737933,-5158795.63185628,22067805.881619602,761618.8229270014,983600.0028880866,972.6383659414796,100.0,1.0,2.8873646209386283,14.0,0.034512666416073465,0.034512666416073465,observed,0.43790613718411553,-0.23377021075543672,13.54320279012346,7.9269635448629785,-0.019903616554064807,-0.010223217276174479,-0.009583158707253459,-0.01583284683256303,-0.06346446361926894,-0.03848092184290097
2026-04-12T02:00:00Z,2159,1742,4,3,1183,1140,1019,9032986.29888657,7987911.651666306,1045074.647220271,17020897.950552892,581431.081347,917896.7248726262,1128.816628812554,100.0,1.0,2.9119962945808244,14.0,0.034159835928521814,0.034159835928521814,observed,0.5280222325150533,0.061399501380967024,13.273249445059985,7.67786350067821,-0.010223217276174479,-0.003267956582714837,0.009751680547930297,-0.014184254963789389,-0.059497613795666204,-0.03353223897481272
2026-04-12T03:00:00Z,1127,856,4,3,615,457,670,3659390.0174209955,4893384.506827023,-1233994.489406033,8552774.52424801,291206.60379499994,1193332.1606033717,999.7022280890853,100.0,1.0,3.218278615794144,17.0,0.034048203067834744,0.034048203067834744,observed,0.40550133096716945,-0.14428002116828048,12.581791706897135,7.028201432058005,-0.003267956582714837,0.003927460967516394,0.012090432668483642,-0.011251866573799618,-0.04143569337762365,-0.041417030140853184
2026-04-12T04:00:00Z,896,685,4,3,485,499,397,2830862.4873746387,1571688.8523218355,1259173.6350528037,4402551.339696478,150487.68435299982,1054822.5658482143,858.9042234714419,100.0,1.0,2.6517857142857144,8.0,0.034181926056397735,0.034181926056397735,observed,0.5569196428571429,0.2860099832792896,11.921643173321124,6.799055862058796,0.003927460967516394,0.009099126806241697,-0.006310159384155911,-0.01881900390040514,-0.029698796118412862,-0.05219261916153528
2026-04-12T05:00:00Z,1007,767,4,3,553,539,468,3728439.4980046214,2082058.9389393982,1646380.5590652258,5810498.43694402,200421.24214799976,1242305.4409136048,539.4282963875876,100.00025595282125,1.0,3.6792452830188678,22.0,0.03449295173606647,0.03449295173606647,observed,0.535253227408143,0.28334583976432925,12.208181630796524,6.915723448631314,0.009099126806241697,-0.0009593600979822536,-0.023704774126972583,-0.02963743814234665,-0.026742856797046355,-0.06992814278429249
2026-04-12T06:00:00Z,800,619,4,3,459,318,482,1308616.7477013206,2729086.63546106,-1420469.88775974,4037703.38316238,139138.69562499996,1039400.82125,768.2199810364759,100.0,1.0,2.545,10.0,0.03445986057450926,0.03445986057450926,observed,0.3975,-0.3518014457632621,11.84323371193032,6.68586094706836,-0.0009593600979822536,-0.014324721904126814,-0.02306345212723615,-0.030558018611715476,-0.01634013849025462,-0.05842965332279815
2026-04-12T07:00:00Z,683,501,4,3,330,293,390,1470129.9666844537,3421164.555668562,-1951034.58898411,4891294.522353018,166138.84773000007,1026663.355783309,1822.6158654525625,100.0,1.0,4.765739385065886,22.0,0.03396623265492443,0.03396623265492443,observed,0.4289897510980966,-0.39887898389024845,12.020585168876451,6.52795791762255,-0.014324721904126814,-0.008565228640150857,-0.012588278560337174,-0.04839789321702992,-0.009374423628271233,-0.039248831205355716
2026-04-12T08:00:00Z,392,302,4,3,231,159,233,670103.3275572576,1301157.2761382842,-631053.9485810262,1971260.6036955435,66382.800302,1238389.663265306,921.421394139033,100.0,1.0,2.607142857142857,10.0,0.03367530410619045,0.03367530410619045,observed,0.40561224489795916,-0.320127104147459,11.10320833434325,5.973809611869261,-0.008565228640150857,-0.00030309678334095036,-0.006076711078935038,-0.045965342976148627,-0.01031363640208205,-0.03958307508439296
2026-04-12T09:00:00Z,652,509,4,3,379,268,384,1467582.5523504075,1540231.5697265542,-72649.01737614494,3007814.1220769575,101258.35486900009,1213416.328220859,779.4534284102606,100.0,1.0,2.542944785276074,7.0,0.033665097229837834,0.033665097229837834,observed,0.4110429447852761,-0.024153426517586566,11.525440374468646,6.481577129276431,-0.00030309678334095036,-0.003755847557949221,-0.007671497704532015,-0.030527316091340073,-0.016272232028701206,-0.022154913591047043
2026-04-12T10:00:00Z,667,532,4,3,394,321,346,1808194.6012768792,1997923.2777543468,-189728.67647746726,3806117.879031225,127652.07921700014,983173.8980509745,1149.429829085178,100.0,1.0,2.535232383808096,10.0,0.033538656256619025,0.033538656256619025,observed,0.48125937031484256,-0.04984834482471654,11.757071544721034,6.504288173536645,-0.003755847557949221,-0.0020271308264997456,-0.03626614296666619,-0.011088466104885009,-0.015686861630932913,-0.0036159423080456277
2026-04-12T11:00:00Z,686,520,4,3,374,350,336,1833264.1277486037,1903919.201922966,-70655.07417436165,3737183.329671572,125086.026267,1114986.4241982508,1129.965768059453,100.0,1.0,2.740524781341108,9.0,0.033470669012641854,0.033470669012641854,observed,0.5102040816326531,-0.01890596953416543,11.736764984178588,6.532334292222349,-0.0020271308264997456,-0.0019071473863118138,-0.04013250553824321,0.0029829895124549033,-0.021174392943868026,-0.0010906532642326328
2026-04-12T12:00:00Z,694,555,4,3,413,252,442,1262223.4183552992,2805863.6309014657,-1543640.2125461663,4068087.0492567597,135901.91491000002,924086.667146974,791.511563575037,100.0,1.0,2.2968299711815563,7.0,0.03340683551371629,0.03340683551371629,observed,0.3631123919308357,-0.37945112625556765,11.81969604884225,6.543911845564792,-0.0019071473863118138,-0.03246332503910476,-0.023032512251676462,0.014666045410061779,-0.01800035227554586,0.009646361481647325
2026-04-12T13:00:00Z,2874,2276,4,3,1341,1283,1591,8435719.399289208,13709544.182930388,-5273824.783641199,22145263.582219623,715786.7068700013,1047261.7908837857,1513.8354518231058,100.0,1.0,3.835073068893528,18.0,0.03232233855390661,0.03232233855390661,observed,0.4464161447459986,-0.23814685086320397,13.481138903193413,7.963807953231451,-0.03246332503910476,-0.006030855423972636,0.026125134733032684,0.04100817905992571,0.02667655503272992,0.05295794059251757
2026-04-12T14:00:00Z,1255,965,4,3,689,684,571,4673192.782840959,3014094.9915048582,1659097.791336099,7687287.774345825,246972.62461399977,1028364.8517928286,750.5720561546337,100.0,1.0,3.247011952191235,18.0,0.0321274072031233,0.0321274072031233,observed,0.5450199203187251,0.21582355702525852,12.417036826969138,7.135687347028144,-0.006030855423972636,0.015873828818778746,0.04491817391407249,0.03736940404794464,0.027607983989965446,0.07168826261514205
2026-04-12T15:00:00Z,1964,1546,4,3,1002,1015,949,8662313.774745902,5483375.321781728,3178938.4529641727,14145689.096527664,461678.4024940008,998555.1384928717,1288.8456244488898,100.0,1.0,3.144602851323829,12.0,0.03263739216545688,0.03263739216545688,observed,0.5168024439918534,0.22472842653840774,13.042625995184567,7.583247524303362,0.015873828818778746,0.016219795851750707,0.038587320596128016,0.014703956387059902,0.000019469989276155175,0.04227902410422235
2026-04-12T16:00:00Z,1944,1485,4,3,930,972,972,6940525.422527513,6196318.106881479,744207.3156460273,13136843.529408993,435706.5890909995,1005392.4778806585,1357.5676118102003,100.0,1.0,3.661522633744856,18.0,0.033166764003514114,0.033166764003514114,observed,0.5,0.05665039048231003,12.984726630110826,7.573017256052546,0.016219795851750707,0.012173260669160246,0.014504122180736934,-0.004649956410090361,-0.023182309733450035,0.013482879935102776
2026-04-12T17:00:00Z,1324,997,4,3,658,739,585,5599840.278965704,3309295.340212076,2290544.9387536156,8909135.619177775,299084.24124899996,1109811.2975830815,1139.858627909828,100.0,1.0,3.376132930513595,17.0,0.033570511667281415,0.033570511667281415,observed,0.5581570996978852,0.2571006926668617,12.608483899532319,7.1891677384203225,0.012173260669160246,0.00971894668508999,-0.007224268899306718,-0.024085535556356397,-0.04437191783162764,0.00995689015704282
2026-04-12T18:00:00Z,690,518,4,3,379,380,310,1741970.162825708,1788151.3284221506,-46181.165596442486,3530121.491247858,119659.75749399993,1136321.7492753624,1021.7037286253518,100.0,1.0,2.971014492753623,15.0,0.033896781680366916,0.033896781680366916,observed,0.5507246376811594,-0.013082032930293842,11.692415997310079,6.53813982376767,0.00971894668508999,-0.007344735018025794,-0.022996009806242834,-0.032194235564871,-0.042788687918955626,-0.0010751146070341333
2026-04-12T19:00:00Z,461,352,4,3,276,164,297,537191.6215957619,1593436.7574703128,-1056245.1358745499,2130628.3790660757,71690.99763100003,1478578.010845987,388.00554130651125,100.0,1.0,2.6919739696312366,15.0,0.03364781880096075,0.03364781880096075,observed,0.3557483731019523,-0.49574348405963536,11.180134411307355,6.135564891081739,-0.007344735018025794,-0.009505208612272997,-0.018880237321909132,-0.013767061888157128,-0.030157113130980018,0.028577676941325514
2026-04-12T20:00:00Z,607,491,4,3,371,252,355,878599.4925160802,1819351.453818685,-940751.9613026037,2697950.9463347676,89917.28017400004,1226546.5749588138,349.24500436037374,100.0,1.0,2.301482701812191,8.0,0.03332798926390966,0.03332798926390966,observed,0.41515650741350907,-0.34869127720080983,11.406656538765786,6.410174881966167,-0.009505208612272997,-0.00632196277417485,-0.01698396337544994,-0.009409782108368403,-0.029574458898175005,0.03277688743574547
2026-04-12T21:00:00Z,647,488,4,3,342,295,352,1204950.2611804965,2140752.622057202,-935802.3608767067,3345702.883237697,110800.61583800016,1479405.1097372489,545.5414120944663,100.0,1.0,3.2256568778979906,13.0,0.033117290956445125,0.033117290956445125,observed,0.4559505409582689,-0.27970276905494784,11.615496636564437,6.473890696352274,-0.00632196277417485,-0.0031630292450209874,-0.00941472691099654,-0.014471695222386893,-0.0059799893363561285,0.04716257114256028
2026-04-12T22:00:00Z,1494,1184,4,3,821,759,735,4342297.428041253,4308509.0006406745,33788.427400574095,8650806.428681904,285585.09323000006,1091170.4310575635,922.0455424535805,100.0,1.0,3.033467202141901,16.0,0.03301253999663402,0.03301253999663402,observed,0.5080321285140562,0.003905812444091681,12.562298815089747,7.3098814858247865,-0.0031630292450209874,-0.007590814938370105,0.005211571133573845,-0.018618930538767398,0.012263291885840077,0.06507601553972031
2026-04-12T23:00:00Z,909,708,4,3,480,370,539,2214769.6447977163,3473907.086367788,-1259137.441570071,5688676.731165502,186372.13077100005,1317863.2068206822,844.6432657539322,100.0,1.0,3.167216721672167,13.0,0.03276194791487403,0.03276194791487403,observed,0.40704070407040704,-0.22134100794862668,12.135506022619026,6.813444599510896,-0.007590814938370105,0.001329371235718746,0.007705043442718829,-0.020787049494994658,0.020518200111292684,0.09575189497735503
2026-04-13T00:00:00Z,727,566,4,3,421,396,331,2466584.143900112,1617361.0174142073,849223.1264859029,4083945.1613143217,133975.86587299986,1266330.9119669877,649.5969540325649,100.0,1.0,2.614855570839065,9.0,0.03280550070605818,0.03280550070605818,observed,0.5447042640990372,0.20794185351220545,11.805422421289768,6.590301048196686,0.001329371235718746,0.011555577049864763,-0.005105030782075803,-0.01094687874717104,0.028153486430731123,0.07616946498286437
2026-04-13T01:00:00Z,1466,1093,4,3,749,657,809,4981953.351805502,4682951.043141229,299002.3086642662,9664904.394946732,320725.8626460002,1223234.5770804912,672.1945557946425,100.0,1.0,3.480218281036835,16.0,0.03318458719712643,0.03318458719712643,observed,0.4481582537517053,0.03093691323223008,12.678345144711558,7.2909747781429814,0.011555577049864763,-0.005129099521085423,-0.023706951209751415,-0.016618843895238267,0.02559850561596755,0.060234338072246096
2026-04-13T02:00:00Z,877,644,4,3,464,430,447,2576931.6856336165,2881471.912482211,-304540.2268485913,5458403.598115831,180205.8113830001,1315864.6567844925,630.4944607050475,100.0,1.0,3.2941847206385404,15.0,0.03301438014682623,0.03301438014682623,observed,0.4903078677309008,-0.055792911127662784,12.101860422459769,6.777646593635117,-0.005129099521085423,-0.01139965463595316,-0.0282742387002185,-0.020356224426206215,0.042896006368131845,0.0804660127990593
2026-04-13T03:00:00Z,798,621,4,3,428,330,468,1398912.070572438,3454076.7787771164,-2055164.708204679,4852988.849349554,158391.98408100006,1443737.9837092732,488.6516065807645,100.0,1.0,3.526315789473684,20.0,0.03263802761513234,0.03263802761513234,observed,0.41353383458646614,-0.4234843252277682,11.972834464963595,6.683360945766275,-0.01139965463595316,-0.007357852944906207,-0.005871823806373633,0.00861639979781903,0.042258731337900146,0.10146014889672372
2026-04-13T04:00:00Z,692,527,4,3,401,318,374,1338076.407172295,2278129.881035589,-940053.4738632943,3616206.2882078895,117157.42391700023,1362967.6690751445,668.0130127555284,100.0,1.0,2.520231213872832,12.0,0.03239788180752841,0.03239788180752841,observed,0.4595375722543353,-0.2599557101951625,11.671282348452758,6.541029999189903,-0.007357852944906207,-0.009783297790772472,0.007260225117136976,0.03146812526306575,0.037535345678012755,0.0961532079453542
2026-04-13T05:00:00Z,778,590,4,3,432,389,389,1587304.4011533265,2774326.714238894,-1187022.313085571,4361631.115392219,139925.15494200023,1467902.2313624679,670.6759394685668,100.0,1.0,3.1568123393316196,14.0,0.03208092368201511,0.03208092368201511,observed,0.5,-0.27215100995051206,11.848870097733002,6.658011045870748,-0.009783297790772472,0.011391791246288197,0.008148404199371129,0.042182090815879425,0.05685141427132967,0.1224933766747649
2026-04-13T06:00:00Z,1014,809,4,3,550,604,410,4777921.637812876,1964195.3174955891,2813726.3203172875,6742116.955308458,218757.3080699998,918664.1262327416,888.2207004581018,100.0,1.0,2.826429980276134,12.0,0.032446382867588726,0.032446382867588726,observed,0.5956607495069034,0.41733573282229675,12.29572278324722,6.922643891475888,0.011391791246288197,0.005754566108114645,0.014573798380472569,0.03953312955362187,0.043578228532666685,0.11567656682460736
2026-04-13T07:00:00Z,1096,830,4,3,597,468,628,2286437.610633742,3602856.3927333937,-1316418.782099655,5889294.003367138,192185.90673000002,1160091.4753649635,1068.4400731036972,100.0,1.0,2.6751824817518246,10.0,0.03263309772276946,0.03263309772276946,observed,0.42700729927007297,-0.22352743492632685,12.166223650044877,7.00033446027523,0.005754566108114645,-0.008910147298129112,0.024033412163290357,0.042930809939892844,0.060561139198454184,0.11956242643721993
2026-04-13T08:00:00Z,629,506,4,3,388,273,356,1465872.6729252096,1856704.9334848556,-390832.2605596456,3322577.606410066,107459.90809299999,1241160.093799682,637.0045010701934,100.0,1.0,2.357710651828299,13.0,0.032342332015265346,0.032342332015265346,observed,0.43402225755166934,-0.1176292345453826,11.58488241476823,6.4457198193855785,-0.008910147298129112,0.017837857027097836,0.033758607834663446,0.06456656222542745,0.06425155119384685,0.12148249799582134
2026-04-13T09:00:00Z,1545,1213,4,3,812,906,639,7218586.393166301,3523149.957456194,3695436.4357101084,10741736.350622507,353609.9033899996,1189787.4330097088,937.3860101486379,100.0,1.0,3.3702265372168285,17.0,0.03291924990967658,0.03291924990967658,observed,0.5864077669902913,0.34402598565882225,12.775952444649183,7.343426229147367,0.017837857027097836,0.015131951736321536,0.024600804015430855,0.0333549321097939,0.053462264249023006,0.0974411365061918
2026-04-13T10:00:00Z,1051,826,4,3,631,600,451,3470853.4874990755,2342410.7856753357,1128442.7018237386,5813264.273174413,194264.07526999988,1147771.1389153188,546.7337084281125,100.0,1.0,2.434823977164605,10.0,0.033417382410505715,0.033417382410505715,observed,0.570884871550904,0.19411515609758045,12.17697887278615,6.9584483932976555,0.015131951736321536,0.0005021849861039929,0.01845388788309288,0.005882121091623116,0.05217291200542329,0.08112500524444632
2026-04-13T11:00:00Z,866,682,4,3,480,421,445,2132007.1300777923,2775289.0857278267,-643281.955650031,4907296.215805615,164071.34705600006,1248470.2575057736,800.2310734306649,100.0,1.0,3.284064665127021,15.0,0.033434164118227166,0.033434164118227166,observed,0.48614318706697457,-0.1310868403619335,12.0080627501178,6.7650389767805414,0.0005021849861039929,0.008821091078259569,0.02980188426705843,0.014075585816262004,0.07372107117526938,0.1068461098324931
2026-04-13T12:00:00Z,1244,975,4,3,725,734,510,5134620.40523288,3214755.0497489497,1919865.3554839352,8349375.45498183,281616.835539,1119594.3062700965,676.735072299105,100.0,1.0,2.7411575562700965,14.0,0.03372908992503953,0.03372908992503953,observed,0.590032154340836,0.2299411933066691,12.548306237691465,7.126890808898808,0.008821091078259569,0.009041842353110674,0.008543940293678665,0.0038912650920339686,0.046701177582757936,0.09336408566937315
2026-04-13T13:00:00Z,2327,1858,4,3,1261,1143,1184,8755299.088034468,7880124.894392154,875174.1936423024,16635423.98242666,566171.0684959997,1145330.039535883,624.7671589690349,100.0,1.0,3.1486892995272884,16.0,0.03403406303885563,0.03403406303885563,observed,0.4911903738719381,0.052609070533268014,13.24665331892773,7.752764808851328,0.009041842353110674,0.011650156742558426,-0.012343972506797418,0.016904601044030354,0.03377133670400245,0.07851517489458959
2026-04-13T14:00:00Z,2600,2076,4,3,1341,1411,1189,10397994.282840017,7831352.42283082,2566641.8600091906,18229346.705670796,627646.7104460021,1065660.1084615386,780.7546706328567,100.0,1.0,3.523076923076923,23.0,0.03443056520784441,0.03443056520784441,observed,0.5426923076923077,0.14079724860412898,13.34973431742006,7.8636512654486515,0.011650156742558426,-0.012003751603562485,-0.015271188265488012,-0.0002959054349049861,0.036024691054062474,0.0421912804878497
2026-04-13T15:00:00Z,2190,1705,4,3,1151,809,1381,5094274.251859032,11023372.6667291,-5929098.4148701,16117646.918588113,548278.334995001,1239702.8853881278,1085.7209568398678,100.0,1.0,3.0794520547945203,14.0,0.034017269255519185,0.034017269255519185,observed,0.36940639269406395,-0.3678637734663493,13.214540171451537,7.692113339595466,-0.012003751603562485,-0.011856382476802207,-0.004613259785478441,0.01945830180359831,0.056801076142417584,0.03314177097100157
2026-04-13T16:00:00Z,2007,1602,4,3,1094,1032,975,8057527.947625657,6390587.146624593,1666940.8010010573,14448115.094250273,485658.18225800106,1145390.4115595417,933.2328181949551,100.0,1.0,2.6213253612356753,9.0,0.033613947500409386,0.033613947500409386,observed,0.5142002989536621,0.11537427478442693,13.093262385802982,7.60489448081162,-0.011856382476802207,0.008651827163570491,0.029614129551828183,0.046020095141529715,0.05649721959981591,0.05539363642720163
2026-04-13T17:00:00Z,1677,1326,4,3,918,806,871,6852592.473080888,6822450.712374002,30141.760706887537,13675043.185454894,463649.18798700016,1005659.0244484198,1097.3989297094863,100.0,1.0,3.046511627906977,19.0,0.03390476956446826,0.03390476956446826,observed,0.4806201550387597,0.0022041437308912516,13.046885641678521,7.425357887027151,0.008651827163570491,-0.0013104589645674958,0.015207519727391094,0.058817593277326274,0.06211087151611916,0.02452937481829376
2026-04-13T18:00:00Z,1089,875,4,3,653,601,488,4291263.38612347,3209811.0712492373,1081452.3148742344,7501074.457372713,253988.92215499995,1013502.6262626263,892.049013669385,100.0,1.0,2.307621671258035,8.0,0.03386033875525091,0.03386033875525091,observed,0.55188246097337,0.14417298761929878,12.44504986865842,6.993932975223189,-0.0013104589645674958,0.02212194469164297,0.02418312462539829,0.04264397348531501,0.06908762210698405,0.024112903495141946
2026-04-13T19:00:00Z,1817,1431,4,3,1015,1086,731,8049597.699725323,4224377.401791648,3825220.297933657,12273975.101516971,424794.8561470001,1099793.5272427078,733.4001287908694,100.0,1.0,3.0902586681342874,19.0,0.034609395296434864,0.034609395296434864,observed,0.5976884975233901,0.3116529295762453,12.959363994029426,7.505492274737424,0.02212194469164297,-0.005461473057917665,0.01593409134433954,0.016586350029939245,0.05563214138070105,-0.004586874793600759
2026-04-13T20:00:00Z,1446,1146,4,3,750,675,771,5019818.18018401,6690453.529422837,-1670635.3492388302,11710271.709606836,403071.96721,1166162.0885200554,1549.3505554565759,100.0,1.0,3.035961272475795,13.0,0.03442037701647256,0.03442037701647256,observed,0.46680497925311204,-0.1426640978678812,12.906872884613865,7.277247726631484,-0.005461473057917665,0.0075191079583736276,0.042956807059157276,0.036331347132041225,0.05377577015300039,-0.005966183121641766
2026-04-13T21:00:00Z,717,566,4,3,434,393,324,2852186.0669113067,1691828.1926038037,1160357.8743075004,4544014.259515112,157582.72272299996,1236249.711297071,1299.3569255430248,100.0,1.0,2.414225941422594,7.0,0.03467918754722734,0.03467918754722734,observed,0.5481171548117155,0.2553596463474393,11.967712168857473,6.576469569048224,0.0075191079583736276,0.013889512681844352,0.018024949265463608,0.03663001642416708,0.04174698396863774,-0.016120312025720063
2026-04-13T22:00:00Z,2234,1773,4,3,1209,1242,992,9542739.69656559,5237350.460314001,4305389.236251582,14780090.156879582,519680.7482270002,1141855.660698299,876.4074922807504,100.0,1.0,3.007162041181737,20.0,0.03516086456246061,0.03516086456246061,observed,0.5559534467323187,0.29129654762272095,13.16097188055492,7.711996507047669,0.013889512681844352,0.02099214446507225,0.0006420285441317564,0.010016178950050136,0.027516478431136138,-0.022060489970678776
2026-04-13T23:00:00Z,2458,1868,4,3,1229,1196,1262,8188414.763677426,7830883.927047517,357530.8366299157,16019298.690724917,575076.2672259995,1154325.1879576892,887.4374926714812,100.0,1.0,3.585028478437754,25.0,0.035898966510872626,0.035898966510872626,observed,0.48657445077298617,0.022318757114936874,13.262259688535948,7.807510042216193,0.02099214446507225,-0.0165656124768635,-0.006352573646648096,0.0031103357742661153,0.03085069255553119,-0.03855001294542382
2026-04-14T00:00:00Z,1416,1125,4,3,786,524,892,2632524.033214049,6789393.533363084,-4156869.5001490386,9421917.566577123,332633.99841399974,1280150.0960451977,820.2038152350173,100.0,1.0,2.5903954802259888,8.0,0.03530427814333361,0.03530427814333361,observed,0.3700564971751412,-0.44119145288374484,12.714801066945848,7.256297239690681,-0.0165656124768635,-0.003422794871968282,0.018275649503607605,0.025362107578557502,0.044580926329306436,-0.013704763193818637
2026-04-14T01:00:00Z,1151,950,4,3,691,663,488,5150091.714566896,2785522.8619844085,2364568.8525824943,7935614.576551302,279202.210121,892694.670721112,769.5426923393378,100.0,1.0,2.410947002606429,9.0,0.03518343884114607,0.03518343884114607,observed,0.5760208514335361,0.2979692158398776,12.53969514737231,7.049254841255837,-0.003422794871968282,0.013855292637216632,0.009368135795332355,0.03840873069917938,0.04328214238677286,-0.00014878693191000547
2026-04-14T02:00:00Z,1688,1292,4,3,866,857,831,5471603.008952416,5167122.1294264905,304480.87952592154,10638725.138378903,379493.06737800007,1103627.96978673,819.9027923303175,100.0,1.0,3.0781990521327014,14.0,0.035670915682273756,0.035670915682273756,observed,0.5077014218009479,0.028620053208021634,12.846594242963086,7.4318919168078,0.013855292637216632,0.007809473602151673,0.009523407568862385,0.016832862451990005,0.0059521645449522875,-0.007476808529698897
2026-04-14T03:00:00Z,1407,1094,4,3,813,769,638,4723228.36727975,3241307.084981296,1481921.28229845,7964535.452261056,286320.96176400036,1058607.698649609,580.8376800299038,100.0,1.0,2.5863539445629,11.0,0.03594948675665905,0.03594948675665905,observed,0.5465529495380241,0.18606499916799876,12.564872197064942,7.249925536717988,0.007809473602151673,-0.012140498295751367,0.006959272843659159,0.004936156066676078,-0.02238766188408725,-0.026490284657382013
2026-04-14T04:00:00Z,924,752,4,3,567,347,577,1533634.364560404,4124920.324038567,-2591285.959478165,5658554.68859897,200952.49073400017,1110537.3961038962,725.018624066563,100.0,1.0,2.344155844155844,8.0,0.0355130420739567,0.0355130420739567,observed,0.37554112554112556,-0.4579413122398848,12.210828770883476,6.829793737512425,-0.012140498295751367,0.014011254673076179,0.02877106367238791,0.017326751636075777,-0.0010445679857371548,-0.01778175659222636
2026-04-14T05:00:00Z,1728,1374,4,3,924,908,820,7904851.512684222,5636027.613365104,2268823.899319107,13540879.126049353,487615.5115859997,983816.8721064815,979.516494128919,100.0,1.0,2.8113425925925926,11.0,0.036010624350670574,0.036010624350670574,observed,0.5254629629629629,0.16755366311146244,13.097284538989664,7.455298485683291,0.014011254673076179,0.005249692176304999,0.0072405006444875575,0.027654342490503137,-0.035383779326332854,-0.04347344320633317
2026-04-14T06:00:00Z,1530,1177,4,3,813,868,662,5524115.138099931,3257654.84759299,2266460.29050694,8781769.98569294,317897.1670990003,1139809.7660130719,719.379012999901,100.0,1.0,3.023529411764706,14.0,0.03619966904358815,0.03619966904358815,observed,0.5673202614379085,0.2580869567523865,12.669486381229552,7.333676395657684,0.005249692176304999,0.009257571517436336,-0.0020091346606996296,0.01874344547033746,-0.04206831851930415,-0.059696063866440996
2026-04-14T07:00:00Z,1807,1403,4,3,994,887,920,5203809.526421985,5761193.08949752,-557383.5630755286,10965002.615919497,400604.068675,1075938.1543995573,702.7856847434637,100.0,1.0,2.8240177089097953,17.0,0.036534790068666695,0.036534790068666695,observed,0.490868843386829,-0.05083296216147668,12.900731354842247,7.4999765409521215,0.009257571517436336,-0.007210408727724271,-0.011124255376564918,0.004693153614292234,-0.05704545533782157,-0.07864380028280227
2026-04-14T08:00:00Z,1349,1066,4,3,787,632,717,3674198.277618236,4538870.274107887,-864671.996489653,8213068.55172611,297899.16039099975,989899.0518902891,738.8052992835403,100.0,1.0,2.4544106745737584,8.0,0.036271359299490005,0.036271359299490005,observed,0.46849518161601184,-0.10528001696855777,12.604513677106732,7.2078598714324755,-0.007210408727724271,-0.003981661246569623,0.020267097910532383,-0.010700576573420273,-0.0566932311092786,-0.07027784768308509
2026-04-14T09:00:00Z,1124,869,4,3,621,530,594,3407356.6780643403,4167934.1820304897,-760577.5039661445,7575290.860094832,273672.07106600003,1249936.855871886,399.8475582728015,100.0,1.0,3.117437722419929,20.0,0.03612693903380682,0.03612693903380682,observed,0.47153024911032027,-0.10040241596170515,12.519689501682642,7.025538314638521,-0.003981661246569623,0.000039546666422474175,0.020794358798045254,-0.0271896058130785,-0.05554832112295316,-0.06591087480005697
2026-04-14T10:00:00Z,1451,1153,4,3,810,766,685,7377857.477593539,5342531.364769701,2035326.1128238467,12720388.842363255,459566.88581399986,1185644.6850447967,626.7453291474383,100.02526641478428,1.0,3.1943487250172296,24.0,0.03612836773381366,0.03612836773381366,observed,0.5279117849758787,0.16000502327770932,13.038041948307415,7.280697195384741,0.000039546666422474175,0.024305187613703483,0.015995345296774932,-0.01805842576366745,-0.048249317108287615,-0.06014855915803552
2026-04-14T11:00:00Z,2071,1631,4,3,1181,1211,860,7726699.9823343605,5104873.735188627,2621826.2471457417,12831573.71752299,474851.30544100056,1101004.5799130856,626.2057239652021,100.0,1.0,2.5721873491067115,10.0,0.03700647448976087,0.03700647448976087,observed,0.5847416706904877,0.20432616488539798,13.070759098752502,7.6362696033793735,0.024305187613703483,-0.0034669318052833464,-0.0303525170490877,-0.06134175589047197,-0.06732372205028758,-0.07710568816516805
2026-04-14T12:00:00Z,1866,1440,4,3,1011,886,980,5561902.7922159,7891816.952442659,-2329914.1602267567,13453719.744658554,496148.63876399986,1035257.5155412648,1230.5590750985114,100.03889085075187,1.0,3.354769560557342,28.0,0.03687817556635091,0.03687817556635091,observed,0.47481243301178994,-0.17317992380150388,13.11463285126392,7.532088143541722,-0.0034669318052833464,-0.00466189319253929,-0.04700649469460583,-0.05969291312747138,-0.05579815603942051,-0.06602605607743206
2026-04-14T13:00:00Z,2280,1820,4,3,1286,1130,1150,8608616.858311301,8024679.502337657,583937.3559736449,16633296.360648975,610545.9919350009,1020049.2442982456,961.4357260435128,100.0,1.0,2.5412280701754386,12.0,0.03670625345072487,0.03670625345072487,observed,0.4956140350877193,0.03510653230198693,13.32211054243714,7.732369222284388,-0.00466189319253929,-0.022421754645865266,-0.033517644758987664,-0.06145021365977754,-0.041629131329060765,-0.0728194003331929
2026-04-14T14:00:00Z,2903,2297,4,3,1507,1267,1636,8867744.485774832,16725831.476948738,-7858086.991173897,25593575.96272357,918380.2967140015,1173077.6062693766,1037.210916296886,100.0,1.0,3.3031346882535306,22.0,0.03588323484188377,0.03588323484188377,observed,0.43644505683775403,-0.30703356977622087,13.73036793926385,7.973844375944687,-0.022421754645865266,-0.020582677199916133,-0.03195928353990585,-0.046490125685665684,-0.013349514567351117,-0.03396354006022617
2026-04-14T15:00:00Z,2122,1691,4,3,1245,1150,972,8292534.512286928,6309940.699644855,1982593.8126420577,14602475.211931763,513199.05279900035,1082672.2643732328,895.4362200109584,100.0,1.0,2.362865221489161,7.0,0.035144661802244494,0.035144661802244494,observed,0.5419415645617343,0.1357710787977965,13.148421014605532,7.660585461703256,-0.020582677199916133,0.009426310224571743,-0.013312177220767163,-0.02915132843906021,-0.004196574258873875,-0.020821399648348837
2026-04-14T16:00:00Z,2336,1880,4,3,1287,1050,1286,7689673.34931237,11242501.871018704,-3552828.521706336,18932175.22033111,671636.831215002,1152191.3137842466,1057.3029018801467,100.0,1.0,2.827054794520548,15.0,0.035475946287130106,0.035475946287130106,observed,0.449486301369863,-0.1876608725811381,13.417474532579694,7.756623334538858,0.009426310224571743,-0.020845502355363643,-0.02890127145034549,-0.030746117830992126,-0.016754690019294416,-0.01886486620256922
2026-04-14T17:00:00Z,1493,1186,4,3,878,769,724,5263609.056403766,4628265.195017973,635343.8613857917,9891874.251421738,343608.42089999974,1131014.6644340255,649.5053478932795,100.0,1.0,2.7012726054922975,13.0,0.03473643236524298,0.03473643236524298,observed,0.5150703281982585,0.06422886555543052,12.747260886935223,7.309212365692763,-0.020845502355363643,-0.0017164263919500211,-0.015010569182354105,-0.0063728904501237915,-0.008386406641960331,-0.0022441792877270217
2026-04-14T18:00:00Z,1371,1105,4,3,761,670,701,4597953.355327054,5964374.797422529,-1366421.4420954876,10562328.15274958,366267.84477799985,1069563.8205689278,1015.407824573527,100.0,1.0,3.0919037199124726,15.0,0.03467680983596909,0.03467680983596909,observed,0.4886943836615609,-0.12936744838208625,12.811122891308509,7.22402480828583,-0.0017164263919500211,-0.0065220388931688245,-0.01605284959702702,0.004142005460157527,-0.018401881562043365,-0.001300207163340339
2026-04-14T19:00:00Z,1189,949,4,3,669,527,662,3494467.812224014,5070241.901824034,-1575774.089600013,8564709.71404805,295059.7853080001,1113322.8326324644,755.7254446205858,100.0,1.0,2.6888141295206056,12.0,0.03445064633352788,0.03445064633352788,observed,0.4432296047098402,-0.1839845297985277,12.594936665987708,7.081708586105575,-0.0065220388931688245,-0.006839569486457808,-0.0018997516178420604,0.021118839532217937,-0.022904969351113857,0.016593078571639053
2026-04-14T20:00:00Z,879,701,4,3,494,395,484,2879071.9645309765,3959213.029876866,-1080141.0653458894,6838284.994407837,233972.04926100007,1075235.930602958,581.2870662876236,100.0,1.0,2.931740614334471,12.0,0.034215018744076335,0.034215018744076335,observed,0.44937428896473264,-0.1579549647651713,12.362961213608502,6.779921907472252,-0.006839569486457808,-0.0027727741907255243,0.008769311082922115,0.03475644249845433,-0.014401059148320572,0.029491790535452367
2026-04-14T21:00:00Z,654,524,4,3,362,362,292,2924175.6475191694,2387670.9559471495,536504.6915720209,5311846.603466321,181240.9934490001,1144129.6590214067,1106.3948260637032,100.0,1.0,3.363914373088685,19.0,0.03412014822316757,0.03412014822316757,observed,0.5535168195718655,0.10100154082422431,12.107588397666735,6.484635235635252,-0.0027727741907255243,0.007768150288178344,0.020524329024088184,0.02570406172577222,-0.010972031612485389,0.04112055026044614
2026-04-14T22:00:00Z,766,626,4,3,427,396,370,3001228.877174506,2269100.5195859256,732128.3575885807,5270329.396760434,181221.32332399997,1028837.454308094,938.2347002852833,100.0,1.0,2.647519582245431,9.0,0.034385198662420055,0.034385198662420055,observed,0.5169712793733682,0.13891510425109393,12.107479862155188,6.642486801367256,0.007768150288178344,0.0037766896741249223,0.023062403989350333,0.01443525589021899,-0.012502478079232104,0.03436542662298736
2026-04-14T23:00:00Z,710,561,4,3,412,398,312,2196780.495155103,1725529.4161218344,471251.07903326873,3922309.9112769417,135378.76540600008,1022635.2816901408,693.999312606789,100.0,1.0,2.323943661971831,7.0,0.03451506088715115,0.03451506088715115,observed,0.5605633802816902,0.12014631421101779,11.815839185205432,6.566672429803241,0.0037766896741249223,0.00884774578546521,0.02576122323510699,-0.002026430410849711,-0.01048806144869896,0.023053964954061756
2026-04-15T00:00:00Z,1223,964,4,3,717,694,529,4640089.457078269,3320479.8009748044,1319609.6561034594,7960569.258053065,277190.5351350002,1233343.1365494686,852.9181757178858,100.0,1.0,2.4080130825838104,9.0,0.034820441371650517,0.034820441371650517,observed,0.5674570727718724,0.16576825266214684,12.532464008800597,7.1098794630722715,0.00884774578546521,0.010274500249948249,0.005075560233470666,-0.02245089529131883,-0.010832323727635651,0.01095014973911912
2026-04-15T01:00:00Z,1780,1389,4,3,945,1052,728,9492644.572912378,5823218.976373638,3669425.596538748,15315863.549286002,538784.5724530008,1153232.0078651686,906.3661549083275,100.0,1.0,3.061797752808989,20.0,0.03517820400522685,0.03517820400522685,observed,0.5910112359550562,0.239583330364014,13.197072945975348,7.484930283289661,0.010274500249948249,0.00642463357077383,-0.008432670446583135,-0.04311330589444373,-0.03254509295277985,0.017074419904633986
2026-04-15T02:00:00Z,1950,1567,4,3,1015,983,967,6799065.814689408,9609593.81732095,-2810528.002631539,16408659.632010335,580935.6490800004,1068295.6030769232,882.838056704283,100.0,1.0,3.277948717948718,19.0,0.03540421107563836,0.03540421107563836,observed,0.5041025641025642,-0.17128321664669707,13.272396992160948,7.576097340623111,0.00642463357077383,-0.011496837355883804,-0.027089787580698688,-0.04750634992721803,-0.020892936046989052,0.03160325672068742
2026-04-15T03:00:00Z,913,758,4,3,512,424,489,3197932.8483337117,3725840.8579055485,-527908.0095718376,6923773.7062392505,242312.51742100008,1016409.3176341731,860.8721528811291,100.0,1.0,2.511500547645126,9.0,0.034997174619188366,0.034997174619188366,observed,0.4644030668127054,-0.07624570530029333,12.397987693201479,6.81783057145415,-0.011496837355883804,-0.0033036042622958117,-0.027387448878366416,-0.03575699337345817,-0.01669488672134456,0.05773375223955668
2026-04-15T04:00:00Z,776,641,4,3,440,325,451,2477102.866854805,3365142.690823084,-888039.8239682765,5842245.557677888,203786.62612500027,1045664.0154639175,798.0788482633455,100.0,1.0,2.6804123711340204,16.0,0.0348815578039481,0.0348815578039481,observed,0.41881443298969073,-0.15200316645390113,12.224833682152216,6.655440350367647,-0.0033036042622958117,-0.01251203539314416,-0.03497557292804321,-0.026554414205381516,-0.002146133993068622,0.04369308196890276
2026-04-15T05:00:00Z,818,660,4,3,456,340,478,2227737.6331349406,5240598.900024186,-3012861.26688925,7468336.533159138,257247.73701799964,1410383.0635696822,818.4580612606541,100.0,1.0,2.8190709046454767,10.0,0.0344451185181371,0.0344451185181371,observed,0.4156479217603912,-0.40341798384583466,12.457798744133223,6.70808408385307,-0.01251203539314416,-0.01179926930734787,-0.020985042695512712,-0.008478812761877896,0.006194174218036919,0.05326494575922802
2026-04-15T06:00:00Z,566,473,4,3,348,221,345,1076846.8273249122,2680241.0068220533,-1603394.1794971372,3757087.8341469686,127886.35293,1322039.9911660778,427.74209974069765,100.0,1.0,2.590106007067138,11.0,0.034038691288418084,0.034038691288418084,observed,0.39045936395759717,-0.42676515702518336,11.758905100191422,6.340359303727752,-0.01179926930734787,-0.011079625538189974,-0.008605219504354444,0.01188540965125795,0.01742227707803412,0.0592873699112928
2026-04-15T07:00:00Z,723,596,4,3,455,343,380,1412283.6160803214,2801873.46827599,-1389589.8521956718,4214157.084356311,141855.081886,1356581.2199170124,520.9718742251677,100.0,1.0,2.3167358229598896,9.0,0.03366155533513236,0.03366155533513236,observed,0.47441217150760717,-0.32974324980767156,11.862568314791963,6.584791392385716,-0.011079625538189974,0.0018041620372262201,0.008726368459099909,0.011044372344985343,0.04042395742870819,0.07716583952612455
2026-04-15T08:00:00Z,1359,1067,4,3,723,709,650,6240844.2071860265,4924485.474078251,1316358.7331077706,11165329.681264268,376520.44342400006,1067879.06401766,873.7154605894511,100.0,1.0,3.027961736571008,12.0,0.033722286235381996,0.033722286235381996,observed,0.5217071376011774,0.11789698743214515,12.838730279245649,7.215239978730097,0.0018041620372262201,0.0006967096683274665,0.012774299146632195,0.027940778269960553,0.044534189176222316,0.06767434690641627
2026-04-15T09:00:00Z,675,549,4,3,418,310,365,1740361.8649676496,2070738.515789234,-330376.6508215844,3811100.380756886,128608.55835400002,951756.2355555556,474.073636998556,100.0,1.0,2.274074074074074,8.0,0.03374578087824029,0.03374578087824029,observed,0.45925925925925926,-0.08668799501837615,11.76453641425999,6.516193076042964,0.0006967096683274665,0.006208704798054132,0.020668486014590703,0.019768986159208524,0.052670484089405445,0.058225718083357414
2026-04-15T10:00:00Z,1345,1086,4,3,743,677,668,5804772.642573289,4714952.737891715,1089819.904681586,10519725.380465021,357200.41511499963,950028.9144981413,846.5906169509261,100.0,1.0,3.013382899628253,17.0,0.033955298469893105,0.033955298469893105,observed,0.5033457249070632,0.10359775234298091,12.786055089664762,7.204892510204673,0.006208704798054132,0.005824314515844087,0.002297951117731234,0.025074108474577583,0.0474612884203065,0.053932705907841605
2026-04-15T11:00:00Z,1036,838,4,3,591,534,502,3954144.6330064116,3063685.3842351446,890459.2487712669,7017830.017241553,239680.40338800036,1005390.6167953667,810.9902398298498,100.0,1.0,2.4806949806949805,10.0,0.03415306480766112,0.03415306480766112,observed,0.5154440154440154,0.12688526889131937,12.38706583455086,6.9440872082295275,0.005824314515844087,0.00849675636276781,0.014975181672864046,0.014798460354424003,0.0338975459476194,0.049283617690922155
2026-04-15T12:00:00Z,1326,1058,4,3,766,761,565,5325125.98653988,4096627.806520086,1228498.180019799,9421753.793059997,324515.86917999986,1115683.7360482654,737.1053374438078,100.0,1.0,2.5460030165912517,12.0,0.03444325507837364,0.03444325507837364,observed,0.5739064856711915,0.13038954392171687,12.69009279892148,7.190676034332207,0.00849675636276781,-0.01190157525692559,-0.0008812850281039175,0.005471832456487746,0.022021012199712198,0.047979702999041196
2026-04-15T13:00:00Z,1997,1645,4,3,1047,889,1108,7489279.824543233,9905305.6421454,-2416025.8176021837,17394585.466688618,591995.5993179996,1115387.8517776665,852.5365036117371,100.0,1.0,2.8487731597396095,11.0,0.03403332608596489,0.03403332608596489,observed,0.44516775162744116,-0.13889527992655976,13.291256169454373,7.599901959208498,-0.01190157525692559,0.018546147099514743,0.022723938856152648,0.02905865052745482,0.05128870864778401,0.05115476783514383
2026-04-15T14:00:00Z,2220,1748,4,3,1116,1287,933,12686482.963115878,9125989.09426159,3560493.86885433,21812472.057377484,756118.7246379998,1092881.792792793,922.2944240216924,100.02543317820269,1.0,3.618018018018018,22.0,0.03466451315784095,0.03466451315784095,observed,0.5797297297297297,0.16323201971278117,13.535955008546392,7.7057128238944275,0.018546147099514743,-0.007258501030761866,-0.00017411393069610703,0.0161423802392473,0.05361639671531959,0.004194931415543834
2026-04-15T15:00:00Z,1576,1309,4,3,848,703,873,5196712.613603441,7694772.046978796,-2498059.4333753497,12891484.660582233,443633.38218800066,921102.5685279188,928.8035007041243,100.0,1.0,2.784263959390863,13.0,0.0344129007533539,0.0344129007533539,observed,0.4460659898477157,-0.19377593032504348,13.002756038641479,7.3632795869630385,-0.007258501030761866,0.011443282752663153,0.006358721330498085,0.03226367773167427,0.07569231356148665,0.02288443063567125
2026-04-15T16:00:00Z,1973,1585,4,3,1028,1042,931,10852376.376660274,8179871.255249069,2672505.1214112253,19032247.631909367,662449.6823960007,1070943.025848961,1108.401761303635,100.10560455103953,1.0,4.17181956411556,40.0,0.03480669730701386,0.03480669730701386,observed,0.5281297516472377,0.14041983758820567,13.403701392405182,7.587817219993427,0.011443282752663153,-0.00425836793727119,0.00619396049180887,0.021839572144733532,0.04593780464608921,0.0032772093997253116
2026-04-15T17:00:00Z,912,751,4,3,511,395,517,2881331.555007257,4354169.558595046,-1472838.003587787,7235501.113602311,250771.45314899978,1081714.2598684211,1008.6786555127784,100.0,1.0,2.5964912280701755,9.0,0.03465847758319937,0.03465847758319937,observed,0.4331140350877193,-0.20355715249893877,12.432301245779467,6.816735880594968,-0.00425836793727119,-0.0007719549630123002,0.016319335593609985,0.018820570132245695,0.04678100186554168,-0.01939775176209757
2026-04-15T18:00:00Z,1002,812,4,3,564,587,415,4613963.829701537,3189776.8745159693,1424186.9551855703,7803740.704217497,270256.98486699985,962699.1546906187,1130.8868038978244,100.0,1.0,2.5149700598802394,7.0,0.03463172279941857,0.03463172279941857,observed,0.5858283433133733,0.18250054802767535,12.50713228128884,6.910750787961936,-0.0007719549630123002,0.011277689470644559,0.025741274807980385,0.01645911820601964,0.04114819753455001,-0.009816045231972659
2026-04-15T19:00:00Z,1127,917,4,3,614,620,507,5822396.512726255,2984118.114734266,2838278.3979919907,8806514.627460532,308424.2969749998,951684.3753327418,982.1815258162172,100.0,1.0,3.168589174800355,25.0,0.035022288614983854,0.035022288614983854,observed,0.5501330967169477,0.322293043054928,12.639234943815103,7.028201432058005,0.011277689470644559,0.005761824913207425,0.015549299903646396,0.02160232374406945,0.03531433684804797,-0.010184149966853018
2026-04-15T20:00:00Z,1009,825,4,3,583,488,521,3159117.775562949,3218777.3555757473,-59659.58001279754,6377895.131138694,224655.494135,918207.1437066402,750.0785733378007,100.0,1.0,2.454905847373637,10.0,0.03522408091004321,0.03522408091004321,observed,0.4836471754212091,-0.00935411742998447,12.32232782187038,6.917705609835305,0.005761824913207425,0.008491536906040542,0.0024610714871173833,0.036878706375034875,0.022153566604118158,-0.02450725084433414
2026-04-15T21:00:00Z,654,519,4,3,417,422,232,2465416.830231682,1163583.6741329911,1301833.156098693,3629000.5043646754,128913.66532899995,1233740.4174311927,429.005353924593,100.0,1.0,2.36085626911315,11.0,0.035523187493072206,0.035523187493072206,observed,0.6452599388379205,0.35873049742841057,11.766905955372621,6.484635235635252,0.008491536906040542,0.0012294277056812408,-0.009049218189741248,0.04207126218491353,0.005277277246694467,-0.0369924536745575
2026-04-15T22:00:00Z,1306,1056,4,3,731,646,660,4954286.243048673,5199200.946411308,-244914.70336263446,10153487.189459981,361127.6643240003,897179.9571209801,856.3919354624956,100.0,1.0,2.754977029096478,11.0,0.035566860683970296,0.035566860683970296,observed,0.4946401225114854,-0.024121240199807686,12.796989584685559,7.175489713624222,0.0012294277056812408,-0.007200264173297555,0.005960344653870964,0.023583185813381702,0.006178192510860825,-0.041357842382769294
2026-04-15T23:00:00Z,1012,805,4,3,561,429,583,3116824.4775022226,4745376.5726069985,-1628552.095104773,7862201.05010922,277620.3721190001,968772.7509881423,783.4366032001556,100.0,1.0,2.6699604743083003,10.0,0.03531076989123084,0.03531076989123084,observed,0.42391304347826086,-0.2071369181130454,12.53401349355259,6.920671504248683,-0.007200264173297555,-0.0030879947651780704,0.03433313857949605,0.027443921484296974,0.014881621301461534,-0.031142690273952556
2026-04-16T00:00:00Z,1155,956,4,3,597,662,493,5704125.7058515595,4135525.790299548,1568599.9155520056,9839651.496151103,346372.75938099995,961226.8727272727,1167.4856942090705,100.0,1.0,2.7506493506493506,8.0,0.03520173041865231,0.03520173041865231,observed,0.5731601731601732,0.15941620657658273,12.755273700436742,7.052721049232323,-0.0030879947651780704,0.016394677374861777,0.05158730515482146,0.024289298887007593,0.025399370941951327,-0.024224519738926586
2026-04-16T01:00:00Z,1757,1421,4,3,893,939,818,7601033.732972935,5913384.2608883735,1687649.4720845646,13514417.993861308,483530.35359099996,1072257.4029595903,929.6332484397966,100.0,1.0,2.9430848036425727,15.0,0.03577885143190297,0.03577885143190297,observed,0.5344336937962436,0.12487770267658957,13.08887143891054,7.471932078245122,0.016394677374861777,0.020801338935340086,0.01751842530688852,0.013422065303968056,-0.00012740630764740413,-0.04221744020385376
2026-04-16T02:00:00Z,3062,2473,4,3,1579,1742,1320,13271309.255100254,8932474.745053817,4338834.510046453,22203784.000154074,810951.0111430003,1061347.1645983018,876.3374720103859,100.0,1.0,3.0979751796211628,21.0,0.03652309944725517,0.03652309944725517,observed,0.5689092096668844,0.195409688277293,13.60596415889673,8.027150106832774,0.020801338935340086,0.013541933405629702,-0.006660539857265446,-0.014201410136385428,-0.046906507390971464,-0.0731925362491831
2026-04-16T03:00:00Z,2207,1755,4,3,1078,1121,1086,7374334.391394876,7799821.663628442,-425487.2722335624,15174156.055023313,561712.2477649997,967129.6651563208,907.9991726661594,100.0,1.0,3.120525600362483,16.0,0.037017692827737085,0.037017692827737085,observed,0.5079293158133212,-0.028040259418098408,13.23874676336791,7.699842407396986,0.013541933405629702,-0.016534046632950994,-0.025958858702459175,-0.03530851130187862,-0.04909199615917581,-0.08635058214224944
2026-04-16T04:00:00Z,1644,1354,4,3,891,706,938,3841620.6061103805,6718697.8321808595,-2877077.2260704697,10560318.438291248,384455.1573510008,987935.8673965937,683.7956647092356,100.0,1.0,2.687347931873479,9.0,0.036405640568279024,0.036405640568279024,observed,0.42944038929440387,-0.2724422793576295,12.859585036331554,7.405495663199472,-0.016534046632950994,-0.0034556370562199845,-0.004025833735329942,-0.01700398516090318,-0.04078693308231529,-0.06873439918728907
2026-04-16T05:00:00Z,1364,1134,4,3,726,727,637,5348393.660368377,4379813.521045373,968580.1393230066,9728207.181413744,352937.7600230003,1006486.5872434018,792.1300811127504,100.0,1.0,2.725806451612903,8.0,0.03627983588767585,0.03627983588767585,observed,0.532991202346041,0.09956409452026581,12.774049836511177,7.21890970761906,-0.0034556370562199845,-0.006148873391701559,-0.007591433323343888,-0.012226750210062365,-0.06322120243842533,-0.08276243584734233
2026-04-16T06:00:00Z,1032,835,4,3,558,437,595,2750411.6236759666,4069467.803321843,-1319056.179645874,6819879.426997813,245902.7268809999,1207810.4563953488,545.6957671914868,100.0,1.0,2.618217054263566,8.0,0.03605675577013082,0.03605675577013082,observed,0.42344961240310075,-0.19341341643433382,12.412695384173205,6.940222469119639,-0.006148873391701559,0.0056112020582763655,-0.009598827198371351,0.0010837485621979503,-0.04895003697572209,-0.07707092377973312
2026-04-16T07:00:00Z,1433,1187,4,3,760,732,701,5784071.376368662,4736596.545404949,1047474.8309637192,10520667.921773631,381469.7136569997,1183779.3831123516,726.2959551735215,100.0,1.0,2.9413817166782974,16.0,0.03625907751232295,0.03625907751232295,observed,0.5108164689462665,0.09956352949757682,12.851789360461144,7.2682230211595655,0.0056112020582763655,-0.0070232779552568125,-0.013030610496903683,-0.013370018352177437,-0.043946543765073676,-0.0790299317853631
2026-04-16T08:00:00Z,1532,1238,4,3,811,611,921,3857926.760408932,6760954.727481015,-2903027.9670720827,10618881.487889959,382326.6683040001,1203243.1436031333,761.2134817325476,100.00352294154047,1.0,3.4203655352480418,32.0,0.036004419932552705,0.036004419932552705,observed,0.39882506527415146,-0.2733835922721964,12.854033290343216,7.334981878871814,-0.0070232779552568125,-0.008159185204026698,-0.004670774761891816,-0.03317624674134578,-0.04564951781508997,-0.06477930593566228
2026-04-16T09:00:00Z,934,771,4,3,499,464,470,3150082.5472987765,3085199.7510529044,64882.796245871694,6235282.2983516725,222666.00377400033,1031003.886509636,656.377506188385,100.0,1.0,2.8372591006423984,11.0,0.03571065320215946,0.03571065320215946,observed,0.49678800856531047,0.010405751197988868,12.313432677804618,6.840546529288687,-0.008159185204026698,0.0021267153443942366,0.010786109764340024,-0.014287971873679917,-0.04204783284968161,-0.044500423392630384
2026-04-16T10:00:00Z,1337,1087,4,3,809,706,631,4737997.963868775,4347858.423106112,390139.54076266155,9085856.386974892,325151.90450999944,921684.3717277487,696.4888058608565,100.0,1.0,2.1869857890800297,7.0,0.03578659959628283,0.03578659959628283,observed,0.5280478683620045,0.04293921498934866,12.6920508260884,7.198931240688173,0.0021267153443942366,0.001387441134181211,-0.000343888938080128,-0.02419434826020639,-0.04724415143107663,-0.05156537838231767
2026-04-16T11:00:00Z,1121,918,4,3,663,558,563,4132399.8997315126,3456948.112535411,675451.7871961031,7589348.012266941,271973.78330399987,877890.183764496,726.4145282575475,100.0,1.0,2.3291703835860837,10.0,0.035836251396615185,0.035836251396615185,observed,0.4977698483496878,0.08899997550571481,12.513464632539264,7.022868086082641,0.001387441134181211,0.007243526334999473,-0.028639239416118567,-0.05162566635531751,-0.04534943840680994,-0.049804386947276624
2026-04-16T12:00:00Z,1443,1166,4,3,779,803,640,5667847.7916563,4549838.720984974,1118009.070671322,10217686.512641277,368815.8981119996,961990.8496188496,1016.1529086461838,100.0,1.0,2.641025641025641,10.0,0.03609583222735423,0.03609583222735423,observed,0.5564795564795565,0.10941900295023987,12.818055588790614,7.275172319452771,0.007243526334999473,-0.008907932771263005,-0.024806515835348875,-0.049979620196393015,-0.04839469584937661,-0.04268719508190777
2026-04-16T13:00:00Z,2975,2481,4,3,1578,1337,1638,8571749.977330275,14773063.648533769,-6201313.671203508,23344813.62586406,835144.2022280005,1045891.833277311,956.7753303663226,100.0,1.0,2.9838655462184875,19.0,0.03577429298055017,0.03577429298055017,observed,0.44941176470588234,-0.26563988775361147,13.635360883598862,7.998335395952982,-0.008907932771263005,-0.026956914787475084,-0.023858664052771372,-0.030990873966579402,-0.04209539711532173,-0.0032927979684561626
2026-04-16T14:00:00Z,2384,1974,4,3,1253,1179,1205,9839209.726263206,10742874.293092426,-903664.5668292323,20582084.0193556,716460.871305999,961986.72147651,967.6329710582072,100.0,1.0,2.8557046979865772,9.0,0.03480992841309131,0.03480992841309131,observed,0.4945469798657718,-0.043905396848026516,13.482080309629916,7.776954403322442,-0.026956914787475084,0.011217833483912143,-0.023664150202425183,-0.01290128736670293,-0.02757969607604338,0.049204023113230466
2026-04-16T15:00:00Z,2178,1796,4,3,1163,1190,988,10658961.871895753,7577673.410432257,3081288.461463487,18236635.28232801,641937.2285030008,900870.0179063361,1200.553997436812,100.0,1.0,2.8172635445362717,11.0,0.03520042039361627,0.03520042039361627,observed,0.5463728191000918,0.16896145663719953,13.372247360757873,7.68662133494462,0.011217833483912143,-0.007944628157485867,-0.025813446018466135,-0.028162242301911222,-0.03918211418200512,0.04413822349065777
2026-04-16T16:00:00Z,1966,1629,4,3,1092,816,1150,5532895.228322872,11854221.34376394,-6321326.115441055,17387116.572086807,607171.4317079997,1159151.53051882,727.0089463907588,100.0,1.0,2.6205493387589014,9.0,0.034920766142601804,0.034920766142601804,observed,0.4150559511698881,-0.3635637967476034,13.316568101707412,7.584264818389059,-0.007944628157485867,-0.026763018319732823,-0.007306534055221747,-0.023621305256609326,-0.029135827136696046,0.04791750433643549
2026-04-16T17:00:00Z,1737,1442,4,3,897,860,877,6508660.726641134,7948181.249606128,-1439520.522964979,14456841.976247245,491332.84865100076,1088457.563615429,750.7089460665311,100.0,1.0,3.0333909038572253,14.0,0.03398618103858825,0.03398618103858825,observed,0.49510650546919976,-0.09957364999424684,13.104879111877551,7.460490305825338,-0.026763018319732823,0.008991748823532486,0.011023730039160018,0.0066178804358691945,-0.020860029560641813,0.057066306117660615
2026-04-16T18:00:00Z,1558,1272,4,3,841,924,634,7639625.609109478,4379682.38519878,3259943.2239107178,12019307.994308263,412163.420324,1046885.9172015404,868.8302378382566,100.0,1.0,2.645699614890886,10.0,0.03429177624195834,0.03429177624195834,observed,0.5930680359435173,0.27122553357102275,12.929177627177348,7.351799869057777,0.008991748823532486,0.010901743057879054,-0.0024110333630097402,0.0016683056287110087,-0.02956825392704754,0.03693340619576335
2026-04-16T19:00:00Z,1413,1137,4,3,787,703,710,4983354.489385919,4972409.425790079,10945.063595836968,9955763.915175993,345122.6926089993,1047874.4055201699,692.0684671633552,100.0,1.0,2.5116772823779194,9.0,0.03466561637554645,0.03466561637554645,observed,0.4975230007077141,0.0010993695400061609,12.751658161058673,7.254177846456518,0.010901743057879054,-0.008792021720455678,-0.016434853014631545,-0.011459668284238056,-0.03669605270656395,0.025447524404071054
2026-04-16T20:00:00Z,993,824,4,3,556,378,615,1961161.417092879,4771319.12323995,-2810157.7061470672,6732480.540332837,231333.65651100012,1175983.2004028198,542.1190887998941,100.0,1.0,2.5226586102719035,7.0,0.03436083552341966,0.03436083552341966,observed,0.3806646525679758,-0.4174030194832379,12.35162067059266,6.901737206656574,-0.008792021720455678,-0.004416013049337253,-0.004357810279210894,-0.014870254131101768,-0.020044824702949993,0.02874717553381756
2026-04-16T21:00:00Z,1445,1018,4,3,600,836,609,9910867.911678003,9668435.155101148,242432.75657684746,19579303.06677915,669790.2900479998,1788623.134948097,1877.190550399803,100.34984247155111,1.0,8.739792387543252,58.0,0.03420909762536211,0.03420909762536211,observed,0.5785467128027681,0.012382093261950222,13.414721435447598,7.27655640271871,-0.004416013049337253,-0.0033092237874594588,0.004089198184972664,-0.011339209443967047,-0.00256024322200199,0.030978398745842295
2026-04-16T22:00:00Z,876,719,4,3,452,412,464,4063084.3571536047,4907179.370722502,-844095.0135688949,8970263.727876103,305849.1438670004,1356979.7785388129,729.0316167020711,100.0,1.0,3.2077625570776256,18.0,0.03409589206575274,0.03409589206575274,observed,0.4703196347031963,-0.0940992415803534,12.630850535054776,6.776506992372183,-0.0033092237874594588,0.003378866146060089,0.005058317433921378,-0.005647933439940522,-0.004535502938902702,0.03352622357590329
2026-04-16T23:00:00Z,822,657,4,3,461,452,370,3406636.5244476595,2572811.762219985,833824.7622276798,5979448.286667645,204563.48845800015,1089561.3819951338,737.2137574189195,100.0,1.0,2.59367396593674,13.0,0.03421109752117343,0.03421109752117343,observed,0.5498783454987834,0.13944844444709992,12.22863855173647,6.71295620067707,0.003378866146060089,0.0040305016237063285,-0.010558455598229322,-0.027297259993646183,-0.004666575100560233,0.021212799204212818
2026-04-17T00:00:00Z,1121,913,4,3,588,623,498,4916485.510259984,3609455.740190241,1307029.770069752,8525941.250450209,292857.43157799996,1096839.438001784,825.6833248763862,100.0,1.0,2.702051739518287,8.0,0.03434898540528129,0.03434898540528129,observed,0.5557537912578056,0.1533003490964396,12.58744460255984,7.022868086082641,0.0040305016237063285,-0.00234724529170105,-0.015365574748566813,-0.031184534221787574,0.0059977605658294575,0.013572779470506058
2026-04-17T01:00:00Z,1115,913,4,3,658,465,650,2634315.8431815486,4916552.686737062,-2282236.8435555175,7550868.5299186045,258755.8804240002,1097413.1605381167,531.6800156699567,100.0,1.0,2.4278026905829595,8.0,0.03426835991101404,0.03426835991101404,observed,0.4170403587443946,-0.3022482558811177,12.46364421421881,7.017506142941256,-0.00234724529170105,-0.012211811276387263,-0.010652367816025632,-0.025528937578625954,0.040507790681883815,0.0134777116761986
2026-04-17T02:00:00Z,1081,888,4,3,638,534,547,3064027.9323755787,4439904.2419095365,-1375876.3095339532,7503932.174285113,254007.21238499982,1214684.252543941,541.6285526555776,100.0,1.0,2.7113783533765035,15.0,0.03384988116702942,0.03384988116702942,observed,0.4939870490286771,-0.18335404393031185,12.445121877702407,6.9865664594064265,-0.012211811276387263,-0.0008474967574879644,-0.01691742628973336,-0.005252679247122249,0.07896145203821092,0.010954167601988196
2026-04-17T03:00:00Z,891,722,4,3,479,426,465,2950619.386534951,3133014.027933318,-182394.64139836715,6083633.414468266,205755.74290900002,1062120.2794612795,712.3676611101042,100.0,1.0,2.701459034792368,7.0,0.033821193502499014,0.033821193502499014,observed,0.4781144781144781,-0.029981201852924133,12.234449890342534,6.79346613258001,-0.0008474967574879644,0.0024282772364283556,-0.01606582003181667,0.008879654483948451,0.08671813764345981,0.0223997743882971
2026-04-17T04:00:00Z,653,538,4,3,385,310,343,2247175.62671611,2213934.7936232127,33240.833092897476,4461110.420339323,151246.45742299999,1007646.1684532925,772.3248237858666,100.0,1.0,2.32312404287902,7.0,0.03390332073678997,0.03390332073678997,observed,0.47473200612557426,0.007451246429889781,11.926672565325346,6.483107351457199,0.0024282772364283556,-0.018466994551380345,-0.015036746719411909,0.0011187491216126944,0.0793657172927531,0.01552915236037511
2026-04-17T05:00:00Z,1121,914,4,3,601,442,679,2097786.2057173825,5814008.479268975,-3716222.273551587,7911794.684986357,263282.5979750005,1306704.6601248884,665.1434662361149,100.0,1.0,2.800178412132025,11.0,0.03327722829746997,0.03327722829746997,observed,0.3942908117752007,-0.46970661164951544,12.480987049487839,7.022868086082641,-0.018466994551380345,0.00001803025634483646,0.011865480433232545,0.02326577685279063,0.07958651268555128,0.03586150257486387
2026-04-17T06:00:00Z,767,622,4,3,439,477,290,3012388.674371913,1468423.418945282,1543965.2554266315,4480812.093317194,149111.69546099988,1188460.1029986963,451.1986009295631,100.0,1.0,2.499348109517601,8.0,0.03327782829442662,0.03327782829442662,observed,0.621903520208605,0.34457264068925,11.912457644418414,6.643789733147672,0.00001803025634483646,0.00347669308446541,0.025352787842548352,0.03837913008309579,0.06852791079014398,0.03312155049896526
2026-04-17T07:00:00Z,666,561,4,3,418,309,357,1500836.7687911312,1799401.4761449737,-298564.70735384175,3300238.2449361035,110206.58863500011,993456.9744744744,369.7689550983535,100.0,1.0,2.2522522522522523,8.0,0.033393525089923874,0.033393525089923874,observed,0.46396396396396394,-0.0904676223942197,11.610121035716617,6.502790045915623,0.00347669308446541,0.008341542500584609,0.016402130523363256,0.06776674116563419,0.06451087144949197,0.0346855724904791
2026-04-17T08:00:00Z,1131,956,4,3,652,666,465,5253646.433228199,2773728.565634762,2479917.8675934384,8027374.998862968,270298.40190299985,982891.0362511053,1131.2004983007307,100.0,1.0,2.423519009725906,7.0,0.033672078598705815,0.033672078598705815,observed,0.5888594164456233,0.3089326047362562,12.507285519546588,7.0317412587631285,0.008341542500584609,0.013347421217632549,0.01126661264763884,0.08465881689592814,0.04979003271448357,0.011590024373304253
2026-04-17T09:00:00Z,1626,1340,4,3,894,913,713,6583920.956475868,5475159.0217654,1108761.9347104733,12059079.978241269,411474.0664859991,1111620.3880688807,858.5824899622415,100.0,1.0,2.6543665436654367,10.0,0.03412151401503597,0.03412151401503597,observed,0.5615006150061501,0.09194415632959244,12.927503705491937,7.394493107219038,0.013347421217632549,-0.005283000275794536,0.012704253984578529,0.07715338773416569,0.033624729453519464,-0.006541965926368687
2026-04-17T10:00:00Z,1366,1110,4,3,742,658,708,4967720.3047190765,6178204.95782149,-1210484.6531024184,11145925.262540568,378306.6363419999,1250633.298682284,757.4616627483327,100.0,1.0,2.885797950219619,13.0,0.03394125004708401,0.03394125004708401,observed,0.4816983894582723,-0.10860333481426057,12.843462996359762,7.220373836723949,-0.005283000275794536,0.0032467519045822346,0.05053571721246031,0.07815952726866282,0.03823514211423462,-0.01296598267645177
2026-04-17T11:00:00Z,879,724,4,3,508,535,344,4031037.921575948,2414699.25727724,1616338.66429871,6445737.17885318,219486.689945,1107539.0989761092,898.3754238949493,100.0,1.0,2.5449374288964735,9.0,0.03405144886531828,0.03405144886531828,observed,0.608646188850967,0.25076087023862914,12.29905142766957,6.779921907472252,0.0032467519045822346,0.014788020682900749,0.0725745350735334,0.055040183212208715,0.026000708563954644,-0.024855255037456003
2026-04-17T12:00:00Z,1876,1540,4,3,995,1044,832,10297120.982689679,6041278.969173963,4255842.013515699,16338399.951863645,564573.4494740001,1001480.0575692963,944.3654289053809,100.0,1.0,2.821961620469083,13.0,0.03455500239542134,0.03455500239542134,observed,0.5565031982942431,0.26048095444194674,13.243827539569235,7.537430036586509,0.014788020682900749,0.03187651539637759,0.06364062705968321,0.029034463264525856,0.007529856627529696,-0.03638403125748835
2026-04-17T13:00:00Z,3904,3176,4,3,1949,2124,1780,21632070.43270693,15548477.231542856,6083593.201164064,37180547.66424976,1325728.0290390018,1016901.4477459016,1089.6726810254834,100.0,1.0,3.1690573770491803,22.0,0.035656495461300855,0.035656495461300855,observed,0.5440573770491803,0.16362301212183664,14.097473076687582,8.270013062273787,0.03187651539637759,0.024293511260472522,0.026294974653028103,-0.003049233124256978,-0.02597777666611356,-0.06905131608179715
2026-04-17T14:00:00Z,3016,2433,4,3,1484,1608,1408,13385787.704984933,11156080.610312754,2229707.0946721807,24541868.31529778,896335.709543003,1039958.0553713528,1046.7454361825003,100.0,1.0,3.106763925729443,15.0,0.03652271693529895,0.03652271693529895,observed,0.53315649867374,0.09085319283871834,13.706071413265649,8.012018239159062,0.024293511260472522,0.006335439968109924,-0.01634790990084678,-0.03214723712036194,-0.06303031893099942,-0.08734520816912916
2026-04-17T15:00:00Z,3044,2425,4,3,1518,1562,1482,15069018.713894071,14933841.786836967,135176.9270570864,30002860.500731133,1102728.2676199982,1230319.918199737,1251.58277557596,100.0000208533351,1.0,3.0781865965834427,13.0,0.03675410441591481,0.03675410441591481,observed,0.5131406044678055,0.004505467972088605,13.91329881717381,8.021256180143997,0.006335439968109924,-0.0043538623178625,-0.03253557913712091,-0.040410826142607825,-0.05918587444821399,-0.09409042659830458
2026-04-17T16:00:00Z,2409,1971,4,3,1261,1093,1316,8738293.502063558,11430128.307992283,-2691834.8059287216,20168421.810055822,738044.8836590002,1155267.1789124117,909.2364234509315,100.0,1.0,2.808219178082192,14.0,0.036594082105671576,0.036594082105671576,observed,0.45371523453715235,-0.1334677959078877,13.511761274629626,7.787382026484701,-0.0043538623178625,-0.01826621184908539,-0.02859237207821841,-0.03703012786574367,-0.05914266490925035,-0.08426714172888472
2026-04-17T17:00:00Z,1842,1518,4,3,1022,861,981,5752245.964057113,8013748.65526574,-2261502.69120864,13765994.619322851,494552.2612260002,1085487.6074918567,479.9016846504748,100.0,1.0,2.566775244299674,8.0,0.035925646849506554,0.035925646849506554,observed,0.46742671009771986,-0.1642818229809742,13.111410131476443,7.519149957669823,-0.01826621184908539,-0.010225522395424624,-0.016061905808508414,-0.02752452002334127,-0.0405016268700118,-0.059497439351678505
2026-04-17T18:00:00Z,1640,1359,4,3,925,780,860,6036328.282559449,7126547.2986024665,-1090219.0160430046,13162875.581161905,468049.3253389998,925642.4231707318,783.9394040159497,100.0,1.0,2.4902439024390244,8.0,0.03555828834307681,0.03555828834307681,observed,0.47560975609756095,-0.08282529218792246,13.05633110189419,7.403061091090091,-0.010225522395424624,-0.00029579176393401685,-0.008140089532659989,-0.020897848813318354,-0.03313564384574352,-0.05722679164034339
2026-04-17T19:00:00Z,889,748,4,3,563,436,453,2636099.0662343223,2828884.1619388578,-192785.09570453886,5464983.228173179,194267.96955000015,947570.3970753655,581.4149835119289,100.0,1.0,2.1946006749156357,7.0,0.03554777049424534,0.03554777049424534,observed,0.4904386951631046,-0.03527642952510626,12.176998918802978,6.7912214627261855,-0.00029579176393401685,-0.005602545469835851,-0.008686112343565644,-0.022998671853887376,-0.028017843461195624,-0.057351516657728085
2026-04-17T20:00:00Z,598,500,4,3,358,209,389,1366665.1843935966,3680213.396054083,-2313548.2116604834,5046878.580447678,178400.15524299993,1187184.568561873,395.10589025241234,100.0,1.0,2.280936454849498,7.0,0.03534861249370004,0.03534861249370004,observed,0.3494983277591973,-0.4584117043400839,12.091789974684433,6.395261598115449,-0.005602545469835851,-0.002256716621571342,-0.01164973109843026,-0.03190886361552714,-0.036388236838564736,-0.05810867162627642
2026-04-17T21:00:00Z,929,764,4,3,529,480,449,4543308.843745175,4853317.578881067,-310008.7351358973,9396626.422626223,331408.12034499965,996241.4693218515,1005.1055750596522,100.0,1.0,2.7007534983853607,14.0,0.035268840692336025,0.035268840692336025,observed,0.5166846071044133,-0.0329914930308844,12.71110890425071,6.835184586147301,-0.002256716621571342,-0.000846132891843876,-0.012862460863699243,-0.019565715013367124,-0.038860037144355375,-0.07293979013562313
2026-04-17T22:00:00Z,970,794,4,3,539,486,484,4350057.556687761,4125662.6132305074,224394.94345725919,8475720.169918254,298675.89091499936,1160716.575257732,671.8494129284252,100.0,1.0,3.288659793814433,20.0,0.035238998566169036,0.035238998566169036,observed,0.5010309278350515,0.026475029727110896,12.607117635677351,6.878326468291325,-0.000846132891843876,-0.008575382815030563,-0.01443796933396957,-0.022962854481104467,-0.04931553817993639,-0.08007731577482213
2026-04-17T23:00:00Z,1039,833,4,3,597,429,610,3326789.201965262,4993003.320628196,-1666214.1186629364,8319792.522593469,290667.01612100034,1165361.3407122232,725.7277521210757,100.0043670614764,1.0,3.121270452358037,28.0,0.034936810663445825,0.034936810663445825,observed,0.4128970163618864,-0.2002711142300865,12.579937056830351,6.946975992135418,-0.008575382815030563,-0.0034809718435534487,-0.020497927864796872,-0.0133444051946503,-0.0495671817542811,-0.06432669923993295
2026-04-18T00:00:00Z,978,819,4,3,610,498,480,2989010.707030668,3182291.5190232,-193280.8119925312,6171302.226053873,214855.10033499997,1080560.3159509203,513.293682904181,100.0,1.0,2.2494887525562373,9.0,0.03481519660922281,0.03481519660922281,observed,0.50920245398773,-0.031319291279649594,12.277723782260608,6.88653164253051,-0.0034809718435534487,-0.00244081987144118,-0.006790597950041444,-0.012498997185934946,-0.04358569385924649,-0.07186232091528111
2026-04-18T01:00:00Z,1180,972,4,3,670,463,717,3268611.5273226122,5938174.840952198,-2669563.3136295793,9206786.368274799,319753.7067230003,1391616.5720338982,666.1780204498765,100.0,1.0,3.01864406779661,21.0,0.03473021898551089,0.03473021898551089,observed,0.3923728813559322,-0.28995603969138384,12.675309439342135,7.074116816197362,-0.00244081987144118,-0.014671388829509469,-0.008649770264966383,-0.005137323218211143,-0.04422233742085613,-0.07905600709335847
2026-04-18T02:00:00Z,1309,1082,4,3,736,726,583,6391676.207699036,5288990.90586272,1102685.3018363055,11680667.113561762,399720.3532419996,1418218.6203208556,1252.7571044719482,100.0,1.0,2.9893048128342246,17.0,0.03422067843864045,0.03422067843864045,observed,0.5546218487394958,0.09440259628288182,12.898522966444826,7.177782416195197,-0.014671388829509469,0.010464496444732463,0.007303223621112576,-0.004627016047029198,-0.02595056139958407,-0.07284054860995381
2026-04-18T03:00:00Z,1002,831,4,3,567,519,483,3668766.0072176834,3094655.9200741034,574110.0871435772,6763421.927291791,233870.88297300026,1169814.0528942116,537.4709490948079,100.0,1.0,2.8502994011976046,17.0,0.03457878060649793,0.03457878060649793,observed,0.5179640718562875,0.08488455892821437,12.362528735739849,6.910750787961936,0.010464496444732463,-0.004308134464281577,-0.005747427706696562,-0.01967936293787531,-0.03710036999031996,-0.08115121393515001
2026-04-18T04:00:00Z,789,637,4,3,436,327,462,2289271.082933633,3707002.9002779704,-1417731.8173443358,5996273.983211606,206450.57736800032,1266928.1204055767,528.5758756917675,100.0,1.0,2.640050697084918,9.0,0.03442981057003425,0.03442981057003425,observed,0.4144486692015209,-0.2364354633083324,12.237821171720991,6.672032945461067,-0.004308134464281577,0.0011847040409009857,0.0035430939958462915,-0.026972038698524936,-0.026703811388376963,-0.07027810519897115
2026-04-18T05:00:00Z,451,373,4,3,247,265,186,1760360.4053523438,1126366.4572330678,633993.9481192774,2886726.8625854105,99507.20614000001,1123719.2860310422,507.0863776596424,100.0,1.0,2.7605321507760534,8.0,0.03447059970574402,0.03447059970574402,observed,0.5875831485587583,0.21962380865900824,11.507995393514754,6.113682179832232,0.0011847040409009857,-0.0026271124303233195,-0.01184374217055928,-0.03671268551087159,-0.019797649494391778,-0.06314821153448602
2026-04-18T06:00:00Z,424,348,4,3,248,205,219,1389014.187631749,1712464.1241410095,-323449.9365092598,3101478.311772761,106628.95327099995,1083668.566037736,997.8464901445823,100.0,1.0,2.599056603773585,12.0,0.034380041564776365,0.034380041564776365,observed,0.4834905660377358,-0.10428895642490578,11.57711973877711,6.052089168924417,-0.0026271124303233195,0.0049958363209969825,-0.014012470894637863,-0.03148016719448832,-0.024916781388470532,-0.05641223920835403
2026-04-18T07:00:00Z,925,772,4,3,499,435,490,3297200.1174342684,3665362.6995977834,-368162.5821635106,6962562.817032043,240569.06836899996,974011.1967567567,757.4842127615459,100.0,1.0,2.63027027027027,7.0,0.034551798625143064,0.034551798625143064,observed,0.4702702702702703,-0.05287745214490555,12.39076667066501,6.8308742346461795,0.0049958363209969825,-0.014165972084077105,-0.030407396430648492,-0.03928684341549349,-0.030179230142442837,-0.05935632588745687
2026-04-18T08:00:00Z,1001,839,4,3,592,425,576,2606915.49187612,4710455.467605919,-2103539.975729793,7317370.959482041,249246.76882300022,1397131.7382617383,528.1560786874134,100.0,1.0,2.370629370629371,7.0,0.034062338810364634,0.034062338810364634,observed,0.4245754245754246,-0.28747209720233885,12.426202736221333,6.90975328164481,-0.014165972084077105,-0.00481606909861465,-0.025167014976901325,-0.02142266838293283,-0.022540649271913016,-0.05327402663034564
2026-04-18T09:00:00Z,681,562,4,3,402,307,374,1978216.543058936,2531397.628159164,-553181.0851002313,4509614.171218096,152868.2190339998,1112481.1321585902,335.87135725737653,100.0,1.0,2.5066079295154187,12.0,0.033898292232993496,0.033898292232993496,observed,0.45080763582966227,-0.12266705400892668,11.937338057288368,6.525029657843462,-0.00481606909861465,-0.011715157899623296,-0.017715940399063435,-0.017770723571272407,-0.03545763812589109,-0.0576431372327032
2026-04-18T10:00:00Z,1133,921,4,3,616,525,608,3081696.149630536,5961517.927313618,-2879821.777683078,9043214.076944143,302958.23755100026,1248334.0450132391,658.9630041129498,100.0,1.0,2.881729920564872,13.0,0.0335011683869564,0.0335011683869564,observed,0.46337157987643424,-0.3184511339862275,12.621353545906944,7.033506484287697,-0.011715157899623296,-0.008837810196965501,-0.00915791534728827,0.0002756624894819648,-0.03235750538721649,-0.04390617862388191
2026-04-18T11:00:00Z,1166,942,4,3,645,593,573,5021644.446155334,5287340.981219656,-265696.5350643266,10308985.42737498,342310.8035570001,1116363.0360205832,569.8404828654426,100.03717361475739,1.0,4.4030874785591765,41.0,0.0332050914193759,0.0332050914193759,observed,0.5085763293310464,-0.02577329621194178,12.743477307,7.062191632286556,-0.008837810196965501,0.00279055665342276,0.003841013436655105,0.017559699751107383,-0.015529259093656544,-0.027449440665119562
2026-04-18T12:00:00Z,1033,855,4,3,611,527,506,3565839.435330189,3439918.6711699422,125920.76416024902,7005758.1065001255,233275.9967599998,1069579.1665053242,518.7394459757196,100.0,1.0,2.4133591481122942,9.0,0.03329775210816375,0.03329775210816375,observed,0.510164569215876,0.01797389550795601,12.359981853748366,6.9411900550683745,0.00279055665342276,-0.003104851792833152,-0.0000557712116709963,0.006776718022392547,-0.0295652489454431,-0.027809328789448973
2026-04-18T13:00:00Z,889,743,4,3,528,422,467,2582114.748126592,3609810.5193338413,-1027695.7712072523,6191925.267460429,205537.04300200002,1135804.9842519686,439.5290580530669,100.0,1.0,2.4308211473565806,10.0,0.033194367522833404,0.033194367522833404,observed,0.4746906636670416,-0.16597354244696075,12.233386419882398,6.7912214627261855,-0.003104851792833152,0.004165318069536239,0.009520768226227272,0.009480054697522666,-0.03644536908144991,-0.006392531311113059
2026-04-18T14:00:00Z,627,538,4,3,391,369,258,2644306.660253696,1436282.9723671682,1208023.6878865277,4080589.6326208645,136016.79510400005,961215.5805422647,538.8931552804781,100.0,1.0,2.3811802232854866,10.0,0.03333263262168309,0.03333263262168309,observed,0.5885167464114832,0.29604145396768144,11.820541002511494,6.4425401664681985,0.004165318069536239,-0.001102150253695644,0.013666194278600274,-0.0011424553306713658,-0.04813922718106034,-0.0007128342166394797
2026-04-18T15:00:00Z,748,612,4,3,410,353,395,2621281.850731026,3177909.574019157,-556627.7232881315,5799191.424750175,193089.26906600004,1074077.5882352942,585.6283705328226,100.0,1.0,3.2566844919786098,19.0,0.03329589505218276,0.03329589505218276,observed,0.47192513368983957,-0.09598367815770292,12.170913073910159,6.618738983517219,-0.001102150253695644,0.0064424863760399464,0.006832870311519912,-0.018006910381378805,-0.04574811597381878,-0.0040412534271103695
2026-04-18T16:00:00Z,1103,899,4,3,585,681,422,6510421.171956111,3649500.1505149025,2860921.0214412,10159921.322471008,340463.06205299933,1197735.9582955576,1125.4111572748561,100.0,1.0,2.869446962828649,13.0,0.033510403402434503,0.033510403402434503,observed,0.6174070716228468,0.2815888952913064,12.738064854370052,7.00669522683704,0.0064424863760399464,0.008288752872892546,-0.00004032956030830537,-0.032624174615506596,-0.044769818602445666,-0.02815280928274677
2026-04-18T17:00:00Z,816,661,4,3,397,421,395,3537176.131091189,3231686.6205211584,305489.5105700272,6768862.751612338,228707.43699399984,1047871.3786764706,1133.4377854110412,100.0,1.0,3.0980392156862746,9.0,0.03378816285490822,0.03378816285490822,observed,0.5159313725490197,0.04513158587788766,12.340203270427919,6.705639094860003,0.008288752872892546,-0.00783591789422955,-0.014609000174668485,-0.0325179533474621,-0.04422613557061261,-0.06318190147023117
2026-04-18T18:00:00Z,1181,970,4,3,611,547,634,3985705.8921277137,5916300.388097916,-1930594.495970203,9902006.280225622,331948.93302900053,968768.3073666384,1001.5216809140283,100.0,1.0,2.832345469940728,8.0,0.0335234015849803,0.0335234015849803,observed,0.46316680779000846,-0.19497003347953984,12.712739432397022,7.074963197966044,-0.00783591789422955,-0.00042804851841760083,-0.024671205544981034,-0.03609734543645582,-0.03230027675456415,-0.09772080222300972
2026-04-18T19:00:00Z,761,644,4,3,409,307,454,2737849.998479906,3724813.244513653,-986963.2460337487,6462663.242993553,216557.71829699972,1017827.4954007884,768.0258110014371,100.0,1.0,2.645203679369251,8.0,0.03350905194259953,0.03350905194259953,observed,0.40341655716162944,-0.15271772780420786,12.285617005804653,6.635946555686647,-0.00042804851841760083,-0.006401266293890706,-0.03258515920034144,-0.04549413687299986,-0.030085039062732633,-0.10586558129097456
2026-04-18T20:00:00Z,462,383,4,3,278,242,220,1615529.428797398,1673470.3587780916,-57940.92998069452,3288999.787575494,109505.77306700003,1064990.1601731603,710.4737731637085,100.0,1.0,2.1904761904761907,5.0,0.033294551577859134,0.033294551577859134,observed,0.5238095238095238,-0.017616580639370008,11.603741680818933,6.137727054086234,-0.006401266293890706,-0.017967285805003508,-0.018174463919366057,-0.04705052497345574,-0.03144210276932746,-0.1033836527536961
2026-04-18T21:00:00Z,1096,853,4,3,523,416,680,2088590.348859391,6489746.587370911,-4401156.238511506,8578336.936230296,280480.21127000055,1439032.468978102,571.8531847528382,100.0,1.0,3.5054744525547443,14.0,0.03269633885391031,0.03269633885391031,observed,0.3795620437956204,-0.5130547180914964,12.544262018706776,7.00033446027523,-0.017967285805003508,-0.008538714525816338,-0.011715167189193187,-0.028249898991869582,-0.023001062455883847,-0.08266099717322506
2026-04-18T22:00:00Z,1011,791,4,3,517,618,393,4556641.983750935,2402049.9365648217,2154592.0471861106,6958691.9203157425,225580.98866600043,1253185.7942631058,843.8882982679283,100.0,1.0,3.029673590504451,17.0,0.03241715415039741,0.03241715415039741,observed,0.6112759643916914,0.3096260147536965,12.326438957945458,6.919683849847411,-0.008538714525816338,0.008399466524272592,-0.013343787099635462,-0.012555248609930625,-0.01193485538405048,-0.0658209555315874
2026-04-18T23:00:00Z,616,491,4,3,335,235,381,1138993.3852110798,2365652.769123281,-1226659.3839121992,3504646.154334362,114564.92351800017,1506659.9155844157,489.49365247248784,100.0,1.0,2.814935064935065,11.0,0.03268944095149586,0.03268944095149586,observed,0.3814935064935065,-0.35000948166910695,11.648905687544183,6.424869023905388,0.008399466524272592,-0.011506626078180537,-0.02941058262688967,-0.012101704898463517,-0.012108213150640479,-0.07145490617141459
2026-04-19T00:00:00Z,720,572,4,3,394,321,399,1895114.7689952566,2658314.243691779,-763199.4746965207,4553429.012687035,147136.29849000004,1411289.9402777778,637.0207333236508,100.0,1.0,2.75,10.0,0.032313295777762235,0.032313295777762235,observed,0.44583333333333336,-0.16760983262724619,11.8991214331845,6.580639137284949,-0.011506626078180537,-0.010172568994030184,-0.016730735162300836,0.003939265717253448,0.0018094159901898,-0.061933612001881966
2026-04-19T01:00:00Z,847,689,4,3,477,362,485,2118986.2834591293,4000907.659679048,-1881921.3762199176,6119893.943138182,195742.27748299955,1332064.1251475797,639.9652367651746,100.0,1.0,2.8394332939787486,15.0,0.031984586547038445,0.031984586547038445,observed,0.42739079102715466,-0.30750882183669,12.184559270903181,6.742880635791903,-0.010172568994030184,-0.008021398034833704,0.0007992028828227582,0.016143533953564715,0.03118955252354283,-0.047848304418879106
2026-04-19T02:00:00Z,833,654,4,3,472,349,484,1739724.0738959503,2966104.3796172086,-1226380.3057212604,4705828.453513155,149306.64492399993,1417404.0576230492,649.0426866091801,100.0,1.0,2.6422569027611043,12.0,0.03172802544736506,0.03172802544736506,observed,0.4189675870348139,-0.2606087998821337,11.913764187333557,6.726233402358747,-0.008021398034833704,0.001407119916504218,0.017833367455491578,0.016379065850992358,0.04982492641646252,-0.04633084844187729
2026-04-19T03:00:00Z,1493,1150,4,3,739,806,687,6264816.980142081,4247343.855542276,2017473.1245998126,10512160.835684367,333999.4233569999,1236830.6168787675,862.8666128899508,100.0,1.0,4.381111855324849,34.0,0.0317726705838834,0.0317726705838834,observed,0.5398526456798393,0.19191802295788127,12.718897539493963,7.309212365692763,0.001407119916504218,0.007474289462145123,0.021021709534433608,0.005401426282889421,0.0437063455098865,-0.05564261583530439
2026-04-19T04:00:00Z,635,517,4,3,325,333,302,2234142.045695412,1798349.9891220576,435792.0565733555,4032492.034817472,129080.66975000003,1154820.166929134,751.8978445994248,100.0,1.0,3.283464566929134,14.0,0.03201014872081273,0.03201014872081273,observed,0.5244094488188976,0.10807015929867332,11.768200581858494,6.455198563340122,0.007474289462145123,0.008862634955767223,0.01533207763010025,0.0006282814557541094,0.017395816886132565,-0.06405206777404882
2026-04-19T05:00:00Z,778,616,4,3,417,413,365,2492801.103867605,1958351.0580502548,534450.0458173489,4451152.161917858,143744.80901399997,1204895.002570694,735.1061962306455,100.0,1.0,2.7943444730077123,11.0,0.03229384298380511,0.03229384298380511,observed,0.5308483290488432,0.12007004622081299,11.875801803549374,6.658011045870748,0.008862634955767223,0.004544007113044035,-0.001428820916074769,-6.5879779419519835e-6,-0.01983289835084112,-0.08142142533185948
2026-04-19T06:00:00Z,1021,820,4,3,552,597,424,3981486.4779496896,2752913.0471264906,1228573.4308231964,6734399.525076176,218467.8698880001,1457956.8863858962,766.4326742697049,100.0,1.0,2.7943192948090108,11.0,0.032440586436031045,0.032440586436031045,observed,0.584720861900098,0.18243251328473856,12.29439881145923,6.92951677076365,0.004544007113044035,0.001860150402620997,-0.015298678868118198,-0.0021214926039793136,-0.06760415849768009,-0.06925954247120802
2026-04-19T07:00:00Z,1503,1174,4,3,691,754,749,5812602.648472872,6222442.213238447,-409839.56476557726,12035044.861711327,391150.16029699944,1197233.3712574851,1251.3874845750818,100.0,1.0,3.296739853626081,11.0,0.03250093080595129,0.03250093080595129,observed,0.5016633399866933,-0.03405384603670684,12.87684936348234,7.315883504509785,0.001860150402620997,-0.0077914673266989976,-0.014481760695147727,0.014806981560407717,-0.07813112002624667,-0.05914644282251191
2026-04-19T08:00:00Z,793,643,4,3,426,291,502,1631942.3190045145,3780620.001331031,-2148677.68232652,5412562.320335543,174542.69062199988,1227603.7414880202,592.3956805313749,100.0,1.0,2.896595208070618,11.0,0.03224770086548941,0.03224770086548941,observed,0.3669609079445145,-0.39697975841381467,12.06993036534307,6.677083461247136,-0.0077914673266989976,-0.009408811651479332,0.0014242679619871357,0.03290687666561376,-0.0742769742418764,-0.05610406196087592
2026-04-19T09:00:00Z,1174,942,4,3,601,510,664,3584016.0014678207,5909846.567213441,-2325830.565745622,9493862.56868127,303274.6831820003,1439598.4625212948,640.0268516597304,100.0,1.0,3.008517887563884,10.0,0.031944288321852775,0.031944288321852775,observed,0.434412265758092,-0.24498253992196642,12.622397516318143,7.069023426578259,-0.009408811651479332,0.002691303713858506,0.013381911835958604,0.038099129587090275,-0.06106448269770737,-0.035876523909674995
2026-04-19T10:00:00Z,922,761,4,3,530,578,344,4454878.919967289,2296896.024980967,2157982.8949863175,6751774.944948268,216261.10764799983,1186642.9370932756,704.2004085809872,100.0,1.0,2.4295010845986984,7.0,0.03203026010364995,0.03203026010364995,observed,0.6268980477223427,0.3196171247681971,12.284246412350491,6.827629234502852,0.002691303713858506,0.008222541065157074,0.029719127548785584,0.01675700731342933,-0.05453699125120126,-0.03182692954490929
2026-04-19T11:00:00Z,1020,820,4,3,535,567,453,4721001.6666993555,3633488.4239803925,1087513.2427189692,8354490.090679749,269796.81377099996,1232486.2333333334,871.3960006873648,100.0,1.0,2.8666666666666667,11.0,0.03229363023267987,0.03229363023267987,observed,0.5558823529411765,0.13017110929752573,12.505428119576186,6.928537818164665,0.008222541065157074,0.0024194783489939198,0.031437832805567334,-0.01982644098905506,-0.060074082820392616,-0.028095575939932727
2026-04-19T12:00:00Z,733,596,4,3,406,384,349,2997109.064119918,2768247.397281529,228861.6668383858,5765356.461401448,186634.75858200027,1252499.6425648022,739.5358564061809,100.0,1.0,2.8908594815825377,15.0,0.032371763971838254,0.032371763971838254,observed,0.5238744884038199,0.03969601331168236,12.136914181308503,6.598509028614515,0.0024194783489939198,0.01885617100705006,0.02439082192255726,-0.0656218822315141,-0.06362789865482366,-0.004026981209083957
2026-04-19T13:00:00Z,1508,1241,4,3,773,907,601,9093813.75058689,4106089.7163815056,4987724.034205371,13199903.4669684,435361.47978699993,1182547.25331565,726.7924823578426,100.0,1.0,3.116710875331565,12.0,0.0329821714890911,0.0329821714890911,observed,0.6014588859416445,0.37786064471507025,12.983934249946735,7.319202458767849,0.01885617100705006,0.009905366347289668,-0.012588015400094688,-0.09158204789224955,-0.07664726310405212,-0.02196427785645161
2026-04-19T14:00:00Z,1358,1080,4,3,696,692,666,7566782.090376185,5267899.770082505,2298882.320293686,12834681.860458694,427508.7750020003,1129639.911634757,1163.7848287935299,100.08674299691161,1.0,3.9690721649484537,28.0,0.03330887198061968,0.03330887198061968,observed,0.5095729013254786,0.17911486589910122,12.965732432599296,7.214504414151143,0.009905366347289668,-0.004429272732835443,-0.049701758229268034,-0.10376913285106248,-0.09159220022195891,-0.03650928335788106
2026-04-19T15:00:00Z,1079,905,4,3,582,409,670,2328011.832975897,6038282.9017622,-3710271.068786302,8366294.734738093,277437.5266879999,1048879.6283595923,628.0676813011809,100.0,1.0,2.7961075069508805,12.0,0.033161337902194415,0.033161337902194415,observed,0.3790546802594995,-0.44347840787639337,12.53335466217959,6.984716320118266,-0.004429272732835443,-0.017922874447632853,-0.08786949495031326,-0.09552422255111648,-0.09518861485570007,-0.04102887304727543
2026-04-19T16:00:00Z,1384,1136,4,3,716,515,869,3322165.1014352245,7028076.982245878,-3705911.8808106547,10350242.083681095,337076.2449940007,1202626.6777456647,677.2341326302911,100.0,1.0,2.9104046242774566,14.0,0.03256699140645786,0.03256699140645786,observed,0.37210982658959535,-0.3580507442095147,12.728067396701118,7.233455418621439,-0.017922874447632853,-0.02805383268309547,-0.0800010874125281,-0.07011901373860241,-0.08005525805036495,-0.02328732861183125
2026-04-19T17:00:00Z,1804,1409,4,3,950,734,1070,4875371.667766852,12266122.359595886,-7390750.691829036,17141494.027362723,542585.9238719998,1329282.4301552107,2384.1346717173424,100.04981520260982,1.0,3.6851441241685143,26.0,0.03165336247854928,0.03165336247854928,observed,0.40687361419068735,-0.4311614075197463,13.204103579897046,7.498315870766981,-0.02805383268309547,-0.04441533156706845,-0.05689516432341113,-0.041061750198556624,-0.06283472162796933,0.020067775271062516
2026-04-19T18:00:00Z,2455,1946,4,3,1236,1118,1337,6782437.938215806,11003385.298256718,-4220947.360040906,17785823.236472536,537976.1172219992,1186546.4439918534,765.2336645552981,100.0,1.0,3.195519348268839,14.0,0.030247467888851912,0.030247467888851912,observed,0.4553971486761711,-0.23732088776105742,13.195571305194754,7.806289289267033,-0.04441533156706845,-0.009451079003227947,-0.00839214077199002,0.0021340221252745817,-0.0017754090053219151,0.08130006966525682
2026-04-19T19:00:00Z,1275,1047,4,3,693,701,574,4194646.953274813,3038684.234689413,1155962.7185854022,7233331.187964216,216722.15170800008,1165429.7647058824,686.9447055027114,100.0,1.0,2.7066666666666666,8.0,0.02996159668018677,0.02996159668018677,observed,0.5498039215686275,0.15981056148913073,12.286376019418089,7.151485463904735,-0.009451079003227947,-0.003643245799221151,0.010741397124190755,0.016440433341883054,0.020593684867934003,0.0903911366589305
2026-04-19T20:00:00Z,1679,1353,4,3,933,776,903,4090351.654835161,5743361.812964574,-1653010.1581294131,9833713.467799738,293560.33359399997,1311998.253722454,521.8500386087215,100.0,1.0,2.7367480643240025,11.0,0.029852439218943722,0.029852439218943722,observed,0.46217986896962476,-0.16809622972462598,12.589841869481491,7.426549072397305,-0.003643245799221151,0.0047295184273954405,0.016788604538853447,0.013586825756002563,0.01963104705764196,0.08690448395564587
2026-04-19T21:00:00Z,977,796,4,3,531,551,426,3701097.3320960817,2283471.0868270216,1417626.2452690606,5984568.418923093,179498.91219700017,1201669.7175025588,668.0502312951301,100.0,1.0,2.848515864892528,11.0,0.02999362688033242,0.02999362688033242,observed,0.563971340839304,0.23688028042031453,12.097929997757149,6.885509670034818,0.0047295184273954405,0.00966202618400569,0.010615247549025542,0.0003710521650044374,0.026826079452613838,0.07438290964360905
2026-04-19T22:00:00Z,2242,1789,4,3,1139,1139,1103,9178388.420281209,6933676.423089376,2244711.997191837,16112064.843370581,487928.52481899975,1103377.5209634255,845.0166543811521,100.0,1.0,3.2417484388938447,18.0,0.03028342608860349,0.03028342608860349,observed,0.508028545941124,0.13931870427615856,13.09792625805173,7.715569534520208,0.00966202618400569,0.0023178991274586114,0.005638471159791658,-0.010685501110966222,0.0240200425570809,0.062106022731151844
2026-04-19T23:00:00Z,1047,809,4,3,527,458,589,2601250.3169427137,4555931.2268068185,-1954680.9098641083,7157181.543749525,217246.36896099953,1190636.2445081184,727.2538954675124,100.0,1.0,3.2750716332378222,16.0,0.030353620015510726,0.030353620015510726,observed,0.437440305635148,-0.2731076329300548,12.288791932402978,6.954638864880987,0.0023178991274586114,-0.0013706227108729596,-0.0031489129289593576,-0.022705290391660804,0.03402236952505411,0.04952867217492818
2026-04-20T00:00:00Z,854,701,4,3,504,523,331,4385281.083250539,2374634.9475811822,2010646.1356693571,6759916.030831728,204906.6873100002,1161927.549180328,1002.1140734441977,100.0,1.0,2.4449648711943794,10.0,0.030312016654560257,0.030312016654560257,observed,0.6124121779859485,0.29743655490672877,12.230314850897562,6.75110146893676,-0.0013706227108729596,0.004689943934895524,-0.01013659294065239,-0.003901106083900485,0.06365088981198608,0.05465830630031565
2026-04-20T01:00:00Z,776,616,4,3,452,365,411,3060396.341090241,3596418.13969881,-536021.7986085716,6656814.4807890495,202727.81519599978,1232311.31314433,912.2046376581046,100.0,1.0,2.4278350515463916,8.0,0.030454178313223765,0.030454178313223765,observed,0.47036082474226804,-0.0805222678437984,12.219624479199119,6.655440350367647,0.004689943934895524,-0.006440469422727246,-0.016232446091617447,0.004086074687520869,0.05922220519043386,0.04988467005412889
2026-04-20T02:00:00Z,861,713,4,3,548,380,481,2711565.579327248,3983219.2493011863,-1271653.669973935,6694784.828628424,202571.0611709999,1464273.6027874565,468.1069625603524,100.0,1.0,2.252032520325203,7.0,0.030258039109003165,0.030258039109003165,observed,0.4413472706155633,-0.1899469068126065,12.218850959860987,6.759255270663693,-0.006440469422727246,-0.008370768097959669,-0.019618153319330922,0.005963200337703034,0.06063677224869357,0.04345834381828828
2026-04-20T03:00:00Z,716,592,4,3,477,338,378,2222976.622113982,3261752.7400363013,-1038776.1179223213,5484729.3621502835,164567.96667900012,1422335.5125698324,559.7911881603571,100.0,1.0,2.0446927374301676,7.0,0.030004756080522704,0.030004756080522704,observed,0.4720670391061452,-0.18939423430640706,12.01108501165497,6.57507584059962,-0.008370768097959669,-0.0014972151385697074,0.006299340709316814,0.026445214733428424,0.05985749372482441,0.03749510727987193
2026-04-20T04:00:00Z,548,468,4,3,392,245,303,1599095.8808087206,2171140.951399939,-572045.0705912167,3770236.8322086553,112955.66399899997,1383083.8795620438,341.68728865672784,100.0,1.0,1.916058394160584,6.0,0.029959832505489854,0.029959832505489854,observed,0.4470802919708029,-0.15172656149987931,11.634759519704216,6.3080984415095305,-0.0014972151385697074,-0.009859876446749016,0.02065378218504521,0.035080395270685294,0.061707977501154865,0.04988737097936302
2026-04-20T05:00:00Z,950,749,4,3,531,529,421,3193279.2518581953,3541395.4421415306,-348116.19028334226,6734674.693999724,199780.3012440001,1641753.6294736841,619.370611967949,100.0,1.0,2.823157894736842,14.0,0.029664432258620428,0.029664432258620428,observed,0.5568421052631579,-0.05169012700695065,12.204978553449653,6.85751406254539,-0.009859876446749016,0.017844063177700153,0.026093255136910187,0.058045602169942256,0.08846091379211507,0.07892073833556323
2026-04-20T06:00:00Z,844,698,4,3,498,533,311,6268070.052323283,2845757.025538275,3422313.0267850044,9113827.077861568,275180.7645410004,1348179.787914692,994.5153781787258,100.0,1.0,2.5,8.0,0.03019376626197386,0.03019376626197386,observed,0.6315165876777251,0.3755077858672739,12.525187120276826,6.739336627357174,0.017844063177700153,0.012746011711347816,0.020019762717832457,0.06781655547303167,0.08322323394958464,0.05560735170525888
2026-04-20T07:00:00Z,1705,1386,4,3,923,840,865,8360676.953898686,9203967.610277409,-843290.6563787244,17564644.56417609,537102.527634,1092074.0211143694,1186.180292146787,100.0,1.0,2.727859237536657,12.0,0.030578616360358676,0.030578616360358676,observed,0.49266862170087977,-0.048010687224417564,13.193946143799742,7.441906728051625,0.012746011711347816,-0.004583023007677767,0.01413467851434902,0.0549117569627402,0.0683890688585127,0.04861238951308211
2026-04-20T08:00:00Z,1211,975,4,3,683,695,516,7277192.338031982,5015345.12298186,2261847.2150501153,12292537.461013835,374166.08015600033,990763.7423616846,984.8421755427069,100.0,1.0,2.5342691990090835,8.0,0.0304384738580362,0.0304384738580362,observed,0.573905862923204,0.18400165321632203,12.832457715023814,7.10002716662926,-0.004583023007677767,0.011819398099194967,0.031139808075990594,0.05434947510270427,0.06597821544580795,0.07217438355552575
2026-04-20T09:00:00Z,1085,847,4,3,589,551,534,5840160.814724274,5143451.95279269,696708.8619315742,10983612.767516972,338275.9233880004,1048252.3188940092,1170.858309215193,100.0,1.0,3.1861751152073734,20.0,0.030798238298096272,0.030798238298096272,observed,0.5078341013824885,0.0634316664906493,12.731620138986644,6.990256500493881,0.011819398099194967,0.006902893986076908,0.0468586928432102,0.032551448934440286,0.04631439651040736,0.06369763109896875
2026-04-20T10:00:00Z,972,754,4,3,482,503,469,5656187.270164762,4438541.659094049,1217645.6110707177,10094728.929258812,313045.97594100004,1119184.524691358,1036.0236984009819,100.0,1.0,3.7839506172839505,22.0,0.03101083527202596,0.03101083527202596,observed,0.5174897119341564,0.12062192255023942,12.654108541139577,6.880384082186005,0.006902893986076908,0.012108245933454942,0.04020874082338577,0.02572513434911139,0.03719261204982516,0.06773208642813522
2026-04-20T11:00:00Z,1586,1274,4,3,839,917,669,9506637.26892089,4889948.706015973,4616688.562904904,14396585.974936875,451855.88443599996,1349757.2831021438,507.1775882200787,100.0,1.0,3.17906683480454,16.0,0.03138632209210151,0.03138632209210151,observed,0.5781841109709962,0.32067940072334733,13.021120781323361,7.369600720526409,0.012108245933454942,0.02724375898546061,0.022508748905757603,0.028746692543113683,0.014996099801009466,0.07254273628135355
2026-04-20T12:00:00Z,2383,1892,4,3,1270,1305,1078,11336654.151857648,8594506.5838313,2742147.568026362,19931160.73568893,642608.595236,1387171.7503147293,444.908247645427,100.0,1.0,2.979018044481746,19.0,0.03224140348661876,0.03224140348661876,observed,0.5476290390264372,0.13758092689083812,13.373292657447841,7.776535028185241,0.02724375898546061,0.0005067528646383046,-0.013666833935258582,0.014428207164973283,-0.00845445023156044,0.03452566337589924
2026-04-20T13:00:00Z,2058,1660,4,3,1149,1032,1026,7815734.995562803,8148998.481247366,-333263.4856845571,15964733.476810131,514986.2521600003,1188744.4135082604,659.2794488447196,100.0,1.0,2.492711370262391,9.0,0.032257741910195564,0.032257741910195564,observed,0.5014577259475219,-0.020874979602299355,13.151897426252132,7.629975707027789,0.0005067528646383046,-0.005113593366421476,-0.013923750018491332,0.01277577181865519,-0.008815463923007694,0.030431181069324076
2026-04-20T14:00:00Z,1790,1449,4,3,959,781,1009,5711711.296308819,9182739.987589775,-3471028.691280969,14894451.283898594,478004.4813589995,1357744.0508379887,716.578743756378,100.0,1.0,2.921787709497207,16.0,0.03209278893514785,0.03209278893514785,observed,0.4363128491620112,-0.23304172977713308,13.077377478686087,7.490529402060711,-0.005113593366421476,-0.009099344915472707,0.006100626174623702,0.01102930348779374,-0.016196334956391056,0.03835105610625211
2026-04-20T15:00:00Z,1595,1317,4,3,869,883,712,7642290.24394057,5278430.863733171,2363859.3802074026,12920721.10767371,410888.8230610001,1170390.9448275862,758.2323697881807,100.0,1.0,2.9310344827586206,15.0,0.03180076557932748,0.03180076557932748,observed,0.5536050156739812,0.18295104123898234,12.926080387129884,7.3752557780097545,-0.009099344915472707,0.0002461449027064688,0.028484331731766677,0.013329067128005967,-0.02109942759036476,0.03878314611643341
2026-04-20T16:00:00Z,1306,1070,4,3,717,633,673,4336374.447816982,5423685.23069134,-1087310.7828743588,9760059.678508319,310453.7676839999,1228167.7595712098,672.5633760538121,100.0,1.0,2.6477794793261866,9.0,0.03180859317567699,0.03180859317567699,observed,0.48468606431852984,-0.11140411213556618,12.64579349400802,7.175489713624222,0.0002461449027064688,0.015089691801658311,0.027076528653486198,0.011179873941560947,-0.011133576060728956,0.028446729408713622
2026-04-20T17:00:00Z,1118,939,4,3,618,760,358,7695321.521490679,2542316.1328584924,5153005.388632179,10237637.65434918,330558.73166900023,1207981.981216458,959.1660847319498,100.0,1.0,2.7620751341681573,17.0,0.03228857504334229,0.03228857504334229,observed,0.6797853309481217,0.5033393017619711,12.708542653166349,7.020190708311925,0.015089691801658311,0.012946192004750445,0.004898791616808618,-0.013366354265608393,-0.00876483053793331,-0.0046806334772183655
2026-04-20T18:00:00Z,2039,1661,4,3,941,971,1068,10288824.981955605,9991206.575441448,297618.40651415923,20280031.557397082,663290.659801,1204035.3575282001,926.490405276527,100.0,1.0,3.6542422756253066,17.0,0.03270658913541319,0.03270658913541319,observed,0.47621383030897496,0.014675440995830394,13.404970081638426,7.620705086838262,0.012946192004750445,-0.0011230053686072106,-0.014735532799262208,-0.02255719747825624,-0.0254941745882189,-0.017008690866656795
2026-04-20T19:00:00Z,1085,874,4,3,543,521,564,4410714.220777882,5601313.953118153,-1190599.732340266,10012028.173896043,327091.5533529998,1249570.2322580644,873.9409471214085,100.0,1.0,3.554838709677419,22.0,0.03266985946022529,0.03266985946022529,observed,0.480184331797235,-0.11891693787323418,12.697998447608514,6.990256500493881,-0.0011230053686072106,-0.006829212608447599,-0.015477575690261314,-0.021318870713989524,-0.018510746620199248,-0.021268470523986838
2026-04-20T20:00:00Z,731,600,4,3,394,326,405,2261871.6899389504,3067944.5280811493,-806072.8381422022,5329816.218020112,172935.214607,1234795.8125854994,557.5115197910956,100.0,1.0,2.6060191518467852,10.0,0.03244675004408331,0.03244675004408331,observed,0.44596443228454175,-0.1512383926892018,12.060678103799093,6.595780513961311,-0.006829212608447599,-0.006845367419702431,-0.01817610493195021,-0.026928634363280524,0.005812659226930084,-0.008894495115130963
2026-04-20T21:00:00Z,644,512,4,3,323,296,348,1681113.9393294645,3121281.45053761,-1440167.5112081438,4802395.389867069,154755.46314500002,1424754.1397515528,648.8062593799631,100.0,1.0,3.049689440993789,14.0,0.03222464011845631,0.03222464011845631,observed,0.45962732919254656,-0.29988524356966945,11.949607954747405,6.4692503167957724,-0.006845367419702431,-0.0018753004097087356,-0.007938644840421727,-0.03397563124873981,0.01661377750945303,0.002485915199680111
2026-04-20T22:00:00Z,394,319,4,3,221,146,248,1528553.567450569,2521737.133200301,-993183.5657497336,4050290.700650873,130274.39756900001,1607320.9593908628,1520.7466668189913,100.0,1.0,2.5583756345177666,6.0,0.032164209237639456,0.032164209237639456,observed,0.37055837563451777,-0.2452129091845509,11.777405931540175,5.978885764901122,-0.0018753004097087356,-0.009551446602910851,-0.0059331254215195806,-0.02206674655747698,0.029444361658105267,-0.0009137996735384402
2026-04-20T23:00:00Z,529,419,4,3,303,232,297,1364396.5584541927,2477036.6845139307,-1112640.1260597392,3841433.242968125,122376.51773400005,1497574.391304348,433.8289361008484,100.0,1.0,2.3497164461247637,6.0,0.03185699451058129,0.03185699451058129,observed,0.43856332703213613,-0.2896419267721143,11.714865953545583,6.272877006546167,-0.009551446602910851,0.0035102380680340772,-0.00891456143540248,0.0046638625669916944,0.05669641143608928,0.021320974101521006
2026-04-21T00:00:00Z,593,482,4,3,345,356,237,2880262.64230901,1584767.371672785,1295495.270636224,4465030.013981796,142741.74146099997,1291576.6391231029,498.8417226213198,100.0,1.0,2.4435075885328836,9.0,0.031968820145445484,0.031968820145445484,observed,0.6003372681281619,0.2901425671450158,11.868799278316526,6.386879319362645,0.0035102380680340772,0.00014247647183518453,-0.02624533883202207,-0.0030047559840693516,0.0433465851543553,0.02670390407045109
2026-04-21T01:00:00Z,618,508,4,3,341,226,392,1769252.1828792254,3609129.6882595005,-1839877.505380273,5378381.871138723,171965.02019099987,1345088.4805825243,839.4088882405571,100.0,1.0,2.618122977346278,7.0,0.03197337495014854,0.03197337495014854,observed,0.3656957928802589,-0.34208755522796863,12.055052179249559,6.428105272684596,0.00014247647183518453,-0.012522030436366127,-0.016229915258768268,0.0028692942060084548,0.0395956994523603,0.033844843772940614
2026-04-21T02:00:00Z,680,549,4,3,365,256,424,1687200.0899850968,3834393.8805219634,-2147193.790536867,5521593.970507065,174333.3050709999,1704263.35,713.7079574536602,100.0,1.0,2.611764705882353,6.0,0.031573003375869435,0.031573003375869435,observed,0.3764705882352941,-0.3888720905604154,12.068730028384447,6.523562306149512,-0.012522030436366127,-0.014037807614459719,0.013700558472597324,0.03364737135059648,0.05544540338770276,0.05444538224847717
2026-04-21T03:00:00Z,803,624,4,3,407,370,433,2481659.6664301045,4377779.597760419,-1896119.9313303186,6859439.264190531,213532.88754599995,1607440.3163138232,873.117602380322,100.0,1.0,3.216687422166874,11.0,0.031129787628668294,0.031129787628668294,observed,0.46077210460772106,-0.27642491730030294,12.271550822924368,6.6895992691789665,-0.014037807614459719,0.010429308396679327,0.023866979820231782,0.052368667286921244,0.061173295219751234,0.07991603103548894
2026-04-21T04:00:00Z,718,575,4,3,343,444,274,6361710.45668946,2141499.6544153504,4220210.802274108,8503210.111104814,267463.7954439999,1180183.8495821727,2320.964527873648,100.04645130869922,1.0,4.4484679665738165,29.0,0.03145444978417081,0.03145444978417081,observed,0.6183844011142061,0.49630795277688133,12.49674323084057,6.577861357721047,0.010429308396679327,0.017521252935175813,0.01941430194007232,0.052673439658844634,0.04002593728662518,0.06498324895868524
2026-04-21T05:00:00Z,817,680,4,3,455,425,392,4983975.010843787,3562811.274961341,1421163.7358824492,8546786.285805127,273544.7766150001,869963.9718482252,779.2857960350257,100.0,1.0,2.6817625458996326,12.0,0.03200557115477605,0.03200557115477605,observed,0.5201958384332925,0.1662804811491285,12.519224260202616,6.706862336602747,0.017521252935175813,-0.004149574845078496,0.019677223921089615,0.05179100275006476,0.0041203108874066086,0.05777098417942983
2026-04-21T06:00:00Z,1037,814,4,3,582,490,547,4472097.570284033,5988769.874337815,-1516672.304053773,10460867.444621837,333416.73462899996,1310484.3153326905,1004.0920579148865,100.0,1.0,2.702989392478303,11.0,0.03187276164180982,0.03187276164180982,observed,0.4725168756027001,-0.14498532861474386,12.71715144113247,6.945051063725834,-0.004149574845078496,0.006035069379660918,0.02783729530147916,0.046491035355113564,0.008707473573055902,0.07364308689896637
2026-04-21T07:00:00Z,1111,912,4,3,552,671,440,7876430.550501295,3397323.0760340346,4479107.474467251,11273753.626535337,361494.2174479999,1396573.807380738,657.4096149168068,100.0,1.0,3.2142214221422143,12.0,0.03206511596963954,0.03206511596963954,observed,0.6039603960396039,0.39730400564410556,12.798004090750704,7.013915474810528,0.006035069379660918,0.017783686670939547,0.032625731908485056,0.036621327882442545,-0.002809734181287493,0.06325561431102544
2026-04-21T08:00:00Z,1367,1113,4,3,710,742,625,7551344.546233254,5481975.788794436,2069368.7574388124,13033320.335027685,425346.9961469999,1241645.3108997806,793.7102845248927,100.0,1.0,3.0643745427944404,19.0,0.03263535194511095,0.03263535194511095,observed,0.542794440380395,0.15877525482722024,12.960662927324401,7.221105098182496,0.017783686670939547,0.0038198201387642516,0.03149406309722602,0.021088460766484074,-0.01462216070472322,0.04599737886990729
2026-04-21T09:00:00Z,1021,842,4,3,551,469,552,4170096.4554462265,5113981.442680229,-943884.987234017,9284077.89812645,304146.513747,1198177.0509304604,754.6054307008346,100.0,1.0,2.8080313418217435,11.0,0.03276001311970654,0.03276001311970654,observed,0.4593535749265426,-0.10166706888839175,12.62526810528506,6.92951677076365,0.0038198201387642516,0.010721934874978745,0.01814853395464966,0.008366486200628742,-0.013896980960049543,0.037638461471367624
2026-04-21T10:00:00Z,1359,1104,4,3,687,782,577,9199637.354215475,4480473.240798492,4719164.113416972,13680110.595014004,452965.7513660002,1219204.6026490065,999.2508623616504,100.0,1.0,3.172185430463576,14.0,0.033111263846879485,0.033111263846879485,observed,0.5754231052244297,0.3449653480971833,13.023574005228467,7.215239978730097,0.010721934874978745,0.016668283462184297,0.0038693554213227177,-0.012014649458922722,-0.02948985147943939,0.018386026748604012
2026-04-21T11:00:00Z,2001,1618,4,3,926,1039,962,11921724.714362184,10399845.206466649,1521879.5078955397,22321569.920828823,751414.8426099996,1112626.303348326,1175.1966209636264,100.0,1.0,3.419790104947526,17.0,0.033663171778470447,0.033663171778470447,observed,0.519240379810095,0.06817977020852084,13.529714496022708,7.601901959875166,0.016668283462184297,-0.009167658066716045,-0.010087893574004192,-0.04532335011234723,-0.03347738948643886,0.013640143584591202
2026-04-21T12:00:00Z,1816,1476,4,3,903,809,1007,8477609.87959885,10343345.203032933,-1865735.3234341084,18820955.082631785,627764.6629539994,1336776.0726872247,800.4303366794824,100.0,1.0,3.0583700440528636,13.0,0.033354559330164305,0.033354559330164305,observed,0.44548458149779735,-0.09913074630074604,13.349922227650815,7.504942068396171,-0.009167658066716045,-0.0034530881931902346,-0.00960768240369203,-0.03610500281948059,-0.01595124891451305,0.03649222491305748
2026-04-21T13:00:00Z,1630,1354,4,3,854,807,823,7973492.102711151,7886843.804030999,86648.29868015139,15860335.90674213,527187.7812220006,1195294.0926380367,692.456284469238,100.0,1.0,2.788957055214724,12.0,0.03323938309515225,0.03323938309515225,observed,0.4950920245398773,0.005463207033548245,13.175313982016094,7.396948602621014,-0.0034530881931902346,0.002533085190315809,-0.015822780917123302,-0.03803805787430381,-0.00553181942023151,0.04733046014098141
2026-04-21T14:00:00Z,1842,1511,4,3,968,820,1022,7650101.356777222,9909741.817111889,-2259640.460334672,17559843.17388912,585156.8613430007,1333707.4983713354,724.4168247215785,100.0,1.0,2.6384364820846904,9.0,0.03332358128420582,0.03332358128420582,observed,0.44516829533116176,-0.12868226885389725,13.279636938261023,7.519149957669823,0.002533085190315809,-0.008687000485690266,-0.03559453037255811,-0.03497309277631133,-0.000947487322428775,0.042195604735278947
2026-04-21T15:00:00Z,1774,1424,4,3,876,871,903,8156761.025475473,9166383.85008319,-1009622.8246077271,17323144.87555868,572254.4883090006,1031174.8337091319,970.1519012824673,100.0,1.0,2.9323562570462234,15.0,0.03303409931740498,0.03303409931740498,observed,0.49098083427282974,-0.05828172839633809,13.257340828522864,7.4815557019095165,-0.008687000485690266,-0.009706809188489318,-0.026754367885342356,-0.022078745639954378,0.017662276180683945,0.05524174096248835
2026-04-21T16:00:00Z,1449,1168,4,3,752,604,845,4908656.014902332,8463527.571146231,-3554871.556243903,13372183.586048568,437450.1737999999,1354845.8530020704,818.6547822268259,100.0,1.0,2.7915804002760525,9.0,0.032713443618617326,0.032713443618617326,observed,0.4168391994478951,-0.2658407681414696,12.9887203758089,7.27931883541462,-0.009706809188489318,-0.01760742669801907,-0.02257243566141698,-0.017687713700356156,0.02399681659591346,0.06263561551127905
2026-04-21T17:00:00Z,1653,1324,4,3,803,770,883,7734056.240057831,9009345.144844836,-1275288.904787001,16743401.384902688,538090.1253490004,1290531.8088324259,1150.202213767818,100.0,1.0,3.1524500907441015,11.0,0.03213744405806274,0.03213744405806274,observed,0.46581972171808833,-0.07616665667090276,13.195783202773212,7.4109518755836366,-0.01760742669801907,0.00039980819321638883,0.0006443737782686476,0.012408348551629977,0.053430522926688484,0.07248186619543784
2026-04-21T18:00:00Z,1212,979,4,3,619,627,585,6581915.934040767,5970827.404004372,611088.5300364003,12552743.338045148,403574.3746589998,1119124.0643564356,843.0130664039119,100.0,1.0,2.919141914191419,12.0,0.03215029287150619,0.03215029287150619,observed,0.5173267326732673,0.04868167169357306,12.908118551375667,7.10085190894405,0.00039980819321638883,-0.005451625431034057,0.004804154358472479,0.020908661175666587,0.06437506911284685,0.06474151711819509
2026-04-21T19:00:00Z,1255,1045,4,3,673,505,750,4350351.611900884,7952982.225716369,-3602630.613815485,12303333.837617235,393399.36419200036,1175134.2454183267,666.5385146624378,100.0,1.0,2.839043824701195,14.0,0.031975021517272696,0.031975021517272696,observed,0.40239043824701193,-0.29281743154855333,12.882583110691625,7.135687347028144,-0.005451625431034057,0.005727316459903431,0.004997528348165803,0.03379160549973692,0.06625149758965221,0.0639382033526994
2026-04-21T20:00:00Z,1527,1248,4,3,764,900,627,11470756.163570398,5360442.433267189,6110313.730303207,16831198.59683759,541260.2526540007,1147133.7328094302,991.1811057684502,100.0,1.0,3.2017026850032746,16.0,0.032158152584314335,0.032158152584314335,observed,0.5893909626719057,0.3630349731273014,13.20165734820559,7.331714969726466,0.005727316459903431,0.0045585720893734916,0.011756399257952577,0.035258711647503826,0.061519081470296166,0.05513985152894585
2026-04-21T21:00:00Z,904,723,4,3,467,398,506,3165784.6478731898,5357744.757746198,-2191960.1098730084,8523529.4056194,275350.46816499997,1301466.3860619469,786.5205370982229,100.0,1.0,3.0707964601769913,14.0,0.03230474784113101,0.03230474784113101,observed,0.44026548672566373,-0.2571657825721691,12.525803626672054,6.807934943699926,0.0045585720893734916,-0.0052602251603453,0.016027508193849016,0.04063826370830337,0.05226172259526285,0.04910865338860826
2026-04-21T22:00:00Z,598,491,4,3,342,300,298,1945267.329945071,2582552.489805558,-637285.1598604866,4527819.819750622,145500.66400500006,1179148.847826087,569.2914141278407,100.0,1.0,2.7123745819397995,12.0,0.03213481759373848,0.03213481759373848,observed,0.5016722408026756,-0.14074878975541616,11.88794280198877,6.395261598115449,-0.0052602251603453,0.012491095385381401,0.028650893499108987,0.042435110379505314,0.04933063121599002,0.06111737077888035
2026-04-21T23:00:00Z,937,777,4,3,485,570,367,6788109.389066685,2510696.1300417427,4277413.259024937,9298805.51910843,302547.9511000004,1205121.9338313767,1162.996535448436,100.0,1.0,2.9018143009605124,11.0,0.032536216665493695,0.032536216665493695,observed,0.608324439701174,0.45999599090820165,12.619998365179478,6.843749949006225,0.012491095385381401,0.008799295545167007,0.023229220400077022,0.04051939559145823,0.04874954042305779,0.036765374459264644
2026-04-22T00:00:00Z,989,822,4,3,500,543,446,5306042.393999764,3988142.009630758,1317900.3843690038,9294184.403630547,305058.4833179998,926479.1911021234,1245.6956260206475,100.0,1.0,2.7997977755308394,8.0,0.03282251245185496,0.03282251245185496,observed,0.5490394337714863,0.14179838995385094,12.628262063846334,6.897704943128636,0.008799295545167007,0.007098675907786678,0.02422252873665176,0.042576196666922916,0.053293572874027806,0.027049946556068516
2026-04-22T01:00:00Z,1316,1052,4,3,587,630,686,6322553.308413643,6643990.583327068,-321437.274913424,12966543.891740711,428615.70611099957,1308971.8404255318,1037.7779766907693,100.0,1.0,3.791793313069909,20.0,0.03305550883022997,0.03305550883022997,observed,0.4787234042553192,-0.0247897417844835,12.96831833958909,7.183111701743281,0.007098675907786678,0.007154595150411058,0.013400286693483698,0.03139887373550887,0.05315633078415294,0.02562779142361138
2026-04-22T02:00:00Z,2213,1838,4,3,1082,1213,1000,13608480.685208736,9935353.201020624,3673127.4841880836,23543833.886229362,783821.4969889988,1107683.075011297,1242.6278756977372,100.0,1.0,3.134658834161771,14.0,0.033292007613401106,0.033292007613401106,observed,0.5481247175779485,0.15601229187810708,13.571937866796846,7.7025561132685825,0.007154595150411058,0.009778595911319687,0.016897655820091728,0.025365997433628662,0.04318400835815872,0.013712793887970864
2026-04-22T03:00:00Z,1598,1294,4,3,780,822,776,9236540.766726408,8548606.332583914,687934.434142476,17785147.099310298,597893.1910809994,1157034.1689612016,1448.2883841819346,100.0,1.0,3.1214017521902377,13.0,0.03361755670292913,0.03361755670292913,observed,0.5143929912390488,0.03868027800395049,13.301169079285756,7.377133712833954,0.009778595911319687,-0.0035426303769635625,0.017919609670087766,0.011169547855697237,0.036927245571921175,-0.014443805842846658
2026-04-22T04:00:00Z,861,695,4,3,435,439,422,4054267.6588356877,4296672.641533204,-242404.98269751767,8350940.300368893,279743.65736300003,1001736.8536585366,951.1022268602272,100.0,1.0,2.997677119628339,15.0,0.03349846212535404,0.03349846212535404,observed,0.5098722415795587,-0.029027268065466797,12.54163252809368,6.759255270663693,-0.0035426303769635625,0.010630409626735338,0.017760590043595537,0.006614820210703032,0.03773331937086799,-0.019547899186195816
2026-04-22T05:00:00Z,1510,1239,4,3,772,840,670,9066330.480656842,5887884.271265276,3178446.2093915646,14954214.751922123,506268.4278600002,1252145.5874172186,1142.0987432547404,100.0,1.0,2.888741721854305,14.0,0.03385456449961223,0.03385456449961223,observed,0.5562913907284768,0.21254517620077823,13.134824272686298,7.32052696227274,0.010630409626735338,0.010793395304187658,0.008327624284577118,0.007909650571118254,0.01808504961088464,-0.024731349336295172
2026-04-22T06:00:00Z,1129,873,4,3,545,606,523,4340022.679895227,3054119.3102221563,1285903.3696730763,7394141.990117401,253027.31853499982,1201494.732506643,881.4627417502118,100.0,1.0,3.1771479185119573,10.0,0.034219970197107666,0.034219970197107666,observed,0.5367581930912312,0.17390839550981618,12.441256692414232,7.029972911706386,0.010793395304187658,-0.003698297167570197,-0.0066312327125501724,0.010279705446343268,0.00034428465677405207,-0.02743819835771455
2026-04-22T07:00:00Z,923,742,4,3,463,450,473,3710530.2211640626,3747640.6713809776,-37110.45021691625,7458170.89254504,254274.51223499994,1016957.3109425786,829.266507361778,100.0,1.0,3.056338028169014,8.0,0.034093414578253364,0.034093414578253364,observed,0.4875406283856988,-0.004975811194405685,12.446173651983951,6.828712071641684,-0.003698297167570197,0.0012635289061686539,-0.010951268836628003,0.02109509482964933,-0.002169557784614695,-0.0336095289642907
2026-04-22T08:00:00Z,1066,847,4,3,556,492,574,3522373.581645783,4743432.210369748,-1221058.628723965,8265805.792015534,282165.6181950007,1240191.079737336,702.6817776547917,100.0,1.0,3.1594746716697935,15.0,0.03413649259308298,0.03413649259308298,observed,0.46153846153846156,-0.14772408878798762,12.550253020103389,6.9726062513017535,0.0012635289061686539,-0.004202042180453391,-0.0004145217322152339,0.017377220396547877,-0.006009529223454435,-0.041055551812973934
2026-04-22T09:00:00Z,669,550,4,3,403,278,391,1660184.9778325432,2791356.902323886,-1131171.9244913405,4451541.880156426,151321.4839789999,1240541.5171898357,449.7707197438468,100.0,1.0,2.4887892376681613,9.0,0.033993049611314115,0.033993049611314115,observed,0.4155455904334828,-0.25410789226397024,11.927168494016675,6.507277712385012,-0.004202042180453391,-0.00803108826031751,0.017023827118172408,0.025473173881517708,-0.0029964685961187953,-0.050154121295661436
2026-04-22T10:00:00Z,788,659,4,3,449,399,389,3547968.8467625435,3528746.0835810155,19222.76318152419,7076714.930343563,238627.17017400012,1355354.6104060914,642.257587349635,100.0,1.0,2.781725888324873,11.0,0.0337200484296483,0.0337200484296483,observed,0.5063451776649747,0.0027163399078152435,12.382661846111096,6.670766320845874,-0.00803108826031751,0.011930405326450622,0.03240119789505491,0.030914008551603978,0.011232626983576743,-0.04332847091132208
2026-04-22T11:00:00Z,1179,917,4,3,614,729,450,7389558.079563851,2781671.406925936,4607886.672637912,10171229.486489795,347066.17389599985,1586572.7141645462,824.5595568393871,100.0,1.0,3.0729431721798135,11.0,0.034122342275041545,0.034122342275041545,observed,0.6183206106870229,0.4530314332951056,12.75727362490859,7.07326971745971,0.011930405326450622,0.013170231177352276,0.01779912025092134,0.010095546792314947,-0.011427100086221498,-0.04468088575076812
2026-04-22T12:00:00Z,2031,1494,4,3,859,1097,934,7793221.878869919,7781720.861181395,11501.017688522097,15574942.740051288,538452.8929020007,1456648.9384539635,959.4327490426174,100.0,1.0,3.7848350566223536,14.0,0.03457174141111658,0.03457174141111658,observed,0.5401280157557853,0.0007384308167597298,13.196457150560962,7.616775808698373,0.013170231177352276,0.0069674529225227655,0.008307914267148941,-0.009834326806733129,-0.024915775614533398,-0.05389963305973111
2026-04-22T13:00:00Z,1966,1529,4,3,1005,1000,966,7200780.607059238,7623688.6159695685,-422908.00891033985,14824469.22302884,516078.5899230009,1266530.1180061037,927.3236591548948,100.0,1.0,2.903357070193286,10.0,0.03481261839184817,0.03481261839184817,observed,0.508646998982706,-0.02852769988239309,13.154016276606136,7.584264818389059,0.0069674529225227655,-0.0023821374903957304,-0.001440514934003545,-0.022784021519705155,-0.026139081687943322,-0.05987271945116446
2026-04-22T14:00:00Z,1937,1513,4,3,921,960,977,9374343.291170359,7957919.104252236,1416424.1869181339,17332262.395422585,601944.0990979995,1275693.6587506454,1127.3889456707902,100.0,1.0,3.391326794011358,20.0,0.03472968994843811,0.03472968994843811,observed,0.49561177077955604,0.08172182918787385,13.307921522620584,7.569411792450712,-0.0023821374903957304,0.00372219062652146,-0.0075688545070732305,-0.022987294339936737,-0.02825121381660367,-0.05578016801158758
2026-04-22T15:00:00Z,1754,1387,4,3,840,868,886,7783942.026788707,8222269.94381605,-438327.9170273238,16006211.970604753,557959.9104350008,1164419.3882554162,1054.8526095866907,100.0,1.0,3.280501710376283,13.0,0.03485896047482618,0.03485896047482618,observed,0.49486887115165334,-0.027384862691579283,13.232044185925753,7.470224135899966,0.00372219062652146,-0.002768016554392516,-0.017992758776537054,-0.02776244489153845,-0.04954161599489448,-0.056028358482979934
2026-04-22T16:00:00Z,1901,1478,4,3,890,918,983,7780544.690431168,9048254.733595997,-1267710.04316482,16828799.424027175,585010.6400809999,1209821.2456601788,1019.2386779451912,100.0,1.0,3.5165702261967384,21.0,0.034762470295162946,0.034762470295162946,observed,0.48290373487638083,-0.07532979692864232,13.279387023590399,7.550661243105336,-0.002768016554392516,-0.008504698156087898,-0.021374296579127705,-0.019091196166476476,-0.05519839971197105,-0.04531432190691964
2026-04-22T17:00:00Z,1223,955,4,3,611,599,624,4849006.180454,6739212.364511176,-1890206.184057165,11588218.544965178,399409.1119859998,1311367.3524121013,818.015786275843,100.0,1.0,3.3270645952575633,15.0,0.034466825978142615,0.034466825978142615,observed,0.4897792313982011,-0.1631144749922254,12.897744017585271,7.1098794630722715,-0.008504698156087898,-0.006820308040255796,-0.015536029781900274,-0.021307535655299525,-0.04205581740302,-0.055024940743652606
2026-04-22T18:00:00Z,730,584,4,3,402,323,407,2577476.0065095183,4120031.5914875297,-1542555.584978012,6697507.597997044,229267.41648600006,1273902.404109589,625.9367119184137,100.0,1.0,2.936986301369863,10.0,0.03423175160780179,0.03423175160780179,observed,0.44246575342465755,-0.23031785517336753,12.342648720527906,6.594413459749778,-0.006820308040255796,-0.006201980692755127,-0.009948690503370883,-0.015231237777778017,-0.027772921223837344,-0.04709131011802781
2026-04-22T19:00:00Z,881,658,4,3,425,501,380,4734722.802114724,4649021.390868495,85701.41124622972,9383744.192983216,319229.78772099986,1314511.6469920545,1009.8298595700685,100.0,1.0,3.7082860385925085,19.0,0.03401944694525102,0.03401944694525102,observed,0.5686719636776391,0.009132965422300595,12.673669592666547,6.782192056006791,-0.006201980692755127,-0.00258965415087975,0.0023329659180935103,-0.003433284189085617,-0.03150833032300848,-0.04643299277101809
2026-04-22T20:00:00Z,652,504,4,3,326,300,352,2204394.006373116,4268331.024450325,-2063937.018077204,6472725.030823451,219628.28775099988,1309897.4355828222,614.9841184602769,100.0,1.0,3.2423312883435584,12.0,0.033931348343258616,0.033931348343258616,observed,0.4601226993865031,-0.31886678458433343,12.299696348354033,6.481577129276431,-0.00258965415087975,-0.0011835025588982084,-0.005862587202780545,-0.005387769725175295,-0.03525790600602052,-0.03679105143706973
2026-04-22T21:00:00Z,366,286,4,3,217,242,124,1829581.9078719977,874380.093748316,955201.8141236807,2703962.0016203127,91640.49131700004,1281912.2295081967,501.5072311458384,100.0,1.0,2.6448087431693987,8.0,0.0338911905056675,0.0338911905056675,observed,0.6612021857923497,0.353260073015556,11.425639410081898,5.905361848054571,-0.0011835025588982084,0.006126153928539546,-0.00533562980396729,-0.022401079848151317,-0.047299383817768326,-0.036373817464579905
2026-04-22T22:00:00Z,1036,840,4,3,536,512,524,4981130.482913275,4919850.368652807,61280.11426046905,9900980.851566097,337611.69611399976,1217266.2635135136,988.0908590304125,100.0,1.0,2.8030888030888033,8.0,0.03409881315552668,0.03409881315552668,observed,0.4942084942084942,0.006189297321060469,12.729654647969562,6.9440872082295275,0.006126153928539546,-0.010744957578646908,-0.005752828953298539,-0.03680994951251615,-0.0539550410449573,-0.04716595647287891
2026-04-22T23:00:00Z,815,639,4,3,413,339,476,2351187.970356772,4090756.0119088828,-1739568.041552107,6441943.982265659,217302.37841600014,1372558.3791411044,765.0480987342785,100.0,1.0,2.94601226993865,11.0,0.03373242285468834,0.03373242285468834,observed,0.41595092024539876,-0.27003774735406716,12.289049713367106,6.704414354964107,-0.010744957578646908,-0.0006540649413133703,0.0004776175521543635,-0.02120000153634871,-0.03363817242759437,-0.039757558723607866
2026-04-23T00:00:00Z,2276,1783,4,3,1029,1215,1061,13371304.805815576,11277563.41868882,2093741.3871267568,24648868.224504426,830922.213047999,1172632.2196836555,1225.5892853678677,100.0,1.0,3.4156414762741654,13.0,0.03371035965951353,0.03371035965951353,observed,0.5338312829525483,0.08494269870960179,13.630292666497159,7.7306140660637395,-0.0006540649413133703,0.00570414728175872,-0.017156993409566668,-0.012735663362998917,-0.029724465559336166,-0.037289596193414654
2026-04-23T01:00:00Z,1310,1045,4,3,632,646,664,6465068.623903888,6375081.757339154,89986.86656474847,12840150.381243061,435315.1052669995,1324021.1404580153,957.8621195770335,100.0,1.0,3.2290076335877864,12.0,0.03390264851593245,0.03390264851593245,observed,0.49312977099236643,0.007008240861119635,12.983827724942353,7.1785454837637,0.00570414728175872,-0.004545794230193967,-0.03123682064543576,-0.028171767818954252,-0.03463907127692312,-0.06269722707168457
2026-04-23T02:00:00Z,1405,1110,4,3,692,542,863,3883196.7738346276,7879344.575406888,-3996147.8015722604,11762541.349241532,396968.52726199996,1380974.7103202846,745.4513251943775,100.0,1.0,3.0270462633451958,11.0,0.03374853405192043,0.03374853405192043,observed,0.38576512455516015,-0.3397350693972216,12.89161479919687,7.2485040723706105,-0.004545794230193967,-0.018268728649688093,-0.021667270419843176,-0.030031941465863188,-0.028329291053818095,-0.06444338473949385
2026-04-23T03:00:00Z,1014,752,4,3,517,413,601,2103108.722991373,4853225.953168459,-2750117.230177083,6956334.676159828,230477.2195599999,1602577.181459566,450.24676877914163,100.0,1.0,2.854043392504931,8.0,0.033131991241001135,0.033131991241001135,observed,0.4072978303747535,-0.3953399826494916,12.34791164480667,6.922643891475888,-0.018268728649688093,-0.00870317977777546,0.004498510969626501,-0.025468833338880392,-0.006824856929296685,-0.06306649971743283
2026-04-23T04:00:00Z,822,625,4,3,391,438,384,2817765.236670102,3828235.0614121845,-1010469.8247420855,6646000.29808229,218278.82504600027,1555632.49270073,987.5220247311039,100.0,1.0,3.705596107055961,16.0,0.03284363756483502,0.03284363756483502,observed,0.5328467153284672,-0.15204179648226282,12.293533119788028,6.71295620067707,-0.00870317977777546,0.005287412917230894,0.003163882455280209,-0.017800320428729255,0.01046153795890925,-0.06010098213164272
2026-04-23T05:00:00Z,934,760,4,3,471,506,428,4433305.360769932,3444735.959686722,988569.4010832147,7878041.320456649,260111.6177530003,1254809.4785867238,811.9524802563366,100.0,1.0,2.9593147751605997,11.0,0.03301729543834418,0.03301729543834418,observed,0.5417558886509636,0.12548416044940375,12.468869961421207,6.840546529288687,0.005287412917230894,0.007987947686165509,-0.008549924573830414,-0.01270757142497847,-0.013538495850012211,-0.06794712575564288
2026-04-23T06:00:00Z,1085,859,4,3,542,583,502,5307454.783732991,4979418.357917341,328036.42581565486,10286873.141650332,342357.79398699984,1257266.0783410138,1085.042866732515,100.0,1.0,3.117972350230415,14.0,0.033281035867044347,0.033281035867044347,observed,0.5373271889400921,0.03188883748235158,12.743614571343588,6.990256500493881,0.007987947686165509,-0.010020267845105901,-0.029833139602745584,-0.017207956943129932,-0.019870243604517168,-0.0675957323094507
2026-04-23T07:00:00Z,1001,761,4,3,480,429,572,2923245.323050424,4826269.451307433,-1903024.128257008,7749514.774357852,255327.53304800004,1537828.5054945054,650.4913234821687,100.0,1.0,3.023976023976024,12.0,0.032947550973493986,0.032947550973493986,observed,0.42857142857142855,-0.24556687530345386,12.450306359804788,6.90975328164481,-0.010020267845105901,-0.006451190285751918,-0.02089808380331515,-0.006654780385886183,-0.01541021251425645,-0.05522385600382351
2026-04-23T08:00:00Z,831,645,4,3,429,397,434,2593138.380698798,4013561.4333452443,-1420423.052646439,6606699.814044031,216270.31876100003,1418097.6943441636,588.9350077539033,100.0,1.0,2.8868832731648615,10.0,0.032735000052714465,0.032735000052714465,observed,0.4777376654632972,-0.2149973651938914,12.284289003800952,6.723832440821209,-0.006451190285751918,-0.013650281780848261,-0.004193500968125874,0.0017553675062436103,-0.0015891764654967222,-0.05151888807112681
2026-04-23T09:00:00Z,721,545,4,3,364,308,413,1620648.4624911905,2959764.9269995047,-1339116.4645083172,4580413.389490693,147893.11158199987,1927516.7517337033,312.3271364418542,100.0,1.0,3.130374479889043,12.0,0.03228815807789883,0.03228815807789883,observed,0.42718446601941745,-0.2923571194645418,11.904251834397183,6.582025138892826,-0.013650281780848261,-0.0009027391928829731,0.01301341364561348,0.01913122642702203,0.011467995472670633,-0.045966093381994644
2026-04-23T10:00:00Z,723,585,4,3,391,374,349,2066087.394325291,2311109.9603444114,-245022.56601911972,4377197.354669697,141204.05451499982,1537481.3941908714,378.43150781981427,100.0,1.0,2.9889349930843707,11.0,0.03225901029213591,0.03225901029213591,observed,0.5172890733056709,-0.05597704333749629,11.857968400249028,6.584791392385716,-0.0009027391928829731,0.010499872844780711,0.01454731441314805,0.028774045619700095,0.007176281114142036,-0.0361021782239378
2026-04-23T11:00:00Z,887,700,4,3,495,532,355,4623138.200136725,2310479.051155521,2312659.1489812005,6933617.251292248,226020.1539479998,1421492.8308906427,985.5381271359289,100.0,1.0,2.528748590755355,7.0,0.03259772579830181,0.03259772579830181,observed,0.5997745208568207,0.3335429495405418,12.328383875413895,6.78897174299217,0.010499872844780711,0.003393225564387148,0.005973920114151765,-0.0008416193632043711,-0.006332396542800156,-0.038371253162501895
2026-04-23T12:00:00Z,1109,855,4,3,572,610,499,6066436.620807513,5244692.892530452,821743.7282770588,11311129.513337953,369968.238629,1594323.7267808837,1182.2310365313404,100.0,1.0,2.798016230838593,9.0,0.032708337234821486,0.032708337234821486,observed,0.5500450856627592,0.07264913086779425,12.821175142323641,7.01211529430638,0.003393225564387148,0.0006100897929430804,0.00603922188887096,-0.0027089013186416544,-0.0077968889924031615,-0.032721228094229726
2026-04-23T13:00:00Z,1196,938,4,3,616,575,621,4800362.106651927,6347405.750079162,-1547043.6434272411,11147767.856731094,364847.404434,1377253.4163879598,987.7444784220551,100.0,1.0,2.759197324414716,11.0,0.032728292257512594,0.032728292257512594,observed,0.4807692307692308,-0.13877609072143768,12.807237215973295,7.087573705557973,0.0006100897929430804,0.00196068130003213,0.014022738027532178,-0.008814087947965898,-0.02906493826290968,-0.038457571771343124
2026-04-23T14:00:00Z,1686,1260,4,3,839,923,763,9717567.698353648,6677829.567420568,3039738.13093308,16395397.26577423,537645.4419459996,1426773.5243179123,966.4288802073005,100.0,1.0,2.9157769869513643,10.0,0.032792462008123885,0.032792462008123885,observed,0.5474495848161328,0.18540191992045252,13.19495645200825,7.430707082545968,0.00196068130003213,0.0034583598159421136,-0.00677506577564424,-0.003338683355464611,-0.037167008692526204,-0.043539987793066115
2026-04-23T15:00:00Z,1318,1034,4,3,710,627,691,5633471.937706655,6560236.132485824,-926764.1947791729,12193708.070192462,401244.57429499965,1276111.6449165402,868.6302193851484,100.0,1.0,2.5235204855842186,7.0,0.03290587014099859,0.03290587014099859,observed,0.4757207890743551,-0.07600347568141716,12.90232892357114,7.1846291527173145,0.0034583598159421136,0.008550522557950746,-0.008695608498332397,-0.007519376068200634,-0.05662812161634245,-0.0475533012412922
2026-04-23T16:00:00Z,1416,1089,4,3,712,715,701,8189318.227993976,6743896.159310209,1445422.068683772,14933214.38730419,495592.0582310006,1485151.7196327683,1260.5068416552406,100.0,1.0,2.9717514124293785,12.0,0.0331872325259282,0.0331872325259282,observed,0.5049435028248588,0.09679242734991003,13.113510421841209,7.256297239690681,0.008550522557950746,-0.018589727370990405,-0.022521019617291804,-0.020993691080676724,-0.06983197028269417,-0.05947135355383437
2026-04-23T17:00:00Z,2062,1678,4,3,1132,861,1201,7173187.818190918,10713100.835714608,-3539913.01752369,17886288.65390556,582561.6249560007,1336760.981086324,539.9856111927014,100.0,1.0,2.612997090203686,9.0,0.03257029092107353,0.03257029092107353,observed,0.41755577109602326,-0.19791210384781152,13.275191969297214,7.631916513071252,-0.018589727370990405,0.001518029298595458,0.003459822948225888,-0.005495402216509793,-0.05515535038796404,-0.04779190704094738
2026-04-23T18:00:00Z,1044,833,4,3,617,493,551,3684487.069134852,4500857.300557585,-816370.2314227382,8185344.369692433,267003.75257499993,1338646.5785440614,506.26047229937825,100.0,1.0,2.3084291187739465,8.0,0.0326197335769555,0.0326197335769555,observed,0.4722222222222222,-0.0997355999395067,12.495021737130337,6.951772164398911,0.001518029298595458,-0.00551541493626595,0.0011865502061885191,-0.0051018079680937856,-0.04869303109462608,-0.05323922006437076
2026-04-23T19:00:00Z,887,672,4,3,455,454,433,3936925.867669167,4185916.6920315083,-248990.82436234245,8122842.559700679,263503.568486,1827908.2446448703,872.6376865065813,100.0,1.0,2.8489289740698984,12.0,0.032439822211168146,0.032439822211168146,observed,0.5118376550169109,-0.0306531639056559,12.481825984521038,6.78897174299217,-0.00551541493626595,0.007495606735501648,0.001562518035955307,-0.02043093033174659,-0.04043678290756547,-0.051951938772231476
2026-04-23T20:00:00Z,1057,838,4,3,559,597,460,6597088.812777544,4729262.919913926,1867825.892863621,11326351.732691476,370178.90858900023,1346770.3982970673,1403.8371390898367,100.0,1.0,2.7521286660359507,8.0,0.03268297836103266,0.03268297836103266,observed,0.5648060548722801,0.16490975531622223,12.821744405874052,6.964135612418245,0.007495606735501648,-0.0007508444366521871,-0.008924348499000923,-0.03394164574476666,-0.05000918502553131,-0.06170248084845498
2026-04-23T21:00:00Z,734,585,4,3,429,331,403,3037894.8048136886,4160045.3720703884,-1122150.5672567033,7197940.1768840775,235073.4867989997,1312436.2629427793,1372.7640652528967,100.0,1.0,2.4032697547683926,7.0,0.03265843852855705,0.03265843852855705,observed,0.45095367847411444,-0.15589884601437073,12.367657708005597,6.5998704992128365,-0.0007508444366521871,-0.005141963843554032,-0.0062809055644895695,-0.049480810369469275,-0.056782902782628986,-0.0556747967150526
2026-04-23T22:00:00Z,745,617,4,3,452,354,391,3017377.7746746913,3369846.11692059,-352468.34224589774,6387223.891595286,207524.16183999996,1283376.2966442953,422.617889965692,100.0,1.0,2.4201342281879197,11.0,0.03249051001845628,0.03249051001845628,observed,0.47516778523489933,-0.05518333915141098,12.24300787318078,6.61472560020376,-0.005141963843554032,-0.003053382241350766,-0.021959136820365988,-0.049885561264592426,-0.0429700938650035,-0.05608472291409883
2026-04-23T23:00:00Z,652,516,4,3,372,335,317,2767477.0252258996,2935547.840568544,-168070.81534264548,5703024.865794439,184728.41255900005,1700822.6411042945,575.3499315027071,100.0,1.0,2.4846625766871164,8.0,0.032391304072153494,0.032391304072153494,observed,0.5138036809815951,-0.02947046861932856,12.126647398549792,6.481577129276431,-0.003053382241350766,0.001914399246905063,-0.02524257074409675,-0.049934357550617925,-0.032243032285878215,-0.05152681737294318
2026-04-24T00:00:00Z,1032,795,4,3,565,500,532,3976298.987365539,4435785.444325037,-459486.45695949474,8412084.43169058,273000.01712200005,1460231.949612403,770.3763779483692,100.0,1.0,2.614341085271318,7.0,0.032453313960275496,0.032453313960275496,observed,0.4844961240310077,-0.05462218795956041,12.517230799881768,6.940222469119639,0.001914399246905063,-0.0208381645555753,-0.04347295432570886,-0.04381475760600673,-0.025120198501005997,-0.060292326134227636
2026-04-24T01:00:00Z,1361,1052,4,3,660,595,766,4117031.623610053,10547977.976348903,-6430946.35273885,14665009.599958967,466010.69144699984,1390056.1542983102,1198.088620438804,100.05651615437323,1.0,4.219691403379867,26.0,0.031777046463597525,0.031777046463597525,observed,0.4371785451873622,-0.4385231601046373,13.05196600173512,7.216709486709457,-0.0208381645555753,-0.006400285697158781,-0.028553433190344424,-0.020423115832550964,-0.009673801965323081,-0.037895196277614285
2026-04-24T02:00:00Z,660,547,4,3,417,282,378,2486380.207165364,3168428.9925705907,-682048.785405229,5654809.199735952,178543.0472830002,1556884.356060606,531.5793133049401,100.0,1.0,2.106060606060606,7.0,0.03157366428761861,0.03157366428761861,observed,0.42727272727272725,-0.1206139343193183,12.092590613250925,6.493753839851686,-0.006400285697158781,-0.016823887085679945,-0.025331211710148294,-0.016632058726050447,-0.006618987049753833,-0.03264269270536768
2026-04-24T03:00:00Z,974,770,4,3,554,401,573,2097125.44114213,5844972.088470995,-3747846.6473288587,7942097.529613122,246542.34435199987,1578651.5359342915,631.026677432682,100.0,1.0,2.75564681724846,10.0,0.03104247252476255,0.03104247252476255,observed,0.41170431211498976,-0.47189632629850425,12.415293096163175,6.882437470997847,-0.016823887085679945,-0.005565595144266022,-0.0003573378106177527,-0.007682214617884875,0.009619557867888595,-0.014602338925043923
2026-04-24T04:00:00Z,662,512,4,3,394,352,310,2258094.1368595255,1962972.8779993057,295121.25886021997,4221067.01485883,130303.08378500001,1716745.9501510574,579.8247289349373,100.0,1.0,2.474320241691843,11.0,0.030869702690412722,0.030869702690412722,observed,0.5317220543806647,0.06991626946962605,11.777626104026256,6.4967749901858625,-0.005565595144266022,-0.0031045837496417317,0.008369289300691474,0.007278562579044134,0.011138435635127841,-0.0017945331630488948
2026-04-24T05:00:00Z,471,344,4,3,243,278,193,1645020.8946873073,2163291.6100416686,-518270.7153543631,3808312.50472898,117196.49532899992,1767029.4458598725,694.5300606182337,100.0,1.0,3.4713375796178343,14.0,0.030773865113083797,0.030773865113083797,observed,0.5902335456475584,-0.1360893347672491,11.671615784983718,6.156978985585555,-0.0031045837496417317,0.008367969430044253,0.008925240131431034,0.018621160974866324,0.007793284695045033,-0.008544277054718497
2026-04-24T06:00:00Z,602,494,4,3,382,330,272,3235735.766511296,2252167.574678365,983568.1918329339,5487903.341189663,170297.21330100013,1272976.5132890365,585.7092684438215,100.0,1.0,2.166112956810631,7.0,0.03103137987559439,0.03103137987559439,observed,0.5481727574750831,0.17922476594125233,12.045306375116002,6.401917196727186,0.008367969430044253,0.0031155652003977963,-0.0073274951983586245,0.01955118974456793,-0.00477888748673394,-0.008314653523667559
2026-04-24T07:00:00Z,440,358,4,3,269,231,209,1891318.647463074,1582246.7196144785,309071.9278485966,3473565.3670775522,108125.35172599996,1143357.7795454545,556.8061398092354,100.0,1.0,2.4272727272727272,9.0,0.031128060162855117,0.031128060162855117,observed,0.525,0.08897829612708023,11.591055745668175,6.089044875446846,0.0031155652003977963,-0.0025549588843214455,-0.0010816738800164538,0.010973425405361503,-0.012000414000401083,-0.010417976024075903
2026-04-24T08:00:00Z,776,618,4,3,455,365,411,3044735.583267686,4053523.166626781,-1008787.5833590962,7098258.749894469,220390.494413,1550900.7899484537,536.3609354025298,100.0,1.0,2.579896907216495,9.0,0.031048529248990337,0.031048529248990337,observed,0.47036082474226804,-0.14211761206564835,12.303160763923662,6.655440350367647,-0.0025549588843214455,-0.007875788848863419,0.009610147965147808,0.010182426389988564,-0.01230885145267202,-0.0046426964453882835
2026-04-24T09:00:00Z,333,249,4,3,206,138,195,611871.2252253509,1258711.4348123847,-646840.2095870335,1870582.660037736,57621.42374899994,1867147.036036036,381.8673830278922,100.0,1.0,2.249249249249249,6.0,0.03080399758855753,0.03080399758855753,observed,0.4144144144144144,-0.3457961112362629,10.961667072123848,5.811140992976701,-0.007875788848863419,0.009427093475416815,0.027077092206051923,0.01743571740892569,0.0011748155020150364,0.005749193491119575
2026-04-24T10:00:00Z,582,449,4,3,314,356,226,4069355.8534103795,1792251.1927610429,2277104.6606493345,5861607.046171421,182263.09407400008,1660257.3487972508,1298.1673110697534,100.0,1.0,2.8694158075601375,13.0,0.031094389753241376,0.031094389753241376,observed,0.6116838487972509,0.38847787692227725,12.113211980620175,6.368187186350492,0.009427093475416815,0.008121093802963442,0.012068153091356892,0.003831981737207668,-0.013703468371285554,-0.0018300050354499442
2026-04-24T11:00:00Z,1114,828,4,3,597,616,498,6231281.876200565,4279153.493936304,1952128.3822642555,10510435.37013686,329469.67380699987,1623584.0763016157,1006.8986309801757,100.0,1.0,2.5655296229802516,8.0,0.03134691020917335,0.03134691020917335,observed,0.5529622980251346,0.1857323996121805,12.70524262686059,7.016609683894219,0.008121093802963442,0.009288636757550206,0.0005668310941546739,-0.010629934557277898,-0.019926268402504,-0.019249481233849064
2026-04-24T12:00:00Z,786,602,4,3,433,438,348,4040481.108601432,2913994.0898403986,1126487.0187610302,6954475.198441826,220026.24457500016,1540793.9262086514,782.931238673326,100.0,1.0,2.758269720101781,14.0,0.031638080271577905,0.031638080271577905,observed,0.5572519083969466,0.16198016192701695,12.301506656644358,6.668228248417403,0.009288636757550206,-0.005323921712892643,-0.009387196803715803,-0.02386351708088086,-0.03607842482646606,-0.02560805251955245
2026-04-24T13:00:00Z,981,816,4,3,600,440,541,4777516.971744566,6006809.859871843,-1229292.888127277,10784326.831616407,339378.9003860006,1206366.3119266054,705.4355123046191,100.0,1.0,2.363914373088685,11.0,0.03146964160906581,0.03146964160906581,observed,0.44852191641182465,-0.11398883836897074,12.734875409009184,6.889591308354466,-0.005323921712892643,-0.003335373112415385,-0.00813796119262511,-0.02272447408451994,-0.028497069317460433,-0.013833296876803569
2026-04-24T14:00:00Z,799,660,4,3,489,371,428,3271800.8063647407,4085876.1499487613,-814075.343584019,7357676.956313499,230771.17306999984,1147952.1376720902,667.8939650267966,100.0,1.0,2.3566958698372966,10.0,0.031364678612585586,0.031364678612585586,observed,0.4643304130162703,-0.11064298533594555,12.349186239059566,6.684611727667927,-0.003335373112415385,-0.0007521590544617984,-0.011190422571962122,-0.022264570492515845,-0.026197103947382616,-0.010408108811812866
2026-04-24T15:00:00Z,1309,1059,4,3,711,639,670,8238493.908490594,7371767.2975117825,866726.6109788136,15610261.206002364,489242.56056900026,1216704.6577540108,1090.3046424870142,100.0,1.0,2.9526355996944234,22.0,0.031341087385576845,0.031341087385576845,observed,0.4881588999236058,0.05552287687828984,13.100615723330112,7.177782416195197,-0.0007521590544617984,-0.004069562013031103,-0.014613500078392128,-0.0159822400852232,-0.02399111289413225,-0.01753521470250108
2026-04-24T16:00:00Z,889,731,4,3,563,348,541,3001660.4938896033,5375826.048488743,-2374165.554599142,8377486.542378362,261491.03547499995,1294163.7919010124,618.9897564737397,100.0,1.0,2.219347581552306,14.0,0.031213542886905414,0.031213542886905414,observed,0.3914510686164229,-0.28339831315624153,12.474159104948718,6.7912214627261855,-0.004069562013031103,-0.006402614485402802,-0.014706191306034677,-0.01746851109300862,-0.012790502608134968,-0.030908737268154796
2026-04-24T17:00:00Z,788,642,4,3,450,419,369,3962473.7131601586,4505577.485358068,-543103.7721979063,8468051.19851822,262625.5537710001,1537151.728426396,777.9065493514137,100.0,1.0,2.5710659898477157,7.0,0.031013694605076973,0.031013694605076973,observed,0.5317258883248731,-0.0641356268952343,12.47848835444013,6.670766320845874,-0.006402614485402802,-0.004211371915836426,-0.011199474775879903,-0.009396214995716634,-0.016211223073099967,-0.036535322815785753
2026-04-24T18:00:00Z,642,542,4,3,384,280,362,2052135.367119571,3611509.4817159856,-1559374.1145964114,5663644.848835547,174910.82189300025,984908.8925233645,642.7681885054803,100.0,1.0,2.311526479750779,7.0,0.030883084402610825,0.030883084402610825,observed,0.43613707165109034,-0.27533049056157194,12.072037251020895,6.466144724237619,-0.004211371915836426,-0.004163245065265886,-0.001389038724338043,-0.012513524450040725,-0.0035527442017430078,-0.017163403696512147
2026-04-24T19:00:00Z,715,592,4,3,412,330,385,2630064.76004214,3752590.7288220576,-1122525.9687799185,6382655.4888642095,196295.44559399996,1022943.0013986015,719.5060167130432,100.0,1.0,2.6083916083916083,9.0,0.030754510553871465,0.030754510553871465,observed,0.46153846153846156,-0.17587130791226074,12.187381273090939,6.573680166960646,-0.004163245065265886,-0.002866345054540198,-0.002803549319603915,-0.005906824718170389,0.0016016585419154072,0.006461570073616807
2026-04-24T20:00:00Z,705,576,4,3,382,396,309,3962135.9891776526,2888324.9767752,1073811.012402452,6850460.965952845,210078.68512199994,1388430.834042553,867.6420718344588,100.0,1.0,2.699290780141844,7.0,0.03066635751464057,0.03066635751464057,observed,0.5617021276595745,0.15675018334377055,12.255242190687442,6.559615237493242,-0.002866345054540198,0.005668396963187883,0.0018236840840617496,-0.0040220834145774376,0.007761692527627595,0.015058094260122612
2026-04-24T21:00:00Z,594,489,4,3,324,298,296,2603304.5708724805,3183434.1338417954,-580129.5629693153,5786738.70471428,178464.10147300008,1185009.2457912457,1265.2801947554008,100.0,1.0,2.6835016835016834,8.0,0.030840186602448597,0.030840186602448597,observed,0.5016835016835017,-0.10025155663183849,12.092148351132087,6.38856140554563,0.005668396963187883,-0.005573826057898801,-0.011139959560920398,-0.008138951485593848,0.004569010245039973,0.02041769894739187
2026-04-24T22:00:00Z,385,328,4,3,225,153,232,1229182.1726743053,2183690.8726432687,-954508.699968964,3412873.045317569,104666.97607800004,1012034.6961038961,643.5441034025326,100.0,1.0,2.335064935064935,6.0,0.030668288766733408,0.030668288766733408,observed,0.3974025974025974,-0.2796789353997628,11.55854848644339,5.955837369464831,-0.005573826057898801,0.0017605969616840689,-0.0031120000441728912,0.004761179196483223,0.012038431602540811,0.024200370178391495
2026-04-24T23:00:00Z,239,196,4,3,128,152,87,1209453.8511326653,820836.9894447946,388616.8616878705,2030290.840577459,62375.17031000002,1354531.0125523012,637.7668222936531,100.0,1.0,2.6234309623430963,6.0,0.03072228326275617,0.03072228326275617,observed,0.6359832635983264,0.19140945421264838,11.040938595362777,5.480638923341991,0.0017605969616840689,-0.007344997439810874,-0.005835126072093022,-0.006879650754972433,0.0006905471974560928,0.018241263691122
2026-04-25T00:00:00Z,459,361,4,3,249,185,274,1297397.8327379893,2674194.735773808,-1376796.9030358172,3971592.5685117994,121120.18180799989,1863208.605664488,617.5494604846658,100.0,1.0,3.1176470588235294,15.0,0.03049662817084608,0.03049662817084608,observed,0.40305010893246185,-0.34666116407598135,11.704546825955244,6.131226489483141,-0.007344997439810874,0.0024993215467474794,0.0030348158006201498,0.009074332125214468,0.010862265745041233,0.01977193611731054
2026-04-25T01:00:00Z,376,313,4,3,210,213,163,1900207.6172945558,1223747.0621172676,676460.5551772878,3123954.6794118197,95508.19485499989,995830.8882978724,937.406620946066,100.0,1.0,2.5638297872340425,7.0,0.030572849050736626,0.030572849050736626,observed,0.5664893617021277,0.21653981078389148,11.46697780303827,5.932245187448011,0.0024993215467474794,-0.000975839183050331,0.007897757060978616,0.007553098086562349,0.015093904482979426,0.011527708749073495
2026-04-25T02:00:00Z,299,249,4,3,188,143,156,887319.546236516,1137235.825585243,-249916.2793487266,2024555.3718217576,61836.02482000005,1386154.7257525083,759.1108654141002,100.0,1.0,2.297658862876254,8.0,0.030543014866695434,0.030543014866695434,observed,0.4782608695652174,-0.12344255080751097,11.0322575711725,5.703782474656201,-0.000975839183050331,0.0015114733562044957,-0.0010506553895356374,0.011831362669771028,0.016213748387452487,0.011719178260869212
2026-04-25T03:00:00Z,436,360,4,3,255,253,183,1913128.406616175,1337376.8211952941,575751.5854208819,3250505.227811469,99430.28891900001,997524.8142201835,622.8448733269577,100.0,1.0,2.2844036697247705,5.0,0.030589179819884606,0.030589179819884606,observed,0.5802752293577982,0.17712679878030202,11.507222120969653,6.07993319509559,0.0015114733562044957,0.0073596666089872365,0.006021242961315787,0.012812239929844482,0.006614589556427797,0.006487493515183074
2026-04-25T04:00:00Z,534,450,4,3,290,268,266,3138090.8327439995,2584873.407297375,553217.4254466273,5722964.240041372,176349.17123499996,1358114.4588014982,1266.3785842428208,100.0,1.0,2.8202247191011236,9.0,0.030814305985201317,0.030814305985201317,observed,0.50187265917603,0.09666623837625588,12.080226906658906,6.282266746896006,0.0073596666089872365,-0.009845469238669247,-0.00034195827106653365,0.007242768288358237,-0.018352978479124094,0.00006325452254740682
2026-04-25T05:00:00Z,542,448,4,3,312,259,283,1687057.6048793953,2972239.290924534,-1285181.6860451393,4659296.89580393,142159.45666599998,1128175.2380073802,613.7759514868909,100.0,1.0,2.3985239852398523,6.0,0.030510924683513074,0.030510924683513074,observed,0.477859778597786,-0.2758316790678328,11.864711675161583,6.297109319933935,-0.009845469238669247,0.008601509878074953,0.01289556685612503,0.007622639046902302,-0.020659007522095374,0.012096143347904542
2026-04-25T06:00:00Z,567,476,4,3,305,361,206,4025396.8735029823,1717594.3137269237,2307802.5597760594,5742991.1872299,176731.16229399986,1311551.7583774251,1171.496768525731,100.0,1.0,2.880070546737213,9.0,0.03077336470356751,0.03077336470356751,observed,0.63668430335097,0.4018467875952314,12.082390658122858,6.342121418721152,0.008601509878074953,0.00098799969154717,0.006750351462299964,0.0017718552171088753,-0.01365918709251257,0.004076884201246189
2026-04-25T07:00:00Z,350,285,4,3,188,151,199,1216265.4048160268,2153046.5014845,-936781.0966684741,3369311.906300529,103787.50490400004,998660.9228571429,1464.5349401070387,100.0,1.0,2.56,6.0,0.0308037687784025,0.0308037687784025,observed,0.43142857142857144,-0.2780333559848576,11.550110500845465,5.860786223465865,0.00098799969154717,0.0032662098892117797,0.007587321106632405,0.0074842769187428715,0.004852140060127352,0.00534065412567708
2026-04-25T08:00:00Z,506,424,4,3,281,309,197,3412806.259807692,1477032.8405006342,1935773.4193070596,4889839.100308327,151117.44741900024,1210975.0158102766,1034.4302076263123,100.0,1.0,2.5652173913043477,7.0,0.030904380352611515,0.030904380352611515,observed,0.6106719367588933,0.39587671078686415,11.925819228293872,6.2285110035911835,0.0032662098892117797,0.0024823464346253044,-0.005205796117352057,0.0043311424011589494,0.007240205483693529,-0.000048145560135104404
2026-04-25T09:00:00Z,618,489,4,3,312,330,288,3130220.7046835544,2947469.297469186,182751.40721436756,6077690.002152736,188293.49577999982,1336488.7556634303,1040.7012436246255,100.0,1.0,3.440129449838188,15.0,0.030981095730994127,0.030981095730994127,observed,0.5339805825242718,0.030069221554511083,12.145762483097453,6.428105272684596,0.0024823464346253044,0.001820178760435498,-0.004945114981047438,-0.006119249085937195,0.015776605231417662,-0.0050165042815335514
2026-04-25T10:00:00Z,556,455,4,3,294,260,296,2169021.8263238184,3037257.453505777,-868235.6271819569,5206279.279829599,161589.82475500015,1182174.4820143885,1072.7340293600441,100.0,1.0,2.773381294964029,7.0,0.0310374868634187,0.0310374868634187,observed,0.4676258992805755,-0.16676700970416902,11.99282264595104,6.322565239927284,0.001820178760435498,-0.009472043124808649,-0.00010226824586911931,-0.025411695743398632,0.012017269498938221,-0.007062540299514031
2026-04-25T11:00:00Z,425,361,4,3,263,157,268,1053638.9132732486,2623574.644064872,-1569935.7307916242,3677213.557338122,113050.40929800012,1022460.8635294117,607.7967589191517,100.0,1.0,2.2658823529411767,6.0,0.030743498449362718,0.030743498449362718,observed,0.36941176470588233,-0.42693624025689614,11.635597943776137,6.054439346269371,-0.009472043124808649,0.0027450422124797313,0.009586845682542977,-0.028067696648567786,0.017538605258957007,0.0036446524177220496
2026-04-25T12:00:00Z,823,687,4,3,457,475,348,4529454.835792138,2948287.4362133048,1581167.3995788319,7477742.272005446,230523.02107299972,997117.6196840826,918.4498987103904,100.0,1.0,2.732685297691373,13.0,0.030827890650365522,0.030827890650365522,observed,0.5771567436208992,0.2114498390106698,12.3481103488871,6.714170529909472,0.0027450422124797313,0.00669595159969294,-0.0011799691881995145,-0.015403749096421948,0.008813931110290829,-0.007910803569645353
2026-04-25T13:00:00Z,494,423,4,3,287,280,214,2450303.3925469755,1779117.852778225,671185.5397687482,4229421.245325201,131257.18152700015,1163241.020242915,999.6186346753686,100.0,1.0,2.348178137651822,6.0,0.031034312714080994,0.031034312714080994,observed,0.5668016194331984,0.15869441723512706,11.784921513954908,6.20455776256869,0.00669595159969294,0.00012627670196430074,-0.025312016113016922,-0.002612583559780779,-0.0035131683070467323,-0.018247139835222637
2026-04-25T14:00:00Z,686,565,4,3,367,295,391,3348029.796192213,4149495.2110161497,-801465.4148239312,7497525.007208347,232709.91778600006,1256758.142857143,922.2883342143507,100.0,1.0,3.2157434402332363,15.0,0.031038231624738257,0.031038231624738257,observed,0.43002915451895046,-0.1068973313264548,12.35755226604968,6.532334292222349,0.00012627670196430074,-0.007948807730422058,-0.03729698192100939,0.002896517851253222,-0.004422859003546553,-0.002901044647969697
2026-04-25T15:00:00Z,634,524,4,3,378,239,395,1809512.7597900347,4240817.150741288,-2431304.3909512577,6050329.91053133,186298.82231500008,1369521.4652996846,835.0227630611811,100.0,1.0,2.4037854889589907,7.0,0.030791514689260908,0.030791514689260908,observed,0.37697160883280756,-0.40184658141025975,12.135112602831844,6.453624998892692,-0.007948807730422058,-0.017626381947505432,-0.014240583357806647,0.022030665446752584,-0.00012626087736400393,0.009948221694654924
2026-04-25T16:00:00Z,1110,903,4,3,579,494,616,3679111.963837083,7801231.588322701,-4122119.6244856096,11480343.552159792,347266.2910389996,1240714.5855855856,903.0570648802313,100.0,1.0,3.120720720720721,13.0,0.03024877169060577,0.03024877169060577,observed,0.44504504504504505,-0.35905890845140404,12.757850053585681,7.01301578963963,-0.017626381947505432,-0.012171483635807334,0.023288922125327183,0.038404898846890134,0.018760544878075658,0.031292619798127363
2026-04-25T17:00:00Z,1048,854,4,3,549,524,524,5404452.667845001,5895832.341031856,-491379.67318684864,11300285.008876884,337659.2878850003,1278310.3654580154,870.6392765078575,100.0,1.0,2.898854961832061,11.0,0.02988059926097029,0.02988059926097029,observed,0.5,-0.043483830080466794,12.729795603619225,6.955592608396297,-0.012171483635807334,0.01581046927871177,0.04175067390197462,0.04692333174879004,0.03344611439895284,0.03543948360413851
2026-04-25T18:00:00Z,2101,1593,4,3,1157,1296,805,13398782.670166904,7083680.410190431,6315102.259976452,20482463.080357343,621704.7253609995,1426382.6934792956,600.423707536727,100.0,1.0,2.541170871013803,7.0,0.03035302555761536,0.03035302555761536,observed,0.6168491194669206,0.3083175219308769,13.340222149417212,7.650644551436897,0.01581046927871177,0.01977422053496558,0.036795234407306365,0.02459655943691441,0.017981686514093598,0.025432584995112473
2026-04-25T19:00:00Z,1562,1154,4,3,788,795,767,8746437.029979821,7490773.410321678,1255663.6196581514,16237210.440301504,502594.15768600017,1392875.5409731113,851.8291408887065,100.0002896073009,1.0,3.6594110115236878,26.0,0.03095323297889509,0.03095323297889509,observed,0.5089628681177977,0.07733247187223345,13.127540269516764,7.354362330421477,0.01977422053496558,0.005650506295572066,0.014771953838968344,-0.0009029437632974702,0.00048615517256145324,0.008189259645428493
2026-04-25T20:00:00Z,893,726,4,3,471,528,365,6115611.007153943,3131929.784737128,2983681.2224168163,9247540.79189108,287858.6927940003,1189379.0156774917,1123.8399207159036,100.0,1.0,2.872340425531915,11.0,0.031128134416710647,0.031128134416710647,observed,0.5912653975363942,0.32264591090348327,12.570228462609812,6.795705775173514,0.005650506295572066,0.010978423142656402,0.004965351092541814,-0.007298237379946171,-0.0072359611978840555,0.017855631239289238
2026-04-25T21:00:00Z,704,565,4,3,370,407,297,4295719.395994529,3224664.304393712,1071055.0916008193,7520383.700388245,236665.514307,1229223.6448863635,1378.2151486524401,100.0,1.0,2.840909090909091,10.0,0.03146987224797878,0.03146987224797878,observed,0.578125,0.14242027192648765,12.374407316575942,6.558197802812269,0.010978423142656402,-0.0018875049725196602,-0.011765751390018342,-0.021679316554001016,-0.020470159881477157,0.01158857609455266
2026-04-25T22:00:00Z,463,392,4,3,259,227,236,1685706.4107677746,2504540.871026377,-818834.4602585988,4190247.2817941555,131617.64788300003,949984.727861771,940.8797465840535,100.0,1.0,2.4989200863930887,7.0,0.03141047270762616,0.03141047270762616,observed,0.490280777537797,-0.19541435270808052,11.787663989073284,6.139884552226255,-0.0018875049725196602,-0.004067948160795698,-0.015446719376670082,-0.018917817116067992,-0.018853245269123686,0.020088570305322406
2026-04-25T23:00:00Z,350,284,4,3,191,166,184,1241900.4813419436,1983008.0181460765,-741107.5368041332,3224908.4994880166,100883.83393600008,1233966.0142857144,988.51297610725,100.0,1.0,2.6285714285714286,7.0,0.03128269653294545,0.03128269653294545,observed,0.4742857142857143,-0.22980730675670047,11.521734887175164,5.860786223465865,-0.004067948160795698,-0.005852787591990483,-0.012202996311420855,-0.01287316553288076,-0.013654472439106224,0.02646567505902664
2026-04-26T00:00:00Z,546,459,4,3,305,209,337,1503604.0560997485,3344530.7784774927,-1840926.7223777475,4848134.834577245,150775.0810319999,1142562.543956044,985.397132523835,100.0,1.0,2.6483516483516483,9.0,0.031099605554833425,0.031099605554833425,observed,0.38278388278388276,-0.3797185485123323,11.923551108129331,6.304448802421981,-0.005852787591990483,-0.005605267382030377,-0.010031594409854572,-0.006456075673781259,-0.016578611936424292,0.04573596221962983
2026-04-26T01:00:00Z,484,400,4,3,309,198,286,1251803.203731825,2629587.603356781,-1377784.3996249584,3881390.8070886065,120033.112831,1392762.4917355373,392.1289080757953,100.0,1.0,2.2644628099173554,8.0,0.030925283950222905,0.030925283950222905,observed,0.4090909090909091,-0.35497183048630476,11.695531254957768,6.184148890937483,-0.005605267382030377,-0.0007867364360970575,-0.003525556013789677,0.0013903543476458946,-0.01478591694297049,0.05780506339802938
2026-04-26T02:00:00Z,441,378,4,3,289,231,210,1802741.8931200244,1716577.1236321304,86164.76948789554,3519319.0167521546,108750.31470499994,1462740.9591836734,581.3850045022328,100.0,1.0,2.0839002267573696,6.0,0.03090095390254262,0.03090095390254262,observed,0.5238095238095238,0.024483364275232348,11.596819038119236,6.091309882077698,-0.0007867364360970575,-0.003667426491077319,-0.0006784483238534422,0.00006273402990419896,0.001528575027399448,0.05388867892549687
2026-04-26T03:00:00Z,433,357,4,3,270,214,219,1690350.1414580676,2112813.982979068,-422463.8415210018,3803164.1244371375,117090.3982000001,1422987.4434180139,613.4386983341907,100.0,1.0,2.344110854503464,7.0,0.030787626925600876,0.030787626925600876,observed,0.4942263279445728,-0.11108220095116875,11.670710090013255,6.073044534100405,-0.003667426491077319,0.0009298606833956224,0.0036117503507011595,0.0012359512509383386,0.010075754745653365,0.06860351927297814
2026-04-26T04:00:00Z,493,411,4,3,282,242,251,2188612.097534204,2323532.4940154552,-134920.39648124966,4512144.591549655,139047.3989139999,1117381.0912778904,810.7325690289953,100.0,1.0,2.436105476673428,7.0,0.030816255129414043,0.030816255129414043,observed,0.4908722109533469,-0.02990161191508104,11.842577345133394,6.202535517187923,0.0009298606833956224,0.0020681965566637928,0.0049333029974860665,0.00006581696015972582,0.012301295906145926,0.06938217593297114
2026-04-26T05:00:00Z,567,476,4,3,341,285,282,2960527.317625024,2601304.263681857,359223.0539431664,5561831.581306887,171749.29917500008,969513.7213403881,696.7890297497772,100.0,1.0,2.4285714285714284,8.0,0.030879989202161968,0.030879989202161968,observed,0.5026455026455027,0.0645871865574826,12.053796952004477,6.342121418721152,0.0020681965566637928,0.0006099401674461991,0.0007416855490751662,-0.0007914959647988828,0.001928856451644867,0.04761928261571202
2026-04-26T06:00:00Z,573,475,4,3,297,325,248,3649131.524791243,2230586.539013229,1418544.985778015,5879718.063804475,181676.37449299995,1247418.172774869,1064.911129553162,100.0,1.0,2.912739965095986,11.0,0.03089882414794667,0.03089882414794667,observed,0.5671902268760908,0.2412607152901724,12.109987725403553,6.352629396319567,0.0006099401674461991,0.0022478818267013256,-0.0023672491866826295,-0.010188312780944897,0.007319285385705809,0.030630143584929215
2026-04-26T07:00:00Z,533,445,4,3,285,285,248,2877285.273246143,2790334.984765474,86950.28848066923,5667620.258011611,175516.45705300008,1180543.8949343339,855.503291060356,100.0,1.0,2.973733583489681,11.0,0.03096828105321528,0.03096828105321528,observed,0.5347091932457786,0.015341586860509647,12.075493787328671,6.280395838960195,0.0022478818267013256,-0.0021114704169116205,-0.00484359113466315,-0.016153811768193416,0.007699361388502579,0.03234098291630794
2026-04-26T08:00:00Z,246,202,4,3,131,52,194,337508.4546392591,2222771.4164637187,-1885262.9618244593,2560279.871102977,79120.05348300001,1114349.7235772358,1088.4088282931539,100.0,1.0,2.7235772357723578,7.0,0.03090289244390881,0.03090289244390881,observed,0.21138211382113822,-0.7363503432194238,11.278734281210477,5.5093883366279774,-0.0021114704169116205,-0.002498585284078647,-0.001532045218075373,0.0014657490451508437,0.025274477576211707,0.03481894944509123
2026-04-26T09:00:00Z,336,290,4,3,185,193,143,1731140.7935373168,1269733.3712530446,461407.42228427215,3000874.164790362,92503.98351800001,1095017.830357143,851.2025378826485,100.0,1.0,2.5,7.0,0.030825678931612994,0.030825678931612994,observed,0.5744047619047619,0.153757670914037,11.435017797919535,5.820082930352362,-0.002498585284078647,-0.00023991588244431927,-0.007839621932906882,0.008828891415325835,0.032728697649630156,0.03714591511915888
2026-04-26T10:00:00Z,398,325,4,3,211,124,274,1151515.849139077,2766573.3882795796,-1615057.5391405013,3918089.237418654,120748.78435499991,1364822.2613065327,709.4979654238106,100.0,1.0,2.778894472361809,9.0,0.03081828336165017,0.03081828336165017,observed,0.31155778894472363,-0.41220539943713636,11.701475785633306,5.988961416889864,-0.00023991588244431927,0.001209167078774609,-0.011365269351403806,0.012234673696954967,0.03969010281762353,0.03301351741999903
2026-04-26T11:00:00Z,606,498,4,3,324,372,234,4267061.680909246,2520428.344500276,1746633.336408971,6787490.025409519,209431.7230249999,1083680.2755775577,1178.2356019773092,100.0,1.0,2.762376237623762,8.0,0.030855547815315423,0.030855547815315423,observed,0.6138613861386139,0.2573312564541985,12.252157835625097,6.408528791059498,0.001209167078774609,-0.008800056118811517,0.003002394066698777,0.002722507269962149,0.04067555068389139,0.02043876129220501
2026-04-26T12:00:00Z,530,433,4,3,282,158,372,1034630.2730800789,4784521.486114038,-3749891.213033956,5819151.759194118,177973.0378590001,1445287.7,826.1796611590883,100.0,1.0,2.909433962264151,8.0,0.030584017262963975,0.030584017262963975,observed,0.2981132075471698,-0.6444051243566933,12.089392963911669,6.274762021241939,-0.008800056118811517,-0.003792568898635329,0.016800220727122728,0.01768780707756612,0.06336507921467494,0.03345345622356111
2026-04-26T13:00:00Z,380,311,4,3,238,224,156,2198164.068376525,1324591.6838525534,873572.384523973,3522755.7522290754,107331.41128000004,1206846.2236842106,702.9441527647815,100.0,1.0,2.2157894736842105,6.0,0.03046802527029713,0.03046802527029713,observed,0.5894736842105263,0.2479798333935605,11.58368594526253,5.942799375126701,-0.003792568898635329,0.01575957268132644,0.023871246191073947,0.024244819405729867,0.07368041280505921,0.039210832236380444
2026-04-26T14:00:00Z,879,735,4,3,500,578,301,8172854.837421642,3243194.302324742,4929660.535096904,11416049.139746387,353306.0387499995,1036975.6837315131,1751.4257425304174,100.0,1.0,2.426621160409556,8.0,0.030948188329000866,0.030948188329000866,observed,0.6575654152445961,0.43181844040366657,12.775092756018859,6.779921907472252,0.01575957268132644,0.0048354098505600795,-0.00027904898172959047,0.023773881986240086,0.05228018970568571,0.03186804459484027
2026-04-26T15:00:00Z,563,433,4,3,300,325,238,4150576.570922746,3379772.809088233,770803.7618345136,7530349.380010977,234177.56630500004,1151572.5097690942,1622.9705562799463,100.0,1.0,2.9680284191829487,13.0,0.031097835503703902,0.031097835503703902,observed,0.5772646536412078,0.10235962807789271,12.363839207191644,6.335054251498059,0.0048354098505600795,0.003135250321995464,0.0008729210835620727,0.023690644109898962,0.05794393564279021,0.003378010774752971
2026-04-26T16:00:00Z,828,673,4,3,491,367,461,3901491.281084123,5647199.459640963,-1745708.1785568376,9548690.740725081,297874.6064920002,1428623.9456521738,1628.4572212032945,100.0,1.0,2.3333333333333335,7.0,0.031195335002480253,0.031195335002480253,observed,0.44323671497584544,-0.1828217318958093,12.604431250461078,6.720220155135295,0.003135250321995464,-0.008199390514595617,0.000364863468962362,0.027123580958152704,0.056387243854834956,-0.022002918316905484
2026-04-26T17:00:00Z,448,378,4,3,280,220,228,2330175.2203231463,2769015.599329144,-438840.37900600064,5099190.819652291,157766.68089199992,1718531.4888392857,806.9553628515066,100.0,1.0,2.361607142857143,8.0,0.030939552268561283,0.030939552268561283,observed,0.49107142857142855,-0.08606078778513426,11.968878855847018,6.1070228877422545,-0.008199390514595617,0.0059932732638594555,0.024059644787348233,0.03784999652322685,0.04560246555417202,-0.007638009559523096
2026-04-26T18:00:00Z,751,594,4,3,370,415,336,7419478.355276197,5766095.225541595,1653383.129734593,13185573.580817774,410400.73324200016,1575522.1145139814,1330.4898880527908,100.0,1.0,3.8575233022636484,13.0,0.031124981459968233,0.031124981459968233,observed,0.5525965379494008,0.1253933414121564,12.924891796129,6.62273632394984,0.0059932732638594555,0.002626044316254239,0.022797822326568573,0.04488338350861998,0.023141479109374474,-0.01558073477848898
2026-04-26T19:00:00Z,619,510,4,3,373,337,282,3962898.8017159165,2859382.1473453734,1103516.654370542,6822280.949061284,212900.991149,1393441.3279483037,1153.5428017363686,100.0,1.0,2.62843295638126,14.0,0.0312067170406247,0.0312067170406247,observed,0.5444264943457189,0.16175186313931866,12.268587203346057,6.429719478039138,0.002626044316254239,0.015292536692549596,0.026748957771666637,0.048265407315422726,0.02445334637689145,-0.030615590877873133
2026-04-26T20:00:00Z,1131,915,4,3,635,730,401,8552855.677222498,5244051.583372284,3308804.0938502257,13796907.260594763,437140.4771120003,1480711.1635720602,873.7265641597647,100.0,1.0,2.874447391688771,15.0,0.03168394690602246,0.03168394690602246,observed,0.6454465075154731,0.23982215951400027,12.988012167934935,7.0317412587631285,0.015292536692549596,0.00475371176560202,0.013466355994080859,0.027844339674049978,0.009309187030036137,-0.04292919871628609
2026-04-26T21:00:00Z,1056,848,4,3,532,624,432,7480232.644890106,5404708.904138221,2075523.7407518812,12884941.549028328,410186.486808,1139651.7253787878,1318.774337020191,100.0,1.0,3.081439393939394,11.0,0.03183456325721033,0.03183456325721033,observed,0.5909090909090909,0.1610813470014072,12.924369619055176,6.963189985870238,0.00475371176560202,0.006499254852492031,0.02159328138948613,0.03346058863581258,0.004277229324198828,-0.052945728244818135
2026-04-26T22:00:00Z,937,745,4,3,508,507,430,4616763.253414093,3874030.9894098616,742732.2640042288,8490794.242823953,272057.4797350001,1153728.885805763,1266.991162208652,100.0,1.0,2.694770544290288,7.0,0.03204146419693672,0.03204146419693672,observed,0.5410885805763074,0.08747500442988046,12.513772321194892,6.843749949006225,0.006499254852492031,0.0021581416190838976,0.020955901031984414,0.028490887989723213,-0.006421707179409153,-0.055116200222197764
2026-04-26T23:00:00Z,893,689,4,3,470,420,473,3915802.424948579,3882249.0532149025,33553.371733681284,7798051.478163479,250400.22263900007,1287310.830907055,942.5245401013576,100.0,1.0,2.7066069428891377,8.0,0.03211061421435652,0.03211061421435652,observed,0.47032474804031354,0.004302789206719042,12.430819800939771,6.795705775173514,0.0021581416190838976,0.012810770994041931,0.014186937331398752,0.007469739419873722,-0.019445819956457777,-0.05010283276688976
2026-04-27T00:00:00Z,1348,1093,4,3,681,813,535,9442941.144759884,4402709.850837135,5040231.293922742,13845650.995597005,450287.9285460001,1160814.2166172108,1068.205110238065,100.0,1.0,2.9985163204747773,12.0,0.032521975939534674,0.032521975939534674,observed,0.6031157270029673,0.3640299250302903,13.017644719147517,7.207118856207756,0.012810770994041931,0.005871291780915611,0.011616469550568498,-0.02080797220282926,-0.02812921317032957,-0.05983222701507662
2026-04-27T01:00:00Z,1179,981,4,3,614,541,638,5310703.623024603,6531867.710231683,-1221164.0872070796,11842571.333256304,387405.1117070001,870987.1416454623,864.377366202369,100.0,1.0,2.843935538592027,10.0,0.0327129219495676,0.0327129219495676,observed,0.458863443596268,-0.1031164645618648,12.867228806048969,7.07326971745971,0.005871291780915611,-0.004486192456471194,0.00738032558519186,-0.022715679418930157,-0.032104134673207496,-0.0648941202189326
2026-04-27T02:00:00Z,801,657,4,3,406,393,408,3484479.701578005,3904481.0082504414,-420001.30667243863,7388960.709828446,240630.11724499997,1130978.7515605493,869.8087334985754,100.0,1.0,2.932584269662921,12.0,0.03256616548588832,0.03256616548588832,observed,0.49063670411985016,-0.05684172959720476,12.391020406017928,6.687108607866515,-0.004486192456471194,0.010243791121703927,-0.006623234498760011,-0.01803303470046025,-0.019398013295826022,-0.07585849164293557
2026-04-27T03:00:00Z,1028,813,4,3,469,503,525,6284633.512319994,5085657.335428629,1198976.1768913686,11370290.847748624,374079.91373199975,1136902.5097276266,1276.5729916292125,100.01776035770432,1.0,4.632295719844358,22.0,0.0328997664827606,0.0328997664827606,observed,0.4892996108949416,0.10544815369685745,12.832227399874062,6.9363427358340495,0.010243791121703927,0.00165920574744427,-0.03205210940051517,-0.028238483046689078,-0.05157733130242281,-0.0869816720864448
2026-04-27T04:00:00Z,848,710,4,3,456,474,374,4643792.106092447,3670262.1343273018,973529.9717651445,8314054.240419746,273984.2863179996,1027243.9775943396,896.1085489683406,100.0,1.0,2.7193396226415096,15.0,0.03295435396439837,0.03295435396439837,observed,0.5589622641509434,0.11709449368663181,12.52082968435899,6.744059186311348,0.00165920574744427,-0.018324796471534843,-0.029875513983895763,-0.03394545890180145,-0.07420589620685769,-0.08768351781292816
2026-04-27T05:00:00Z,1772,1468,4,3,930,665,1107,5554444.611761205,11836051.711713644,-6281607.09995247,17390496.323474865,562590.7667289997,1144850.7985327314,683.7745041945095,100.0,1.0,2.7223476297968396,9.0,0.032350472135149855,0.032350472135149855,observed,0.3752821670428894,-0.3612091905320225,13.240309540606246,7.480428306074208,-0.018324796471534843,-0.015616852973133866,-0.01148587383754951,-0.026715997834168226,-0.05091846745548512,-0.07376519171976759
2026-04-27T06:00:00Z,848,708,4,3,450,387,461,3355901.0699709496,4718449.473578523,-1362548.4036075673,8074350.543549469,257129.78890399993,1050749.700471698,734.5887881199418,100.0,1.0,2.7264150943396226,8.0,0.031845259568203756,0.031845259568203756,observed,0.4563679245283019,-0.1687502166593567,12.457340140669737,6.744059186311348,-0.015616852973133866,0.003911606788262967,0.003939908739781561,-0.007476818396867979,-0.03784639238902754,-0.07985410341194199
2026-04-27T07:00:00Z,1015,836,4,3,520,528,487,6414867.660479262,4988158.767423999,1426708.8930552676,11403026.427903278,364552.76737200056,1200195.2226600985,1147.6732612783842,100.0,1.0,2.864039408866995,11.0,0.031969825701704736,0.031969825701704736,observed,0.5201970443349754,0.12511668740538057,12.80642932948923,6.923628628138427,0.003911606788262967,0.0002837986043553453,-0.004195281096984971,-0.009606677459733759,-0.05375446080538748,-0.09326227334834436
2026-04-27T08:00:00Z,863,722,4,3,468,431,432,4052825.114390808,4541626.648384542,-488801.5339937337,8594451.762775354,274841.102249,1271295.6129779837,1003.7286010362424,100.0,1.0,2.5480880648899187,7.0,0.03197889869362036,0.03197889869362036,observed,0.49942062572421786,-0.056874079637150465,12.5239520381079,6.761572768804055,0.0002837986043553453,-0.00025553440728265375,-0.01540708786402889,-0.0013900453310559113,-0.05175657411782553,-0.07391139242572076
2026-04-27T09:00:00Z,850,712,4,3,450,410,440,4218333.689539775,4966856.4268613905,-748522.7373216191,9185190.116401158,293657.2055139999,1217648.3729411764,889.4921546208581,100.0,1.0,2.7929411764705883,8.0,0.031970726984697134,0.031970726984697134,observed,0.4823529411764706,-0.08149235103855391,12.590171803737514,6.7464121285733745,-0.00025553440728265375,-0.004223353710326672,-0.011371922798627088,-0.024017053411320655,-0.05697924427453516,-0.07444209652636113
2026-04-27T10:00:00Z,714,581,4,3,384,352,362,2519950.5218834914,3576198.72570585,-1056248.203822359,6096149.247589337,194075.19869600004,1144607.6176470588,750.8901313641513,100.0,1.0,2.742296918767507,7.0,0.03183570329626447,0.03183570329626447,observed,0.49299719887955185,-0.17326482028635407,12.176006137712362,6.5722825426940075,-0.004223353710326672,-0.010978438307427285,-0.005434194335521947,-0.04167511832125825,-0.04900921587623819,-0.077894350320027
2026-04-27T11:00:00Z,590,483,4,3,331,296,294,2103865.6092016026,3573651.237764423,-1469785.6285628171,5677516.8469660245,178763.41386700014,1387508.4152542374,1018.2428227774219,100.0,1.0,2.616949152542373,9.0,0.03148619699165287,0.03148619699165287,observed,0.5016949152542373,-0.25887825050633667,12.093824094323447,6.3818160174060985,-0.010978438307427285,0.0038417263917382982,0.014236383748248427,-0.024866811298099645,-0.03126498610109518,-0.07966210947630115
2026-04-27T12:00:00Z,689,565,4,3,355,380,309,3520360.017831916,2872367.6241029315,647992.3937289832,6392727.64193484,202055.954839,1140748.1001451379,868.2253731948034,100.0,1.0,2.7793904208998548,8.0,0.031607158345611175,0.031607158345611175,observed,0.5515239477503628,0.10136399202717482,12.216304891290115,6.536691597591305,0.0038417263917382982,0.001757309262858442,-0.01279058414817602,-0.03059835231566732,-0.0326206058195917,-0.08080598114800253
2026-04-27T13:00:00Z,922,773,4,3,481,516,406,4835914.578132217,4231347.438583135,604567.1395490803,9067262.016715335,287094.01426399976,1040595.3546637744,1187.4439387943883,100.0,1.0,2.72234273318872,8.0,0.031662701897744554,0.031662701897744554,observed,0.559652928416486,0.06667582103997564,12.567568500106747,6.827629234502852,0.001757309262858442,0.008582485409237561,-0.036438940268536,-0.04457601070291828,-0.0338775964650434,-0.08684548165448613
2026-04-27T14:00:00Z,1292,1085,4,3,759,699,593,7278600.012538462,5106669.026603778,2171930.9859346757,12385269.039142244,395516.71244499995,1161756.7979876162,689.5797113702849,100.0,1.0,2.3962848297213624,8.0,0.031934446574798984,0.031934446574798984,observed,0.5410216718266254,0.17536405378603673,12.88795085013014,7.164720378771857,0.008582485409237561,-0.022908248808338083,-0.03855432093831701,-0.050436637999935585,-0.057577364835731726,-0.10942877928318362
2026-04-27T15:00:00Z,1887,1536,4,3,989,706,1181,4968613.890176466,14250131.614931814,-9281517.724755347,19218745.50510832,599680.2929080008,1400391.576046635,863.7927295919611,100.0,1.0,2.9480657127715952,13.0,0.03120288432710691,0.03120288432710691,observed,0.37413884472708003,-0.4829408726125402,13.304153614586347,7.543273346705446,-0.022908248808338083,-0.02223953802731915,-0.01803849100459165,-0.03377332665332544,-0.037329707473821916,-0.08830124040881704
2026-04-27T16:00:00Z,1151,917,4,3,618,572,579,4991456.411063917,5303116.312370682,-311659.901306766,10294572.723434588,314076.5694329994,1389054.331885317,716.3423568677332,100.0,1.0,2.749782797567333,9.0,0.030508946594552177,0.030508946594552177,observed,0.49695916594265854,-0.03027419492576926,12.657395270792748,7.049254841255837,-0.02223953802731915,0.006368265695845476,-0.008444789618885173,-0.007653038854769645,-0.014557903912814196,-0.06974895738463882
2026-04-27T17:00:00Z,885,719,4,3,495,465,420,3872488.6340621286,3358121.2422891106,514367.39177302236,7230609.8763512345,222003.11908999993,1202226.5141242938,790.4309451762267,100.0,1.0,2.4892655367231638,7.0,0.030703235672566647,0.030703235672566647,observed,0.5254237288135594,0.07113748363818327,12.310451215141743,6.786716950605081,0.006368265695845476,-0.0020585548176617063,-0.012358802291581372,-0.006561334264002183,-0.02407245687631243,-0.07180901782639704
2026-04-27T18:00:00Z,535,436,4,3,351,231,304,1432304.7898642144,2145897.037228591,-713592.2473643766,3578201.8270928017,109636.21626200003,1438884.6373831776,621.9553980158977,100.0,1.0,2.1177570093457945,8.0,0.03064003137885508,0.03064003137885508,observed,0.43177570093457945,-0.1994276124843836,11.604932160291405,6.284134161070802,-0.0020585548176617063,-0.012686880603391404,-0.016023882305561288,-0.002086084244600883,-0.04366008783900899,-0.06367142630990863
2026-04-27T19:00:00Z,900,668,4,3,464,408,492,3223379.4955541645,4525780.901235103,-1302401.40568094,7749160.3967892695,234422.21433999977,1631379.351111111,1048.4496377745488,100.0,1.0,3.3333333333333335,19.0,0.03025130495906738,0.03025130495906738,observed,0.4533333333333333,-0.16807000229606392,12.364883369067815,6.803505257608338,-0.012686880603391404,0.00239578075088831,0.0007984938769181049,0.011197556642623008,-0.041752178379180105,-0.04132114967917977
2026-04-27T20:00:00Z,694,554,4,3,359,325,369,2896441.5509550436,3404774.6978909224,-508333.14693588,6301216.248845957,191076.6981179999,1034797.1066282421,1106.433796589651,100.0,1.0,3.2190201729106627,17.0,0.030323780453177566,0.030323780453177566,observed,0.46829971181556196,-0.08067222689413003,12.160435420738851,6.543911845564792,0.00239578075088831,-0.005761858461076463,0.005870014374684596,-0.007520010903491192,-0.023364062120740936,-0.03782703134568188
2026-04-27T21:00:00Z,604,492,4,3,323,270,334,2245654.6460755537,3440945.4164368,-1195290.7703612482,5686600.062512348,171445.64148900012,1507468.6473509935,726.2242171601948,100.0,1.0,2.8245033112582782,8.0,0.030149059122201602,0.030149059122201602,observed,0.4470198675496689,-0.21019427377018085,12.052027368833643,6.405228458030842,-0.005761858461076463,0.004192546047027124,0.014164772711779072,-0.003680689964993822,-0.018517993528564314,-0.03748900863970861
2026-04-27T22:00:00Z,534,443,4,3,299,350,184,3483457.6315389453,1280729.6974637269,2202727.9340752186,4764187.329002669,144237.96501199997,1376017.754681648,1094.447116943527,100.0,1.0,2.6292134831460676,8.0,0.03027546044084598,0.03027546044084598,observed,0.6554307116104869,0.4623512431313938,11.879226682393885,6.282266746896006,0.004192546047027124,0.007475395458599987,0.010390765802834823,-0.006958115788530228,-0.03037372698664309,-0.04072142926875433
2026-04-27T23:00:00Z,509,419,4,3,282,311,198,3181865.7006574837,1913922.0178146777,1267943.6828428078,5095787.718472163,155430.60345900003,1218163.355599214,1105.980666369233,100.0,1.0,2.681728880157171,8.0,0.0305017814803325,0.0305017814803325,observed,0.6110019646365422,0.2488219197684646,11.953961064701156,6.234410725718371,0.007475395458599987,0.002436979356664981,-0.013311884325829082,-0.017626777793410153,-0.049959093746823835,-0.04618380089720664
2026-04-28T00:00:00Z,746,614,4,3,400,389,357,3426796.936951363,2925245.8362581315,501551.1006932303,6352042.773209507,194220.78201100015,1122577.1809651474,1191.6213250631245,100.0,1.0,2.683646112600536,8.0,0.030576113692141575,0.030576113692141575,observed,0.5214477211796247,0.07895902445880583,12.176755991325077,6.616065185132817,0.002436979356664981,0.0004556487413180932,-0.01759621627268304,-0.04166091176605902,-0.04981021470819624,-0.04679984698151829
2026-04-28T01:00:00Z,560,462,4,3,307,203,357,1737972.5690281237,3818648.7025459725,-2080676.133517853,5556621.271574096,169977.2984119998,1351321.4660714285,991.8445080811886,100.0,1.0,2.525,6.0,0.0305900456598598,0.0305900456598598,observed,0.3625,-0.3744498737320697,12.043426051483626,6.329720905522696,0.0004556487413180932,-0.016158863305451687,-0.017170467287059954,-0.05236339296309889,-0.054825232284892556,-0.04786769828975379
2026-04-28T02:00:00Z,668,533,4,3,379,273,395,1856979.3094352153,4216410.418954951,-2359431.1095197364,6073389.728390175,182783.19033399998,1804192.375748503,734.9305517198039,100.0,1.0,2.559880239520958,7.0,0.0300957452935346,0.0300957452935346,observed,0.4086826347305389,-0.38848669606867664,12.116061448124189,6.505784060128229,-0.016158863305451687,-0.0019157362655669585,-0.004373107772391527,-0.015964101434098654,-0.055019279580879266,-0.02463538229678064
2026-04-28T03:00:00Z,353,296,4,3,202,185,168,1892703.0130486372,1699911.4899768466,192791.523071792,3592614.5030254805,107915.27699699995,1189427.1586402266,718.4740108991923,100.0,1.0,2.507082152974504,7.0,0.030038089782836508,0.030038089782836508,observed,0.5240793201133145,0.05366329254347628,11.589110992482645,5.869296913133774,-0.0019157362655669585,0.0008892209492716852,-0.0244957276142328,-0.014892116828538748,-0.05294806885672021,-0.018278433682018425
2026-04-28T04:00:00Z,523,424,4,3,286,244,279,2056828.6598456274,2357425.565067819,-300596.90522219084,4414254.224913444,132713.671664,1381096.1682600381,718.3824744124926,100.0,1.0,2.6405353728489485,7.0,0.030064800281547507,0.030064800281547507,observed,0.4665391969407266,-0.06809687206633075,11.7959567768613,6.261491684321042,0.0008892209492716852,-0.0033483317610383256,-0.03580776167652855,-0.023579681351211357,-0.05600638910288813,-0.014114656544092719
2026-04-28T05:00:00Z,660,527,4,3,342,294,366,2428347.153401303,3976505.5178129678,-1548158.3644116656,6404852.671214268,191915.8595649999,1654059.7378787878,960.8819438182397,100.0,1.0,3.2666666666666666,14.0,0.029964133355875527,0.029964133355875527,observed,0.44545454545454544,-0.2417164677916248,12.164817534129384,6.493753839851686,-0.0033483317610383256,-0.02208802205458993,-0.01164190496680284,-0.03291245651096775,-0.04891404211965611,-0.011616905014521506
2026-04-28T06:00:00Z,1345,999,4,3,634,620,725,3692472.2007370717,7020526.604926197,-3328054.4041891266,10712998.805663276,313915.34332399984,1434139.750929368,1048.1315225407216,100.0,1.0,5.893680297397769,47.0,0.029302284917464276,0.029302284917464276,observed,0.46096654275092935,-0.3106557243738137,12.65688180685857,7.204892510204673,-0.02208802205458993,-0.01071717922801596,0.00984476547930102,-0.008503569396459687,-0.020924922421862613,0.005085678383779602
2026-04-28T07:00:00Z,1142,910,4,3,565,595,547,4714765.959504078,3891482.513191626,823283.4463124496,8606248.472695703,249480.05714299995,1374078.5017513135,706.0673216288038,100.0,1.0,2.912434325744308,10.0,0.028988247078213424,0.028988247078213424,observed,0.521015761821366,0.09566112911152978,12.427138268016844,7.04141166379481,-0.01071717922801596,0.021631065963683582,0.01268220157691724,-0.002597872753661856,0.0004498092145635013,0.009664834451981186
2026-04-28T08:00:00Z,1016,794,4,3,530,603,413,5656912.55926105,2803900.5444944827,2853012.0147665665,8460813.103755536,250569.46554100004,1042219.8494094488,1261.1752462582306,100.0,1.0,2.9311023622047245,13.0,0.029615293762933818,0.029615293762933818,observed,0.593503937007874,0.33720305362852043,12.431495459514622,6.92461239604856,0.021631065963683582,-0.0008284477150840575,-0.02152109812329761,-0.039688773756829665,-0.014808966846281413,-0.018578488101335222
2026-04-28T09:00:00Z,769,605,4,3,380,336,433,2389262.9160017767,4528472.680639724,-2139209.764637952,6917735.596641502,204701.04714600008,1084993.855656697,1031.6241325962587,100.0,1.0,3.1560468140442133,12.0,0.02959075904048437,0.02959075904048437,observed,0.43693107932379716,-0.30923554893837213,12.229310772312614,6.646390514847729,-0.0008284477150840575,-0.007937517558850637,-0.018169460795345094,-0.03863125316352556,-0.019328948453520622,-0.019222581098069402
2026-04-28T10:00:00Z,542,421,4,3,270,246,296,1323786.188144464,2217786.2088896027,-894000.020745142,3541572.3970340667,103965.98092500007,1275982.8062730627,574.2404816969146,100.0,1.0,3.07380073800738,10.0,0.029355881871020808,0.029355881871020808,observed,0.45387453874538747,-0.25243025428305044,11.55182863660677,6.297109319933935,-0.007937517558850637,-0.01287448126307067,-0.015088716190316598,-0.03320978387314821,-0.010671846019552511,-0.013557471644710883
2026-04-28T11:00:00Z,812,649,4,3,434,358,454,1997178.5821301101,3363964.7342387373,-1366786.1521086276,5361143.316368848,155354.8899959999,1180561.395320197,780.0575111789324,100.0,1.0,2.8891625615763545,14.0,0.028977940119911436,0.028977940119911436,observed,0.4408866995073892,-0.2549430357393177,11.953473828463581,6.70073110954781,-0.01287448126307067,0.0025940692806767363,-0.018567263533926792,-0.016546160393048015,0.003973821363657315,-0.010795899285617194
2026-04-28T12:00:00Z,729,587,4,3,382,391,338,3143259.5441312767,2489554.477632468,653705.0664988077,5632814.021763749,163650.77047700004,1196377.6639231825,642.5400392304673,100.0,1.0,2.8518518518518516,10.0,0.029053110904193786,0.029053110904193786,observed,0.5363511659807956,0.1160530179006548,12.005496098550916,6.593044534142437,0.0025940692806767363,-0.00482466761316902,-0.020840452146411947,-0.012527884762874919,0.003168175214337321,-0.02856884873809784
2026-04-28T13:00:00Z,1172,935,4,3,613,540,632,3807515.739524278,4727886.051253525,-920370.3117292506,8535401.790777804,246783.55388600007,1244236.6203071673,650.051878553543,100.0,1.0,2.755972696245734,10.0,0.028912939300952515,0.028912939300952515,observed,0.46075085324232085,-0.10782975825738839,12.41627098350376,7.067319848653476,-0.00482466761316902,-0.016360848926288196,-0.01839868014582846,0.003055620080377519,0.007361108477279998,-0.02441624730287162
2026-04-28T14:00:00Z,1697,1340,4,3,845,845,852,6159510.09866317,7391505.869801053,-1231995.7711378834,13551015.968464216,385389.52642599965,1161514.5627578078,1379.2908817634197,100.0,1.0,3.227460223924573,16.0,0.02843989906903469,0.02843989906903469,observed,0.4979375368296995,-0.0909153803674183,12.86201245351342,7.437206366871292,-0.016360848926288196,0.00027186691616165604,0.0020593394389476494,0.02590806629209208,0.03215292823182958,-0.004810967716280312
2026-04-28T15:00:00Z,1331,1069,4,3,662,601,730,4447373.795382864,6313748.9668352455,-1866375.1714523854,10761122.762218112,306128.4488040007,1135264.0293012771,870.7590815618419,100.0,1.0,3.151765589782119,19.0,0.028447630936690536,0.028447630936690536,observed,0.45154019534184825,-0.17343684415581215,12.631763326787501,7.194436851100335,0.00027186691616165604,-0.0023429563663958097,0.008489492240318697,0.02007794072100011,0.036607955735699305,-0.02355105883658326
2026-04-28T16:00:00Z,899,727,4,3,470,497,402,3946684.1955031147,2801305.691973326,1145378.5035297887,6747989.887476435,191514.561844,1129904.3481646273,757.5761840922421,100.0,1.0,2.7508342602892104,10.0,0.028380979378678537,0.028380979378678537,observed,0.5528364849833148,0.16973625073971904,12.162724347194137,6.802394763324311,-0.0023429563663958097,0.004139642067354732,0.021856429685112255,0.023312128606231663,0.044377135687374114,-0.026548462751267432
2026-04-28T17:00:00Z,741,591,4,3,378,405,336,2980577.534978851,2304713.417958755,675864.1170200969,5285290.952937604,150622.68703200002,1217498.217273954,815.3655999549236,100.0,1.0,2.8623481781376516,9.0,0.02849846647482724,0.02849846647482724,observed,0.5465587044534413,0.12787642592210494,11.922539866389066,6.60934924316738,0.004139642067354732,0.006690549616913621,0.023799715161077595,0.020865221050849092,0.0392153167609135,-0.036995514355883885
2026-04-28T18:00:00Z,537,423,4,3,281,311,226,2290670.6231556735,1880793.1315976353,409877.49155803723,4171463.754753314,119675.694645,1190447.4729981378,924.0527671692363,100.0,1.0,2.988826815642458,15.0,0.028689136878783023,0.028689136878783023,observed,0.5791433891992551,0.09825747403198425,11.692549174553182,6.2878585601617845,0.006690549616913621,0.010880403317782283,0.011490896603134848,0.015895193124965346,0.026566502816088855,-0.06381680023576597
2026-04-28T19:00:00Z,734,581,4,3,404,429,305,3500576.888114923,1689425.9883264594,1811150.8997884614,5190002.876441381,150516.75910400014,1062836.3365122615,942.1871458395843,100.0,1.0,2.5722070844686646,7.0,0.029001286258863244,0.029001286258863244,observed,0.5844686648501363,0.34896915144492363,11.921836356900565,6.5998704992128365,0.010880403317782283,0.006049235162415734,0.0014245630587930158,0.004292372537185285,0.009210882097775874,-0.09647584497316286
2026-04-28T20:00:00Z,587,453,4,3,298,312,275,2105903.5485002254,1766629.2467624715,339274.30173775245,3872532.795262693,112987.81225899988,1049246.122657581,902.4439817632285,100.0,1.0,3.0885860306643953,12.0,0.029176721859455645,0.029176721859455645,observed,0.5315161839863713,0.08761043990454774,11.635044086235482,6.376726947898627,0.006049235162415734,-0.005412570881884959,-0.0028662775216408143,0.0060871555112225195,-0.003826183073334488,-0.1262192385577311
2026-04-28T21:00:00Z,510,392,4,3,251,252,258,1334333.0117626716,2078184.45841513,-743851.4466524583,3412517.4701778027,99027.16463999997,1612167.2843137255,631.9272398881421,100.0,1.0,2.8980392156862744,8.0,0.0290188007842903,0.0290188007842903,observed,0.49411764705882355,-0.21797732997794772,11.503159579969878,6.236369590203704,-0.005412570881884959,0.0008201453882161758,0.0043542621457308694,0.016204658835202057,0.00010846384756990624,-0.10020953039775049
2026-04-28T22:00:00Z,313,252,4,3,163,158,155,935511.2121450189,993705.6077634419,-58194.39561842339,1929216.8199084604,56029.473224000016,1124744.10543131,674.7458157912707,100.0,1.0,2.731629392971246,6.0,0.0290426004199251,0.0290426004199251,observed,0.5047923322683706,-0.030164777239079153,10.933650986427644,5.749392985908253,0.0008201453882161758,0.001738579079681113,0.002863729914545754,0.020585124022553414,-0.0029167527615062694,-0.07252289042574867
2026-04-28T23:00:00Z,260,202,4,3,156,165,95,930260.4140161907,473349.89203101135,456910.5219851794,1403610.306047203,40835.365558999976,1319731.1769230769,633.675152956068,100.0,1.0,2.1538461538461537,5.0,0.02909309327743472,0.02909309327743472,observed,0.6346153846153846,0.32552519742599667,10.61732827612953,5.564520407322694,0.001738579079681113,0.0017895303235253568,0.00897916982549729,0.01797504247541659,-0.014711260727110709,-0.06879598860503522
2026-04-29T00:00:00Z,434,333,4,3,249,241,193,1250617.3462685617,942665.9048331961,307951.4414353653,2193283.2511017583,63923.58305399998,1177898.2834101382,497.1932142670572,100.0,1.0,2.3410138248847927,6.0,0.029145156250059843,0.029145156250059843,observed,0.5552995391705069,0.14040659877408498,11.0654592777134,6.075346031088684,0.0017895303235253568,-0.0006651419656041879,0.011799020660452575,0.010504341159738972,-0.0316367930488366,-0.06993238490785014
2026-04-29T01:00:00Z,443,360,4,3,274,212,231,997875.4584641441,1235740.3344432116,-237864.87597906642,2233615.7929073568,65055.781156000034,1036109.1060948081,348.1506352912865,100.0,1.0,2.1557562076749437,7.0,0.029125770583543837,0.029125770583543837,observed,0.4785553047404063,-0.10649319221971149,11.083015723795729,6.095824562432225,-0.0006651419656041879,0.007847157846774255,0.01767078973881908,0.004897487718805271,-0.03154514851996415,-0.0643801859211246
2026-04-29T02:00:00Z,646,510,4,3,329,348,298,2730496.6743706097,1839785.4638673607,890711.2105032507,4570282.138237969,134157.54769700006,1218036.7089783282,1130.25508046303,100.0,1.0,2.863777089783282,8.0,0.02935432510272184,0.02935432510272184,observed,0.5386996904024768,0.19489195274203713,11.80677757128197,6.472346294500901,0.007847157846774255,0.004589287868590253,0.0089158160237095,-0.009853359652047144,-0.03581242172265342,-0.08639310653318044
2026-04-29T03:00:00Z,709,552,4,3,351,427,282,3248004.921916635,1905439.461842547,1342565.4600740888,5153444.383759179,151970.130409,1102981.1170662905,1020.6311411728558,100.0,1.0,2.909732016925247,10.0,0.029489040550806415,0.029489040550806415,observed,0.6022566995768688,0.2605180846241625,11.931445850269402,6.565264970035361,0.004589287868590253,0.005134293889265562,-0.001279581689917375,-0.01583952095445218,-0.05803449051245868,-0.09768060719885685
2026-04-29T04:00:00Z,572,456,4,3,297,316,256,2183247.3420520877,1619329.7685419738,563917.5735101136,3802577.110594061,112710.08132299987,1193555.444055944,796.584852503475,100.0,1.0,2.730769230769231,7.0,0.029640445951506722,0.029640445951506722,observed,0.5524475524475524,0.14829878714070707,11.63258302104158,6.35088571671474,0.005134293889265562,-0.000823303627373928,-0.01255150697927776,-0.02302784572386185,-0.06791186441664165,-0.10667771384584479
2026-04-29T05:00:00Z,331,260,4,3,174,141,190,786906.4594248909,1311196.2480024325,-524289.7885775432,2098102.7074273233,62137.49971799999,941784.1299093656,621.5995683153775,100.0,1.0,2.6132930513595167,9.0,0.029616042864837867,0.029616042864837867,observed,0.4259818731117825,-0.24988757067113418,11.037121039076562,5.805134968916488,-0.000823303627373928,-0.0055623889769919055,-0.018603311968811043,-0.03210914004634513,-0.07333497677299039,-0.1073882674373926
2026-04-29T06:00:00Z,387,283,4,3,201,184,203,1192214.0245723,2332372.417668706,-1140158.3930964076,3524586.4422410065,103803.67705699994,1104962.9095607235,551.2951956318806,100.0,1.0,2.607235142118863,6.0,0.029451306914464372,0.029451306914464372,observed,0.4754521963824289,-0.3234871414790641,11.550266307051428,5.961005339623274,-0.0055623889769919055,-0.0062100207545311426,-0.014578593766182646,-0.04170307092417924,-0.08804427458319986,-0.10382417864444249
2026-04-29T07:00:00Z,302,231,4,3,167,117,185,503404.59736500465,1571427.5964753164,-1068022.9991103115,2074832.1938403214,60727.04698100003,1320818.3774834438,800.6743149767831,100.0,1.0,2.7019867549668874,9.0,0.02926841368727748,0.02926841368727748,observed,0.38741721854304634,-0.5147515072693664,11.014160929326263,5.713732805509369,-0.0062100207545311426,-0.006946987606105126,-0.010609504008189607,-0.03626502870605941,-0.10472214375181454,-0.09785592938824528
2026-04-29T08:00:00Z,369,300,4,3,224,154,215,634212.67734731,1529196.3097996153,-894983.6324523055,2163408.987146925,62879.66908700004,1206639.7750677506,299.6521806179131,100.0,1.0,2.241192411924119,7.0,0.029065086380141606,0.029065086380141606,observed,0.4173441734417344,-0.41369137216749663,11.048994067743042,5.91350300563827,-0.006946987606105126,-0.001484189811176706,-0.013761843953874031,-0.02621739145777824,-0.12286315239843992,-0.08692163429597966
2026-04-29T09:00:00Z,513,404,4,3,299,266,247,1296735.304479085,1290649.6203810393,6085.684098046187,2587384.924860124,75090.95145699993,986717.7426900584,372.2863848862496,100.0,1.0,2.2826510721247564,7.0,0.02902194827507523,0.02902194827507523,observed,0.5185185185185185,0.002352059811268779,11.226468660997018,6.2422232654551655,-0.001484189811176706,-0.002207223978180739,-0.02752576409077989,-0.04287407435719004,-0.10030711454973773,-0.08575840922717348
2026-04-29T10:00:00Z,547,435,4,3,313,232,315,2088192.3371365368,2764493.8017222667,-676301.464585733,4852686.138858803,140523.5530390001,1105045.9396709322,1288.560316196923,100.0,1.0,2.4186471663619744,7.0,0.02895789033494896,0.02895789033494896,observed,0.42413162705667273,-0.13936641382390694,11.853137507214088,6.306275286948016,-0.002207223978180739,-0.01011099685405481,-0.025930635883207653,-0.0459419631320358,-0.06980975546126411,-0.08834664394819758
2026-04-29T11:00:00Z,479,394,4,3,262,162,317,1752686.9034972806,3648662.415523839,-1895975.512026557,5401349.319021123,154830.2032240001,1348077.1356993737,3296.6172055411807,100.0,1.0,2.6492693110647183,8.0,0.028665097196872227,0.028665097196872227,observed,0.33820459290187893,-0.35101886585075764,11.950090791039488,6.173786103901937,-0.01011099685405481,-0.015419456645685559,-0.012629350656882976,-0.04259347663291213,-0.05489226225993127,-0.06405809550425623
2026-04-29T12:00:00Z,987,791,4,3,525,503,484,4171719.950912798,5189300.097205836,-1017580.1462930399,9361020.04811863,264196.97658800014,1143568.4103343466,816.9154741321593,100.0,1.0,2.746707193515704,8.0,0.028223096973400693,0.028223096973400693,observed,0.5096251266464032,-0.10870398108991897,12.484454012403639,6.895682697747868,-0.015419456645685559,-0.0005705663233318559,-0.015782742307882458,-0.0483578755738181,-0.039546723361769454,-0.030969223303746518
2026-04-29T13:00:00Z,1033,833,4,3,580,559,474,4384444.864400498,4130550.164684986,253894.69971551117,8514995.02908549,240182.41220300016,1098304.8112294287,626.250950583718,100.0,1.0,2.47918683446273,10.0,0.028206993824727543,0.028206993824727543,observed,0.5411423039690223,0.029817363233714,12.389158127971115,6.9411900550683745,-0.0005705663233318559,0.003406311520780303,-0.02054404746316274,-0.07103313367765673,-0.033904561839904535,-0.029218858829932248
2026-04-29T14:00:00Z,868,714,4,3,483,391,477,3210141.858729575,3839629.986350555,-629488.1276209803,7049771.84508013,199530.22572499994,854195.7592165899,662.62992202291,100.0,1.0,2.3548387096774195,8.0,0.028303075632759293,0.028303075632759293,observed,0.4504608294930876,-0.08929198581941133,12.203726022988901,6.767343125265392,0.003406311520780303,-0.018563937461694824,-0.03034739385454066,-0.09924777880901259,-0.05245938233398162,-0.02498763429010087
2026-04-29T15:00:00Z,1527,1181,4,3,832,689,838,3853315.95552728,7346850.680311324,-3493534.7247840753,11200166.635838663,311114.4107489996,1247491.7445972494,1343.4890246197504,100.0,1.0,2.8127046496398167,17.0,0.02777765910673913,0.02777765910673913,observed,0.45121152586771446,-0.311918102504417,12.647919217978355,7.331714969726466,-0.018563937461694824,-0.005405462762825164,-0.03309750262083477,-0.06000573033686807,-0.042088713744908746,-0.013398485869276389
2026-04-29T16:00:00Z,755,599,4,3,397,353,402,2467310.5469478206,3168873.1996626477,-701562.6527148259,5636183.746610468,155713.71157599986,1124006.7894039736,861.4757605768262,100.0,1.0,2.75364238410596,8.0,0.0276275080047992,0.0276275080047992,observed,0.4675496688741722,-0.12447476595076183,11.955780840038015,6.628041376179533,-0.005405462762825164,-0.006636753323182698,-0.05154809267708749,-0.02501712831599101,-0.041590326010255474,-0.006938297021426898
2026-04-29T17:00:00Z,739,583,4,3,388,389,350,3040305.7843840504,3016270.367371991,24035.41701206185,6056576.15175604,166217.5907499999,1257167.6102841678,1173.0413102118177,100.0,1.0,3.1299052774018943,12.0,0.027444151049237094,0.027444151049237094,observed,0.5263870094722598,0.003968482589803323,12.021059012849442,6.606650186198215,-0.006636753323182698,-0.021347466224509115,-0.0710567728254381,-0.012845938822064529,-0.03674822056606308,0.004414633432852533
2026-04-29T18:00:00Z,2553,1989,4,3,1279,1184,1369,7467133.984120165,10469819.623229055,-3002685.6391089247,17936953.607349236,481755.86514099955,1159123.0940070506,927.0266371412968,100.0,1.0,3.0141010575793183,18.0,0.02685828796165318,0.02685828796165318,observed,0.463768115942029,-0.16740220802481456,13.085194836597493,7.845416036592485,-0.021347466224509115,-0.024384476808700928,-0.027829308321127844,0.009258892587758805,-0.01730336640414265,0.021764515539181017
2026-04-29T19:00:00Z,2033,1558,4,3,968,807,1226,5753136.222263349,10100392.974075312,-4347256.7518119365,15853529.196338633,415415.7749999994,1251534.7796360059,1168.8122931152332,100.01018224306786,1.0,3.527299557304476,18.0,0.026203362661730834,0.026203362661730834,observed,0.39695031972454503,-0.27421381687150986,12.937037572372388,7.617759576608505,-0.024384476808700928,-0.0270692135258771,0.027972914763788603,0.03996759538339534,0.007669366907323338,0.044933975925498304
2026-04-29T20:00:00Z,2110,1601,4,3,1064,948,1162,4336629.067812231,6970102.758849209,-2633473.691036986,11306731.826661458,288254.4797239995,1265116.416113744,656.7512138259607,100.0,1.0,2.9203791469194313,10.0,0.025494058242744446,0.025494058242744446,observed,0.4492890995260663,-0.2329120148429816,12.571602448268044,7.65491704784832,-0.0270692135258771,0.024193172243253347,0.06266350009399968,0.05194369258747611,0.040975952841040275,0.06522639283832232
2026-04-29T21:00:00Z,4164,3340,4,3,1718,2214,1950,27128570.685253788,18924600.132688373,8203970.552565409,46053170.817942105,1202486.9924499977,1040533.8796829971,1605.802623600701,100.00000738004898,1.0,4.4409221902017295,23.0,0.026110840384990695,0.026110840384990695,observed,0.531700288184438,0.1781412746800309,13.99990329542363,8.334471554600944,0.024193172243253347,0.031615478277593034,0.03814988584446821,0.0190607721453242,0.01617074621556358,0.0331544562495929
2026-04-29T22:00:00Z,2488,1980,4,3,1164,1362,1126,14697764.37137644,9783768.899073804,4913995.472302631,24481533.270450246,659443.0775169996,1002120.1756430868,1354.0654262736894,100.0,1.0,3.1736334405144695,12.0,0.02693634709199207,0.02693634709199207,observed,0.547427652733119,0.20072253718822147,13.39915245227049,7.819636302367592,0.031615478277593034,0.005763887408815949,0.011668284686628283,-0.016998450101629814,-0.019928061593599722,0.005526153913362641
2026-04-29T23:00:00Z,1405,1121,4,3,691,707,698,6847238.173345153,7165244.152499425,-318005.97915427544,14012482.325844605,379620.6385369997,1118632.355871886,1326.806406715302,100.0,1.0,3.1736654804270463,13.0,0.027091605163835096,0.027091605163835096,observed,0.503202846975089,-0.022694478519894052,12.846930347615398,7.2485040723706105,0.005763887408815949,0.0005669948699322802,-0.010087678277813539,-0.02421332463088577,-0.009698188765486337,0.00014134845635171978
2026-04-30T00:00:00Z,984,799,4,3,483,552,432,4914989.842802719,3486786.576078663,1428203.2667240538,8401776.418881398,227746.66743199987,1051221.631097561,970.8040622088965,100.0,1.0,3.227642276422764,21.0,0.027106965964981224,0.027106965964981224,observed,0.5609756097560976,0.16998824956998831,12.33599357327832,6.892641641172089,0.0005669948699322802,0.005300559770638147,-0.01838762779771097,-0.026318578104172485,0.008930679156039512,0.007654874883833873
2026-04-30T01:00:00Z,834,676,4,3,434,431,403,3121161.1081566582,3165586.911325794,-44425.803169135004,6286748.019482435,171317.95771000002,899655.8417266187,902.4366156119931,100.0,1.0,2.693045563549161,9.0,0.027250648058279262,0.027250648058279262,observed,0.5167865707434053,-0.0070665792602886,12.051282347832677,6.727431724850855,0.005300559770638147,-0.015865101279128435,-0.028336101093786703,-0.031056956600811092,0.004850145052849086,0.00830078580577287
2026-04-30T02:00:00Z,1136,919,4,3,594,412,724,2706759.2233910006,7390969.2959205285,-4684210.07252953,10097728.519311516,270804.0517639998,1370506.05721831,737.1031726084021,100.0,1.0,2.6338028169014085,9.0,0.026818313766912776,0.026818313766912776,observed,0.3626760563380282,-0.46388750336980833,12.509154474809327,7.036148493750536,-0.015865101279128435,-0.0078222890761932,-0.014269593420655036,-0.010426166175737439,0.02899268646820552,0.04313035170197499
2026-04-30T03:00:00Z,570,448,4,3,295,313,257,2229497.081399789,1780266.346333346,449230.7350664422,4009763.4277331303,106693.92314699994,874617.7842105263,657.0908193812369,100.0,1.0,2.8105263157894735,9.0,0.02660853316409193,0.02660853316409193,observed,0.5491228070175439,0.11203422425357629,11.577728855529921,6.3473892096560105,-0.0078222890761932,-0.004887989249959479,-0.008079513391490933,-0.0028359701489407696,0.029950819337138723,0.08261830108037471
2026-04-30T04:00:00Z,739,579,4,3,389,308,431,1781843.1846626934,3914375.4920732034,-2132532.3074105126,5696218.676735897,150827.16069999995,1170292.9688768606,438.06036444755284,100.0,1.0,2.6238159675236807,8.0,0.02647847094002866,0.02647847094002866,observed,0.4167794316644114,-0.37437683284879036,11.923896459164308,6.606650186198215,-0.004887989249959479,-0.0016180544146344733,-0.0028002023231358253,-0.002980271488150499,0.036155758783794845,0.10498086269535989
2026-04-30T05:00:00Z,434,341,4,3,225,209,225,1836899.7681835336,1820337.391967573,16562.376215961078,3657237.160151104,96681.35863500003,1490141.0483870967,535.0723562638706,100.0,1.0,2.9585253456221197,9.0,0.026435627333231376,0.026435627333231376,observed,0.4815668202764977,0.0045286579706733535,11.47918623082724,6.075346031088684,-0.0016180544146344733,-0.0015917219832253249,0.00389906532177986,0.014875316738577782,0.04273322393767631,0.1010071339674199
2026-04-30T06:00:00Z,404,331,4,3,222,181,223,1251151.9672217078,1469438.9919799922,-218287.02475828477,2720590.9592016996,71806.05123700005,1002521.9430693069,636.0531799754725,100.0,1.0,2.6534653465346536,9.0,0.02639354916406472,0.02639354916406472,observed,0.44801980198019803,-0.08023515038892011,11.181737956857814,6.003887067106539,-0.0015917219832253249,0.00040830810807590545,0.005286253599296575,0.036202043571478715,0.03975579096100845,0.11087143270387334
2026-04-30T07:00:00Z,508,408,4,3,264,328,180,2536975.7840247867,1309103.9759864642,1227871.8080383244,3846079.7600112488,101553.14328300001,1039855.8661417323,781.1084701145048,100.0,1.0,2.732283464566929,8.0,0.026404325864189306,0.026404325864189306,observed,0.6456692913385826,0.3192528196645441,11.528347366599652,6.2324480165505225,0.00040830810807590545,0.0050891549940617065,-0.0001805748110199623,0.037058010683159504,0.036980988250684854,0.09733084165997741
2026-04-30T08:00:00Z,514,401,4,3,266,266,248,1670650.1585736182,1454769.6732902117,215880.4852834063,3125419.831863833,82944.58420200014,1042203.5058365759,600.9538147434947,100.0,1.0,2.6809338521400776,8.0,0.026538701571025877,0.026538701571025877,observed,0.5175097276264592,0.06907247566630648,11.325940059747097,6.244166900663736,0.0050891549940617065,-0.00021212087860977835,0.010933620516201614,0.039834170323205464,0.023295869545398862,0.09900334693774249
2026-04-30T09:00:00Z,708,566,4,3,377,334,374,3193701.0346349403,3728530.835311853,-534829.8006769125,6922231.8699467955,183668.0777020001,1129761.0762711863,963.1750073257276,100.0,1.0,2.7005649717514126,8.0,0.026533072158331467,0.026533072158331467,observed,0.4717514124293785,-0.07726262435658966,12.120890926614901,6.5638555265321274,-0.00021212087860977835,-0.0050319936379199515,0.03075322064883723,0.032880036287486814,0.016713441217709013,0.09148242870328405
2026-04-30T10:00:00Z,575,446,4,3,313,308,267,2489577.369659183,2311575.268295291,178002.10136389063,4801152.637954466,126748.30709100002,1397653.5460869565,937.4037542899156,100.0,1.0,2.773913043478261,13.0,0.026399557908036272,0.026399557908036272,observed,0.5356521739130434,0.037074868221587835,11.749966454700814,6.3561076606958915,-0.0050319936379199515,0.016261929705619904,0.03724531105918527,0.039253014913114725,0.02597178279418033,0.09886670016785803
2026-04-30T11:00:00Z,1000,802,4,3,496,599,401,5842555.505601552,2733467.0860410472,3109088.4195604934,8576022.591642596,230084.95803399972,1228338.293,1155.433319949664,100.0,1.0,3.05,13.0,0.0268288656629962,0.0268288656629962,observed,0.599,0.36253267599718375,12.346208248668061,6.90875477931522,0.016261929705619904,0.019388964276243037,0.028587979685794407,0.027449585914280705,0.009935897430675356,0.09051026159916997
2026-04-30T12:00:00Z,1308,1065,4,3,651,791,517,9408212.468320768,5174049.060518688,4234163.40780208,14582261.528839467,398810.99355400016,1066355.7201834864,1758.406463730125,100.0,1.0,3.0718654434250765,13.0,0.027349049580908155,0.027349049580908155,observed,0.6047400611620795,0.2903639740261233,12.896245390724927,7.1770187659099,0.019388964276243037,0.0012347073757719151,0.00206336065320345,0.0034295892500666447,-0.0012645113272529152,0.08413565464343953
2026-04-30T13:00:00Z,1786,1428,4,3,860,940,846,9307770.266273914,7863960.461692431,1443809.8045814708,17171730.727966387,470210.3713300003,908763.9832026876,1431.3297498247543,100.0,1.0,3.175811870100784,17.0,0.027382817654146057,0.027382817654146057,observed,0.5263157894736842,0.08408062224211561,13.06093759882375,7.488293515159428,0.0012347073757719151,0.0077797353839708094,0.0019356114050583795,-0.00007427012923200138,0.003433985425500774,0.08386399679269707
2026-04-30T14:00:00Z,1496,1203,4,3,764,690,806,5604175.786482986,8044525.570852174,-2440349.784369181,13648701.357335169,376647.49801200035,977438.9445187165,1080.0676723927488,100.0,1.0,2.7459893048128343,10.0,0.02759584872956284,0.02759584872956284,observed,0.4612299465240642,-0.17879721450991182,12.83906766549068,7.311218384419629,0.0077797353839708094,-0.006898435982619078,-0.001106753913127978,-0.015904748324116036,0.013739325283539161,0.07162226461909738
2026-04-30T15:00:00Z,1181,973,4,3,635,618,563,5767600.075877856,5062970.406980017,704629.6688978341,10830570.482857894,296816.98853700014,887306.4259102455,1152.1570960206718,100.0,1.0,2.607112616426757,8.0,0.02740548053371591,0.02740548053371591,observed,0.5232853513971211,0.06505933090164438,12.600874396717057,7.074963197966044,-0.006898435982619078,0.0011070637694827745,0.0013634153792156933,-0.015651958118859333,0.05113591906954551,0.08468628448751003
2026-04-30T16:00:00Z,732,582,4,3,395,368,364,3132677.429361226,3119310.2601567027,13367.169204523645,6251987.689517932,171528.409819,931513.9822404372,1005.8280588796097,100.0,1.0,2.581967213114754,8.0,0.027435820148300056,0.027435820148300056,observed,0.5027322404371585,0.0021380671025528425,12.05251001671119,6.597145701886651,0.0011070637694827745,0.004719624454283977,-0.0020059987003275825,-0.012779594505236691,0.06642351145386649,0.08547600271373335
2026-04-30T17:00:00Z,880,714,4,3,451,465,415,5255563.631471949,3628901.0913528916,1626662.5401190633,8884464.722824851,244902.9968690002,958148.8670454546,1404.412208815744,100.0,1.0,2.8954545454545455,9.0,0.02756530691599531,0.02756530691599531,observed,0.5284090909090909,0.18309066340710953,12.408621563219496,6.78105762593618,0.004719624454283977,-0.004442588976721007,-0.01481439029541809,-0.017045788643752058,0.055885732507576336,0.08310132935572878
2026-04-30T18:00:00Z,821,666,4,3,422,385,436,3435792.42554749,4767791.107013443,-1331998.6814659536,8203583.532560937,225129.67614700014,1137792.0426309379,1112.6083918587801,100.0,1.0,2.8733252131546894,9.0,0.027442845587350377,0.027442845587350377,observed,0.4689403166869671,-0.16236790619356803,12.324436295473012,6.71174039505618,-0.004442588976721007,-0.0022614877313903436,-0.016992206063002002,-0.004678056764130134,0.06839648536810272,0.10007794772403389
2026-04-30T19:00:00Z,497,410,4,3,292,206,291,1651543.2575052043,3053204.282311754,-1401661.0248065544,4704747.539816959,128819.67582699993,1032025.6981891348,995.177601327341,100.0,1.0,2.267605633802817,6.0,0.027380783928740146,0.027380783928740146,observed,0.41448692152917505,-0.297924811680987,11.766176606376515,6.210600077024653,-0.0022614877313903436,-0.008175084708821223,-0.010795251064514289,0.003508516132679329,0.05819764691259999,0.09957609337976825
2026-04-30T20:00:00Z,495,401,4,3,266,204,291,1305594.800443191,3147814.590347514,-1842219.7899043234,4453409.390790707,120940.98810200003,1091441.4525252525,843.6024550702637,100.0,1.0,2.7292929292929293,9.0,0.027156943700728766,0.027156943700728766,observed,0.4121212121212121,-0.4136650436211604,11.703066272438575,6.206575926724928,-0.008175084708821223,-0.006643332274130387,-0.002264952234739881,0.030123175126769652,0.07398395678659098,0.09900202367312083
2026-04-30T21:00:00Z,495,391,4,3,258,227,268,1983518.6375264411,2412940.1565484772,-429421.5190220377,4396458.794074923,118601.20738899992,1317891.4848484849,1011.7178877482345,100.0,1.0,2.8626262626262626,7.0,0.026976531100174974,0.026976531100174974,observed,0.4585858585858586,-0.09767441005037193,11.683530377421464,6.206575926724928,-0.006643332274130387,0.004028330822360537,0.012527010848564224,0.06784986036114793,0.07353988297432634,0.10268780434643343
2026-04-30T22:00:00Z,401,329,4,3,196,224,177,1709932.4058544876,1608495.1644895982,101437.2413648879,3318427.570344087,89880.2793789999,1062837.5187032418,1067.9222047600445,100.0,1.0,2.8703241895261846,9.0,0.027085201491886177,0.027085201491886177,observed,0.5586034912718204,0.030567863608477037,11.406244960499249,5.996452088619021,0.004028330822360537,0.0003778088386008349,0.014459865070993949,0.0802283922802518,0.07104963176974732,0.10027794318923111
2026-04-30T23:00:00Z,405,315,4,3,192,231,174,2141667.260477474,1211536.268942862,930130.9915346137,3353203.5294203395,90856.50666500007,1278940.3703703703,1089.0467260453313,100.0,1.0,2.88641975308642,9.0,0.027095434520405096,0.027095434520405096,observed,0.5703703703703704,0.2773857844815651,11.417047697433459,6.0063531596017325,0.0003778088386008349,0.008083718951008123,0.032461651451508144,0.0741962548293067,0.07978166176039458,0.10299637130736472
2026-05-01T00:00:00Z,762,604,4,3,341,395,367,4614559.352486952,2785170.0302684684,1829389.322218486,7399729.382755421,202119.65957900012,1034343.1706036745,1660.1862717350814,100.0,1.0,3.47244094488189,12.0,0.027314466397923495,0.027314466397923495,observed,0.5183727034120735,0.24722381422241693,12.216620122704498,6.637258031284457,0.008083718951008123,0.005944961566900275,0.054638393761189175,0.07341799568354923,0.08550829217472122,0.10781664099378618
2026-05-01T01:00:00Z,686,551,4,3,332,419,267,5092079.494988848,2381796.2870424907,2710283.207946358,7473875.7820313405,205358.56266700002,928157.6720116618,1526.5092720614757,100.0,1.0,3.239067055393586,10.0,0.027476849850879538,0.027476849850879538,observed,0.6107871720116618,0.36263423249051163,12.232517685950818,6.532334292222349,0.005944961566900275,0.018129706409490742,0.06483107856086079,0.054497923934598624,0.08015476108584307,0.11954772569929584
2026-05-01T02:00:00Z,979,721,4,3,510,659,320,6187180.334462976,1748445.0649159262,4438735.269547056,7935625.399378903,221999.09730999995,1742211.5434116446,725.4226269914184,100.0,1.0,2.773237997957099,7.0,0.027974997071733645,0.027974997071733645,observed,0.6731358529111338,0.5593428427070741,12.310433099187653,6.887552571664617,0.018129706409490742,0.029736835878239276,0.040422424715848004,0.04257819134534424,0.05709844522344887,0.09126691718958946
2026-05-01T03:00:00Z,2281,1745,4,3,1135,1348,933,12245425.939715099,6222674.201432222,6022751.738282885,18468100.14114734,532008.4363500001,1338445.5992985533,1063.062436329963,100.0,1.0,2.917580008768084,11.0,0.028806884968350013,0.028806884968350013,observed,0.5909688733011836,0.3261164760994586,13.184416505666475,7.732807530422021,0.029736835878239276,0.015667042594599723,0.017806673864191103,0.005328485608692146,0.031918198978171164,0.05064823262812346
2026-05-01T04:00:00Z,2160,1669,4,3,1011,1063,1097,10072975.962755635,10753690.615717111,-680714.6529614867,20826666.578472745,609350.8523569999,1151852.6412037036,1474.841032990242,100.0,1.0,3.5527777777777776,14.0,0.029258203662166884,0.029258203662166884,observed,0.49212962962962964,-0.03268476260454949,13.320151134137074,7.6783263565068856,0.015667042594599723,-0.005208432449736011,-0.009704031779601552,-0.008497055415410015,0.01786578320454746,0.035093649859115006
2026-05-01T05:00:00Z,1534,1202,4,3,751,823,711,7388040.291939286,5523675.804193563,1864364.4877457262,12911716.096132848,375806.01079200057,919835.4876140809,1150.224191499557,100.0,1.0,3.0534550195567145,17.0,0.029105814284791868,0.029105814284791868,observed,0.5365058670143416,0.14439323741823265,12.83683102143411,7.336285660021297,-0.005208432449736011,0.007353358581163372,0.0020720109239138473,0.005199614973499855,0.02577513457210867,0.03345363616292252
2026-05-01T06:00:00Z,1546,1220,4,3,719,712,834,5698582.102207891,7243800.488715518,-1545218.3865076236,12942382.590923382,379468.58386000013,964056.1565329883,1219.3205552712059,100.0,1.0,3.346701164294955,16.0,0.029319839774024692,0.029319839774024692,observed,0.46054333764553684,-0.11939211158780766,12.846529724674316,7.344072850573066,0.007353358581163372,-0.011785830095690786,-0.0122598805607399,0.011263362958130019,0.029653282081900212,0.02454856987773346
2026-05-01T07:00:00Z,934,748,4,3,500,461,473,3359691.696416189,3678783.594484801,-319091.89806861326,7038475.290900996,203934.76176299984,931043.8650963597,741.3007471301994,100.0,1.0,2.6145610278372593,8.0,0.02897428112401516,0.02897428112401516,observed,0.493576017130621,-0.045335372347064994,12.225560329918414,6.840546529288687,-0.011785830095690786,0.006621069392648282,0.0012188036737750263,0.02433085601108842,0.039102757965767676,0.03296354346306907
2026-05-01T08:00:00Z,1010,827,4,3,527,499,511,4252095.876813018,3977430.013530827,274665.86328219075,8229525.890343861,240023.35488499978,920369.697029703,919.7586143373111,100.0,1.0,2.9623762376237623,17.0,0.029166121849939365,0.029166121849939365,observed,0.49405940594059405,0.03337566063246375,12.388495675863014,6.918695219020472,0.006621069392648282,-0.007054068095264321,0.003121137019586273,0.0139272564865065,0.02329463743702953,0.03027775786278286
2026-05-01T09:00:00Z,651,524,4,3,365,333,318,1964643.8806205913,2278613.8413544768,-313969.96073388366,4243257.721975065,122886.36472399997,984787.4915514593,729.6427348598027,100.0,1.0,2.370199692780338,6.0,0.028960382040335117,0.028960382040335117,observed,0.511520737327189,-0.07399266820581979,11.719023480862855,6.480044561926653,-0.007054068095264321,0.0016993230231023837,0.023815215212908525,0.026448781418324074,0.027151223568285587,0.03753173184477454
2026-05-01T10:00:00Z,847,686,4,3,440,474,373,5054535.041742846,2850034.1726392005,2204500.8691036482,7904569.214382046,229308.35222499986,1137768.7119244393,1194.7772296395356,100.0,1.0,2.811097992916175,8.0,0.0290095950842941,0.0290095950842941,observed,0.5596221959858324,0.2788894384140059,12.342827253993336,6.742880635791903,0.0016993230231023837,0.008533667138391321,0.023083917573769375,0.02658876482812933,0.02728940896155163,0.03660789385539265
2026-05-01T11:00:00Z,1134,869,4,3,608,533,601,4717469.336688982,4761250.640278806,-43781.30358982174,9478719.976967786,277320.3635729999,1148449.656084656,1025.0063759769553,100.0,1.0,2.693121693121693,14.0,0.029257153312562977,0.029257153312562977,observed,0.47001763668430335,-0.004618904630182698,12.532932270010297,7.034387929915503,0.008533667138391321,0.013430098769795507,0.010772497027653927,0.02046908822100102,0.021499447869046673,0.023652798991077972
2026-05-01T12:00:00Z,1454,1137,4,3,711,769,685,10551002.479116157,6816947.571389811,3734054.907726344,17367950.050505962,514961.10446099966,1056034.158872077,1867.5175426163505,100.0,1.0,3.3988995873452543,20.0,0.029650079771273746,0.029650079771273746,observed,0.5288858321870702,0.21499687049235636,13.151848593367594,7.282761179605593,0.013430098769795507,0.0009838224726426148,0.0025723061801419256,0.018185093811740938,0.020551062557405242,0.010900982662107372
2026-05-01T13:00:00Z,1348,1099,4,3,757,697,651,7925771.512964374,6788833.8138911445,1136937.6990732392,14714605.326855525,436718.45288499945,1117185.8330860534,1212.5075987679124,100.0,1.0,2.543026706231454,7.0,0.02967925018606837,0.02967925018606837,observed,0.5170623145400594,0.07726593230456695,12.98704628367275,7.207118856207756,0.0009838224726426148,-0.0036026609748512906,0.0034257671283424163,0.014421026046411711,0.036469741219167906,0.014637787124392121
2026-05-01T14:00:00Z,1350,1133,4,3,721,583,767,5781983.980875634,8860985.202604985,-3079001.221729363,14642969.183480646,433026.6569790002,947519.8088888889,1104.2431648342806,100.0,1.0,2.660740740740741,8.0,0.029572325909660174,0.029572325909660174,observed,0.4318518518518519,-0.21027164526187178,12.978556877875555,7.208600337960199,-0.0036026609748512906,0.005208347342087416,0.009593247958231688,0.009238711052095727,0.0323228854611719,0.02150832886649745
2026-05-01T15:00:00Z,1451,1175,4,3,733,850,601,10454829.342692915,6198186.291164388,4256643.051528517,16653015.633857338,495033.35221500107,1170938.2653342523,1332.7941757363558,100.0,1.0,2.841488628532047,14.0,0.029726348854711097,0.029726348854711097,observed,0.585802894555479,0.2556079418357305,13.112382437557013,7.280697195384741,0.005208347342087416,0.0018359311903823894,0.015572729802486363,0.0006843421344326917,0.018150696119614285,0.029872716062409266
2026-05-01T16:00:00Z,1628,1346,4,3,813,768,860,8518282.393526291,11042274.243921284,-2523991.8503949987,19560556.63744761,582531.4581630008,878271.2045454546,1335.1154434393718,100.0,1.0,2.8796068796068797,12.0,0.02978092438574965,0.02978092438574965,observed,0.47174447174447176,-0.12903476609469053,13.275140185037811,7.395721608602045,0.0018359311903823894,0.0025216201515714243,0.010957720319995534,0.000682497371320423,0.01692547970355096,0.03243903467635589
2026-05-01T17:00:00Z,1247,1034,4,3,641,713,534,8911082.663024453,5482015.217925147,3429067.4450993156,14393097.880949592,429720.6263250001,1133810.6623897355,1391.5601999178407,100.0,1.0,2.777064955894146,8.0,0.029856020564813183,0.029856020564813183,observed,0.5717722534081796,0.2382438772710605,12.97089289738888,7.129297548929373,0.0025216201515714243,0.011161858892190457,-0.00035116806382462507,0.001009692169942955,0.007485560267569413,0.03664595546283511
2026-05-01T18:00:00Z,1421,1169,4,3,719,772,649,10186837.393397655,7867021.03362921,2319816.35976845,18053858.42702687,545032.7931170003,1017693.9753694581,1663.1064103639287,100.0,1.0,2.9662209711470795,11.0,0.03018926925343996,0.03018926925343996,observed,0.5432793807178043,0.12849421463811045,13.208603077442373,7.259819610363186,0.011161858892190457,-0.0027166549382768856,-0.01466009004687363,0.0023237118280792224,-0.004957700123914721,0.018146829507130313
2026-05-01T19:00:00Z,1204,977,4,3,608,580,624,6378056.468373315,8952220.3743576,-2574163.9059842816,15330276.842730911,461552.560656,953212.1237541528,1447.5790724532528,100.0,1.0,2.941860465116279,9.0,0.030107255426039634,0.030107255426039634,observed,0.48172757475083056,-0.16791372604630173,13.042353383950344,7.094234845924755,-0.0027166549382768856,-0.008692899384490138,-0.010163850319499956,0.02173527027400879,-0.005908188055161356,0.019540131632219904
2026-05-01T20:00:00Z,924,774,4,3,499,370,554,3830279.1598902256,7559828.323742231,-3729549.1638520104,11390107.483632447,339943.86390200024,937218.7943722943,1074.6315059541037,100.0,1.0,2.538961038961039,7.0,0.029845536083877928,0.029845536083877928,observed,0.4004329004329004,-0.32743757415909924,12.736538718448063,6.829793737512425,-0.008692899384490138,-0.003311859966760755,0.0013613382922998962,0.022872858676825647,0.0068241542272160505,0.02093068761178385
2026-05-01T21:00:00Z,516,430,4,3,280,273,243,3179426.4982127966,3063931.8789688866,115494.61924391054,6243358.377181685,185719.2577409998,1048039.4554263566,1312.9153448476718,100.0,1.0,2.5697674418604652,6.0,0.029746691847735218,0.029746691847735218,observed,0.5290697674418605,0.018498797004192796,12.131996829926347,6.248042874508429,-0.003311859966760755,0.0018340843043140875,0.017236490375956537,0.017454409197536158,0.010106114891658802,0.03196006045462685
2026-05-01T22:00:00Z,714,592,4,3,379,357,357,4213005.929541956,5008360.525745139,-795354.5962031843,9221366.455287091,274808.24512399983,1121959.956582633,1349.9031185492759,100.0,1.0,2.7170868347338937,8.0,0.029801249788358415,0.029801249788358415,observed,0.5,-0.08625127306888081,12.52383248186485,6.5722825426940075,0.0018340843043140875,0.002849416291188067,0.032226667619489335,0.01623190410035069,0.009070944188221297,0.023673686867412558
2026-05-01T23:00:00Z,1125,891,4,3,568,705,420,8912858.421822991,5040792.633246138,3872065.7885768614,13953651.055069143,417021.1311100009,1472482.9884444445,994.4795194115837,100.0,1.0,2.921777777777778,8.0,0.029886165955003128,0.029886165955003128,observed,0.6266666666666667,0.27749481288413047,12.940894571578896,7.026426808699636,0.002849416291188067,0.012489205241117185,0.021482275739955092,0.006469336059662378,0.0021080296484969896,0.014514560774850027
2026-05-02T00:00:00Z,1224,1023,4,3,591,752,472,10375669.608617112,4821802.776401335,5553866.832215768,15197472.385018434,459866.7061510001,1077245.5081699346,1246.815374451503,100.0,1.0,3.1258169934640523,11.0,0.03025942041548525,0.03025942041548525,observed,0.6143790849673203,0.36544674611093436,13.038694131777898,7.110696122978827,0.012489205241117185,0.01659728896165369,0.00021422631181766683,-0.007264531274745356,-0.009455754101235891,-0.005650977419941361
2026-05-02T01:00:00Z,1412,1190,4,3,735,768,644,9444205.648939079,8303410.806117619,1140794.8428214581,17747616.455056686,545945.8727259991,1084085.2556657223,1137.8609165096452,100.0,1.0,2.7592067988668556,9.0,0.03076164475993322,0.03076164475993322,observed,0.5439093484419264,0.06427876361371448,13.210276947293192,7.253470382684528,0.01659728896165369,-0.0075891893589100645,-0.015495398463232668,-0.027055401857427053,-0.021063764070039626,-0.02352570090085271
2026-05-02T02:00:00Z,1304,1090,4,3,697,513,791,5433794.620054371,9398957.381638968,-3965162.761584585,14832752.001693333,452817.0537219999,1117554.4233128834,894.0696345775201,100.0,1.0,2.6855828220858897,8.0,0.030528188812858566,0.030528188812858566,observed,0.3934049079754601,-0.2673248201771266,13.023245676370442,7.173958319756794,-0.0075891893589100645,-0.008591601517791037,-0.014697210159048013,-0.015689833114127194,-0.010475943861152914,-0.012659082746780737
2026-05-02T03:00:00Z,896,757,4,3,464,468,428,6036429.27008372,5688795.807396851,347633.46268686815,11725225.07748056,354874.5222630001,1008605.6060267857,1225.7061891865433,100.0,1.0,2.859375,9.0,0.0302659027795186,0.0302659027795186,observed,0.5223214285714286,0.02964834025698425,12.779522365455767,6.799055862058796,-0.008591601517791037,0.0006303475437037243,-0.007477155783056744,-0.007222234470115274,0.011513050069572373,-0.0014991344369056359
2026-05-02T04:00:00Z,884,743,4,3,460,404,480,4018957.477587501,5334870.028125983,-1315912.550538484,9353827.505713474,283280.48657600005,887497.3291855204,863.5710868988882,100.0,1.0,2.748868778280543,9.0,0.030284980816993642,0.030284980816993642,observed,0.45701357466063347,-0.14068172090352346,12.554196334498647,6.785587645007929,0.0006303475437037243,-0.006784591086069325,-0.011741949581697941,-0.007046580493326182,0.015255350841762105,0.0030989030608161716
2026-05-02T05:00:00Z,501,430,4,3,280,177,324,1408191.659684859,3522129.7974149827,-2113938.1377301253,4930321.457099845,148301.6516300001,1356590.9081836327,691.1496268312136,100.0,1.0,2.3812375249501,6.0,0.030079509606100886,0.030079509606100886,observed,0.3532934131736527,-0.42876274014262833,11.907010408141495,6.218600119691729,-0.006784591086069325,-0.001326806756567045,-0.001007429356045364,-0.004333273011813632,0.028943735121643943,0.00411670911761397
2026-05-02T06:00:00Z,492,410,4,3,288,270,222,2718795.3072566846,2241016.8526841053,477778.4545725783,4959812.159940792,148990.772911,1108875.6890243902,841.1225050588218,100.0,1.0,2.4065040650406506,8.0,0.03003959990952129,0.03003959990952129,observed,0.5487804878048781,0.09632994943467411,11.911646368040756,6.20050917404269,-0.001326806756567045,-0.0036692835688713066,0.00025684175878359916,-0.002207257517759631,0.023219645671266775,0.0013409585784234235
2026-05-02T07:00:00Z,469,391,4,3,274,219,250,2498708.923351951,2968364.9057147494,-469655.98236279417,5467073.8290666975,163626.108792,1139649.0447761193,772.3500805145878,100.0,1.0,2.4157782515991473,8.0,0.029929376099157814,0.029929376099157814,observed,0.4669509594882729,-0.08590628132105739,12.00534539108637,6.152732694704104,-0.0036692835688713066,0.004003776274969173,0.004751156933540113,0.006158251763590528,0.02559956674182251,0.00662577524579766
2026-05-02T08:00:00Z,623,526,4,3,335,329,294,3850432.3008096023,3221969.843326344,628462.4574832531,7072402.144135952,212520.07336499984,877785.1300160513,1202.7841210571173,100.0,1.0,2.678972712680578,7.0,0.030049206625108252,0.030049206625108252,observed,0.5280898876404494,0.08886124469100498,12.266796431206181,6.436150368369428,0.004003776274969173,-0.0000629398285501015,-0.003329197587149668,0.005296998271865583,0.01401092070084009,0.001858218803199918
2026-05-02T09:00:00Z,699,570,4,3,305,353,346,4405285.064877948,4628214.404378489,-222929.33950053778,9033499.46925643,271432.4071149995,945630.4749642346,1270.9479217673886,100.0,1.0,3.6695278969957084,11.0,0.030047315333195202,0.030047315333195202,observed,0.5050071530758226,-0.024678070802929667,12.511472110609498,6.551080335043404,-0.0000629398285501015,0.0008073908921191197,-0.0024634665554603696,0.018871579511742897,0.021635296768114154,-0.0022365226256932935
2026-05-02T10:00:00Z,260,220,4,3,146,140,120,1380395.6039061889,1214298.7488963245,166096.85500986307,2594694.3528025136,78026.54651199999,770527.8730769231,949.0139269787729,100.0,1.0,2.6384615384615384,7.0,0.030071575261927858,0.030071575261927858,observed,0.5384615384615384,0.06401403495963325,11.264817203735525,5.564520407322694,0.0008073908921191197,-0.004070567702073591,0.001400441114538964,0.022460198934778353,0.014471472757486836,-0.010701055195890263
2026-05-02T11:00:00Z,432,359,4,3,254,152,280,1397932.3036300645,2807125.386260427,-1409193.0826303626,4205057.689890491,125937.97449000007,1574641.2222222222,589.925126040632,100.0,1.0,2.365740740740741,6.0,0.02994916687891618,0.02994916687891618,observed,0.35185185185185186,-0.3351186087216466,11.743552739163782,6.07073772800249,-0.004070567702073591,0.0008056283492583471,0.008655010097749605,0.03342183406501675,0.012380432806934571,-0.0021100150714605803
2026-05-02T12:00:00Z,552,457,4,3,293,282,270,3506153.6742184344,3255630.581242789,250523.09297564454,6761784.255461219,202672.952706,1278003.1394927537,1343.115584021596,100.0,1.0,2.6956521739130435,6.0,0.029973294776790504,0.029973294776790504,observed,0.5108695652173914,0.03704985008554616,12.219353822485951,6.315358001522335,0.0008056283492583471,0.0046839680641923565,0.02138773403469485,0.025483151065792686,0.0038410971514375447,-0.002780927885537965
2026-05-02T13:00:00Z,562,474,4,3,313,332,230,3902208.6588321645,2219709.4754361277,1682499.183396039,6121918.13426829,184353.5371400002,1013517.9786476869,1018.0561861681327,100.0,1.0,2.5195729537366547,6.0,0.030113688732303617,0.030113688732303617,observed,0.5907473309608541,0.2748320291932712,12.124616014913542,6.333279628139691,0.0046839680641923565,0.0031443669757798,0.02103030611490464,0.019322323247019435,-0.0025149103082023894,-0.01362335437688622
2026-05-02T14:00:00Z,442,382,4,3,253,299,143,3638046.4413640695,1365528.8850048084,2272517.556359261,5003575.326368878,151149.890911,947024.1085972851,1059.440689537081,100.0,1.0,2.524886877828054,7.0,0.030208377220672385,0.030208377220672385,observed,0.6764705882352942,0.4541787438240566,11.926033894407897,6.093569770045136,0.0031443669757798,0.013439265869263473,0.024554306199170206,0.008668008005548566,-0.0022062514519823884,-0.018573600848438176
2026-05-02T15:00:00Z,764,657,4,3,455,488,276,7105904.00621976,3784337.029520674,3321566.9766990836,10890241.035740439,333397.7120040001,976638.6007853403,1651.1146602941894,100.0,1.0,2.3272251308900525,9.0,0.030614355633620007,0.030614355633620007,observed,0.6387434554973822,0.30500399080223356,12.717094386076012,6.639875833826536,0.013439265869263473,0.00433238551744175,0.0040096595001390956,0.0027125275765329526,-0.012864079712647358,-0.036465774831671016
2026-05-02T16:00:00Z,1014,824,4,3,518,564,450,8354929.676335371,5188543.19441043,3166386.4819249497,13543472.870745828,416421.0090029993,887840.2909270216,1408.803424110587,100.0,1.0,3.42603550295858,20.0,0.030746988824592914,0.030746988824592914,observed,0.5562130177514792,0.23379427951337411,12.939454469760829,6.922643891475888,0.00433238551744175,0.006606635247918158,-0.0016728033023664102,-0.00781323926898514,-0.011973783512558511,-0.04989826122598451
2026-05-02T17:00:00Z,854,655,4,3,431,366,488,3767451.186963496,5257398.752899976,-1489947.5659364774,9024849.93986348,279320.21537700016,917190.5796252928,1475.1169473992697,100.0,1.0,3.4824355971896956,19.0,0.030950122964728814,0.030950122964728814,observed,0.42857142857142855,-0.16509388808286554,12.540117708149847,6.75110146893676,0.006606635247918158,-0.006882498962753059,-0.015505569687716991,-0.020360902551588955,-0.02412865267224229,-0.053885347363630376
2026-05-02T18:00:00Z,674,528,4,3,326,332,342,4671125.557629007,4980457.395033209,-309331.8374042023,9651582.952662207,296661.7550720002,1087074.4821958458,2261.272895958792,100.0,1.0,3.311572700296736,12.0,0.03073710877552699,0.03073710877552699,observed,0.49258160237388726,-0.03204985533682627,12.600351267802727,6.51471269087253,-0.006882498962753059,-0.001351903839789892,-0.001291951637449329,-0.021104251095556692,-0.02138219998550772,-0.05094680202117774
2026-05-02T19:00:00Z,568,458,4,3,312,230,338,2423356.1214024145,4622031.959109106,-2198675.83770669,7045388.080511528,216262.0984500001,1061560.9454225353,1204.0922152695214,100.0,1.0,2.7746478873239435,11.0,0.030695555160149313,0.030695555160149313,observed,0.40492957746478875,-0.31207306291452097,12.284250993826838,6.343880434126331,-0.001351903839789892,-0.007340850579762415,-0.006150724919576134,-0.021423285900047717,-0.018500194531381964,-0.050180105771909345
2026-05-02T20:00:00Z,358,301,4,3,212,149,209,1240941.5809638517,2320043.4907195135,-1079101.909755662,3560985.0716833696,108504.01164200007,1296881.7262569834,837.0413484023745,100.0,1.0,2.3910614525139664,8.0,0.030470223676255802,0.030470223676255802,observed,0.41620111731843573,-0.3030346626096758,11.594551641144763,5.883322388488279,-0.007340850579762415,0.0074556144934117,-0.004931803283368397,-0.010780811298885862,-0.011984784038855056,-0.036622297629877565
2026-05-02T21:00:00Z,746,617,4,3,388,415,331,5641442.777558971,4116607.0076998016,1524835.76985917,9758049.78525876,299546.7371570001,1122536.4249329758,1544.960307993096,100.0,1.0,2.6916890080428955,8.0,0.03069739791751399,0.03069739791751399,observed,0.5563002680965148,0.1562643974375598,12.610029073342327,6.616065185132817,0.0074556144934117,-0.006210385450932998,-0.019837929103095675,-0.015534469611971025,-0.023366282928286353,-0.04084753583218037
2026-05-02T22:00:00Z,343,291,4,3,203,155,188,1157490.1344443602,2225857.902674169,-1068367.768229808,3383348.037118528,103214.9704739999,1113782.110787172,838.5126035048388,100.0,1.0,2.4518950437317786,7.0,0.03050675524410556,0.03050675524410556,observed,0.4518950437317784,-0.31577235227023737,11.54457887271168,5.840641657373398,-0.006210385450932998,-0.006123388591363854,-0.01536707966027917,-0.004193307558859272,-0.024813440919096874,-0.02595895429961148
2026-05-02T23:00:00Z,429,362,4,3,240,56,373,284464.308957447,3951410.629303891,-3666946.3203464425,4235874.9382613385,128431.51856699993,1397548.8904428903,484.36642893518655,100.0,1.0,2.5477855477855478,6.0,0.030319950527084274,0.030319950527084274,observed,0.13053613053613053,-0.8656880511801845,11.763158898040732,6.063785208687608,-0.006123388591363854,-0.007636074897306555,-0.005877997141117697,-0.003846059360500087,-0.014313243726193803,-0.030778855323863374
2026-05-03T00:00:00Z,358,294,4,3,214,144,214,1081895.143777892,1963678.0005749692,-881782.8567970766,3045573.1443528607,91636.49948299999,1664750.3547486034,527.426549098321,100.0,1.0,2.441340782122905,9.0,0.03008842511397683,0.03008842511397683,observed,0.4022346368715084,-0.289529364425901,11.425595849890048,5.883322388488279,-0.007636074897306555,-0.0016773761901096584,0.004390559091096868,-0.00028394125754671595,-0.006596686523162365,-0.0390919165899799
2026-05-03T01:00:00Z,302,256,4,3,160,113,189,1377590.1624873774,1953273.1054106602,-575682.9429232826,3330863.267898039,100052.32263799998,1112428.152317881,989.3413891674097,100.0,1.0,2.947019867549669,9.0,0.03003795550609275,0.03003795550609275,observed,0.3741721854304636,-0.17283295548981534,11.51345854923556,5.713732805509369,-0.0016773761901096584,0.003454777022139366,0.01134816018294904,0.0029870845346593455,-0.011136451244715961,-0.028699244495372866
2026-05-03T02:00:00Z,695,582,4,3,379,409,286,5302880.4824048625,3426547.8045878317,1876332.6778170303,8729428.286992697,263120.0699970001,994228.7582733813,1432.1757954713416,100.0,1.0,2.6633093525179854,8.0,0.030141729944567243,0.030141729944567243,observed,0.5884892086330935,0.21494336354339078,12.480369547428857,6.54534966033442,0.003454777022139366,0.0026143216721621343,0.00204395212536701,-0.001217094000723895,-0.01640353972980224,0.005355441387311144
2026-05-03T03:00:00Z,595,499,4,3,328,360,235,4568237.403256449,2868765.8335407656,1699471.5697156875,7437003.236797218,224750.18033800015,1047440.0672268907,1381.0820390029164,100.0,1.0,2.6403361344537815,10.0,0.030220530122397785,0.030220530122397785,observed,0.6050420168067226,0.2285156420676204,12.322749204102056,6.39024066706535,0.0026143216721621343,0.005238191180143348,-0.004654066395121781,-0.007955396176469898,-0.02390926582040831,0.019646335742939725
2026-05-03T04:00:00Z,656,549,4,3,339,308,348,3551113.6722001643,4796289.342329309,-1245175.670129143,8347403.014529476,253584.345774,985432.9298780488,1576.2464285307296,100.0,1.0,2.841463414634146,8.0,0.030378831036744183,0.030378831036744183,observed,0.4695121951219512,-0.14916922879628458,12.443455715072762,6.48768401848461,0.005238191180143348,-0.005776813432427197,-0.00826725748606405,-0.020706964029021502,-0.03838408038225172,0.017721400434179913
2026-05-03T05:00:00Z,423,352,4,3,245,149,274,1397705.5437265018,3356699.700845104,-1958994.157118601,4754405.244571603,143598.90953000003,1204379.3333333333,814.2617273121248,100.0,1.0,2.3711583924349884,6.0,0.03020333819754968,0.03020333819754968,observed,0.35224586288416077,-0.4120376905934355,11.874786305582136,6.049733455231958,-0.005776813432427197,-0.004087509401438649,-0.003254394299944896,-0.010507597208293085,-0.030492436090957198,0.022839412865592656
2026-05-03T06:00:00Z,474,398,4,3,247,256,218,3375994.299889905,2631810.2496269746,744184.0502629332,6007804.549516882,180714.05053900008,1429209.8248945149,1022.478862144624,100.0,1.0,2.7130801687763713,9.0,0.030079881768712367,0.030079881768712367,observed,0.540084388185654,0.12386955070347234,12.10467676331111,6.163314804034641,-0.004087509401438649,0.0015890903459312433,-0.003316766231607038,-0.006314538223539667,-0.030210570495685096,0.021442902291584742
2026-05-03T07:00:00Z,559,474,4,3,326,208,351,4499169.54739057,5140410.257787117,-641240.7103965491,9639579.805177685,290418.18937799986,974990.7853309481,760.1974468335933,100.0,1.0,2.524150268336315,8.0,0.030127681418437784,0.030127681418437784,observed,0.37209302325581395,-0.06652164548211126,12.579080638874993,6.327936783729195,0.0015890903459312433,-0.0007513619200600896,-0.012543406111029665,-0.01408147322846931,-0.03227704281143662,0.02810610457239604
2026-05-03T08:00:00Z,451,371,4,3,237,166,285,1733424.4302537448,3183639.9492072635,-1450215.5189535175,4917064.379461008,148028.4425719999,1376770.9157427938,897.0245377154482,100.0,1.0,2.8226164079822618,7.0,0.03010504462588027,0.03010504462588027,observed,0.36807095343680707,-0.2949352310722613,11.905166469258347,6.113682179832232,-0.0007513619200600896,-0.004149829200442379,-0.007276884760634594,-0.015204951584433024,-0.024936370607465785,0.02856317948154463
2026-05-03T09:00:00Z,513,417,4,3,258,268,245,2896285.8144283094,3058700.8946548486,-162415.08022654086,5954986.709083166,178531.1794099999,1183801.7582846005,1171.9935915650124,100.0,1.0,2.871345029239766,8.0,0.02998011383261117,0.02998011383261117,observed,0.5224171539961013,-0.027273793907685546,12.092524140760641,6.2422232654551655,-0.004149829200442379,-0.007682964737045883,-0.0030077479888954706,-0.016081806788171837,-0.01789949762978582,0.028993211503571148
2026-05-03T10:00:00Z,595,490,4,3,331,171,424,1326825.829606477,4415610.711365819,-3088784.881759338,5742436.5409722915,170836.21040799996,1343766.8403361344,580.4894224323909,100.0,1.0,2.653781512605042,7.0,0.029749777675222598,0.029749777675222598,observed,0.28739495798319326,-0.5378875081545706,12.048466396140281,6.39024066706535,-0.007682964737045883,0.004578051361869839,-0.0015576047868415266,-0.01805089559909223,-0.0011746607557781008,0.009055071766597367
2026-05-03T11:00:00Z,741,611,4,3,390,454,287,6002129.729271971,3159048.864435121,2843080.8648368535,9161178.593707092,273790.7423789996,1079840.0998650473,1260.452796775341,100.0,1.0,2.705802968960864,9.0,0.029885973685423978,0.029885973685423978,observed,0.6126855600539811,0.31034007641656447,12.520123032064664,6.60934924316738,0.004578051361869839,0.00013275525643097197,-0.00798618134512441,-0.0201970614693755,-0.016704710185936222,-0.0006088919194536802
2026-05-03T12:00:00Z,738,613,4,3,402,361,377,3822454.4489883147,5056339.005645547,-1233884.5566572323,8878793.454633858,265386.6143349998,1025675.5230352303,1095.9285339271034,100.0,1.0,2.6097560975609757,9.0,0.029889941205524278,0.029889941205524278,observed,0.489159891598916,-0.1389698457298008,12.48894673187491,6.6052979209482015,0.00013275525643097197,-0.006239621722026301,-0.01311350090525154,-0.024047883552029914,-0.032711014374500746,-0.0014544684919810535
2026-05-03T13:00:00Z,277,240,4,3,184,36,241,200310.79047376005,2449711.608762807,-2249400.818289046,2650022.3992365673,78714.77942400001,1142274.7653429604,357.9276883339784,100.0,1.0,2.0180505415162453,7.0,0.0297034392791082,0.0297034392791082,observed,0.1299638989169675,-0.8488233227526928,11.273598915248147,5.627621113690637,-0.006239621722026301,-0.0018900302649842438,-0.016519020918306926,-0.018455449501035504,-0.017760583118635265,0.010045268237475202
2026-05-03T14:00:00Z,268,234,4,3,159,155,113,1711093.4225542124,1352376.2270058831,358717.195548328,3063469.649560091,90823.60031000001,911406.7537313433,902.0195729250812,100.0,1.0,2.3358208955223883,7.0,0.029647298879896564,0.029647298879896564,observed,0.5783582089552238,0.11709507081287361,11.416685456419108,5.594711379601839,-0.0018900302649842438,-0.005036527814346603,-0.01230918349585941,-0.009881669326718967,0.022121857891940877,0.018137982853878798
2026-05-03T15:00:00Z,360,296,4,3,218,119,241,768739.383243699,3316575.1998693543,-2547835.816625656,4085314.5831130524,120508.52555599989,1160477.3861111111,741.0747914292295,100.0,1.0,2.4166666666666665,6.0,0.02949797943446772,0.02949797943446772,observed,0.33055555555555555,-0.6236571908457974,11.699484079045801,5.8888779583328805,-0.005036527814346603,-0.009668861922912053,-0.011079675987875182,-0.00184740037754616,0.04462249260050277,0.01619653177693614
2026-05-03T16:00:00Z,544,443,4,3,333,246,298,1591208.7520440093,3787008.881622022,-2195800.129578013,5378217.633666031,157112.62153499987,1108185.4338235294,1336.5209210578687,100.0,1.0,2.3419117647058822,9.0,0.02921276754431095,0.02921276754431095,observed,0.4522058823529412,-0.40827654794647245,11.964724526627535,6.300785794663244,-0.009668861922912053,0.0023824272524268775,-0.001968953771263271,0.017186465945819407,0.05834499998578857,0.022903974808149652
2026-05-03T17:00:00Z,383,320,4,3,237,226,157,2131362.885081368,1119506.8768112322,1011856.0082701368,3250869.7618925995,95193.15440799996,1072124.2140992167,424.73759904605663,100.0,1.0,2.3159268929503916,7.0,0.02928236483782733,0.02928236483782733,observed,0.5900783289817232,0.3112570119330317,11.463673815616886,5.950642552587727,0.0023824272524268775,-0.0037979670838215185,0.0024577672775498716,0.003564340487360207,0.0550092138956777,0.024956259879458598
2026-05-03T18:00:00Z,432,352,4,3,255,138,294,879026.0893053405,2516942.323302273,-1637916.233996934,3395968.4126076135,99064.308646,1614582.962962963,396.60233335211547,100.0,1.0,2.324074074074074,7.0,0.02917115138003681,0.02917115138003681,observed,0.3194444444444444,-0.4823119755519901,11.50353459491428,6.07073772800249,-0.0037979670838215185,-0.0005451421626829767,0.009335712277479535,-0.008876594124310855,0.05326256527014439,0.026251728529929297
2026-05-03T19:00:00Z,203,171,4,3,129,111,92,805982.4422661042,584326.8186456752,221655.62362042893,1390309.2609117797,40534.81262700004,1025744.4778325123,414.37590616473403,100.0,1.0,2.0935960591133007,6.0,0.029155248955485543,0.029155248955485543,observed,0.5467980295566502,0.15942900608679308,10.609941124760024,5.318119993844216,-0.0005451421626829767,0.006828448652708818,0.019193210260808335,0.0007079315778861783,0.062397142627739655,0.026915444427560775
2026-05-03T20:00:00Z,630,527,4,3,323,328,302,4114031.888993275,2851565.3763395837,1262466.512653695,6965597.265332859,204470.46916500013,979475.8285714285,751.8699441632498,100.0,1.0,2.850793650793651,11.0,0.02935433407593502,0.02935433407593502,observed,0.5206349206349207,0.1812431101833687,12.228183729646284,6.447305862541213,0.006828448652708818,0.003037056809328309,0.001103860178384819,0.03232293174180234,0.05486775270485755,0.014237813965146673
2026-05-03T21:00:00Z,677,539,4,3,331,397,280,4407416.8187341485,3017558.594104328,1389858.2246298187,7424975.412838474,218617.15112499995,1059577.6410635156,1276.546217615497,100.0,1.0,3.017725258493353,8.0,0.029443484856123636,0.029443484856123636,observed,0.5864106351550961,0.18718691273059632,12.295081884786176,6.519147287940395,0.003037056809328309,0.009215856210523343,-0.018043854170874396,0.04655590036596191,0.047747362943187044,0.01762109488943997
2026-05-03T22:00:00Z,1209,1008,4,3,591,657,552,9270409.52992555,7402395.011303207,1868014.518622345,16672804.541228771,495429.5822249994,916013.5913978495,1622.9343988325588,100.0,1.0,3.1687344913151363,11.0,0.02971483177889439,0.02971483177889439,observed,0.543424317617866,0.11203961001300589,13.11318252652,7.098375638590786,0.009215856210523343,-0.011041443039330079,-0.01813716820012168,0.04046311607351005,0.010241763119581915,0.009663839900802662
2026-05-03T23:00:00Z,732,620,4,3,412,199,533,1638566.5380533359,6013563.903728142,-4374997.365674808,7652130.441781475,224871.14597900026,1308655.9658469944,767.6865709655123,100.0,1.0,2.5437158469945356,8.0,0.029386737156384454,0.029386737156384454,observed,0.2718579234972678,-0.5717358582633197,12.323287279583637,6.597145701886651,-0.011041443039330079,-0.016147633021040164,0.031184648072233534,0.05126215762442721,0.0163692620449003,0.0094201750782279
2026-05-04T00:00:00Z,805,654,4,3,442,392,413,4134991.5946064387,5167998.065010602,-1033006.4704041658,9302989.65961704,268969.999124,1482903.2049689442,655.9947021843003,100.0,1.0,2.7714285714285714,11.0,0.028912210909097392,0.028912210909097392,observed,0.48695652173913045,-0.1110402685803576,12.50235884282411,6.692083742506628,-0.016147633021040164,0.009119951726068276,0.06578680199846487,0.06269568353050192,0.03231355504612465,0.01831927496825747
2026-05-04T01:00:00Z,1535,1269,4,3,765,928,607,12338895.305177428,6305930.822023258,6032964.48315418,18644826.127200723,543979.3752159993,1102003.629315961,1204.9510796222507,100.0,1.0,2.9478827361563518,10.0,0.029175888876882262,0.029175888876882262,observed,0.6045602605863192,0.3235731157799728,13.206668450216773,7.336936913707618,0.009119951726068276,0.03863681207699088,0.05968276054019683,0.061645570204069244,0.028308629116508888,0.018074396690276107
2026-05-04T02:00:00Z,2818,2304,4,3,1403,1661,1157,20342791.30791035,11478801.106166137,8863990.201744203,31821592.414076522,964294.5585709999,1103321.9584811924,1404.0126670029,100.0,1.0,2.9531582682753728,9.0,0.030303152212597533,0.030303152212597533,observed,0.5894251242015613,0.2785526910910703,13.779153122629733,7.9441374911141125,0.03863681207699088,0.016866251646983077,0.019470334037388737,0.0218389229473146,-0.0038976517401541066,-0.015622884370211754
2026-05-04T03:00:00Z,1251,968,4,3,595,672,579,6092442.599982869,4888191.2438608175,1204251.3561220474,10980633.843843693,338360.02720699966,1082456.4340527577,1456.9069144882214,100.0,1.0,3.123101518784972,10.0,0.030814252803512035,0.030814252803512035,observed,0.5371702637889688,0.10967047742851498,12.731868732253867,7.132497551660044,0.016866251646983077,0.0033404562302044027,-0.00290031595640583,0.0011384605225661648,-0.027211706645146383,-0.0212559954871111
2026-05-04T04:00:00Z,642,505,4,3,340,308,334,1843903.0658319148,2129595.8361794874,-285692.7703475702,3973498.9020113973,122849.406477,807299.8286604361,1194.797113852874,100.0,1.0,2.6666666666666665,7.0,0.03091718646626862,0.03091718646626862,observed,0.4797507788161994,-0.07189954682080109,11.71872268666994,6.466144724237619,0.0033404562302044027,-0.0007769710135877572,0.0018522615795615316,-0.02904605890113343,-0.03348721369507557,-0.011521434709094391
2026-05-04T05:00:00Z,836,642,4,3,439,412,424,2981283.9037743937,3976236.535218562,-994952.6314441687,6957520.438992943,214939.82488500004,1258055.9150717703,1184.9547533030566,100.0,1.0,2.9210526315789473,13.0,0.030893164708562643,0.030893164708562643,observed,0.49282296650717705,-0.14300391068462054,12.278118036133197,6.729824070489475,-0.0007769710135877572,-0.005447255913367588,0.002323352461415462,-0.03319143120149548,-0.028485963554049754,-0.012376772311901596
2026-05-04T06:00:00Z,1007,819,4,3,519,545,462,5540887.0607093405,3656268.11842425,1884618.9422850895,9197155.179133592,282581.50517199986,1059098.6236345582,1018.4896853624995,100.0,1.0,3.0019860973187686,12.0,0.030724881734421287,0.030724881734421287,observed,0.5412115193644489,0.20491324823581242,12.551725840635445,6.915723448631314,-0.005447255913367588,0.008122779792748336,0.004050524279170631,-0.028589679016518987,-0.02564492238769278,-0.010407466480570227
2026-05-04T07:00:00Z,1035,818,4,3,540,527,508,4427850.925103055,4689461.674295183,-261610.74919213177,9117312.599398239,282403.7722640001,1167433.915942029,1033.600776382399,100.0,1.0,2.800966183574879,9.0,0.03097445318290823,0.03097445318290823,observed,0.5091787439613527,-0.028693844413034453,12.55109668341028,6.943122422819428,0.008122779792748336,-0.00030711644925118797,-0.03084119452101597,-0.0314011964286276,-0.03339777261864452,-0.022463144452745
2026-05-04T08:00:00Z,755,594,4,3,399,371,384,2475841.968332295,3093025.1217249003,-617183.1533926043,5568867.090057199,172439.6376439999,908218.9456953643,1177.473496012605,100.0,1.0,2.615894039735099,8.0,0.030964940418829197,0.030964940418829197,observed,0.4913907284768212,-0.11082741667412736,12.057808326627372,6.628041376179533,-0.00030711644925118797,-0.0037334741615615563,-0.035432461566117346,-0.02518652804224375,-0.038516618443903305,-0.026302243378786727
2026-05-04T09:00:00Z,609,472,4,3,347,292,317,2043146.3422763124,2106635.4880345664,-63489.14575825528,4149781.8303108816,128018.00410799995,1032752.4400656815,678.2495194818081,100.0,1.0,2.5073891625615765,7.0,0.030849333613861205,0.030849333613861205,observed,0.4794745484400657,-0.01529939364390609,11.759934001474985,6.413458957167357,-0.0037334741615615563,-0.02691045379262713,-0.03250852671893445,-0.02831792832423441,-0.028753370439530967,-0.01539672564653849
2026-05-04T10:00:00Z,2613,2119,4,3,1275,1033,1580,11050174.821980525,17528225.6920249,-6478050.870044346,28578400.514005404,857899.6932339997,1296786.417527746,1170.6022409138227,100.0,1.0,3.1592039800995027,12.0,0.030019164047112055,0.030019164047112055,observed,0.3953310371220819,-0.2266764673155746,13.662243629619944,7.868636894184167,-0.02691045379262713,-0.005043034820441661,-0.0005778226483067472,-0.004574011810401513,-0.0005720642720162816,0.012477466641809931
2026-05-04T11:00:00Z,738,587,4,3,393,310,428,2198531.627846441,3878179.1987755727,-1679647.5709291352,6076710.826622013,181497.83995899998,965609.406504065,816.166256994331,100.0,1.0,2.6856368563685638,8.0,0.02986777635754192,0.02986777635754192,observed,0.42005420054200543,-0.2764073556981871,12.10900454125615,6.6052979209482015,-0.005043034820441661,-0.0007134488176540055,0.010622308045437068,0.004867010698191621,-0.0068371675789280495,0.02129980009921817
2026-05-04T12:00:00Z,700,563,4,3,366,419,281,3851906.799907392,2201301.6489852825,1650605.1509221087,6053208.448892674,180666.88759300005,907867.8985714286,843.8908712733986,100.0,1.0,2.7685714285714287,8.0,0.029846467227813676,0.029846467227813676,observed,0.5985714285714285,0.2726826880088785,12.104415749625673,6.55250788703459,-0.0007134488176540055,0.00520500685199865,0.004331406023133644,0.0030314240699489403,-0.01355623009061624,0.04754744574031178
2026-05-04T13:00:00Z,1544,1267,4,3,766,755,789,7625370.536024383,8730071.718692841,-1104701.1826684617,16355442.254717225,490693.0066480004,821108.871761658,1324.5956224498088,100.0,1.0,2.8691709844559585,9.0,0.030001818294242397,0.030001818294242397,observed,0.4889896373056995,-0.06754333912003171,13.103576008121196,7.3427791893318455,0.00520500685199865,0.00610705599922623,-0.003998499585714632,-0.002061303588911323,-0.00995249104835949,0.06319321368001063
2026-05-04T14:00:00Z,1453,1231,4,3,838,886,567,9593099.853806695,5029395.008500437,4563704.8453062475,14622494.862307113,441380.6080910003,1001033.0454232622,591.3997801502599,100.0,1.0,2.5994494150034413,13.0,0.030185041078643948,0.030185041078643948,observed,0.6097728836889195,0.3121016549009198,12.997665104720994,7.282073658093465,0.00610705599922623,-0.006933788241836769,-0.005694805370342726,-0.013674503671854521,-0.011771112326500632,0.04970063885123133
2026-05-04T15:00:00Z,1615,1316,4,3,863,653,962,4816306.723152895,9723156.55272939,-4906849.829576496,14539463.275882266,435831.2348090007,1162872.6972136223,414.51556400011805,100.0,1.0,2.8439628482972137,11.0,0.029975744395733486,0.029975744395733486,observed,0.4043343653250774,-0.3374849357552192,12.985012665735209,7.38770923908104,-0.006933788241836769,-0.003132144385534108,-0.0012943754874022995,-0.00044813229346252204,0.006122309652283997,0.05347478301032571
2026-05-04T16:00:00Z,1091,894,4,3,596,519,572,5032931.053864647,5094411.087773567,-61480.033908928,10127342.141638232,302623.7799059997,1162990.3400549954,380.0828797051066,100.0,1.0,2.616865261228231,7.0,0.029881856036222183,0.029881856036222183,observed,0.47571035747021084,-0.006070697824669602,12.620248966957153,6.9957661563048505,-0.003132144385534108,0.004393539284305081,0.0019449729704197338,0.004020336605500718,0.022726837448223014,0.04997083006791048
2026-05-04T17:00:00Z,857,700,4,3,498,504,353,4530775.719500068,2674252.954708256,1856522.7647918095,7205028.674208322,216245.5569599999,959135.4539089848,299.2708997655871,100.0,1.0,2.4352392065344226,11.0,0.03001314314460527,0.03001314314460527,observed,0.588098016336056,0.25767042002727375,12.284174503095121,6.754604099487962,0.004393539284305081,-0.002538841642380829,-0.00802540140050656,-0.011647489819560874,0.016581532163014057,0.046675523211190395
2026-05-04T18:00:00Z,576,477,4,3,344,243,333,3410551.044327012,3747648.0415194416,-337096.9971924341,7158199.08584645,214294.6089459998,1203987.9322916667,739.6373291706228,100.0,1.0,2.4791666666666665,9.0,0.029936944526971012,0.029936944526971012,observed,0.421875,-0.04709243109191517,12.275111691032421,6.3578422665081,-0.002538841642380829,0.00010124318281268252,0.000847339970026395,-0.016537521918563947,0.0156385041318432,0.05746309109391734
2026-05-04T19:00:00Z,431,346,4,3,260,165,266,1135950.0128183614,1977425.7788690687,-841475.7660507073,3113375.79168743,93214.39473400009,1531043.73549884,253.45745080306028,100.0,1.0,2.480278422273782,7.0,0.02993997543851861,0.02993997543851861,observed,0.382830626450116,-0.27027760937096285,11.4426681665824,6.068425588244111,0.00010124318281268252,-0.005601200818752372,0.0020713349446008777,-0.007907487191174623,0.011312438411737125,0.06538425732121778
2026-05-04T20:00:00Z,410,313,4,3,225,126,284,677457.6158407502,2291928.675914018,-1614471.0600732684,2969386.2917547696,88405.38711100003,1809235.812195122,335.04600808958793,100.0,1.0,2.4829268292682927,6.0,0.029772275623578953,0.029772275623578953,observed,0.3073170731707317,-0.5437052984841494,11.389699498402535,6.018593214496234,-0.005601200818752372,0.0063829743978227604,-0.0036513923079967148,0.0019297801308388873,0.01270367777480308,0.09264732392805075
2026-05-04T21:00:00Z,527,450,4,3,324,415,112,4324666.304198153,599607.522484249,3725058.7817139067,4924273.826682397,147542.62530499988,1057695.760910816,374.2426215033756,100.0,1.0,2.3092979127134723,11.0,0.02996231129664918,0.02996231129664918,observed,0.7874762808349146,0.7564686515866582,11.901879175811892,6.269096283706261,0.0063829743978227604,0.0013243257118207286,-0.017370143471741706,0.00657338769304916,0.013752062953399369,0.08643271514675699
2026-05-04T22:00:00Z,460,364,4,3,264,146,314,879620.5332715156,2917721.5922578108,-2038101.0589862973,3797342.1255293256,113927.82486600002,1040767.1521739131,305.8231636781412,100.0,1.0,2.3869565217391306,9.0,0.030001991155884908,0.030001991155884908,observed,0.3173913043478261,-0.5367177861810908,11.643329189112503,6.133398042996649,0.0013243257118207286,-0.011280111001668147,-0.009958195377704482,0.01863159555708549,0.013057000357230342,0.06264637982744481
2026-05-04T23:00:00Z,425,342,4,3,241,114,311,649593.4798256349,3744967.734793552,-3095374.2549679163,4394561.214619188,130358.35384200004,1424010.6329411764,412.59041933767287,100.0,1.0,2.9623529411764706,15.0,0.02966356536537546,0.02966356536537546,observed,0.26823529411764707,-0.7043648054487613,11.778050176219361,6.054439346269371,-0.011280111001668147,-0.007473940234872911,0.005601626173558083,0.028561694022936512,0.028330669211166226,0.058011085630813586
2026-05-05T00:00:00Z,742,578,4,3,403,412,330,3775420.043971206,3495989.54286262,279430.50110858673,7271409.586833821,214083.83506099973,1273130.0363881402,965.8250658826832,100.0,1.0,2.7142857142857144,8.0,0.029441861650681397,0.029441861650681397,observed,0.555256064690027,0.038428656475980295,12.274127640966844,6.610696044717759,-0.007473940234872911,0.008877285636827104,0.024366785728846097,0.03271708557013486,0.06194339474265309,0.05591614343644391
2026-05-05T01:00:00Z,586,484,4,3,310,348,238,3601593.764638564,1962846.7044575084,1638747.0601810566,5564440.469096072,165281.829847,937056.7269624573,1241.9573186228304,100.0,1.0,2.750853242320819,7.0,0.029703225466234443,0.029703225466234443,observed,0.5938566552901023,0.29450347600668403,12.01541340574005,6.375024819828097,0.008877285636827104,0.004258934890305266,0.028877357300783002,0.019373118287624225,0.07388100476695691,0.05018168194843353
2026-05-05T02:00:00Z,921,745,4,3,472,489,432,4702757.225278576,4229688.472056767,473068.7532218068,8932445.697335334,266452.4395459998,1149166.0879478827,1184.181939073176,100.0,1.0,2.8631921824104234,7.0,0.029829729569527196,0.029829729569527196,observed,0.5309446254071661,0.05296071974587312,12.4929547964275,6.826545223556594,0.004258934890305266,0.011047221017763675,0.02283217056514175,0.010753146435628524,0.06220396098969494,0.043352498587509336
2026-05-05T03:00:00Z,872,689,4,3,448,596,276,7392196.646794922,2067034.640380466,5325162.006414456,9459231.287175382,285283.4648359998,1134075.3314220184,1263.1194944451047,100.0,1.0,2.853211009174312,12.0,0.03015926518498188,0.03015926518498188,observed,0.6834862385321101,0.562959277001102,12.561242083689583,6.771935555839602,0.011047221017763675,0.013319652636190948,0.008151669848751819,0.007131795205516767,0.04706433095038598,0.03490320842107919
2026-05-05T04:00:00Z,1017,807,4,3,494,562,455,6379782.437013526,4278417.464235246,2101364.97277828,10658199.90124876,325724.9926749997,998136.8318584071,1382.361017913149,100.0,1.0,3.4070796460176993,19.0,0.03056097612100861,0.03056097612100861,observed,0.5526057030481809,0.1971594633472839,12.69381179365264,6.925595197110468,0.013319652636190948,-0.0016416058780083231,-0.009237484862231415,-0.005472631345983747,0.026638581899017133,0.018602116760625176
2026-05-05T05:00:00Z,876,720,4,3,465,377,499,2904733.8822079906,5406756.128326625,-2502022.246118629,8311490.01053461,253590.2679509999,1140578.6723744292,812.3765466604615,100.0,1.0,2.6552511415525113,7.0,0.03051080704297069,0.03051080704297069,observed,0.430365296803653,-0.30103173353362356,12.443479068582526,6.776506992372183,-0.0016416058780083231,-0.003464132730773839,-0.011809390120022467,-0.0002246095816252902,0.029603125864527957,0.014834108552843173
2026-05-05T06:00:00Z,602,500,4,3,339,318,284,3138668.149156089,2469652.499266302,669015.6498897858,5608320.64842238,170521.6261830003,1236000.204318937,794.992352261476,100.0,1.0,2.617940199335548,7.0,0.030405113557650812,0.030405113557650812,observed,0.5282392026578073,0.11928983591157183,12.046623271786826,6.401917196727186,-0.003464132730773839,-0.0041586422854592575,-0.0010116281842672548,0.02830040248281862,0.04118058422551152,0.0324886083971625
2026-05-05T07:00:00Z,579,478,4,3,322,189,390,1354687.5192261334,3830634.8197246324,-2475947.3004984967,5185322.338950761,157004.66169799987,1303406.1502590673,769.1824769354939,100.0,1.0,2.626943005181347,7.0,0.030278669566715776,0.030278669566715776,observed,0.32642487046632124,-0.47749149207173486,11.964037145450934,6.363028103540465,-0.0041586422854592575,-0.004233229161863639,0.003799955548100309,0.05347196772355223,0.0534669770248255,0.05027633523415642
2026-05-05T08:00:00Z,456,372,4,3,251,257,199,2172899.0876971143,1890458.8751679112,282440.21252920124,4063357.9628650243,122512.2458959999,1466267.3026315789,808.528764569603,100.0,1.0,2.6710526315789473,7.0,0.030150493019723522,0.030150493019723522,observed,0.5635964912280702,0.06950906494343316,11.715974432884583,6.124683390894205,-0.004233229161863639,0.007424816170006787,0.011723224672013588,0.050903442384033326,0.07894080757058819,0.06718717456200052
2026-05-05T09:00:00Z,982,802,4,3,526,575,407,5872773.04110232,4121911.7322896975,1750861.3088126224,9994684.773392025,303582.1022990006,1145738.1751527495,1060.3980104935652,100.0,1.0,2.655804480651731,8.0,0.030374354887830045,0.030374354887830045,observed,0.5855397148676171,0.17517924261841528,12.623410665177982,6.890609120147166,0.007424816170006787,0.0006377839913442873,0.02934171357150972,0.039649761764020575,0.07169470213615625,0.05708788295483158
2026-05-05T10:00:00Z,803,658,4,3,450,361,442,2994768.6450164914,4057480.2584660687,-1062711.6134495758,7052248.903482557,214344.1290730002,1293798.3237858033,777.7437166038956,100.0,1.0,2.6214196762141966,9.0,0.030393727165124916,0.030393727165124916,observed,0.44956413449564137,-0.1506911664624862,12.275342747592513,6.6895992691789665,0.0006377839913442873,0.0036266318257696106,0.0494839752690861,0.032287913090275344,0.04895023621842398,0.06242218087927642
2026-05-05T11:00:00Z,1269,1026,4,3,645,776,493,9431225.1171563,4399786.630560984,5031438.48659532,13831011.747717293,421900.54644899943,1255219.0212765958,1199.5536848005454,100.0,1.0,2.9700551615445234,14.0,0.03050395402336572,0.03050395402336572,observed,0.61150512214342,0.36377949627768347,12.952527263545388,7.146772179452637,0.0036266318257696106,0.024968451136498926,0.03872622151648364,0.029834436546464005,0.028862716350194217,0.07011722655739372
2026-05-05T12:00:00Z,2089,1670,4,3,1011,1222,867,14074439.785716984,7538035.9589306805,6536403.8267862955,21612475.744647678,675726.8165149993,1259737.1704164671,1613.9632010255343,100.01680471338251,1.0,3.771661081857348,32.0,0.03126559050886814,0.03126559050886814,observed,0.584968884633796,0.3024366067087448,13.423545635653118,7.644919344958857,0.024968451136498926,0.02021836432137336,0.010014213993859267,0.012525699408065805,-0.005675680395064608,0.06046560781266508
2026-05-05T13:00:00Z,2018,1649,4,3,1049,1044,974,9481263.982405197,8793655.874075009,687608.1083301908,18274919.85648021,582928.4521990007,1233579.589197225,965.5029633792294,100.0,1.0,2.7730426164519324,12.0,0.031897729608499306,0.031897729608499306,observed,0.5173439048562933,0.0376257796876941,13.275821449775552,7.610357618312838,0.02021836432137336,-0.006661060429814292,-0.01638525464326579,-4.737381610109281e-6,-0.022068853730834337,0.03885496423264745
2026-05-05T14:00:00Z,2280,1783,4,3,1051,1172,1108,10870219.96154791,12412742.08032825,-1542522.1187803322,23282962.04187618,737726.633783002,1338633.3350877194,716.2488447170376,100.0,1.0,4.184210526315789,28.0,0.031685256904003214,0.031685256904003214,observed,0.5140350877192983,-0.0662511116930049,13.511329975548607,7.732369222284388,-0.006661060429814292,-0.003363270225573922,-0.008560277757346135,0.026679297122626844,-0.01774749774480311,0.028645031775661245
2026-05-05T15:00:00Z,785,645,4,3,450,372,413,2580738.6706192936,3446768.711262448,-866030.04064315,6027507.381881744,190340.79204500007,1334209.7388535033,470.02507351033756,100.0,1.0,2.556687898089172,8.0,0.03157869082286832,0.03157869082286832,observed,0.47388535031847134,-0.1436796316909332,12.156576640549966,6.666956792429207,-0.003363270225573922,-0.006447817538998923,0.0024865842276371453,0.030822822791555682,-0.011614494133582398,0.02216597819567956
2026-05-05T16:00:00Z,1437,1182,4,3,746,692,745,6917821.703863352,8529196.924103064,-1611375.220239714,15447018.627966398,484651.4017509996,1177768.8705636743,773.5510244167652,100.0,1.0,2.8900487125956853,9.0,0.03137507718632201,0.03137507718632201,observed,0.4815588030619346,-0.1043162605709793,13.091187215548628,7.271008538280992,-0.006447817538998923,0.001241275600337044,0.016653387252460128,0.01614115879577449,-0.007827939919739513,0.0410900506011902
2026-05-05T17:00:00Z,1000,807,4,3,508,518,482,4740734.526415264,4208796.102089379,531938.4243258899,8949530.628504647,281140.75477500015,1175473.11,873.8857891822103,100.0,1.0,3.19,18.0,0.03141402230409208,0.03141402230409208,observed,0.518,0.059437577947567745,12.546614286507454,6.90875477931522,0.001241275600337044,0.007741498078523312,0.0355438400231336,-0.0009435693367648712,-0.01434437885887685,0.0352504259131885
2026-05-05T18:00:00Z,863,706,4,3,444,519,344,5440994.771912201,3030833.3072809856,2410161.4646312185,8471828.079193188,268194.4736050003,1238514.0428736964,1054.1206097067484,100.0,1.0,2.921205098493627,10.0,0.031657213897397896,0.031657213897397896,observed,0.6013904982618772,0.2844913095616961,12.499471372748447,6.761572768804055,0.007741498078523312,0.007592727526900767,0.02826595289128009,-0.01797621513584413,-0.008348192388561215,0.01942209289829555
2026-05-05T19:00:00Z,1350,1073,4,3,639,772,578,7241302.406877497,4992378.110136426,2248924.296741078,12233680.51701394,390224.7845960005,1260104.3577777778,974.8243998938985,100.0,1.0,3.29037037037037,14.0,0.03189757849678165,0.03189757849678165,observed,0.5718518518518518,0.18383055643911872,12.874480785449233,7.208600337960199,0.007592727526900767,0.019845355679086962,-0.000503837849859412,-0.022064220875858354,-0.0030287060346969596,0.013259997073593599
2026-05-05T20:00:00Z,1287,1020,4,3,667,777,510,7177429.124701745,3030126.1189613347,4147303.005740406,10207555.243663065,332057.86892000015,1375897.7715617716,762.1683401674727,100.0,1.0,2.83993783993784,10.0,0.03253059728735188,0.03253059728735188,observed,0.6037296037296037,0.4062973852936124,12.713067548204094,7.160845906664299,0.019845355679086962,0.0006590080885902072,-0.035235021396180954,-0.04327231979055246,-0.010893677323274953,0.007792342059495416
2026-05-05T21:00:00Z,1221,963,4,3,640,498,723,3875792.7207110445,6848180.730260454,-2972388.009549412,10723973.450971484,349087.1614109999,1123594.6322686323,715.7359385843447,100.0,1.0,3.104832104832105,12.0,0.03255203521409092,0.03255203521409092,observed,0.40786240786240785,-0.277172264845559,12.76307978077649,7.108244139731541,0.0006590080885902072,-0.02059864829540836,-0.04497101931372938,-0.04116839090758029,-0.0136296457864441,0.004995838844774392
2026-05-05T22:00:00Z,1205,927,4,3,583,500,705,3798246.8227225337,7059617.003054576,-3261370.1803320562,10857863.825777093,346165.0647089999,1327098.7510373443,580.0615133012864,100.0,1.0,3.1278008298755187,12.0,0.03188150728941611,0.03188150728941611,observed,0.4149377593360996,-0.3003694126822079,12.754673894704272,7.095064377287131,-0.02059864829540836,-0.015592935710403433,-0.021571251438942673,-0.02358835532645842,0.012843263861038956,0.0185665340014729
2026-05-05T23:00:00Z,804,639,4,3,424,318,486,2499938.197493498,5542890.829880449,-3042952.632386948,8042829.027373948,252419.2104799998,1524553.3097014925,781.3512244472025,100.0,1.0,2.8582089552238807,9.0,0.03138438099590149,0.03138438099590149,observed,0.39552238805970147,-0.378343568168637,12.438850479660621,6.690842277418564,-0.015592935710403433,-0.009439217111318454,-0.00833083556370684,-0.013413466057383472,0.04009719620664898,0.02346049767014069
2026-05-06T00:00:00Z,944,736,4,3,496,402,542,2672074.5085320435,6234379.116685923,-3562304.6081538787,8906453.625217982,276885.0505720002,1347787.1949152541,761.5621711939182,100.0,1.0,3.1546610169491527,15.0,0.031088137009776837,0.031088137009776837,observed,0.4258474576271186,-0.39996891670411555,12.531361330757544,6.851184927493743,-0.009439217111318454,0.0033982824256586497,0.003981689019967316,0.009804266348411028,0.06651882781466001,0.028440650119951005
2026-05-06T01:00:00Z,733,601,4,3,385,475,258,5582642.252000651,2047054.6375392457,3535587.614461402,7629696.889539886,237999.1112599998,859942.3246930423,891.953056981691,100.0,1.0,2.7953615279672577,11.0,0.031193783279423633,0.031193783279423633,observed,0.6480218281036835,0.4633981750059559,12.380026420132493,6.598509028614515,0.0033982824256586497,-0.00227161932340747,-0.0020615746322685258,0.019464994785455048,0.06229867838437064,0.015492580243464449
2026-05-06T02:00:00Z,639,536,4,3,374,278,361,2521396.9197441074,3615123.9635368185,-1093727.0437927116,6136520.883280929,190986.46619300015,1551044.4788732394,542.6913454797758,100.0,1.0,2.5054773082942097,8.0,0.03112292287855591,0.03112292287855591,observed,0.4350547730829421,-0.17823243244760922,12.15996308284937,6.461468176353717,-0.00227161932340747,0.0028595458515021654,-0.005125328764826409,0.03384311245200844,0.047230757278754476,0.01765509502554119
2026-05-06T03:00:00Z,645,518,4,3,333,330,315,3296186.4937798046,3007140.382925079,289046.11085472547,6303326.876704883,196738.93612299996,1187736.534883721,964.1282852155667,100.0,1.0,2.798449612403101,8.0,0.031211920303559904,0.031211920303559904,observed,0.5116279069767442,0.045856119555365144,12.189638014389457,6.470799503782602,0.0028595458515021654,-0.0026414695291980816,0.005799485580386898,0.028721148593758627,0.03417742584119554,0.013526054112799502
2026-05-06T04:00:00Z,810,664,4,3,454,354,456,3054266.8643242633,4889090.6623316035,-1834823.7980073404,7943357.526655867,247272.54928099978,1148619.9802469136,876.3601891075006,100.0,1.0,2.77037037037037,15.0,0.03112947496713029,0.03112947496713029,observed,0.43703703703703706,-0.230988444351163,12.418250489766445,6.698268054115413,-0.0026414695291980816,-0.00533472860125872,0.021571039726014485,0.03731174181118879,0.04930393879159678,0.024655982556496037
2026-05-06T05:00:00Z,770,634,4,3,409,434,336,4663983.585156114,3540082.3800170813,1123901.2051390253,8204065.96517319,254025.839004,1207728.887012987,993.861763704289,100.0,1.0,2.9064935064935065,13.0,0.030963407666680973,0.030963407666680973,observed,0.5636363636363636,0.13699319458303497,12.44519520578856,6.647688373563329,-0.00533472860125872,0.013872042872006496,0.03916919622494164,0.05423818430826555,0.05031656463811163,0.0398774630377694
2026-05-06T06:00:00Z,1121,896,4,3,536,674,447,8922058.684201105,4318697.61392438,4603361.070276725,13240756.298125478,415666.1804379993,1075225.8358608386,1200.4837827567594,100.0,1.0,3.3942908117752006,13.0,0.031392933385296584,0.031392933385296584,observed,0.6012488849241748,0.3476660219876136,12.93764017201094,7.022868086082641,0.013872042872006496,0.012997725252102743,0.022789495661896364,0.05616391547971622,0.028004068639521984,0.031135551792615068
2026-05-06T07:00:00Z,1019,818,4,3,500,535,484,5234407.710631435,4501245.4113225425,733162.2993088922,9735653.121953977,309603.21391599934,1101630.3199214917,1066.7358310330114,100.0,1.0,3.239450441609421,18.0,0.03180097010829623,0.03180097010829623,observed,0.5250245338567223,0.07530694552537058,12.643050031444874,6.927557906278317,0.012997725252102743,0.011799934020753078,0.015408328420699835,0.04201584538754055,0.016338186672862687,0.042013465528256244
2026-05-06T08:00:00Z,1205,965,4,3,654,691,514,6298314.081611116,3257741.5014064685,3040572.5802046456,9556055.583017586,307477.74158600025,1352121.2315352696,878.3191437066948,100.0,1.0,2.7742738589211617,14.0,0.032176219457370064,0.032176219457370064,observed,0.5734439834024896,0.3181828060531751,12.636161230785252,7.095064377287131,0.011799934020753078,-0.0021089162747961465,0.0145009957358877,0.012949396930249879,0.01889182078242313,0.03516644660320023
2026-05-06T09:00:00Z,1174,951,4,3,625,627,547,5130836.288815682,5008453.770757553,122382.51805813616,10139290.059573235,325556.00077100017,1176286.6286201023,747.2073959581304,100.0,1.0,2.75809199318569,9.0,0.032108362504495,0.032108362504495,observed,0.5340715502555367,0.012070126935818944,12.693292842875506,7.069023426578259,-0.0021089162747961465,0.005687222302325434,0.032630780780772195,0.005303941942766066,0.01888285120457489,0.03057173362181742
2026-05-06T10:00:00Z,780,621,4,3,395,392,388,3326517.3045703317,3844536.3188539282,-518019.0142835959,7171053.623424257,231560.27670400016,1286889.9051282052,1212.4676118082984,100.0091516095744,1.0,3.7743589743589743,24.0,0.03229096989982172,0.03229096989982172,observed,0.5025641025641026,-0.07223750392710578,12.352599811668846,6.660575149839686,0.005687222302325434,0.010895825668543857,0.026203760814355714,0.011560841834749702,0.005650696751061446,0.017752417357742578
2026-05-06T11:00:00Z,1211,973,4,3,640,769,442,7297522.246569038,3077045.9505603868,4220476.2960086595,10374568.197129413,338655.0240320004,1238354.3748967794,886.7640342800113,100.0,1.0,2.8067712634186623,8.0,0.03264280667851838,0.03264280667851838,observed,0.6350123864574732,0.4068098272443226,12.732740192856316,7.10002716662926,0.010895825668543857,0.01572403896348007,-0.0015294206828377899,-0.003719861155216053,-0.01599533062600711,0.010249875388014251
2026-05-06T12:00:00Z,2033,1676,4,3,1012,1046,987,12417203.862189135,12392504.21346037,24699.648728786105,24809708.07564953,822592.7511429997,1130637.5799311362,1212.3000713009671,100.0,1.0,2.9901623216920807,10.0,0.033156083442608744,0.033156083442608744,observed,0.514510575504181,0.0009955638596581696,13.620217738278662,7.617759576608505,0.01572403896348007,-0.0005721028872837097,-0.026463320042953153,-0.026662383014102398,-0.03570324001943104,0.0006482747219107576
2026-05-06T13:00:00Z,2719,2247,4,3,1316,1294,1425,17063512.95920849,17174117.591117848,-110604.63190934462,34237630.55032622,1134536.2923669987,1106944.7502758368,1184.9327133667039,100.0,1.0,3.1625597646193455,15.0,0.03313711475154021,0.03313711475154021,observed,0.47591026112541374,-0.0032304990191060626,13.9417354538535,7.908387159290043,-0.0005721028872837097,-0.016423658510478334,-0.014269017069266865,-0.024642291984656062,-0.04406114691970875,-0.0037126642912773677
2026-05-06T14:00:00Z,2839,2300,4,3,1324,1336,1503,15117993.41477811,18948192.325108834,-3830198.9103307594,34066185.73988699,1110315.1752410012,1126426.6752377597,1135.0252612325548,100.0,1.0,3.425501937301867,14.0,0.03259288209483838,0.03259288209483838,observed,0.47058823529411764,-0.1124340405931065,13.920155375288038,7.951559331155252,-0.016423658510478334,-0.009640715381595832,-0.0021937957089094295,0.005866456774822115,-0.02824178152489143,-0.006359655565585154
2026-05-06T15:00:00Z,1395,1162,4,3,744,677,718,7418131.7373314565,7710437.837088683,-292306.0997572242,15128569.574420145,488330.00494200055,1264254.3684587814,872.7388581738973,100.0,1.0,2.7333333333333334,9.0,0.03227866339509613,0.03227866339509613,observed,0.4853046594982079,-0.019321463164069685,13.09874874371697,7.241366283322318,-0.009640715381595832,0.011946507688626262,-0.00020447403292289668,0.013507267499187847,-0.01996888658790663,-0.00899329027623752
2026-05-06T16:00:00Z,1401,1163,4,3,702,772,629,9459149.872411383,7027497.796146929,2431652.0762644457,16486647.668558314,538524.4871739988,1016993.4503925767,1128.242356212775,100.0,1.0,2.8915060670949324,9.0,0.032664280695524225,0.032664280695524225,observed,0.5510349750178444,0.1474922085526125,13.196590104400984,7.2456550675945355,0.011946507688626262,-0.004374831544540214,-0.010523433974397145,-0.005842599712508334,-0.023489815794922042,-0.02642371932359977
2026-05-06T17:00:00Z,900,748,4,3,473,380,520,3599970.054463857,5923031.655952267,-2323061.6014884165,9523001.710416125,309701.15707900014,968118.59,852.2733081227719,100.0,1.0,2.7355555555555555,11.0,0.03252137996995773,0.03252137996995773,observed,0.4222222222222222,-0.2439421594293619,12.643366330996773,6.803505257608338,-0.004374831544540214,-0.007666240595376572,0.008077973908228175,-0.012321303007229334,-0.009939005012207014,-0.032906892189827563
2026-05-06T18:00:00Z,1012,828,4,3,535,475,537,4101982.504740548,5940998.69972278,-1839016.1949822227,10042981.204463322,324107.7246149997,1239833.3685770752,1153.8333563003498,100.0,1.0,2.8260869565217392,14.0,0.03227206324661437,0.03227206324661437,observed,0.46936758893280633,-0.18311457101651485,12.688834308282896,6.920671504248683,-0.007666240595376572,0.0015021366101968248,0.013714545800600275,-0.009288510838947328,0.003046177781414139,-0.01105578493156445
2026-05-06T19:00:00Z,899,740,4,3,463,539,360,5971403.239926732,3641160.703589903,2330242.5363368317,9612563.943516634,310683.26026800025,1217779.0,933.6035450573174,100.0,1.0,3.084538375973304,15.0,0.0323205402943037,0.0323205402943037,observed,0.5995550611790879,0.24241633658088751,12.64653243516005,6.802394763324311,0.0015021366101968248,0.01434216539358446,0.004730616593266124,-0.019909469905729504,0.025262534845261975,-0.00967483996290397
2026-05-06T20:00:00Z,1129,948,4,3,591,590,539,7128900.22749258,6603053.697157165,525846.5303354216,13731953.924649753,450189.5697949992,1055328.736935341,1133.2171832963481,100.0,1.0,2.675819309123118,8.0,0.03278408682881462,0.03278408682881462,observed,0.5225863596102746,0.03829364220276713,13.017426260533917,7.029972911706386,0.01434216539358446,-0.0021177009775261713,-0.02023581254966933,-0.03390931079367843,0.015972869237756315,-0.019133945337681202
2026-05-06T21:00:00Z,730,605,4,3,381,456,274,5108615.751729255,2708259.5428810837,2400356.20884817,7816875.294610341,255726.41702600016,1273254.0123287672,1244.2518950797423,100.0,1.0,2.7835616438356166,9.0,0.032714659936089935,0.032714659936089935,observed,0.6246575342465753,0.30707362192450377,12.451867378941506,6.594413459749778,-0.0021177009775261713,-0.007373561517616811,-0.022691848247457624,-0.03303000892109664,0.011472253560282475,-0.025393610120933663
2026-05-06T22:00:00Z,909,783,4,3,493,199,710,1597039.676377436,8843756.288451036,-7246716.612073601,10440795.964828473,339048.5235049998,1163380.894389439,776.7203167170152,100.0,1.0,2.595159515951595,7.0,0.03247343637852326,0.03247343637852326,observed,0.21892189218921893,-0.6940770259743941,12.733901462728314,6.813444599510896,-0.007373561517616811,-0.01086309995889212,-0.02452407251462352,-0.01775092764718189,0.012033721694598487,-0.017170194479349532
2026-05-06T23:00:00Z,776,639,4,3,424,422,354,3953863.8112762826,3415668.9473354463,538194.8639408323,7369532.7586117275,236714.36069500004,1307190.3904639175,779.2310621185025,100.0,1.0,2.7628865979381443,11.0,0.03212067419313464,0.03212067419313464,observed,0.5438144329896907,0.07302971322190276,12.374613688601373,6.655440350367647,-0.01086309995889212,-0.004619154470093756,-0.01395590736949881,0.0024120171896748754,0.026671830765516713,0.0031510804130086
2026-05-07T00:00:00Z,925,782,4,3,525,301,624,2281340.539004101,6295725.19617201,-4014384.6571679087,8577065.73517611,274228.5517180001,1238965.078918919,643.3585576910205,100.0,1.0,2.6021621621621622,8.0,0.031972303837353,0.031972303837353,observed,0.3254054054054054,-0.46803706315368265,12.521720814621133,6.8308742346461795,-0.004619154470093756,-0.009234503990629528,-0.010578199573082703,0.012450333679693948,0.03769743532278835,0.022670942556421103
2026-05-07T01:00:00Z,993,832,4,3,521,500,493,4903447.668692752,5369437.631155234,-465989.96246248274,10272885.299847998,325414.75747999985,1226557.110775428,777.8910942973936,100.0,1.0,2.784491440080564,12.0,0.031677055469977344,0.031677055469977344,observed,0.5035246727089627,-0.045361156954548856,12.692858897548527,6.901737206656574,-0.009234503990629528,-0.00014693381246722037,0.006943425948912729,0.0460896247478757,0.04220822545125946,0.018763669716290732
2026-05-07T02:00:00Z,804,665,4,3,421,391,413,3561952.9603298795,3770793.5659194975,-208840.6055896165,7332746.526249382,232245.68869999994,950275.9154228856,728.0293082650448,100.0,1.0,2.671641791044776,9.0,0.031672401039449405,0.031672401039449405,observed,0.486318407960199,-0.028480543387395137,12.355555399093284,6.690842277418564,-0.00014693381246722037,-0.001209463496356089,0.01659958685570384,0.051633020159230325,0.022518076557812794,0.01652147135529969
2026-05-07T03:00:00Z,630,526,4,3,373,257,373,2193651.1538259396,3619687.2740841247,-1426036.1202581855,5813338.427910066,183899.69676200015,1124556.1539682539,711.0737978976227,100.0,1.0,2.422222222222222,9.0,0.03163409442655024,0.03163409442655024,observed,0.40793650793650793,-0.24530416350985693,12.122151199394372,6.447305862541213,-0.001209463496356089,0.008310916975130311,0.023274738077168067,0.046022382175196164,0.011199232515645585,0.02025852934370853
2026-05-07T04:00:00Z,814,672,4,3,435,541,273,7137705.330431709,2754785.6791453864,4382919.651286319,9892491.0095771,315540.8130250001,1167386.0638820638,1281.44247136055,100.0,1.0,2.968058968058968,16.0,0.03189700275891273,0.03189700275891273,observed,0.6646191646191646,0.44305520692848094,12.662046481579942,6.703188113240863,0.008310916975130311,0.009441233547736738,0.03887626433637292,0.030322909107397766,-0.0030044781673894683,0.0022387632077631725
2026-05-07T05:00:00Z,1095,889,4,3,569,663,432,7562846.557615074,4909865.007178205,2652981.550436857,12472711.564793281,401598.2355179999,1236429.59543379,1129.1134317447875,100.0,1.0,2.7187214611872146,9.0,0.03219814981143243,0.03219814981143243,observed,0.6054794520547945,0.21270287031453747,12.903209943767207,6.999422467507961,0.009441233547736738,0.005348750726758222,0.03446138849208391,0.02420143928826346,-0.023198456755589847,-0.004491761800310412
2026-05-07T06:00:00Z,1399,1166,4,3,721,834,565,9584861.049861234,6469325.579259358,3115535.4706018735,16054186.629120585,519679.95623500005,1229593.9814152967,1091.4920257840035,100.0,1.0,3.1000714796283058,14.0,0.0323703696886366,0.0323703696886366,observed,0.5961401000714797,0.19406373817472783,13.1609703565595,7.24422751560335,0.005348750726758222,0.023684294879671164,0.02223024105996485,0.024936632250724955,-0.014059136085010526,-0.01706103744037768
2026-05-07T07:00:00Z,1480,1248,4,3,793,902,578,10071468.378976228,6363566.888308098,3707901.4906681394,16435035.267284315,544608.4057640003,1219294.3229729729,1037.841657278875,100.0,1.0,2.6472972972972975,8.0,0.03313703906970624,0.03313703906970624,observed,0.6094594594594595,0.22560958527719813,13.207824130031158,7.300472814267799,0.023684294879671164,0.005151446716322283,-0.00823327620680503,-0.003710388866108416,-0.0340765156442967,-0.04237271927236819
2026-05-07T08:00:00Z,1366,1135,4,3,714,661,705,7470679.6991790915,7731434.096018194,-260754.39683910625,15202113.795197282,506348.095711,1043659.1039531479,1205.4075171142501,100.0,1.0,2.9414348462664717,14.0,0.03330774276081052,0.03330774276081052,observed,0.4838945827232797,-0.017152509207073882,13.13498162286173,7.220373836723949,0.005151446716322283,-0.0065381779954050145,-0.009918155784215399,-0.027685459702481596,-0.03455487409006952,-0.02425789823069402
2026-05-07T09:00:00Z,1215,1003,4,3,672,539,676,4322966.821687187,6576219.257704659,-2253252.436017463,10899186.079391854,360653.7492200002,1046556.6543209876,563.1544541986575,100.0,1.0,2.7218106995884774,12.0,0.033089970810015176,0.033089970810015176,observed,0.44362139917695476,-0.20673584427353758,12.795676406346432,7.103322062526113,-0.0065381779954050145,-0.00682255469313342,0.002647535831021619,-0.033291017719081606,-0.03644772612540981,-0.007579392136585539
2026-05-07T10:00:00Z,1282,1071,4,3,706,618,664,6175583.197018891,6828358.667144328,-652775.4701254424,13003941.864163235,427364.3110289996,1303627.5826833074,751.6575524320023,100.0,1.0,2.592823712948518,9.0,0.03286421267436966,0.03286421267436966,observed,0.48205928237129486,-0.05019827656446129,12.96539445579605,7.1569563646156364,-0.00682255469313342,0.003443828277280847,0.00456043465886613,-0.03234654590341968,-0.02885666312091606,0.004229388171554271
2026-05-07T11:00:00Z,1357,1105,4,3,704,612,745,6043662.267821823,7360824.575356162,-1317162.3075343382,13404486.84317798,442045.008866,1219222.8717759764,872.1178022165195,100.0,1.0,3.0486366985998528,20.0,0.03297739137928823,0.03297739137928823,observed,0.4509948415622697,-0.09826279237274115,12.999169248099605,7.213768308118642,0.003443828277280847,0.006070410839701834,-0.017945288081046562,-0.046279856896893734,-0.02290970653686908,-0.0021042926876031487
2026-05-07T12:00:00Z,1556,1281,4,3,788,965,591,11089964.27134112,6494277.94614818,4595686.325192924,17584242.217489276,583402.5623500008,1235171.1131105397,1123.741878918773,100.0,1.0,2.979434447300771,16.0,0.03317757769338215,0.03317757769338215,observed,0.6201799485861182,0.2613525375931217,13.276634442584982,7.350516171833998,0.006070410839701834,-0.004927723356022984,-0.0358436561860358,-0.03804700418415363,-0.014480610874491595,-0.0017455673348250045
2026-05-07T13:00:00Z,1951,1619,4,3,1022,830,1121,7360321.580574693,11071047.419524485,-3710725.838949798,18431369.00009912,608494.8338700007,1260800.6268580216,696.9477271306743,100.0,1.0,2.744746283956945,12.0,0.0330140877688862,0.0330140877688862,observed,0.42542286007175806,-0.2013266534314322,13.318745344829175,7.5766097669730375,-0.004927723356022984,-0.019036878512603717,-0.03673943277969016,-0.030479216523826014,-0.022495078394548007,-0.0027543870902339007
2026-05-07T14:00:00Z,1621,1344,4,3,845,652,969,5717840.983059827,10783104.435333837,-5065263.45227402,16500945.418393683,534393.0606930002,1265267.429981493,920.4066299305699,100.0,1.0,3.0185070943861816,14.0,0.03238560259082548,0.03238560259082548,observed,0.4022208513263418,-0.30696807509148816,13.188888787170134,7.3914152346753585,-0.019036878512603717,-0.012265653672997923,-0.028852332229515887,-0.0070650125066380465,-0.005864546886740762,0.01631490091306209
2026-05-07T15:00:00Z,1443,1192,4,3,794,653,790,5977782.512953786,8764889.176076785,-2787106.6631229906,14742671.689030549,471594.0663429998,1278028.101871102,819.252376357605,100.0,1.0,2.835065835065835,13.0,0.03198837200545507,0.03198837200545507,observed,0.45252945252945254,-0.18905031068396977,13.063875986061792,7.275172319452771,-0.012265653672997923,-0.005852223267402534,-0.0022852600745246754,-0.0032654174774295885,0.008958963314801283,0.027840181099243688
2026-05-07T16:00:00Z,1412,1185,4,3,785,585,827,5342150.889952573,8837246.818659812,-3495095.9287072415,14179397.708612392,450921.4215810005,1101752.8208215297,699.7501808936896,100.0,1.0,2.7535410764872523,15.0,0.031801168910518415,0.031801168910518415,observed,0.4143059490084986,-0.24649114162192964,13.019050589455855,7.253470382684528,-0.005852223267402534,-0.011004830862702986,0.006498985289026482,0.0036065419574839996,0.005259042052179863,0.045621846463676174
2026-05-07T17:00:00Z,1091,881,4,3,629,565,526,4116673.193867754,4003299.614058168,113373.5798095842,8119972.807925928,255382.90847099994,1372708.2923923007,671.3862868109126,100.0,1.0,2.5013748854262143,11.0,0.03145120242542191,0.03145120242542191,observed,0.5178735105407882,0.013962310280019648,12.450523215392062,6.9957661563048505,-0.011004830862702986,0.014755169750360508,0.022434610560200463,0.02450420128905484,0.0191509678548889,0.06355078431320282
2026-05-07T18:00:00Z,1407,1175,4,3,752,877,530,9853731.590246147,5948598.1264263,3905133.4638198637,15802329.716672448,504335.6235830002,1154295.5756929638,1169.867558266769,100.0,1.0,2.795309168443497,15.0,0.03191527025606196,0.03191527025606196,observed,0.6233120113717129,0.2471239072868922,13.130999228039464,7.249925536717988,0.014755169750360508,0.002900617248014159,-0.000982402447996411,0.024498487360783194,-0.0030447073097742416,0.055140532225077754
2026-05-07T19:00:00Z,913,786,4,3,501,492,421,4765307.074325248,4427626.37351423,337680.700811016,9192933.447839478,294245.98190199997,1254652.516976999,825.9633359800811,100.0,1.0,2.6210295728368016,7.0,0.032007844239441724,0.032007844239441724,observed,0.5388828039430449,0.03673263846921221,12.592174768152333,6.81783057145415,0.002900617248014159,0.004653661237860485,-0.0028737667636217212,0.008235138704970613,-0.008588882828131306,0.04359780723548101
2026-05-07T20:00:00Z,641,535,4,3,332,300,341,3265176.6157576325,3227659.347190158,37517.26856747217,6492835.962947796,208788.81388100007,1155574.7644305772,908.4980052607192,100.0,1.0,2.856474258970359,8.0,0.03215679790348629,0.03215679790348629,observed,0.46801872074882994,0.005778256031966508,12.249083349705812,6.464588303689961,0.004653661237860485,-0.008485959574437762,0.0020241790599404563,0.0012090072713901723,0.010665521615918605,0.032202011022828714
2026-05-07T21:00:00Z,865,741,4,3,521,382,483,3261139.3081246023,5123973.881990798,-1862834.5738661916,8385113.190115406,267350.24977299996,1026154.4196531792,650.5781083088725,100.0,1.0,2.246242774566474,7.0,0.03188391661643394,0.03188391661643394,observed,0.4416184971098266,-0.2221597409158591,12.49631861503586,6.763884908562435,-0.008485959574437762,0.0010019015054389957,0.02550594691346575,0.012264429273932675,0.02996031950891509,0.044776699053367786
2026-05-07T22:00:00Z,605,504,4,3,360,398,207,3974760.3247258365,2310246.754146672,1664513.5705791637,6285007.078872518,200591.41332199986,1392943.2578512398,887.805566522212,100.0,1.0,2.414876033057851,7.0,0.031915861160491235,0.031915861160491235,observed,0.6578512396694215,0.26483877419558366,12.20903033386457,6.406879986069314,0.0010019015054389957,0.009588582254044242,0.011140921879605914,0.0016465617008361022,0.034069173968486854,0.057138913975674166
2026-05-07T23:00:00Z,505,421,4,3,289,352,153,3718588.881547134,1464023.5894684982,2254565.292078638,5182612.471015637,166993.56387699998,1316590.592079208,1222.0501849645693,100.0,1.0,2.726732673267327,11.0,0.03222188902043726,0.03222188902043726,observed,0.697029702970297,0.4350248652947826,12.025716539234345,6.226536669287466,0.009588582254044242,0.014749510194991045,-0.0008135250681424733,-0.0052251942231476,0.021293235628740748,0.041125531739391485
2026-05-08T00:00:00Z,1009,826,4,3,537,543,466,7199128.0750086745,5566024.8113359185,1633103.263672759,12765152.886344612,417384.0689269997,1557287.6660059465,1199.8124265912043,100.0,1.0,2.77998017839445,10.0,0.03269714610104607,0.03269714610104607,observed,0.5381565906838454,0.12793448525162235,12.941764501368263,6.917705609835305,0.014749510194991045,-0.013019877127191548,-0.012912180255401862,-0.026884563530700345,0.01292216437361704,0.050910028898140336
2026-05-08T01:00:00Z,616,508,4,3,350,215,401,1716180.9359081527,4400785.149925923,-2684604.2140177665,6116966.08583408,197403.262893,1514024.676948052,765.375449342632,100.0,1.0,2.8766233766233764,17.0,0.03227143327640062,0.03227143327640062,observed,0.349025974025974,-0.43887838780647853,12.19300900095098,6.424869023905388,-0.013019877127191548,-0.002347511800158908,-0.00938974971077311,-0.01668660502619601,0.0201949789387168,0.06370005963610903
2026-05-08T02:00:00Z,667,549,4,3,381,337,330,3185858.08865774,3118911.7492780196,66946.33937972109,6304769.837935756,202986.32510299992,1472216.6956521738,665.7446490921437,100.0,1.0,2.502248875562219,8.0,0.03219567570597623,0.03219567570597623,observed,0.5052473763118441,0.010618363731044618,12.22089881815834,6.504288173536645,-0.002347511800158908,0.002462409905601426,-0.004415261080576549,0.00944509515580605,0.02231028752706199,0.06645817049176461
2026-05-08T03:00:00Z,650,538,4,3,359,348,302,3678829.1117766607,3401123.722090294,277705.3896863694,7079952.833866951,228505.15668499976,1766817.706153846,857.4559420828277,100.0,1.0,3.163076923076923,18.0,0.032274954656752154,0.032274954656752154,observed,0.5353846153846153,0.039224186403893226,12.339318432870263,6.478509642208569,0.002462409905601426,-0.009497830899685589,-0.014155157216825698,0.0174814897404576,0.018713563654175536,
2026-05-08T04:00:00Z,783,654,4,3,472,260,523,1882032.0954791699,5809791.520920242,-3927759.425441081,7691823.6163994055,245895.3909780004,1522828.582375479,589.9227688750096,100.0,1.0,2.420178799489144,8.0,0.0319684125951273,0.0319684125951273,observed,0.33205619412515963,-0.510640859869287,12.412665551309269,6.664409020350408,-0.009497830899685589,0.0026623404176919774,-0.007366020403375084,0.03236931419461553,0.040151645220815935,
2026-05-08T05:00:00Z,845,710,4,3,485,486,359,5392963.984688913,4052801.0617183107,1340162.9229706086,9445765.046407241,302770.05087100004,1347214.4698224852,919.8836051412641,100.0,1.0,2.590532544378698,9.0,0.03205352339206877,0.03205352339206877,observed,0.5751479289940828,0.141879764782033,12.620732191189665,6.740519359606223,0.0026623404176919774,-0.007344771112030468,0.013921824727271437,0.02665772162492508,0.043565495062784176,
2026-05-08T06:00:00Z,1055,884,4,3,630,418,637,3765104.2608938804,7858821.694746666,-4093717.433852781,11623925.955640526,369851.21054500056,1323007.8502369667,792.0294081642562,100.0,1.0,2.344075829383886,8.0,0.031818097599419906,0.031818097599419906,observed,0.3962085308056872,-0.3521802745023766,12.820858773867155,6.962243464266207,-0.007344771112030468,-0.002676620859110579,0.03209089867323223,0.040906480785821264,0.05836293759757538,
2026-05-08T07:00:00Z,906,775,4,3,548,573,333,6418377.166174885,3141547.650828124,3276829.515346758,9559924.817002995,303364.45002900023,1218691.46799117,854.9734071496428,100.0,1.0,2.4944812362030904,11.0,0.03173293261568808,0.03173293261568808,observed,0.6324503311258278,0.34276728929067385,12.6226934634366,6.810142450115136,-0.002676620859110579,0.024165251923720987,0.040030197852120475,0.03750745606988848,0.05263879853645559,
2026-05-08T08:00:00Z,1233,1016,4,3,623,819,414,9456693.399010334,4786641.816627057,4670051.582383288,14243335.215637386,462905.07476600003,1134427.905109489,1174.1555064793138,100.0,1.0,2.965936739659367,14.0,0.032499766926624644,0.032499766926624644,observed,0.6642335766423357,0.32787626715800106,13.045279450212579,7.1180162044653335,0.024165251923720987,0.010443213934411721,0.01256102451594776,0.0127448163679178,0.02130921550828835,
2026-05-08T09:00:00Z,1067,877,4,3,535,680,387,7674368.142584294,4519493.037492421,3154875.105091874,12193861.1800767,400436.2673899994,1450363.4217432053,1193.4201410026253,100.0,1.0,3.0299906279287723,9.0,0.0328391689454579,0.0328391689454579,observed,0.6373008434864105,0.25872650660043267,12.900312397491556,6.97354301952014,0.010443213934411721,0.004995231198957173,0.008541478394898716,0.0012109054819584575,0.014385388702661261,
2026-05-08T10:00:00Z,1256,1042,4,3,644,603,653,6276821.906225901,7171131.494939561,-894309.5887136735,13447953.40116545,443825.60578400065,933045.6194267516,1280.675186521303,100.0,1.0,2.8359872611464967,8.0,0.03300320818672208,0.03300320818672208,observed,0.48009554140127386,-0.06650153834085783,13.00318923762512,7.136483208590247,0.004995231198957173,-0.0028848980508453526,-0.002425642820220064,0.007538320753238903,0.02230966804537049,
2026-05-08T11:00:00Z,1017,802,4,3,538,498,519,4495581.973581669,4738849.451032024,-243267.47745035143,9234431.424613696,303886.64434899995,985102.1937069814,827.6000231722371,100.0,1.0,2.982300884955752,11.0,0.03290799729575256,0.03290799729575256,observed,0.4896755162241888,-0.026343525255051427,12.62441332111555,6.925595197110468,-0.0028848980508453526,0.006432074849681557,0.00018151187683534964,0.016468753978783335,0.019418806880123318,
2026-05-08T12:00:00Z,1568,1162,4,3,733,848,720,9173724.11079851,6727981.393869758,2445742.7169287433,15901705.504668267,526659.1433019994,1097739.050382653,1194.7909924855273,100.0,1.0,3.9681122448979593,21.0,0.03311966399751196,0.03311966399751196,observed,0.5408163265306123,0.15380379898311825,13.174310730122887,7.358193752733032,0.006432074849681557,-0.005933327276115841,-0.00726848926888668,0.016770437242907166,0.037503241473657134,
2026-05-08T13:00:00Z,1620,1380,4,3,889,664,956,6876278.189172603,10631974.53667417,-3755696.3475015583,17508252.72584676,576426.9041210003,1189891.4827160493,883.8262902481243,100.0,1.0,2.593827160493827,9.0,0.03292315419173973,0.03292315419173973,observed,0.40987654320987654,-0.21451006027330005,13.264605552971467,7.390798521735676,-0.005933327276115841,-0.00027894361462577066,0.009988191358113907,0.014584321662501676,0.042643888271876706,
2026-05-08T14:00:00Z,1692,1439,4,3,907,959,733,11022849.359382493,8359082.285070916,2663767.074311582,19381931.644453403,637936.3261480001,1026637.6973995272,1026.63865918894,100.0,1.0,2.7919621749408985,12.0,0.032913970488104606,0.032913970488104606,observed,0.5667848699763594,0.137435582953048,13.365995322623823,7.4342573821331355,-0.00027894361462577066,-0.0010644845464741204,0.016284286310576768,0.008456621057894464,0.043184426003865184,
2026-05-08T15:00:00Z,1807,1545,4,3,1000,897,910,9659420.212654032,9220704.908100456,438715.3045535728,18880125.12075447,620758.3891760001,998139.3486441616,851.0704300409549,100.0,1.0,2.6292197011621474,11.0,0.032878934075156914,0.032878934075156914,observed,0.49640287769784175,0.02323688544157494,13.338698828791264,7.4999765409521215,-0.0010644845464741204,0.011346562510506919,0.024214932488735075,0.013158549461025792,,
2026-05-08T16:00:00Z,1319,1092,4,3,683,719,600,7368617.057845987,6328592.258177323,1040024.7996686484,13697209.31602331,455459.56248099956,1183758.7391963608,977.4704790068665,100.0,1.0,2.9302501895375284,12.0,0.033251996955919516,0.033251996955919516,observed,0.5451099317664898,0.07592968579752983,13.02906441121154,7.1853870155804165,0.011346562510506919,0.0059531477611307615,0.004550677269016035,0.014660829258671182,,
2026-05-08T17:00:00Z,1730,1410,4,3,936,938,792,9001769.790508896,6317273.073842643,2684496.716666277,15319042.864351487,512421.23328899994,1029703.3583815029,911.8213821577804,100.0,1.0,2.646242774566474,9.0,0.03344995100715078,0.03344995100715078,observed,0.5421965317919075,0.17523919349512976,13.14690423855713,7.456454555176209,0.0059531477611307615,0.006730779273473431,-0.0077022397749542115,0.002902256355438837,,
2026-05-08T18:00:00Z,1090,878,4,3,586,562,528,3457423.323632631,3511704.1467995923,-54280.823166963026,6969127.470432274,234686.03133499977,1081827.804587156,728.4930799676354,100.0,1.0,2.697247706422018,8.0,0.03367509524408841,0.03367509524408841,observed,0.5155963302752293,-0.007788754531648156,12.366008123963896,6.994849985833071,0.006730779273473431,-0.00807062844224371,-0.010794983237398581,0.020390840912890118,,
2026-05-08T19:00:00Z,896,753,4,3,514,385,511,2974506.460527905,4831140.49339249,-1856634.0328645865,7805646.95392039,260734.49227500023,1056931.0223214286,454.7139090217931,100.0,1.0,2.6160714285714284,12.0,0.033403316062616206,0.033403316062616206,observed,0.4296875,-0.23785780266837345,12.471261732868356,6.799055862058796,-0.00807062844224371,-0.006316875791236964,0.010064352370097396,0.027656219409537552,,
2026-05-08T20:00:00Z,916,745,4,3,469,427,489,4198081.168160543,6611944.8405373525,-2413863.6723768087,10810026.008697879,358809.75021499995,1177553.0338427948,1110.9150314519504,100.0,1.0,3.403930131004367,24.0,0.03319231146403323,0.03319231146403323,observed,0.4661572052401747,-0.22329859987705716,12.790550370298206,6.821107472256465,-0.006316875791236964,0.003593051707371231,0.01068680849182635,0.03443658777265046,,
2026-05-08T21:00:00Z,889,740,4,3,491,600,289,6857398.529363651,3322695.838317649,3534702.6910459967,10180094.367681295,339114.9582579996,1121320.876265467,1005.3274896824292,100.0,1.0,2.7075365579302586,8.0,0.033311573155410674,0.033311573155410674,observed,0.6749156355455568,0.34721708496805326,12.734097387631596,6.7912214627261855,0.003593051707371231,0.012846155550594984,0.03152614839373902,,,
2026-05-08T22:00:00Z,774,627,4,3,397,425,349,3956132.789844519,2676159.389123243,1279973.4007212732,6632292.178967763,223770.2140520002,1074293.8733850128,912.8452832486063,100.0,1.0,2.956072351421189,14.0,0.03373949880580011,0.03373949880580011,observed,0.5490956072351422,0.19299110566634983,12.318379443048372,6.652863029353347,0.012846155550594984,-0.005704514665660021,0.0174165804368418,,,
2026-05-08T23:00:00Z,1520,1205,4,3,787,803,717,8483173.742956871,6271274.986045209,2211898.7569116624,14754448.729002077,494967.9539169995,1218927.0098684211,1164.7060942995765,100.0,1.0,3.5197368421052633,28.0,0.0335470313400504,0.0335470313400504,observed,0.5282894736842105,0.14991402237644055,13.11225032022429,7.327123292259293,-0.005704514665660021,0.024286125518175883,0.023498653669245195,,,
2026-05-09T00:00:00Z,1376,1094,4,3,718,765,611,6459800.920604556,4887590.170234891,1572210.7503696692,11347391.09083946,389916.31515000004,1217947.183866279,802.94474201289,100.0,1.0,2.979651162790698,13.0,0.034361758753937044,0.034361758753937044,observed,0.5559593023255814,0.13855261864014592,12.873689983192119,7.227662498728654,0.024286125518175883,-0.0010079010662696897,,,,
2026-05-09T01:00:00Z,813,660,4,3,434,344,469,2772592.8491390194,4248425.089005437,-1475832.239866414,7021017.938144455,241011.36390499995,1072143.2472324723,871.1216921569746,100.0,1.0,2.904059040590406,12.0,0.03432712550065005,0.03432712550065005,observed,0.4231242312423124,-0.2102020323646194,12.392603513667236,6.70196036600254,-0.0010079010662696897,0.00023934163935046548,,,,
2026-05-09T02:00:00Z,305,257,4,3,175,197,108,1712824.2228364863,1064706.4679477331,648117.7548887535,2777530.6907842187,95367.46454800002,1154817.4983606557,1209.1318739203862,100.0,1.0,2.5737704918032787,8.0,0.034335341411141564,0.034335341411141564,observed,0.6459016393442623,0.23334314794043245,11.46550324249578,5.723585101952381,0.00023934163935046548,,,,,
